Date,Message
2025-09-29T10:10:00.000-04:00,[KLB] 10:10 ▲ ~ ~ VWAP vol=2.4x pos=^88 vwap=above ema=bull rs=+0.4% adx=21 body=77% O600.92 H602.05 L600.78 C601.9 ATR=5.95 SL=601.3/601.01 rawVol=154967 volSMA=65386 buf=0.298 prices=
2025-09-29T11:15:00.000-04:00,"[KLB] 11:15 ▼ ~ ~ PM H
~ VWAP vol=1x pos=v91 vwap=below ema=bull rs=+0.3% adx=21 body=88% O600.73 H600.75 L600.06 C600.12 ATR=5.95 SL=600.72/601.01 rawVol=90549 volSMA=91641 buf=0.298 prices=600.5"
2025-09-29T11:30:00.000-04:00,[KLB] 11:30 ▼ ~ ~ ORB H vol=0.9x pos=v82 vwap=below ema=bull rs=+0.2% adx=28 body=37% O599.65 H599.87 L599.38 C599.47 ATR=5.95 SL=600.07/600.36 rawVol=71537 volSMA=89084 buf=0.298 prices=599.99
2025-09-29T13:05:00.000-04:00,[KLB] 13:05 ▼ BRK PM L vol=1.9x pos=v68 vwap=below ema=bear rs=+0.1% adx=44 body=62% O598.74 H598.79 L597.92 C598.2 ATR=5.95 SL=598.8/599.09 rawVol=138660 volSMA=72611 buf=0.298 prices=598.37
2025-09-29T13:10:00.000-04:00,[KLB] 13:10 ▼ ◆ ◆² PM L 0.8x v80 vol= pos= vwap=below ema=bear rs=+0.2% adx=45 body=65% O598.23 H598.74 L598.2 C598.58 ATR=5.95 SL=599.18/599.47 rawVol=70586 volSMA=72563 buf=0.298 prices=
2025-09-29T13:15:00.000-04:00,[KLB] CONF 13:15 ▼ BRK → ✗ (failed)
2025-09-29T15:10:00.000-04:00,[KLB] 15:10 ▼ BRK PM L vol=1.6x pos=v72 vwap=below ema=bear rs=+0.1% adx=24 body=69% O598.68 H598.7 L598.06 C598.24 ATR=5.95 SL=598.84/599.13 rawVol=90299 volSMA=55979 buf=0.298 prices=598.37
2025-09-29T15:10:00.000-04:00,[KLB] 15:10 ▼ ◆ ◆¹ PM L 1.3x v79 vol= pos= vwap=below ema=bear rs=+0.1% adx=24 body=69% O598.68 H598.7 L598.06 C598.24 ATR=5.95 SL=598.84/599.13 rawVol=90299 volSMA=55979 buf=0.298 prices=
2025-09-29T15:45:00.000-04:00,[KLB] CONF 15:45 ▼ BRK → ✗ (failed)
2025-09-30T09:45:00.000-04:00,[KLB] 9:45 ▲ ~ ~ PM L + ~ ORB L vol=3x pos=^99 vwap=above ema=bear rs=-0.1% adx=21 body=91% O596.8 H597.88 L596.71 C597.87 ATR=5.96 SL=597.27/596.98 rawVol=71700 volSMA=23991 buf=0.298 prices=597.09/596.94
2025-09-30T09:55:00.000-04:00,[KLB] 9:55 ▼ BRK PM L + Yest L + ORB L vol=2.9x pos=v98 vwap=below ema=bear rs=-0.2% adx=23 body=89% O597.47 H597.58 L596.33 C596.36 ATR=5.96 SL=596.96/597.25 rawVol=88356 volSMA=32876 buf=0.298 prices=597.09/597.41/596.94
2025-09-30T09:55:00.000-04:00,[KLB] 9:55 ▼ ~ ~ VWAP vol=2.9x pos=v98 vwap=below ema=bear rs=-0.2% adx=23 body=89% O597.47 H597.58 L596.33 C596.36 ATR=5.96 SL=596.96/597.25 rawVol=88356 volSMA=32876 buf=0.298 prices=
2025-09-30T10:00:00.000-04:00,[KLB] 10:00 ▲ ~ ~ PM L + ~ ORB L vol=2x pos=^100 vwap=above ema=bear rs=-0.1% adx=25 body=85% O596.35 H597.72 L596.1 C597.72 ATR=5.96 SL=597.12/596.83 rawVol=73657 volSMA=36498 buf=0.298 prices=597.09/596.94
2025-09-30T10:00:00.000-04:00,[KLB] CONF 10:00 ▼ BRK → ✗ (failed)
2025-09-30T10:10:00.000-04:00,[KLB] 10:10 ▼ BRK Yest L vol=1.9x pos=v89 vwap=below ema=bear rs=-0.2% adx=26 body=89% O597.94 H597.94 L596.8 C596.92 ATR=5.96 SL=597.52/597.81 rawVol=86868 volSMA=46426 buf=0.298 prices=597.41
2025-09-30T10:10:00.000-04:00,[KLB] 10:10 ▼ ◆ ◆¹ Yest L 1.7x v17 vol= pos= vwap=below ema=bear rs=-0.2% adx=26 body=89% O597.94 H597.94 L596.8 C596.92 ATR=5.96 SL=597.52/597.81 rawVol=86868 volSMA=46426 buf=0.298 prices=
2025-09-30T10:30:00.000-04:00,[KLB] CONF 10:30 ▼ BRK → ✗ (failed)
2025-09-30T10:45:00.000-04:00,[KLB] 10:45 ▲ ~~ ~~ PM L + ~~ ORB L vol=0.8x pos=^91 vwap=above ema=bear rs=0% adx=25 body=84% O596.87 H597.79 L596.8 C597.7 ATR=5.96 SL=597.1/596.81 rawVol=47140 volSMA=60172 buf=0.298 prices=597.09/596.94
2025-09-30T10:50:00.000-04:00,[KLB] 10:50 ▲ ~ ~ VWAP vol=1.2x pos=^80 vwap=above ema=bear rs=0% adx=23 body=80% O597.69 H598.84 L597.69 C598.61 ATR=5.96 SL=598.01/597.72 rawVol=78626 volSMA=63805 buf=0.298 prices=
2025-09-30T11:00:00.000-04:00,[KLB] 11:00 ▲ ~~ ~~ Yest L vol=1.1x pos=^58 vwap=above ema=bear rs=+0% adx=22 body=58% O598.57 H599.21 L598.57 C598.94 ATR=5.96 SL=598.34/598.05 rawVol=76429 volSMA=69323 buf=0.298 prices=597.41
2025-09-30T14:45:00.000-04:00,[KLB] 14:45 ▲ ~~ ~~ Yest L vol=0.9x pos=^90 vwap=above ema=bull rs=-0.1% adx=22 body=79% O598.6 H598.95 L598.56 C598.91 ATR=5.96 SL=598.31/598.02 rawVol=43833 volSMA=47082 buf=0.298 prices=597.41
2025-09-30T15:10:00.000-04:00,[KLB] 15:10 ▲ ~~ ~~ Yest L vol=1x pos=^56 vwap=above ema=bull rs=-0.2% adx=28 body=37% O598.75 H599.08 L598.67 C598.9 ATR=5.96 SL=598.3/598.01 rawVol=47178 volSMA=45948 buf=0.298 prices=597.41
2025-09-30T15:25:00.000-04:00,[KLB] 15:25 ▲ ~~ ~~ Yest L vol=1.2x pos=^96 vwap=above ema=bull rs=-0.2% adx=29 body=92% O598.75 H599.25 L598.73 C599.23 ATR=5.96 SL=598.63/598.34 rawVol=53428 volSMA=44432 buf=0.298 prices=597.41
2025-09-30T15:50:00.000-04:00,[KLB] 15:50 ▲ BRK PM H vol=2.5x pos=^97 vwap=above ema=bull rs=-0.2% adx=32 body=95% O599.02 H599.97 L599 C599.94 ATR=5.96 SL=599.34/599.05 rawVol=148921 volSMA=59354 buf=0.298 prices=599.01
2025-10-01T14:10:00.000-04:00,[KLB] 14:10 ▲ BRK Week H vol=2.3x pos=^90 vwap=above ema=bull rs=+0.2% adx=38 body=90% O602.81 H603.22 L602.81 C603.18 ATR=5.86 SL=602.59/602.3 rawVol=91040 volSMA=47916 buf=0.293 prices=602.87
2025-10-01T14:10:00.000-04:00,[KLB] 14:10 ▲ ◆ ◆¹ Week H 0.7x ^87 vol= pos= vwap=above ema=bull rs=+0.2% adx=38 body=90% O602.81 H603.22 L602.81 C603.18 ATR=5.86 SL=602.59/602.3 rawVol=91040 volSMA=47916 buf=0.293 prices=
2025-10-02T09:40:00.000-04:00,[KLB] 9:40 ▼ ~ ~ VWAP vol=9x pos=v93 vwap=below ema=bull rs=-0.2% adx=51 body=70% O605.92 H606.2 L604.93 C605.02 ATR=5.98 SL=605.62/605.92 rawVol=141619 volSMA=30035 buf=0.299 prices=
2025-10-02T09:45:00.000-04:00,[KLB] 5m CHECK 9:45 ▼ pnl=0.12 → HOLD
2025-10-02T09:55:00.000-04:00,[KLB] 9:55 ▲ BRK Yest H vol=2.2x pos=^82 vwap=below ema=bull rs=-0.3% adx=55 body=49% O603.8 H604.51 L603.45 C604.32 ATR=5.98 SL=603.72/603.42 rawVol=96604 volSMA=44703 buf=0.299 prices=603.79
2025-10-02T09:55:00.000-04:00,[KLB] 9:55 ▲ ◆ ◆¹ Yest H 1.1x ^95 vol= pos= vwap=below ema=bull rs=-0.3% adx=55 body=49% O603.8 H604.51 L603.45 C604.32 ATR=5.98 SL=603.72/603.42 rawVol=96604 volSMA=44703 buf=0.299 prices=
2025-10-02T10:55:00.000-04:00,[KLB] CONF 10:55 ▲ BRK → ✗ (failed)
2025-10-02T11:05:00.000-04:00,[KLB] 11:05 ▼ ~~ ~~ Yest H vol=1.1x pos=v98 vwap=below ema=bear rs=-0.2% adx=55 body=71% O603.58 H603.82 L602.93 C602.95 ATR=5.98 SL=603.55/603.85 rawVol=95254 volSMA=83846 buf=0.299 prices=603.79
2025-10-03T09:45:00.000-04:00,[KLB] 9:45 ▼ ~ ~ Yest H + ~ ORB H vol=5.5x pos=v53 vwap=below ema=bear rs=-0.1% adx=35 body=42% O607.12 H607.25 L606.06 C606.62 ATR=5.85 SL=607.21/607.5 rawVol=141170 volSMA=25880 buf=0.293 prices=607.16/607.25
2025-10-03T09:50:00.000-04:00,[KLB] 9:50 ▲ ~ ~ ORB L vol=2.2x pos=^80 vwap=above ema=bear rs=-0.1% adx=33 body=61% O606.51 H607.07 L606.38 C606.93 ATR=5.85 SL=606.34/606.05 rawVol=65092 volSMA=28942 buf=0.293 prices=606.24
2025-10-03T09:55:00.000-04:00,[KLB] 9:55 ▼ ~ ~ Yest H + ~ ORB H vol=1.7x pos=v99 vwap=below ema=bear rs=-0.2% adx=31 body=45% O606.93 H607.32 L606.59 C606.6 ATR=5.85 SL=607.19/607.48 rawVol=51754 volSMA=30905 buf=0.293 prices=607.16/607.25
2025-10-03T10:00:00.000-04:00,[KLB] 10:00 ▼ BRK ORB L vol=1.7x pos=v82 vwap=below ema=bear rs=-0.2% adx=30 body=82% O606.6 H606.6 L605.72 C605.88 ATR=5.85 SL=606.47/606.76 rawVol=57928 volSMA=33601 buf=0.293 prices=606.24
2025-10-03T10:00:00.000-04:00,[KLB] 10:00 ▼ ~ ~ VWAP vol=1.7x pos=v82 vwap=below ema=bear rs=-0.2% adx=30 body=82% O606.6 H606.6 L605.72 C605.88 ATR=5.85 SL=606.47/606.76 rawVol=57928 volSMA=33601 buf=0.293 prices=
2025-10-03T10:05:00.000-04:00,[KLB] 10:05 ▼ BRK PM L vol=3.6x pos=v55 vwap=below ema=bear rs=-0.2% adx=31 body=55% O605.84 H605.84 L604.86 C605.3 ATR=5.85 SL=605.89/606.18 rawVol=144434 volSMA=40310 buf=0.293 prices=605.83
2025-10-03T10:05:00.000-04:00,[KLB] CONF 10:05 ▼ BRK → ✓ (auto-promote)
2025-10-03T10:10:00.000-04:00,[KLB] 5m CHECK 10:10 ▼ pnl=0.04 → BAIL
2025-10-03T10:15:00.000-04:00,[KLB] 10:15 ▼ ◆ ◆³ PM L 1.3x v91 vol= pos= vwap=below ema=bear rs=-0.3% adx=33 body=8% O605.06 H605.37 L604.65 C605.12 ATR=5.85 SL=605.71/606 rawVol=67233 volSMA=47859 buf=0.293 prices=
2025-10-03T10:50:00.000-04:00,[KLB] CONF 10:50 ▼ BRK → ✗ (failed)
2025-10-03T10:55:00.000-04:00,[KLB] 10:55 ▲ ~~ ~~ PM L + ~ Yest L vol=0.7x pos=^100 vwap=above ema=bear rs=-0.4% adx=24 body=74% O605.68 H606.2 L605.5 C606.2 ATR=5.85 SL=605.61/605.32 rawVol=44873 volSMA=66547 buf=0.293 prices=605.83/602.93
2025-10-03T11:15:00.000-04:00,[KLB] 11:15 ▲ ~~ ~~ PM L + ~ Yest L vol=0.7x pos=^95 vwap=above ema=bear rs=-0.3% adx=20 body=55% O605.94 H606.33 L605.68 C606.3 ATR=5.85 SL=605.71/605.42 rawVol=35161 volSMA=67716 buf=0.293 prices=605.83/602.93
2025-10-03T13:55:00.000-04:00,[KLB] 13:55 ▼ BRK Yest L vol=2.8x pos=v96 vwap=below ema=bear rs=-0.6% adx=34 body=93% O602.94 H603 L601.39 C601.45 ATR=5.85 SL=602.04/602.33 rawVol=203169 volSMA=73551 buf=0.293 prices=602.93
2025-10-03T13:55:00.000-04:00,[KLB] 13:55 ▼ ~ ~ Week H vol=2.8x pos=v96 vwap=below ema=bear rs=-0.6% adx=34 body=93% O602.94 H603 L601.39 C601.45 ATR=5.85 SL=602.04/602.33 rawVol=203169 volSMA=73551 buf=0.293 prices=602.87
2025-10-03T13:55:00.000-04:00,[KLB] 13:55 ▼ ◆ ◆¹ Yest L 1.8x v18 vol= pos= vwap=below ema=bear rs=-0.6% adx=34 body=93% O602.94 H603 L601.39 C601.45 ATR=5.85 SL=602.04/602.33 rawVol=203169 volSMA=73551 buf=0.293 prices=
2025-10-03T14:05:00.000-04:00,[KLB] 14:05 ▼ ~ ~ Week H vol=1.5x pos=v97 vwap=below ema=bear rs=-0.6% adx=39 body=88% O602.64 H602.72 L601.76 C601.79 ATR=5.85 SL=602.38/602.67 rawVol=123015 volSMA=84053 buf=0.293 prices=602.87
2025-10-03T14:15:00.000-04:00,[KLB] CONF 14:15 ▼ BRK → ✗ (failed)
2025-10-06T09:45:00.000-04:00,[KLB] 9:45 ▼ ~ ~ Week H vol=4.5x pos=v64 vwap=below ema=bull rs=-0.1% adx=30 body=33% O607.2 H607.7 L606.09 C606.67 ATR=5.86 SL=607.26/607.55 rawVol=137114 volSMA=33970 buf=0.293 prices=607.33
2025-10-06T09:50:00.000-04:00,[KLB] 9:50 ▲ ~ ~ ORB L vol=2.9x pos=^77 vwap=above ema=bull rs=-0.1% adx=30 body=64% O606.66 H607.45 L606.54 C607.24 ATR=5.86 SL=606.65/606.36 rawVol=114795 volSMA=38942 buf=0.293 prices=607.04
2025-10-06T09:55:00.000-04:00,[KLB] 9:55 ▼ ~ ~ Week H vol=1.6x pos=v50 vwap=below ema=bull rs=-0.1% adx=31 body=50% O607.28 H607.28 L606.4 C606.84 ATR=5.86 SL=607.43/607.72 rawVol=67808 volSMA=41760 buf=0.293 prices=607.33
2025-10-06T10:05:00.000-04:00,[KLB] 10:05 ▲ ~ ~ ORB L vol=2.4x pos=^86 vwap=above ema=bull rs=+0.1% adx=30 body=48% O607.02 H607.56 L606.69 C607.44 ATR=5.86 SL=606.85/606.56 rawVol=120557 volSMA=51259 buf=0.293 prices=607.04
2025-10-06T10:10:00.000-04:00,[KLB] 10:10 ▼ ~ ~ Week H vol=1.5x pos=v97 vwap=below ema=bull rs=+0% adx=29 body=79% O607.46 H607.6 L606.84 C606.86 ATR=5.86 SL=607.45/607.74 rawVol=79346 volSMA=53933 buf=0.293 prices=607.33
2025-10-06T10:35:00.000-04:00,"[KLB] 10:35 ▼ ~ ~ Yest H
~ VWAP vol=0.7x pos=v84 vwap=below ema=bull rs=-0.2% adx=25 body=45% O606.74 H606.95 L606.4 C606.49 ATR=5.86 SL=607.08/607.37 rawVol=42136 volSMA=63305 buf=0.293 prices=607.33"
2025-10-06T10:45:00.000-04:00,[KLB] 10:45 ▼ ~ ~ Yest H vol=1.3x pos=v45 vwap=below ema=bull rs=-0.2% adx=25 body=40% O606.76 H606.8 L605.98 C606.43 ATR=5.86 SL=607.02/607.31 rawVol=91748 volSMA=69253 buf=0.293 prices=607.33
2025-10-07T10:05:00.000-04:00,[KLB] 10:05 ▼ ~ ~ ORB H vol=2x pos=v87 vwap=below ema=bull rs=+0% adx=26 body=65% O609.17 H609.35 L608.51 C608.62 ATR=5.88 SL=609.21/609.5 rawVol=69944 volSMA=39590 buf=0.294 prices=609.3
2025-10-07T10:10:00.000-04:00,[KLB] 10:10 ▲ ~ ~ ORB L vol=1.4x pos=^100 vwap=above ema=bull rs=+0.1% adx=25 body=86% O608.61 H609.26 L608.5 C609.26 ATR=5.88 SL=608.67/608.38 rawVol=59270 volSMA=42319 buf=0.294 prices=608.6
2025-10-07T10:40:00.000-04:00,"[KLB] 10:40 ▼ ~ ~ Yest H
~ VWAP vol=2.7x pos=v70 vwap=below ema=bull rs=+0.1% adx=21 body=66% O608.69 H608.72 L607.86 C608.12 ATR=5.88 SL=608.71/609 rawVol=170421 volSMA=64260 buf=0.294 prices=609.36"
2025-10-07T11:05:00.000-04:00,[KLB] 11:05 ▼ ~ ~ Week H vol=1.7x pos=v91 vwap=below ema=bear rs=0% adx=28 body=83% O607.86 H607.96 L606.73 C606.84 ATR=5.88 SL=607.43/607.72 rawVol=136855 volSMA=80591 buf=0.294 prices=607.33
2025-10-07T11:10:00.000-04:00,[KLB] 11:10 ▼ BRK PM L + Yest L vol=3.7x pos=v92 vwap=below ema=bear rs=-0.1% adx=31 body=91% O606.84 H606.88 L604.66 C604.83 ATR=5.88 SL=605.42/605.71 rawVol=361720 volSMA=98429 buf=0.294 prices=606.4/605.97
2025-10-07T11:10:00.000-04:00,"[KLB] 11:10 ▼ ◆ ◆¹ PM L 2.8x v17
◆¹ Yest L 2.8x v17 vol= pos= vwap=below ema=bear rs=-0.1% adx=31 body=91% O606.84 H606.88 L604.66 C604.83 ATR=5.88 SL=605.42/605.71 rawVol=361720 volSMA=98429 buf=0.294 prices="
2025-10-07T11:40:00.000-04:00,[KLB] 5m CHECK 11:40 ▼ pnl=0.11 → HOLD
2025-10-08T09:35:00.000-04:00,[KLB] 9:35 ▲ BRK PM H vol=9.2x pos=^77 vwap=above ema=bull rs=+0.2% adx=23 body=68% O605.41 H606.69 L605.27 C606.37 ATR=5.94 SL=605.78/605.48 rawVol=163074 volSMA=17651 buf=0.297 prices=606.14
2025-10-08T09:35:00.000-04:00,[KLB] 9:35 ▲ ~ ~ VWAP vol=9.2x pos=^77 vwap=above ema=bull rs=+0.2% adx=23 body=68% O605.41 H606.69 L605.27 C606.37 ATR=5.94 SL=605.78/605.48 rawVol=163074 volSMA=17651 buf=0.297 prices=
2025-10-08T09:35:00.000-04:00,[KLB] 9:35 ▲ ◆ ◆¹ PM H 7x ^99 vol= pos= vwap=above ema=bull rs=+0.2% adx=23 body=68% O605.41 H606.69 L605.27 C606.37 ATR=5.94 SL=605.78/605.48 rawVol=163074 volSMA=17651 buf=0.297 prices=
2025-10-08T09:40:00.000-04:00,[KLB] 9:40 ▲ BRK ORB H vol=6.9x pos=^99 vwap=above ema=bull rs=+0.3% adx=25 body=64% O606.43 H607 L606.13 C606.99 ATR=5.94 SL=606.4/606.1 rawVol=123237 volSMA=23733 buf=0.297 prices=606.69
2025-10-08T09:40:00.000-04:00,[KLB] CONF 9:40 ▲ BRK → ✓ (auto-promote)
2025-10-08T09:40:00.000-04:00,[KLB] 9:40 ▲ ◆ ◆¹ ORB H 4.4x ^48 vol= pos= vwap=above ema=bull rs=+0.3% adx=25 body=64% O606.43 H607 L606.13 C606.99 ATR=5.94 SL=606.4/606.1 rawVol=123237 volSMA=23733 buf=0.297 prices=
2025-10-08T09:45:00.000-04:00,[KLB] 5m CHECK 9:45 ▲ pnl=-0.06 → BAIL
2025-10-08T10:00:00.000-04:00,[KLB] 10:00 ▲ BRK Week H vol=2.8x pos=^58 vwap=above ema=bull rs=+0.4% adx=34 body=38% O607.37 H607.81 L607.26 C607.58 ATR=5.94 SL=606.99/606.69 rawVol=130257 volSMA=49870 buf=0.297 prices=607.33
2025-10-08T10:00:00.000-04:00,[KLB] CONF 10:00 ▲ BRK → ✓★ (auto-promote)
2025-10-08T10:05:00.000-04:00,[KLB] 5m CHECK 10:05 ▲ pnl=0.12 → HOLD
2025-10-08T13:50:00.000-04:00,[KLB] 13:50 ▲ BRK Yest H vol=2x pos=^68 vwap=above ema=bull rs=+0.4% adx=28 body=65% O609.76 H610.31 L609.74 C610.13 ATR=5.94 SL=609.54/609.24 rawVol=85452 volSMA=42911 buf=0.297 prices=609.71
2025-10-08T13:50:00.000-04:00,[KLB] CONF 13:50 ▲ BRK → ✓ (auto-promote)
2025-10-08T13:55:00.000-04:00,[KLB] 5m CHECK 13:55 ▲ pnl=-0.03 → BAIL
2025-10-08T13:55:00.000-04:00,[KLB] 13:55 ▲ ◆ ◆² Yest H 0.8x ^94 vol= pos= vwap=above ema=bull rs=+0.4% adx=29 body=81% O610.14 H610.15 L609.89 C609.93 ATR=5.94 SL=609.34/609.04 rawVol=36084 volSMA=41680 buf=0.297 prices=
2025-10-09T09:55:00.000-04:00,[KLB] 9:55 ▼ ~ ~ VWAP vol=3.4x pos=v90 vwap=below ema=bear rs=+0% adx=23 body=64% O610.82 H611.17 L609.85 C609.98 ATR=6.03 SL=610.58/610.88 rawVol=154683 volSMA=44946 buf=0.302 prices=
2025-10-09T15:40:00.000-04:00,[KLB] 15:40 ▲ ~ ~ VWAP vol=2x pos=^63 vwap=above ema=bull rs=+0.2% adx=24 body=49% O610.04 H610.41 L609.98 C610.25 ATR=6.03 SL=609.65/609.35 rawVol=117608 volSMA=58668 buf=0.302 prices=
2025-10-10T09:40:00.000-04:00,[KLB] 9:40 ▲ BRK PM H + ORB H vol=6.7x pos=^90 vwap=above ema=bull rs=+0% adx=23 body=75% O611.78 H612.91 L611.57 C612.78 ATR=5.9 SL=612.19/611.9 rawVol=108283 volSMA=21386 buf=0.295 prices=612.13/612.2
2025-10-10T09:40:00.000-04:00,[KLB] 9:40 ▲ ~ ~ VWAP vol=6.7x pos=^90 vwap=above ema=bull rs=+0% adx=23 body=75% O611.78 H612.91 L611.57 C612.78 ATR=5.9 SL=612.19/611.9 rawVol=108283 volSMA=21386 buf=0.295 prices=
2025-10-10T09:40:00.000-04:00,[KLB] 9:40 ▲ ◆ ◆¹ ORB H 4x ^69 vol= pos= vwap=above ema=bull rs=+0% adx=23 body=75% O611.78 H612.91 L611.57 C612.78 ATR=5.9 SL=612.19/611.9 rawVol=108283 volSMA=21386 buf=0.295 prices=
2025-10-10T09:45:00.000-04:00,"[KLB] 9:45 ▲ ◆ ◆² PM H 5.2x ^22
◆¹ ORB H 4x ^69 vol= pos= vwap=above ema=bull rs=0% adx=25 body=27% O612.82 H612.84 L612.36 C612.69 ATR=5.9 SL=612.1/611.81 rawVol=86484 volSMA=25256 buf=0.295 prices="
2025-10-10T09:50:00.000-04:00,[KLB] CONF 9:50 ▲ BRK → ✗ (failed)
2025-10-10T10:15:00.000-04:00,[KLB] 10:15 ▼ ~~ ~~ PM H + ~~ ORB H vol=1.1x pos=v84 vwap=below ema=bull rs=+0% adx=26 body=57% O612.18 H612.38 L611.64 C611.76 ATR=5.9 SL=612.35/612.64 rawVol=54951 volSMA=49784 buf=0.295 prices=612.13/612.2
2025-10-10T11:00:00.000-04:00,"[KLB] 11:00 ▼ ~~ ~~ PM H + ~~ Yest H + ~~ ORB H
~ VWAP vol=6x pos=v69 vwap=below ema=bull rs=0% adx=21 body=67% O612.02 H612.14 L606.93 C608.52 ATR=5.9 SL=609.11/609.4 rawVol=591500 volSMA=98883 buf=0.295 prices=612.13/611.61/612.2"
2025-10-10T11:05:00.000-04:00,[KLB] 11:05 ▼ BRK Yest L vol=6.1x pos=v81 vwap=below ema=bear rs=-0.2% adx=25 body=81% O608.51 H608.51 L603.64 C604.56 ATR=5.9 SL=605.15/605.44 rawVol=858245 volSMA=141282 buf=0.295 prices=607.48
2025-10-10T11:05:00.000-04:00,[KLB] 11:05 ▼ ~ ~ Week H vol=6.1x pos=v81 vwap=below ema=bear rs=-0.2% adx=25 body=81% O608.51 H608.51 L603.64 C604.56 ATR=5.9 SL=605.15/605.44 rawVol=858245 volSMA=141282 buf=0.295 prices=607.33
2025-10-10T11:15:00.000-04:00,[KLB] 5m CHECK 11:15 ▼ pnl=-0.27 → BAIL
2025-10-14T09:40:00.000-04:00,[KLB] 9:40 ▼ BRK ORB L vol=6.1x pos=v56 vwap=below ema=bear rs=-0.2% adx=22 body=56% O593.4 H593.4 L591.23 C592.19 ATR=7.64 SL=592.95/593.34 rawVol=305212 volSMA=53045 buf=0.382 prices=593.36
2025-10-14T09:40:00.000-04:00,[KLB] 9:40 ▼ ~ ~ VWAP vol=6.1x pos=v56 vwap=below ema=bear rs=-0.2% adx=22 body=56% O593.4 H593.4 L591.23 C592.19 ATR=7.64 SL=592.95/593.34 rawVol=305212 volSMA=53045 buf=0.382 prices=
2025-10-14T09:45:00.000-04:00,[KLB] 9:45 ▼ BRK PM L vol=5.2x pos=v77 vwap=below ema=bear rs=-0.2% adx=25 body=63% O592.15 H592.43 L590.3 C590.8 ATR=7.64 SL=591.56/591.95 rawVol=362240 volSMA=69267 buf=0.382 prices=592
2025-10-14T09:45:00.000-04:00,[KLB] CONF 9:45 ▼ BRK → ✓ (auto-promote)
2025-10-14T09:45:00.000-04:00,[KLB] 9:45 ▼ ◆ ◆¹ PM L 4.3x v41 vol= pos= vwap=below ema=bear rs=-0.2% adx=25 body=63% O592.15 H592.43 L590.3 C590.8 ATR=7.64 SL=591.56/591.95 rawVol=362240 volSMA=69267 buf=0.382 prices=
2025-10-14T09:50:00.000-04:00,[KLB] 5m CHECK 9:50 ▼ pnl=-0.08 → BAIL
2025-10-14T09:50:00.000-04:00,[KLB] CONF 9:50 ▼ BRK → ✗ (failed)
2025-10-14T10:00:00.000-04:00,[KLB] 10:00 ▲ ~~ ~~ ORB L vol=2.4x pos=^78 vwap=above ema=bear rs=-0.2% adx=28 body=67% O593.07 H594.08 L592.95 C593.83 ATR=7.64 SL=593.07/592.68 rawVol=197073 volSMA=105141 buf=0.382 prices=593.36
2025-10-14T10:05:00.000-04:00,"[KLB] 10:05 ▲ ~~ ~~ ORB L
~ VWAP vol=1.8x pos=^88 vwap=above ema=bear rs=-0.2% adx=27 body=55% O593.77 H594.64 L593.34 C594.48 ATR=7.64 SL=593.72/593.33 rawVol=151741 volSMA=112386 buf=0.382 prices=593.36"
2025-10-14T11:55:00.000-04:00,[KLB] 11:55 ▲ ~~ ~~ Yest L vol=1.1x pos=^58 vwap=above ema=bull rs=-0.1% adx=22 body=52% O599.21 H600.08 L599.15 C599.69 ATR=7.64 SL=598.93/598.54 rawVol=83886 volSMA=101787 buf=0.382 prices=597.23
2025-10-14T12:20:00.000-04:00,[KLB] 12:20 ▲ ~~ ~~ Yest L vol=0.8x pos=^90 vwap=above ema=bull rs=-0.1% adx=26 body=78% O599.04 H599.92 L598.92 C599.82 ATR=7.64 SL=599.06/598.67 rawVol=65027 volSMA=92017 buf=0.382 prices=597.23
2025-10-15T09:40:00.000-04:00,"[KLB] 9:40 ▼ ~ ~ ORB H
~ VWAP vol=7.5x pos=v90 vwap=below ema=bull rs=-0.2% adx=25 body=41% O603.05 H603.81 L602.24 C602.4 ATR=8 SL=603.2/603.6 rawVol=129834 volSMA=36185 buf=0.4 prices=604.04"
2025-10-15T09:45:00.000-04:00,[KLB] 5m CHECK 9:45 ▼ pnl=-0.03 → BAIL
2025-10-15T09:55:00.000-04:00,[KLB] 9:55 ▲ BRK Yest H vol=2.5x pos=^91 vwap=above ema=bull rs=-0.2% adx=30 body=80% O602 H603.66 L601.79 C603.49 ATR=8 SL=602.69/602.29 rawVol=143192 volSMA=57041 buf=0.4 prices=602.69
2025-10-15T09:55:00.000-04:00,[KLB] 9:55 ▲ ~ ~ ORB L vol=2.5x pos=^91 vwap=above ema=bull rs=-0.2% adx=30 body=80% O602 H603.66 L601.79 C603.49 ATR=8 SL=602.69/602.29 rawVol=143192 volSMA=57041 buf=0.4 prices=602.72
2025-10-15T10:00:00.000-04:00,[KLB] 10:00 ▲ BRK ORB H vol=2.8x pos=^77 vwap=above ema=bull rs=-0.2% adx=29 body=74% O603.43 H604.51 L603.4 C604.25 ATR=8 SL=603.45/603.05 rawVol=185513 volSMA=65719 buf=0.4 prices=604.04
2025-10-15T10:00:00.000-04:00,[KLB] 10:00 ▲ ~ ~ VWAP vol=2.8x pos=^77 vwap=above ema=bull rs=-0.2% adx=29 body=74% O603.43 H604.51 L603.4 C604.25 ATR=8 SL=603.45/603.05 rawVol=185513 volSMA=65719 buf=0.4 prices=
2025-10-15T10:00:00.000-04:00,[KLB] CONF 10:00 ▲ BRK → ✓ (auto-promote)
2025-10-15T10:05:00.000-04:00,[KLB] 5m CHECK 10:05 ▲ pnl=0.08 → HOLD
2025-10-15T10:10:00.000-04:00,[KLB] 10:10 ▲ BRK PM H vol=2.2x pos=^96 vwap=above ema=bull rs=-0.1% adx=27 body=94% O604.89 H606.29 L604.86 C606.23 ATR=8 SL=605.43/605.03 rawVol=174832 volSMA=78662 buf=0.4 prices=604.68
2025-10-15T10:10:00.000-04:00,[KLB] CONF 10:10 ▲ BRK → ✓ (auto-promote)
2025-10-15T10:15:00.000-04:00,[KLB] 5m CHECK 10:15 ▲ pnl=-0.05 → BAIL
2025-10-15T11:30:00.000-04:00,[KLB] CONF 11:30 ▲ BRK → ✗ (failed)
2025-10-15T11:45:00.000-04:00,[KLB] 11:45 ▼ ~~ ~~ ORB H vol=1.5x pos=v59 vwap=below ema=bull rs=+0% adx=22 body=58% O603.96 H603.98 L602.39 C603.04 ATR=8 SL=603.84/604.24 rawVol=104531 volSMA=86040 buf=0.4 prices=604.04
2025-10-15T13:05:00.000-04:00,[KLB] 13:05 ▼ BRK PM L vol=1.9x pos=v75 vwap=below ema=bear rs=0% adx=28 body=74% O601.65 H601.68 L599.98 C600.4 ATR=8 SL=601.2/601.6 rawVol=134832 volSMA=72224 buf=0.4 prices=600.67
2025-10-15T13:05:00.000-04:00,[KLB] 13:05 ▼ ◆ ◆¹ PM L 1.6x v83 vol= pos= vwap=below ema=bear rs=0% adx=28 body=74% O601.65 H601.68 L599.98 C600.4 ATR=8 SL=601.2/601.6 rawVol=134832 volSMA=72224 buf=0.4 prices=
2025-10-15T13:15:00.000-04:00,[KLB] 13:15 ▼ ~~ ~~ Yest H vol=3.1x pos=v95 vwap=below ema=bear rs=-0.1% adx=34 body=92% O598.97 H599.04 L596.82 C596.93 ATR=8 SL=597.73/598.13 rawVol=258425 volSMA=84037 buf=0.4 prices=602.69
2025-10-15T13:30:00.000-04:00,[KLB] 13:30 ▼ ~~ ~~ Yest H vol=0.9x pos=v80 vwap=below ema=bear rs=-0.1% adx=39 body=31% O598.36 H599.05 L597.65 C597.93 ATR=8 SL=598.73/599.13 rawVol=89470 volSMA=97333 buf=0.4 prices=602.69
2025-10-15T13:45:00.000-04:00,[KLB] CONF 13:45 ▼ BRK → ✗ (failed)
2025-10-16T11:50:00.000-04:00,[KLB] 11:50 ▼ ~ ~ Yest H vol=1.3x pos=v77 vwap=below ema=bear rs=+0% adx=21 body=71% O604.01 H604.07 L603.1 C603.32 ATR=8.19 SL=604.14/604.55 rawVol=107280 volSMA=108396 buf=0.41 prices=606.7
2025-10-17T09:35:00.000-04:00,[KLB] 9:35 ▲ ~ ~ VWAP vol=10.7x pos=^89 vwap=above ema=bull rs=+0% adx=34 body=49% O597.95 H599.27 L597.06 C599.03 ATR=8.52 SL=598.18/597.75 rawVol=425214 volSMA=39778 buf=0.426 prices=
2025-10-17T09:50:00.000-04:00,[KLB] 9:50 ▲ ~ ~ ORB L vol=3.9x pos=^82 vwap=above ema=bull rs=+0% adx=31 body=68% O596.88 H599.11 L596.51 C598.64 ATR=8.52 SL=597.79/597.36 rawVol=290392 volSMA=73916 buf=0.426 prices=597.06
2025-10-17T09:50:00.000-04:00,[KLB] 5m CHECK 9:50 ▼ pnl=-0.21 → BAIL
2025-10-17T09:55:00.000-04:00,[KLB] 9:55 ▲ BRK PM H + ORB H vol=3.4x pos=^86 vwap=above ema=bull rs=+0.1% adx=31 body=83% O598.63 H600.98 L598.57 C600.64 ATR=8.52 SL=599.79/599.36 rawVol=255064 volSMA=84924 buf=0.426 prices=599.5/599.27
2025-10-17T09:55:00.000-04:00,[KLB] 9:55 ▲ ~ ~ Yest L vol=3.4x pos=^86 vwap=above ema=bull rs=+0.1% adx=31 body=83% O598.63 H600.98 L598.57 C600.64 ATR=8.52 SL=599.79/599.36 rawVol=255064 volSMA=84924 buf=0.426 prices=595.5
2025-10-17T10:00:00.000-04:00,"[KLB] 10:00 ▲ ◆ ◆² PM H 2.9x ^67
◆² ORB H 2.9x ^67 vol= pos= vwap=above ema=bull rs=+0.2% adx=32 body=37% O600.65 H601.6 L599.82 C599.98 ATR=8.52 SL=599.13/598.7 rawVol=214672 volSMA=94962 buf=0.426 prices="
2025-10-17T10:15:00.000-04:00,[KLB] 10:15 ▲ ~ ~ Yest L vol=2.3x pos=^93 vwap=above ema=bull rs=+0.2% adx=32 body=90% O599.93 H602.78 L599.84 C602.58 ATR=8.52 SL=601.73/601.3 rawVol=298272 volSMA=129836 buf=0.426 prices=595.5
2025-10-17T10:50:00.000-04:00,[KLB] 10:50 ▲ ~ ~ Yest L vol=0.9x pos=^65 vwap=above ema=bull rs=+0.2% adx=26 body=43% O599.63 H601.07 L599.23 C600.43 ATR=8.52 SL=599.58/599.15 rawVol=101518 volSMA=172673 buf=0.426 prices=595.5
2025-10-17T10:55:00.000-04:00,[KLB] CONF 10:55 ▲ BRK → ✗ (failed)
2025-10-17T11:00:00.000-04:00,[KLB] 11:00 ▼ ~~ ~~ PM H + ~~ ORB H vol=0.5x pos=v80 vwap=below ema=bull rs=+0.1% adx=24 body=77% O599.93 H599.97 L598.2 C598.56 ATR=8.52 SL=599.41/599.84 rawVol=84460 volSMA=178493 buf=0.426 prices=599.5/599.27
2025-10-17T11:05:00.000-04:00,[KLB] 11:05 ▲ ~ ~ Yest L vol=0.6x pos=^80 vwap=above ema=bull rs=+0.1% adx=23 body=66% O598.59 H600.49 L598.28 C600.04 ATR=8.52 SL=599.19/598.76 rawVol=110675 volSMA=183689 buf=0.426 prices=595.5
2025-10-17T11:15:00.000-04:00,[KLB] 11:15 ▼ ~~ ~~ PM H + ~~ ORB H vol=0.6x pos=v100 vwap=below ema=bull rs=+0.1% adx=22 body=65% O599.61 H600.46 L598.01 C598.01 ATR=8.52 SL=598.86/599.29 rawVol=91587 volSMA=170359 buf=0.426 prices=599.5/599.27
2025-10-17T11:25:00.000-04:00,[KLB] 11:25 ▼ ~ ~ VWAP vol=0.4x pos=v94 vwap=below ema=bull rs=+0% adx=23 body=68% O598.14 H598.42 L597.36 C597.42 ATR=8.52 SL=598.27/598.7 rawVol=67189 volSMA=156219 buf=0.426 prices=
2025-10-17T11:50:00.000-04:00,[KLB] 11:50 ▲ ~ ~ Yest L vol=0.9x pos=^89 vwap=above ema=bull rs=+0.1% adx=23 body=72% O599.17 H600.31 L598.93 C600.16 ATR=8.52 SL=599.31/598.88 rawVol=105091 volSMA=122879 buf=0.426 prices=595.5
2025-10-20T09:35:00.000-04:00,[KLB] 9:35 ▲ BRK PM H + Week H vol=7.5x pos=^85 vwap=above ema=bull rs=+0.1% adx=29 body=81% O607.14 H609.13 L607.06 C608.82 ATR=8.57 SL=607.96/607.53 rawVol=205312 volSMA=27203 buf=0.428 prices=607.94/608.31
2025-10-20T09:35:00.000-04:00,[KLB] 9:35 ▲ ~ ~ VWAP vol=7.5x pos=^85 vwap=above ema=bull rs=+0.1% adx=29 body=81% O607.14 H609.13 L607.06 C608.82 ATR=8.57 SL=607.96/607.53 rawVol=205312 volSMA=27203 buf=0.428 prices=
2025-10-20T09:40:00.000-04:00,[KLB] 9:40 ▲ BRK ORB H vol=6.7x pos=^68 vwap=above ema=bull rs=+0.2% adx=31 body=52% O608.77 H609.69 L608.59 C609.34 ATR=8.57 SL=608.48/608.05 rawVol=275150 volSMA=40785 buf=0.428 prices=609.13
2025-10-20T09:40:00.000-04:00,[KLB] CONF 9:40 ▲ BRK → ✓★ (auto-promote)
2025-10-20T09:40:00.000-04:00,[KLB] 9:40 ▲ ◆ ◆¹ ORB H 9.4x ^7 vol= pos= vwap=above ema=bull rs=+0.2% adx=31 body=52% O608.77 H609.69 L608.59 C609.34 ATR=8.57 SL=608.48/608.05 rawVol=275150 volSMA=40785 buf=0.428 prices=
2025-10-20T09:45:00.000-04:00,[KLB] 5m CHECK 9:45 ▲ pnl=-0.05 → BAIL
2025-10-21T10:05:00.000-04:00,[KLB] 10:05 ▼ ~ ~ VWAP vol=3.5x pos=v55 vwap=below ema=bear rs=-0.1% adx=27 body=35% O610.04 H610.18 L609.49 C609.8 ATR=8.59 SL=610.66/611.09 rawVol=210046 volSMA=60458 buf=0.429 prices=
2025-10-21T10:20:00.000-04:00,[KLB] 10:20 ▲ ~ ~ PM L + ~ ORB L vol=1.7x pos=^92 vwap=above ema=bear rs=-0.1% adx=27 body=64% O610.42 H611.07 L610.17 C611 ATR=8.59 SL=610.14/609.71 rawVol=119434 volSMA=71229 buf=0.429 prices=610.57/610.55
2025-10-21T10:55:00.000-04:00,[KLB] 10:55 ▲ ~ ~ PM L + ~ ORB L vol=0.5x pos=^84 vwap=above ema=bear rs=-0.2% adx=23 body=67% O610.66 H611.22 L610.55 C611.11 ATR=8.59 SL=610.25/609.82 rawVol=40172 volSMA=87324 buf=0.429 prices=610.57/610.55
2025-10-21T11:00:00.000-04:00,[KLB] 11:00 ▲ ~ ~ VWAP vol=0.7x pos=^85 vwap=above ema=bear rs=-0.2% adx=22 body=81% O611.1 H611.69 L611.07 C611.6 ATR=8.59 SL=610.74/610.31 rawVol=64184 volSMA=89700 buf=0.429 prices=
2025-10-22T10:30:00.000-04:00,[KLB] 10:30 ▼ BRK Yest L + ORB L vol=3.3x pos=v93 vwap=below ema=bear rs=-0.2% adx=21 body=79% O609.11 H609.4 L607.24 C607.4 ATR=8.22 SL=608.22/608.63 rawVol=252209 volSMA=75344 buf=0.411 prices=609.32/608.79
2025-10-22T10:30:00.000-04:00,"[KLB] 10:30 ▼ ~ ~ Week H
~ VWAP vol=3.3x pos=v93 vwap=below ema=bear rs=-0.2% adx=21 body=79% O609.11 H609.4 L607.24 C607.4 ATR=8.22 SL=608.22/608.63 rawVol=252209 volSMA=75344 buf=0.411 prices=608.31"
2025-10-22T10:55:00.000-04:00,[KLB] 10:55 ▼ ◆ ◆⁶ ORB L 1.1x v5 vol= pos= vwap=below ema=bear rs=-0.1% adx=33 body=77% O607.09 H607.75 L607.09 C607.6 ATR=8.22 SL=608.42/608.83 rawVol=111913 volSMA=113018 buf=0.411 prices=
2025-10-22T11:15:00.000-04:00,[KLB] 11:15 ▼ ~ ~ Week H vol=0.9x pos=v45 vwap=below ema=bear rs=-0.1% adx=31 body=44% O608.2 H608.21 L607.33 C607.81 ATR=8.22 SL=608.63/609.04 rawVol=107217 volSMA=122226 buf=0.411 prices=608.31
2025-10-22T11:20:00.000-04:00,[KLB] 11:20 ▼ ~ ~ Week H vol=0.9x pos=v88 vwap=below ema=bear rs=-0.2% adx=31 body=56% O607.79 H608.07 L607.19 C607.3 ATR=8.22 SL=608.12/608.53 rawVol=54752 volSMA=119749 buf=0.411 prices=608.31
2025-10-23T09:40:00.000-04:00,"[KLB] 9:40 ▲ ~ ~ Yest L
~ VWAP vol=6.1x pos=^83 vwap=above ema=bear rs=+0.1% adx=33 body=61% O605.3 H606.4 L604.99 C606.16 ATR=8.47 SL=605.31/604.89 rawVol=110091 volSMA=30263 buf=0.423 prices=599.74"
2025-10-23T09:50:00.000-04:00,[KLB] 9:50 ▲ BRK PM H vol=3.6x pos=^95 vwap=above ema=bull rs=+0.2% adx=34 body=93% O606.76 H607.88 L606.74 C607.82 ATR=8.47 SL=606.97/606.55 rawVol=146064 volSMA=41084 buf=0.423 prices=607.33
2025-10-23T09:50:00.000-04:00,[KLB] 5m CHECK 9:50 ▲ pnl=0.13 → HOLD
2025-10-23T10:05:00.000-04:00,[KLB] 10:05 ▲ ◆ ◆⁴ PM H 2.1x ^6 vol= pos= vwap=above ema=bull rs=+0.3% adx=38 body=10% O608.36 H608.73 L607.84 C608.27 ATR=8.47 SL=607.42/607 rawVol=123640 volSMA=56946 buf=0.423 prices=
2025-10-23T10:15:00.000-04:00,[KLB] CONF 10:15 ▲ BRK → ✗ (failed)
2025-10-23T10:25:00.000-04:00,[KLB] 10:25 ▲ BRK PM H vol=1.5x pos=^96 vwap=above ema=bull rs=+0.3% adx=35 body=82% O606.79 H608.27 L606.54 C608.2 ATR=8.47 SL=607.35/606.93 rawVol=117675 volSMA=76300 buf=0.423 prices=607.33
2025-10-23T11:40:00.000-04:00,[KLB] 11:40 ▲ ◆ ◆¹⁶ PM H 1.1x ^13 vol= pos= vwap=above ema=bull rs=+0.4% adx=20 body=48% O609.07 H609.11 L608.25 C608.66 ATR=8.47 SL=607.81/607.39 rawVol=41874 volSMA=67318 buf=0.423 prices=
2025-10-24T09:35:00.000-04:00,[KLB] 9:35 ▲ ~ ~ VWAP vol=6x pos=^94 vwap=above ema=bull rs=+0% adx=42 body=37% O615.99 H616.64 L615.14 C616.55 ATR=8.35 SL=615.72/615.3 rawVol=188835 volSMA=31580 buf=0.417 prices=
2025-10-24T09:40:00.000-04:00,[KLB] 9:40 ▲ BRK ORB H vol=4.8x pos=^46 vwap=above ema=bull rs=+0.1% adx=41 body=35% O616.61 H617.53 L616.5 C616.97 ATR=8.35 SL=616.14/615.72 rawVol=198251 volSMA=41069 buf=0.417 prices=616.64
2025-10-24T09:40:00.000-04:00,[KLB] 9:40 ▲ ◆ ◆¹ ORB H 3.5x ^81 vol= pos= vwap=above ema=bull rs=+0.1% adx=41 body=35% O616.61 H617.53 L616.5 C616.97 ATR=8.35 SL=616.14/615.72 rawVol=198251 volSMA=41069 buf=0.417 prices=
2025-10-24T09:50:00.000-04:00,[KLB] 5m CHECK 9:50 ▲ pnl=-0.09 → BAIL
2025-10-24T09:50:00.000-04:00,[KLB] CONF 9:50 ▲ BRK → ✗ (failed)
2025-10-24T10:10:00.000-04:00,[KLB] 10:10 ▲ BRK PM H vol=2.2x pos=^59 vwap=above ema=bull rs=+0.1% adx=36 body=48% O617.16 H617.88 L617.07 C617.55 ATR=8.35 SL=616.72/616.3 rawVol=156926 volSMA=85958 buf=0.417 prices=617.28
2025-10-24T10:10:00.000-04:00,[KLB] 10:10 ▲ ◆ ◆¹ PM H 1.8x ^83 vol= pos= vwap=above ema=bull rs=+0.1% adx=36 body=48% O617.16 H617.88 L617.07 C617.55 ATR=8.35 SL=616.72/616.3 rawVol=156926 volSMA=85958 buf=0.417 prices=
2025-10-24T10:25:00.000-04:00,[KLB] CONF 10:25 ▲ BRK → ✗ (failed)
2025-10-24T10:55:00.000-04:00,[KLB] 10:55 ▼ ~~ ~~ PM H + ~~ ORB H vol=0.9x pos=v81 vwap=below ema=bull rs=0% adx=26 body=77% O617.13 H617.18 L615.9 C616.14 ATR=8.35 SL=616.97/617.39 rawVol=95486 volSMA=113249 buf=0.417 prices=617.28/616.64
2025-10-28T09:35:00.000-04:00,[KLB] 9:35 ▲ BRK PM H vol=7.6x pos=^46 vwap=above ema=bull rs=+0.1% adx=31 body=39% O630.36 H631.36 L630.3 C630.78 ATR=8.54 SL=629.93/629.5 rawVol=197749 volSMA=25867 buf=0.427 prices=630.58
2025-10-28T09:35:00.000-04:00,[KLB] 9:35 ▲ ~ ~ VWAP vol=7.6x pos=^46 vwap=above ema=bull rs=+0.1% adx=31 body=39% O630.36 H631.36 L630.3 C630.78 ATR=8.54 SL=629.93/629.5 rawVol=197749 volSMA=25867 buf=0.427 prices=
2025-10-28T09:35:00.000-04:00,[KLB] 9:35 ▲ ◆ ◆¹ PM H 4.1x ^62 vol= pos= vwap=above ema=bull rs=+0.1% adx=31 body=39% O630.36 H631.36 L630.3 C630.78 ATR=8.54 SL=629.93/629.5 rawVol=197749 volSMA=25867 buf=0.427 prices=
2025-10-28T09:45:00.000-04:00,[KLB] 9:45 ▲ ~ ~ ORB L vol=2.2x pos=^86 vwap=above ema=bull rs=+0.3% adx=33 body=61% O630.57 H631.06 L630.4 C630.97 ATR=8.54 SL=630.12/629.69 rawVol=73330 volSMA=33869 buf=0.427 prices=630.3
2025-10-28T09:50:00.000-04:00,[KLB] CONF 9:50 ▲ BRK → ✗ (failed)
2025-10-28T09:55:00.000-04:00,[KLB] 9:55 ▼ ~~ ~~ PM H vol=2.5x pos=v83 vwap=below ema=bull rs=+0.2% adx=32 body=80% O630.52 H630.54 L629.77 C629.9 ATR=8.54 SL=630.75/631.18 rawVol=101786 volSMA=43638 buf=0.427 prices=630.58
2025-10-28T10:00:00.000-04:00,[KLB] 10:00 ▲ BRK PM H vol=3.2x pos=^58 vwap=above ema=bull rs=+0.2% adx=33 body=52% O629.9 H631.18 L629.82 C630.61 ATR=8.54 SL=629.76/629.33 rawVol=162258 volSMA=51218 buf=0.427 prices=630.58
2025-10-28T10:00:00.000-04:00,[KLB] 10:00 ▲ ~ ~ ORB L vol=3.2x pos=^58 vwap=above ema=bull rs=+0.2% adx=33 body=52% O629.9 H631.18 L629.82 C630.61 ATR=8.54 SL=629.76/629.33 rawVol=162258 volSMA=51218 buf=0.427 prices=630.3
2025-10-28T10:00:00.000-04:00,[KLB] 10:00 ▲ ◆ ◆¹ PM H 2.1x ^70 vol= pos= vwap=above ema=bull rs=+0.2% adx=33 body=52% O629.9 H631.18 L629.82 C630.61 ATR=8.54 SL=629.76/629.33 rawVol=162258 volSMA=51218 buf=0.427 prices=
2025-10-28T10:20:00.000-04:00,[KLB] CONF 10:20 ▲ BRK → ✗ (failed)
2025-10-29T10:45:00.000-04:00,[KLB] 10:45 ▼ ~ ~ PM H + ~ ORB H vol=1.2x pos=v85 vwap=below ema=bull rs=+0.1% adx=24 body=85% O636.44 H636.44 L635.71 C635.82 ATR=8.4 SL=636.66/637.08 rawVol=85153 volSMA=68427 buf=0.42 prices=636.65/636.22
2025-10-29T10:50:00.000-04:00,[KLB] 10:50 ▼ ~ ~ ORB H vol=1.2x pos=v96 vwap=below ema=bull rs=+0.1% adx=22 body=59% O635.85 H636.11 L635.41 C635.44 ATR=8.4 SL=636.28/636.7 rawVol=74360 volSMA=71711 buf=0.42 prices=636.22
2025-10-29T11:45:00.000-04:00,[KLB] 11:45 ▼ ~ ~ VWAP vol=0.8x pos=v90 vwap=below ema=bear rs=-0.1% adx=22 body=69% O635.04 H635.12 L634.73 C634.77 ATR=8.4 SL=635.61/636.03 rawVol=49776 volSMA=63218 buf=0.42 prices=
2025-10-30T09:35:00.000-04:00,[KLB] 9:35 ▼ BRK PM L vol=7x pos=v99 vwap=below ema=bear rs=-0.2% adx=45 body=97% O632.15 H632.19 L630.18 C630.2 ATR=8.28 SL=631.03/631.44 rawVol=269284 volSMA=38386 buf=0.414 prices=631.07
2025-10-30T09:35:00.000-04:00,[KLB] 9:35 ▼ ~ ~ VWAP vol=7x pos=v99 vwap=below ema=bear rs=-0.2% adx=45 body=97% O632.15 H632.19 L630.18 C630.2 ATR=8.28 SL=631.03/631.44 rawVol=269284 volSMA=38386 buf=0.414 prices=
2025-10-30T09:40:00.000-04:00,[KLB] 9:40 ▼ BRK Yest L + ORB L vol=5.6x pos=v89 vwap=below ema=bear rs=-0.3% adx=47 body=89% O630.17 H630.17 L627.93 C628.18 ATR=8.28 SL=629.01/629.42 rawVol=297078 volSMA=53056 buf=0.414 prices=630.25/630.18
2025-10-30T09:40:00.000-04:00,[KLB] CONF 9:40 ▼ BRK → ✓★ (auto-promote)
2025-10-30T09:45:00.000-04:00,[KLB] 5m CHECK 9:45 ▼ pnl=-0.04 → BAIL
2025-10-30T09:45:00.000-04:00,[KLB] CONF 9:45 ▼ BRK → ✗ (failed)
2025-10-30T09:55:00.000-04:00,"[KLB] 9:55 ▲ ~~ ~~ PM L
~ VWAP vol=2.2x pos=^84 vwap=above ema=bear rs=-0.2% adx=44 body=82% O630.53 H632.73 L630.5 C632.36 ATR=8.28 SL=631.53/631.12 rawVol=149686 volSMA=80688 buf=0.414 prices=631.07"
2025-10-31T09:35:00.000-04:00,[KLB] 9:35 ▼ ~ ~ VWAP vol=6.6x pos=v75 vwap=below ema=bull rs=0% adx=23 body=72% O634.17 H634.2 L632.9 C633.23 ATR=8.39 SL=634.07/634.49 rawVol=176712 volSMA=26915 buf=0.42 prices=
2025-10-31T09:45:00.000-04:00,[KLB] 9:45 ▼ BRK ORB L vol=3.6x pos=v69 vwap=below ema=bear rs=0% adx=28 body=54% O632.89 H633.06 L631.9 C632.26 ATR=8.39 SL=633.1/633.52 rawVol=137269 volSMA=37977 buf=0.42 prices=632.9
2025-10-31T09:45:00.000-04:00,[KLB] 5m CHECK 9:45 ▼ pnl=0.07 → HOLD
2025-10-31T10:35:00.000-04:00,[KLB] 10:35 ▼ ◆ ◆¹¹ ORB L 0.5x v9 vol= pos= vwap=below ema=bear rs=-0.1% adx=50 body=49% O631.93 H632.56 L631.78 C632.31 ATR=8.39 SL=633.15/633.57 rawVol=85886 volSMA=75626 buf=0.42 prices=
2025-10-31T10:40:00.000-04:00,[KLB] CONF 10:40 ▼ BRK → ✗ (failed)
2025-10-31T10:45:00.000-04:00,[KLB] 10:45 ▲ ~~ ~~ ORB L vol=0.7x pos=^79 vwap=above ema=bear rs=0% adx=46 body=53% O632.92 H633.41 L632.75 C633.27 ATR=8.39 SL=632.43/632.01 rawVol=53578 volSMA=78699 buf=0.42 prices=632.9
2025-10-31T11:15:00.000-04:00,[KLB] 11:15 ▲ ~~ ~~ ORB L vol=0.8x pos=^77 vwap=above ema=bear rs=+0% adx=34 body=36% O633.21 H633.57 L632.96 C633.43 ATR=8.39 SL=632.59/632.17 rawVol=63928 volSMA=82229 buf=0.42 prices=632.9
2025-10-31T11:20:00.000-04:00,[KLB] 11:20 ▲ ~~ ~~ PM L vol=0.8x pos=^74 vwap=above ema=bear rs=0% adx=31 body=71% O633.45 H633.75 L633.44 C633.67 ATR=8.39 SL=632.83/632.41 rawVol=59553 volSMA=79859 buf=0.42 prices=633.23
2025-10-31T11:40:00.000-04:00,[KLB] 11:40 ▼ ~ ~ Yest H vol=1.2x pos=v86 vwap=below ema=bear rs=-0.1% adx=30 body=85% O632.74 H632.76 L631.58 C631.74 ATR=8.39 SL=632.58/633 rawVol=79873 volSMA=68630 buf=0.42 prices=633.5
2025-10-31T11:50:00.000-04:00,[KLB] 11:50 ▼ ~ ~ Yest H vol=2.2x pos=v89 vwap=below ema=bear rs=-0.1% adx=31 body=50% O632.28 H633.18 L630.88 C631.14 ATR=8.39 SL=631.98/632.4 rawVol=157046 volSMA=70911 buf=0.42 prices=633.5
2025-10-31T15:35:00.000-04:00,[KLB] 15:35 ▲ ~ ~ VWAP vol=2x pos=^98 vwap=above ema=bear rs=-0.3% adx=24 body=75% O631.45 H632.21 L631.22 C632.19 ATR=8.39 SL=631.35/630.93 rawVol=136263 volSMA=68038 buf=0.42 prices=
2025-11-03T09:40:00.000-05:00,[KLB] 9:40 ▼ ~ ~ Yest H vol=3x pos=v99 vwap=below ema=bull rs=+0.1% adx=32 body=98% O635.1 H635.11 L633.66 C633.68 ATR=8.37 SL=634.52/634.94 rawVol=95151 volSMA=31476 buf=0.419 prices=634.2
2025-11-03T09:50:00.000-05:00,[KLB] 5m CHECK 9:50 ▼ pnl=0.05 → BAIL
2025-11-03T09:55:00.000-05:00,[KLB] 9:55 ▼ ~ ~ VWAP vol=2.5x pos=v54 vwap=below ema=bull rs=+0.1% adx=27 body=43% O633.15 H633.25 L632.33 C632.75 ATR=8.37 SL=633.59/634.01 rawVol=107957 volSMA=42389 buf=0.419 prices=
2025-11-04T12:55:00.000-05:00,[KLB] 12:55 ▼ ~ ~ VWAP vol=0.7x pos=v95 vwap=below ema=bear rs=-0.2% adx=27 body=36% O622.29 H622.95 L621.83 C621.89 ATR=8.26 SL=622.72/623.13 rawVol=28274 volSMA=38510 buf=0.413 prices=
2025-11-05T09:40:00.000-05:00,[KLB] 9:40 ▲ ~ ~ ORB L vol=4.1x pos=^78 vwap=above ema=bull rs=+0.1% adx=25 body=62% O617.55 H619.25 L617.21 C618.81 ATR=8.64 SL=617.95/617.51 rawVol=165477 volSMA=40330 buf=0.432 prices=617.51
2025-11-05T09:50:00.000-05:00,[KLB] 9:50 ▲ BRK PM H + ORB H vol=3x pos=^88 vwap=above ema=bull rs=+0.1% adx=24 body=86% O618.12 H620.41 L618.07 C620.14 ATR=8.64 SL=619.28/618.84 rawVol=155135 volSMA=51623 buf=0.432 prices=619.82/619.33
2025-11-05T09:50:00.000-05:00,"[KLB] 9:50 ▲ ~ ~ Yest L
~ VWAP vol=3x pos=^88 vwap=above ema=bull rs=+0.1% adx=24 body=86% O618.12 H620.41 L618.07 C620.14 ATR=8.64 SL=619.28/618.84 rawVol=155135 volSMA=51623 buf=0.432 prices=618.46"
2025-11-05T09:50:00.000-05:00,[KLB] 9:50 ▲ ◆ ◆¹ PM H 2.5x ^92 vol= pos= vwap=above ema=bull rs=+0.1% adx=24 body=86% O618.12 H620.41 L618.07 C620.14 ATR=8.64 SL=619.28/618.84 rawVol=155135 volSMA=51623 buf=0.432 prices=
2025-11-05T11:55:00.000-05:00,[KLB] 11:55 ▲ ~ ~ Week L vol=0.9x pos=^92 vwap=above ema=bull rs=+0.2% adx=28 body=60% O624.16 H624.33 L624.08 C624.31 ATR=8.64 SL=623.45/623.01 rawVol=38144 volSMA=61452 buf=0.432 prices=624.03
2025-11-05T12:30:00.000-05:00,[KLB] 12:30 ▲ ~ ~ Week L vol=1.1x pos=^69 vwap=above ema=bull rs=+0.2% adx=28 body=69% O624.04 H624.62 L624.04 C624.44 ATR=8.64 SL=623.58/623.14 rawVol=55305 volSMA=50154 buf=0.432 prices=624.03
2025-11-06T09:30:00.000-05:00,[KLB] 9:30 ▼ ~ ~ VWAP vol=2x pos=v70 vwap=below ema=bear rs=-0.1% adx=37 body=35% O622.14 H622.44 L621.6 C621.85 ATR=8.7 SL=622.72/623.15 rawVol=26921 volSMA=13470 buf=0.435 prices=
2025-11-06T09:35:00.000-05:00,[KLB] 9:35 ▼ BRK PM L vol=8.4x pos=v73 vwap=below ema=bear rs=-0.2% adx=39 body=54% O621.79 H622.03 L620.8 C621.13 ATR=8.7 SL=622/622.43 rawVol=189357 volSMA=22612 buf=0.435 prices=621.53
2025-11-06T09:35:00.000-05:00,[KLB] 9:35 ▼ ◆ ◆¹ PM L 6.9x v46 vol= pos= vwap=below ema=bear rs=-0.2% adx=39 body=54% O621.79 H622.03 L620.8 C621.13 ATR=8.7 SL=622/622.43 rawVol=189357 volSMA=22612 buf=0.435 prices=
2025-11-06T09:45:00.000-05:00,[KLB] 9:45 ▼ BRK ORB L vol=4.5x pos=v69 vwap=below ema=bear rs=-0.2% adx=45 body=59% O621.07 H621.22 L619.71 C620.18 ATR=8.7 SL=621.05/621.48 rawVol=167319 volSMA=37564 buf=0.435 prices=620.8
2025-11-06T09:45:00.000-05:00,[KLB] CONF 9:45 ▼ BRK → ✓ (auto-promote)
2025-11-06T09:45:00.000-05:00,[KLB] 9:45 ▼ ◆ ◆¹ ORB L 1.9x v64 vol= pos= vwap=below ema=bear rs=-0.2% adx=45 body=59% O621.07 H621.22 L619.71 C620.18 ATR=8.7 SL=621.05/621.48 rawVol=167319 volSMA=37564 buf=0.435 prices=
2025-11-06T09:50:00.000-05:00,[KLB] 5m CHECK 9:50 ▼ pnl=-0.06 → BAIL
2025-11-06T10:05:00.000-05:00,[KLB] 10:05 ▼ BRK Yest L vol=3.3x pos=v97 vwap=below ema=bear rs=-0.4% adx=51 body=94% O617.78 H617.84 L615.5 C615.58 ATR=8.7 SL=616.45/616.88 rawVol=212762 volSMA=64260 buf=0.435 prices=617.21
2025-11-06T10:05:00.000-05:00,[KLB] CONF 10:05 ▼ BRK → ✓ (auto-promote)
2025-11-06T10:05:00.000-05:00,[KLB] 10:05 ▼ ◆ ◆¹ Yest L 2.1x v55 vol= pos= vwap=below ema=bear rs=-0.4% adx=51 body=94% O617.78 H617.84 L615.5 C615.58 ATR=8.7 SL=616.45/616.88 rawVol=212762 volSMA=64260 buf=0.435 prices=
2025-11-06T10:10:00.000-05:00,[KLB] 5m CHECK 10:10 ▼ pnl=-0.07 → BAIL
2025-11-06T10:20:00.000-05:00,[KLB] CONF 10:20 ▼ BRK → ✗ (failed)
2025-11-06T10:45:00.000-05:00,[KLB] 5m CHECK 10:45 ▼ pnl=0.1 → HOLD
2025-11-07T14:55:00.000-05:00,[KLB] 14:55 ▲ ~ ~ PM L vol=1.3x pos=^95 vwap=above ema=bull rs=-0.3% adx=23 body=63% O607.55 H608.19 L607.24 C608.14 ATR=9 SL=607.24/606.79 rawVol=104244 volSMA=79031 buf=0.45 prices=607.28
2025-11-07T15:00:00.000-05:00,[KLB] 15:00 ▲ ~ ~ PM L vol=1.3x pos=^97 vwap=above ema=bull rs=-0.3% adx=26 body=33% O608.15 H608.57 L607.41 C608.53 ATR=9 SL=607.63/607.18 rawVol=81530 volSMA=79816 buf=0.45 prices=607.28
2025-11-07T15:35:00.000-05:00,[KLB] 15:35 ▲ ~ ~ PM L vol=0.7x pos=^55 vwap=above ema=bull rs=-0.3% adx=26 body=55% O607.08 H608.12 L607.08 C607.65 ATR=9 SL=606.75/606.3 rawVol=60535 volSMA=88297 buf=0.45 prices=607.28
2025-11-07T15:55:00.000-05:00,[KLB] 15:55 ▲ ~ ~ PM L vol=2x pos=^65 vwap=above ema=bull rs=-0.3% adx=25 body=40% O607.76 H608.83 L607.42 C608.33 ATR=9 SL=607.43/606.98 rawVol=195613 volSMA=96461 buf=0.45 prices=607.28
2025-11-10T09:35:00.000-05:00,[KLB] 9:35 ▲ BRK PM H vol=12.3x pos=^69 vwap=above ema=bull rs=+0% adx=20 body=47% O618.92 H620.16 L618.57 C619.67 ATR=9.29 SL=618.74/618.28 rawVol=445115 volSMA=36196 buf=0.464 prices=619.6
2025-11-10T09:35:00.000-05:00,[KLB] 9:35 ▲ ◆ ◆¹ PM H 3.6x ^89 vol= pos= vwap=above ema=bull rs=+0% adx=20 body=47% O618.92 H620.16 L618.57 C619.67 ATR=9.29 SL=618.74/618.28 rawVol=445115 volSMA=36196 buf=0.464 prices=
2025-11-10T09:40:00.000-05:00,[KLB] 9:40 ▲ BRK ORB H vol=10.6x pos=^89 vwap=above ema=bull rs=+0.1% adx=23 body=89% O619.75 H620.8 L619.75 C620.68 ATR=9.29 SL=619.75/619.29 rawVol=130206 volSMA=42153 buf=0.464 prices=620.16
2025-11-10T09:40:00.000-05:00,[KLB] 9:40 ▲ ~ ~ VWAP vol=10.6x pos=^89 vwap=above ema=bull rs=+0.1% adx=23 body=89% O619.75 H620.8 L619.75 C620.68 ATR=9.29 SL=619.75/619.29 rawVol=130206 volSMA=42153 buf=0.464 prices=
2025-11-10T09:40:00.000-05:00,[KLB] CONF 9:40 ▲ BRK → ✓ (auto-promote)
2025-11-10T09:45:00.000-05:00,[KLB] 5m CHECK 9:45 ▲ pnl=0.05 → BAIL
2025-11-10T09:50:00.000-05:00,[KLB] 9:50 ▲ ◆ ◆³ ORB H 1.8x ^83 vol= pos= vwap=above ema=bull rs=+0.1% adx=28 body=38% O621.11 H621.51 L620.66 C620.79 ATR=9.29 SL=619.86/619.4 rawVol=121468 volSMA=54758 buf=0.464 prices=
2025-11-10T10:10:00.000-05:00,[KLB] 5m CHECK 10:10 ▲ pnl=0.01 → BAIL
2025-11-10T10:50:00.000-05:00,[KLB] CONF 10:50 ▲ BRK → ✗ (failed)
2025-11-10T10:55:00.000-05:00,[KLB] 10:55 ▼ ~~ ~~ ORB H vol=1.7x pos=v73 vwap=below ema=bull rs=+0.1% adx=32 body=72% O620.57 H620.58 L618.99 C619.42 ATR=9.29 SL=620.35/620.81 rawVol=171541 volSMA=101980 buf=0.464 prices=620.16
2025-11-10T11:00:00.000-05:00,"[KLB] 11:00 ▼ ~~ ~~ PM H
~ VWAP vol=1.6x pos=v86 vwap=below ema=bull rs=+0.1% adx=32 body=82% O619.31 H619.35 L618.43 C618.56 ATR=9.29 SL=619.49/619.95 rawVol=94206 volSMA=106067 buf=0.464 prices=619.6"
2025-11-11T13:45:00.000-05:00,[KLB] 13:45 ▲ BRK ORB H vol=1.5x pos=^81 vwap=above ema=bull rs=-0.2% adx=25 body=75% O621.15 H621.88 L621.11 C621.73 ATR=9.66 SL=620.76/620.28 rawVol=54173 volSMA=35254 buf=0.483 prices=621.3
2025-11-11T14:05:00.000-05:00,[KLB] 14:05 ▲ ◆ ◆⁵ ORB H 0.9x ^21 vol= pos= vwap=above ema=bull rs=-0.2% adx=28 body=48% O622.6 H622.6 L621.69 C622.16 ATR=9.66 SL=621.19/620.71 rawVol=66304 volSMA=39908 buf=0.483 prices=
2025-11-12T09:45:00.000-05:00,[KLB] 9:45 ▼ BRK PM L + ORB L vol=4.5x pos=v84 vwap=below ema=bear rs=-0.4% adx=25 body=70% O622.49 H622.68 L621.4 C621.6 ATR=9.38 SL=622.54/623.01 rawVol=119802 volSMA=26575 buf=0.469 prices=622.48/622.34
2025-11-12T09:45:00.000-05:00,[KLB] 9:45 ▼ ~ ~ VWAP vol=4.5x pos=v84 vwap=below ema=bear rs=-0.4% adx=25 body=70% O622.49 H622.68 L621.4 C621.6 ATR=9.38 SL=622.54/623.01 rawVol=119802 volSMA=26575 buf=0.469 prices=
2025-11-12T09:50:00.000-05:00,[KLB] 9:50 ▼ ~ ~ Yest H vol=3.9x pos=v95 vwap=below ema=bear rs=-0.6% adx=29 body=80% O621.58 H621.88 L619.84 C619.95 ATR=9.38 SL=620.89/621.36 rawVol=126928 volSMA=32641 buf=0.469 prices=622.72
2025-11-12T09:55:00.000-05:00,[KLB] 5m CHECK 9:55 ▼ pnl=-0.04 → BAIL
2025-11-12T10:15:00.000-05:00,[KLB] 10:15 ▼ ~ ~ Yest H vol=1.7x pos=v88 vwap=below ema=bear rs=-0.5% adx=38 body=78% O621.77 H621.96 L620.16 C620.37 ATR=9.38 SL=621.31/621.78 rawVol=91833 volSMA=53745 buf=0.469 prices=622.72
2025-11-12T13:15:00.000-05:00,[KLB] 13:15 ▲ ~ ~ Yest L vol=0.8x pos=^96 vwap=above ema=bear rs=-0.5% adx=20 body=74% O620.26 H620.83 L620.1 C620.8 ATR=9.38 SL=619.86/619.39 rawVol=31787 volSMA=40784 buf=0.469 prices=617.52
2025-11-13T09:35:00.000-05:00,[KLB] 9:35 ▼ BRK Yest L vol=9.4x pos=v90 vwap=below ema=bear rs=-0.1% adx=36 body=59% O617.56 H618.11 L616.34 C616.51 ATR=9.22 SL=617.43/617.89 rawVol=184228 volSMA=19557 buf=0.461 prices=617.81
2025-11-13T09:35:00.000-05:00,[KLB] 9:35 ▼ ~ ~ VWAP vol=9.4x pos=v90 vwap=below ema=bear rs=-0.1% adx=36 body=59% O617.56 H618.11 L616.34 C616.51 ATR=9.22 SL=617.43/617.89 rawVol=184228 volSMA=19557 buf=0.461 prices=
2025-11-13T09:40:00.000-05:00,[KLB] 9:40 ▼ BRK PM L + ORB L vol=6.8x pos=v92 vwap=below ema=bear rs=-0.2% adx=38 body=81% O616.51 H616.76 L614.6 C614.77 ATR=9.22 SL=615.69/616.15 rawVol=155711 volSMA=27085 buf=0.461 prices=616.55/616.34
2025-11-13T09:40:00.000-05:00,[KLB] CONF 9:40 ▼ BRK → ✓★ (auto-promote)
2025-11-13T09:45:00.000-05:00,[KLB] 5m CHECK 9:45 ▼ pnl=0.18 → HOLD
2025-11-13T09:55:00.000-05:00,[KLB] 9:55 ▼ ◆ ◆⁴ ORB L 2.1x v56 vol= pos= vwap=below ema=bear rs=-0.2% adx=45 body=53% O613.7 H615.42 L613.69 C614.62 ATR=9.22 SL=615.54/616 rawVol=122399 volSMA=47067 buf=0.461 prices=
2025-11-13T10:05:00.000-05:00,[KLB] CONF 10:05 ▼ BRK → ✗ (failed)
2025-11-13T10:10:00.000-05:00,[KLB] 10:10 ▲ ~~ ~~ ORB L vol=1.9x pos=^97 vwap=above ema=bear rs=-0.1% adx=43 body=94% O614.22 H616.74 L614.13 C616.66 ATR=9.22 SL=615.74/615.28 rawVol=117209 volSMA=61873 buf=0.461 prices=616.34
2025-11-13T10:15:00.000-05:00,"[KLB] 10:15 ▲ ~~ ~~ PM L + ~~ ORB L
~ VWAP vol=1.8x pos=^89 vwap=above ema=bear rs=0% adx=41 body=47% O616.68 H617.52 L616.08 C617.36 ATR=9.22 SL=616.44/615.98 rawVol=77497 volSMA=64850 buf=0.461 prices=616.55/616.34"
2025-11-14T09:35:00.000-05:00,[KLB] 9:35 ▼ BRK PM L + Week L vol=8.9x pos=v86 vwap=below ema=bear rs=-0.1% adx=27 body=60% O599.57 H600.43 L597.18 C597.63 ATR=9.63 SL=598.59/599.07 rawVol=386126 volSMA=43476 buf=0.481 prices=597.95/598.67
2025-11-14T09:35:00.000-05:00,[KLB] 9:35 ▼ ~ ~ VWAP vol=8.9x pos=v86 vwap=below ema=bear rs=-0.1% adx=27 body=60% O599.57 H600.43 L597.18 C597.63 ATR=9.63 SL=598.59/599.07 rawVol=386126 volSMA=43476 buf=0.481 prices=
2025-11-14T09:40:00.000-05:00,"[KLB] 9:40 ▲ ~ ~ PM L + ~ Week L
~ VWAP vol=5.6x pos=^90 vwap=above ema=bear rs=+0.2% adx=26 body=90% O597.62 H601.85 L597.62 C601.42 ATR=9.63 SL=600.46/599.98 rawVol=328382 volSMA=58893 buf=0.481 prices=597.95/598.67"
2025-11-14T09:40:00.000-05:00,[KLB] CONF 9:40 ▼ BRK → ✗ (failed)
2025-11-14T09:50:00.000-05:00,[KLB] 5m CHECK 9:50 ▲ pnl=0.15 → HOLD
2025-11-14T10:45:00.000-05:00,[KLB] 10:45 ▲ ~ ~ Yest L vol=1x pos=^94 vwap=above ema=bull rs=+0.7% adx=26 body=51% O608.1 H608.66 L607.67 C608.6 ATR=9.63 SL=607.64/607.16 rawVol=122810 volSMA=149350 buf=0.481 prices=606.08
2025-11-14T10:50:00.000-05:00,[KLB] 10:50 ▲ ~ ~ Yest L vol=0.9x pos=^72 vwap=above ema=bull rs=+0.7% adx=28 body=61% O608.53 H610.57 L608.3 C609.93 ATR=9.63 SL=608.96/608.48 rawVol=142946 volSMA=154844 buf=0.481 prices=606.08
2025-11-17T09:40:00.000-05:00,[KLB] 9:40 ▲ ~ ~ VWAP vol=7.1x pos=^94 vwap=above ema=bear rs=+0.3% adx=41 body=81% O608.63 H610.61 L608.33 C610.48 ATR=10.1 SL=609.47/608.97 rawVol=177774 volSMA=32807 buf=0.505 prices=
2025-11-17T09:45:00.000-05:00,[KLB] 5m CHECK 9:45 ▲ pnl=-0.03 → BAIL
2025-11-17T10:10:00.000-05:00,"[KLB] 10:10 ▼ ~ ~ Yest H + ~ ORB H
~ VWAP vol=1.9x pos=v81 vwap=below ema=bear rs=+0.2% adx=34 body=39% O609.18 H610.19 L607.82 C608.26 ATR=10.1 SL=609.27/609.77 rawVol=133037 volSMA=68466 buf=0.505 prices=613.35/608.71"
2025-11-17T10:20:00.000-05:00,[KLB] 10:20 ▼ ~ ~ Yest H + ~ ORB H vol=1x pos=v87 vwap=below ema=bear rs=+0.1% adx=31 body=72% O609.44 H609.76 L607.68 C607.95 ATR=10.1 SL=608.96/609.46 rawVol=78642 volSMA=76314 buf=0.505 prices=613.35/608.71
2025-11-17T10:35:00.000-05:00,[KLB] 10:35 ▼ ~ ~ Yest H vol=0.7x pos=v69 vwap=below ema=bear rs=+0.2% adx=28 body=49% O609.64 H610.11 L607.77 C608.49 ATR=10.1 SL=609.5/610 rawVol=56874 volSMA=85904 buf=0.505 prices=613.35
2025-11-17T11:00:00.000-05:00,[KLB] 11:00 ▼ ~ ~ Yest H + ~ ORB H vol=0.5x pos=v61 vwap=below ema=bear rs=+0.2% adx=21 body=34% O608.77 H609.13 L607.8 C608.32 ATR=10.1 SL=609.33/609.83 rawVol=45664 volSMA=99701 buf=0.505 prices=613.35/608.71
2025-11-17T11:05:00.000-05:00,[KLB] 11:05 ▼ ~ ~ ORB H vol=0.7x pos=v62 vwap=below ema=bear rs=+0.1% adx=21 body=37% O608.29 H608.68 L607.08 C607.69 ATR=10.1 SL=608.7/609.2 rawVol=69079 volSMA=102702 buf=0.505 prices=608.71
2025-11-17T14:00:00.000-05:00,[KLB] 14:00 ▼ BRK ORB L vol=1.9x pos=v90 vwap=below ema=bear rs=+0.1% adx=25 body=90% O605.53 H605.53 L603.62 C603.81 ATR=10.1 SL=604.82/605.32 rawVol=97226 volSMA=51615 buf=0.505 prices=605.25
2025-11-18T11:30:00.000-05:00,[KLB] 11:30 ▲ ~ ~ Week L vol=1x pos=^75 vwap=above ema=bear rs=-0.2% adx=24 body=74% O596.49 H598.3 L596.47 C597.85 ATR=10.28 SL=596.82/596.31 rawVol=113498 volSMA=112514 buf=0.514 prices=597.17
2025-11-18T11:45:00.000-05:00,"[KLB] 11:45 ▲ ~ ~ PM L + ~ Week L
~ VWAP vol=0.9x pos=^83 vwap=above ema=bear rs=-0.2% adx=20 body=62% O597.69 H598.74 L597.41 C598.51 ATR=10.28 SL=597.48/596.97 rawVol=79503 volSMA=92354 buf=0.514 prices=598.2/597.17"
2025-11-19T09:40:00.000-05:00,[KLB] 9:40 ▲ ~ ~ Week L vol=7.4x pos=^74 vwap=above ema=bear rs=+0.1% adx=21 body=74% O597.44 H599.04 L597.44 C598.63 ATR=10.42 SL=597.59/597.07 rawVol=178805 volSMA=35447 buf=0.521 prices=597.17
2025-11-19T09:45:00.000-05:00,[KLB] 9:45 ▲ ~ ~ VWAP vol=4.3x pos=^86 vwap=above ema=bear rs=+0.2% adx=21 body=69% O598.67 H600.6 L598.27 C600.27 ATR=10.42 SL=599.23/598.71 rawVol=148191 volSMA=41540 buf=0.521 prices=
2025-11-19T09:50:00.000-05:00,[KLB] 5m CHECK 9:50 ▲ pnl=0.06 → HOLD
2025-11-19T10:00:00.000-05:00,[KLB] 10:00 ▲ BRK Yest H vol=2.5x pos=^89 vwap=above ema=bull rs=+0.4% adx=24 body=72% O602.61 H604.08 L602.29 C603.89 ATR=10.42 SL=602.85/602.33 rawVol=152637 volSMA=61750 buf=0.521 prices=602.31
2025-11-19T10:50:00.000-05:00,[KLB] 10:50 ▲ ◆ ◆¹¹ Yest H 0.9x ^25 vol= pos= vwap=above ema=bull rs=+0.4% adx=32 body=98% O604.26 H604.26 L603.16 C603.18 ATR=10.42 SL=602.14/601.62 rawVol=67493 volSMA=129122 buf=0.521 prices=
2025-11-19T10:55:00.000-05:00,[KLB] CONF 10:55 ▲ BRK → ✗ (failed)
2025-11-19T11:00:00.000-05:00,[KLB] 11:00 ▼ ~ ~ VWAP vol=0.9x pos=v70 vwap=below ema=bull rs=+0.3% adx=30 body=70% O602.12 H602.12 L600.4 C600.91 ATR=10.42 SL=601.95/602.47 rawVol=119738 volSMA=138939 buf=0.521 prices=
2025-11-19T11:15:00.000-05:00,[KLB] 11:15 ▼ ~~ ~~ PM H + ~~ Yest H vol=0.8x pos=v48 vwap=below ema=bull rs=+0.2% adx=30 body=45% O600.09 H600.12 L599.05 C599.61 ATR=10.42 SL=600.65/601.17 rawVol=112320 volSMA=137882 buf=0.521 prices=600/602.31
2025-11-19T11:25:00.000-05:00,[KLB] 11:25 ▼ ~~ ~~ PM H + ~~ Yest H vol=0.8x pos=v95 vwap=below ema=bull rs=+0.2% adx=31 body=43% O599.67 H600.6 L598.78 C598.88 ATR=10.42 SL=599.92/600.44 rawVol=111728 volSMA=133285 buf=0.521 prices=600/602.31
2025-11-19T12:05:00.000-05:00,[KLB] 12:05 ▼ ~~ ~~ PM H + ~~ Yest H + ~~ ORB H vol=0.8x pos=v98 vwap=below ema=bear rs=+0% adx=37 body=90% O599.53 H599.72 L597.3 C597.36 ATR=10.42 SL=598.4/598.92 rawVol=70748 volSMA=84924 buf=0.521 prices=600/602.31/598.02
2025-11-19T13:20:00.000-05:00,[KLB] 13:20 ▼ ~~ ~~ ORB H vol=0.7x pos=v72 vwap=below ema=bear rs=0% adx=30 body=63% O598.5 H598.64 L597.12 C597.55 ATR=10.42 SL=598.59/599.11 rawVol=48239 volSMA=64338 buf=0.521 prices=598.02
2025-11-19T13:30:00.000-05:00,[KLB] 13:30 ▼ ~~ ~~ ORB H vol=0.8x pos=v94 vwap=below ema=bear rs=-0.1% adx=29 body=80% O598.13 H598.37 L596.68 C596.78 ATR=10.42 SL=597.82/598.34 rawVol=53740 volSMA=63559 buf=0.521 prices=598.02
2025-11-19T13:45:00.000-05:00,[KLB] 13:45 ▼ ~~ ~~ ORB H vol=0.6x pos=v75 vwap=below ema=bear rs=0% adx=25 body=70% O598.81 H598.89 L597.28 C597.68 ATR=10.42 SL=598.72/599.24 rawVol=39243 volSMA=64593 buf=0.521 prices=598.02
2025-11-19T15:50:00.000-05:00,[KLB] 15:50 ▼ ~~ ~~ PM H + ~~ Yest H vol=1.4x pos=v97 vwap=below ema=bull rs=+0.2% adx=31 body=95% O600.83 H600.87 L599.28 C599.32 ATR=10.42 SL=600.36/600.88 rawVol=63036 volSMA=50393 buf=0.521 prices=600/602.31
2025-11-20T09:50:00.000-05:00,[KLB] 5m CHECK 9:50 ▲ pnl=0 → BAIL
2025-11-20T09:55:00.000-05:00,[KLB] 9:55 ▲ ~ ~ VWAP vol=1.6x pos=^77 vwap=above ema=bull rs=0% adx=25 body=77% O611.71 H612.79 L611.71 C612.54 ATR=10.5 SL=611.49/610.96 rawVol=90513 volSMA=73430 buf=0.525 prices=
2025-11-20T10:20:00.000-05:00,[KLB] 10:20 ▲ ~ ~ ORB L vol=0.9x pos=^77 vwap=above ema=bull rs=-0.1% adx=21 body=46% O610.95 H612.25 L610.34 C611.82 ATR=10.5 SL=610.77/610.24 rawVol=83386 volSMA=91750 buf=0.525 prices=610.21
2025-11-20T11:20:00.000-05:00,[KLB] 11:20 ▼ BRK PM L vol=1.9x pos=v80 vwap=below ema=bear rs=-0.4% adx=24 body=78% O606.82 H606.86 L604.66 C605.11 ATR=10.5 SL=606.16/606.69 rawVol=229179 volSMA=122627 buf=0.525 prices=607
2025-11-20T11:55:00.000-05:00,[KLB] 11:55 ▼ ~ ~ Yest H vol=1.9x pos=v89 vwap=below ema=bear rs=-0.7% adx=43 body=58% O600.52 H601.8 L597.65 C598.11 ATR=10.5 SL=599.16/599.69 rawVol=308874 volSMA=159795 buf=0.525 prices=606.16
2025-11-20T12:00:00.000-05:00,[KLB] 12:00 ▼ BRK Week L vol=1.8x pos=v72 vwap=below ema=bear rs=-0.7% adx=46 body=68% O598.15 H598.29 L594.76 C595.76 ATR=10.5 SL=596.81/597.34 rawVol=294849 volSMA=170368 buf=0.525 prices=597.17
2025-11-20T12:00:00.000-05:00,[KLB] CONF 12:00 ▼ BRK → ✓ (auto-promote)
2025-11-20T12:00:00.000-05:00,[KLB] 12:00 ▼ ◆ ◆¹ Week L 2.1x v35 vol= pos= vwap=below ema=bear rs=-0.7% adx=46 body=68% O598.15 H598.29 L594.76 C595.76 ATR=10.5 SL=596.81/597.34 rawVol=294849 volSMA=170368 buf=0.525 prices=
2025-11-20T12:05:00.000-05:00,[KLB] 5m CHECK 12:05 ▼ pnl=-0.1 → BAIL
2025-11-24T09:35:00.000-05:00,[KLB] 9:35 ▲ BRK PM H + Yest H vol=10.7x pos=^99 vwap=above ema=bull rs=+0.3% adx=28 body=96% O595.28 H599.18 L595.16 C599.12 ATR=12.16 SL=597.9/597.3 rawVol=363501 volSMA=34127 buf=0.608 prices=596.49/596.98
2025-11-24T09:35:00.000-05:00,[KLB] 9:35 ▲ ~ ~ VWAP vol=10.7x pos=^99 vwap=above ema=bull rs=+0.3% adx=28 body=96% O595.28 H599.18 L595.16 C599.12 ATR=12.16 SL=597.9/597.3 rawVol=363501 volSMA=34127 buf=0.608 prices=
2025-11-24T09:50:00.000-05:00,[KLB] 5m CHECK 9:50 ▼ pnl=0.01 → BAIL
2025-11-24T09:50:00.000-05:00,"[KLB] 9:50 ▲ ◆ ◆⁴ PM H 2.3x ^59
◆⁴ Yest H 2.3x ^59 vol= pos= vwap=above ema=bull rs=+0.4% adx=32 body=5% O597.65 H599.28 L597.45 C597.56 ATR=12.16 SL=596.34/595.74 rawVol=177973 volSMA=62100 buf=0.608 prices="
2025-11-24T10:05:00.000-05:00,[KLB] 10:05 ▲ BRK ORB H vol=1.9x pos=^77 vwap=above ema=bull rs=+0.5% adx=33 body=71% O599.16 H600.73 L599.06 C600.35 ATR=12.16 SL=599.13/598.53 rawVol=152677 volSMA=80295 buf=0.608 prices=599.18
2025-11-24T10:05:00.000-05:00,[KLB] CONF 10:05 ▲ BRK → ✓★ (auto-promote)
2025-11-24T10:10:00.000-05:00,[KLB] 5m CHECK 10:10 ▲ pnl=-0.05 → BAIL
2025-11-24T10:10:00.000-05:00,[KLB] 10:10 ▲ ◆ ◆² ORB H 1.7x ^89 vol= pos= vwap=above ema=bull rs=+0.4% adx=34 body=39% O600.41 H601.26 L599.7 C599.8 ATR=12.16 SL=598.58/597.98 rawVol=157076 volSMA=86728 buf=0.608 prices=
2025-11-25T09:40:00.000-05:00,[KLB] 9:40 ▼ ~ ~ ORB H vol=6.9x pos=v98 vwap=below ema=bear rs=-0.2% adx=20 body=39% O603.4 H603.98 L602.99 C603.01 ATR=12.48 SL=604.26/604.88 rawVol=136564 volSMA=31156 buf=0.624 prices=604.06
2025-11-25T09:45:00.000-05:00,[KLB] 9:45 ▼ BRK PM L + ORB L vol=5x pos=v92 vwap=below ema=bear rs=-0.3% adx=23 body=92% O603 H603 L600.17 C600.4 ATR=12.48 SL=601.65/602.27 rawVol=201892 volSMA=40701 buf=0.624 prices=602.63/602.59
2025-11-25T09:45:00.000-05:00,[KLB] 9:45 ▼ ~ ~ VWAP vol=5x pos=v92 vwap=below ema=bear rs=-0.3% adx=23 body=92% O603 H603 L600.17 C600.4 ATR=12.48 SL=601.65/602.27 rawVol=201892 volSMA=40701 buf=0.624 prices=
2025-11-25T09:55:00.000-05:00,[KLB] 5m CHECK 9:55 ▼ pnl=-0.22 → BAIL
2025-11-25T09:55:00.000-05:00,"[KLB] 9:55 ▼ ◆ ◆³ PM L 2.2x v11
◆³ ORB L 2.2x v11 vol= pos= vwap=below ema=bear rs=-0.3% adx=30 body=80% O598 H600.88 L597.34 C600.84 ATR=12.48 SL=602.09/602.71 rawVol=244564 volSMA=66641 buf=0.624 prices="
2025-11-25T10:40:00.000-05:00,[KLB] CONF 10:40 ▼ BRK → ✗ (failed)
2025-11-25T10:45:00.000-05:00,"[KLB] 10:45 ▲ ~~ ~~ PM L + ~~ ORB L
~ VWAP vol=0.7x pos=^100 vwap=above ema=bear rs=-0.3% adx=36 body=72% O602.11 H603.21 L601.69 C603.21 ATR=12.48 SL=601.96/601.34 rawVol=82847 volSMA=118800 buf=0.624 prices=602.63/602.59"
2025-11-25T11:25:00.000-05:00,[KLB] 11:25 ▲ ~~ ~~ PM L + ~~ ORB L vol=0.6x pos=^43 vwap=above ema=bear rs=-0.3% adx=25 body=42% O602.88 H604.11 L602.87 C603.4 ATR=12.48 SL=602.15/601.53 rawVol=72896 volSMA=113475 buf=0.624 prices=602.63/602.59
2025-11-25T12:05:00.000-05:00,[KLB] 12:05 ▲ BRK ORB H vol=1.9x pos=^94 vwap=above ema=bull rs=-0.3% adx=21 body=80% O604.51 H605.19 L604.4 C605.14 ATR=12.48 SL=603.89/603.27 rawVol=123558 volSMA=63945 buf=0.624 prices=604.06
2025-11-25T12:25:00.000-05:00,[KLB] 12:25 ▲ BRK PM H vol=1.7x pos=^94 vwap=above ema=bull rs=-0.2% adx=25 body=93% O606.2 H607.27 L606.19 C607.2 ATR=12.48 SL=605.95/605.33 rawVol=96875 volSMA=58650 buf=0.624 prices=606.37
2025-11-25T12:25:00.000-05:00,[KLB] CONF 12:25 ▲ BRK → ✓ (auto-promote)
2025-11-25T12:25:00.000-05:00,[KLB] 12:25 ▲ ◆ ◆¹ PM H 1.3x ^21 vol= pos= vwap=above ema=bull rs=-0.2% adx=25 body=93% O606.2 H607.27 L606.19 C607.2 ATR=12.48 SL=605.95/605.33 rawVol=96875 volSMA=58650 buf=0.624 prices=
2025-11-25T12:30:00.000-05:00,[KLB] 5m CHECK 12:30 ▲ pnl=-0.04 → BAIL
2025-11-25T14:35:00.000-05:00,[KLB] CONF 14:35 ▲ BRK → ✗ (failed)
2025-11-26T10:00:00.000-05:00,[KLB] 10:00 ▼ ~ ~ PM H vol=2.2x pos=v85 vwap=below ema=bull rs=-0.2% adx=21 body=85% O612.71 H612.72 L610.9 C611.17 ATR=12.51 SL=612.42/613.05 rawVol=119105 volSMA=55327 buf=0.626 prices=612.68
2025-11-26T13:15:00.000-05:00,[KLB] 13:15 ▲ ~ ~ VWAP vol=1.2x pos=^78 vwap=above ema=bull rs=-0.1% adx=21 body=47% O614.66 H615.29 L614.37 C615.09 ATR=12.51 SL=613.84/613.21 rawVol=59247 volSMA=49082 buf=0.626 prices=
2025-11-28T09:40:00.000-05:00,[KLB] 9:40 ▼ ~ ~ PM H + ~ ORB H vol=5.1x pos=v89 vwap=below ema=bear rs=+0% adx=32 body=45% O617.01 H617.56 L616.31 C616.45 ATR=12.14 SL=617.66/618.27 rawVol=62209 volSMA=12178 buf=0.607 prices=617.6/617
2025-11-28T09:50:00.000-05:00,[KLB] 9:50 ▲ ~ ~ PM L + ~ ORB L vol=2.5x pos=^98 vwap=above ema=bear rs=+0% adx=29 body=72% O615.99 H616.9 L615.67 C616.88 ATR=12.14 SL=615.67/615.06 rawVol=45329 volSMA=18017 buf=0.607 prices=615.42/615.95
2025-11-28T09:50:00.000-05:00,[KLB] 5m CHECK 9:50 ▼ pnl=-0.07 → BAIL
2025-11-28T10:00:00.000-05:00,[KLB] 10:00 ▼ ~ ~ ORB H vol=2.2x pos=v79 vwap=below ema=bear rs=0% adx=26 body=54% O616.68 H616.85 L616.17 C616.31 ATR=12.14 SL=617.52/618.13 rawVol=30986 volSMA=21781 buf=0.607 prices=617
2025-12-01T09:40:00.000-05:00,[KLB] 9:40 ▼ ~ ~ ORB H vol=3.9x pos=v100 vwap=below ema=bear rs=-0.1% adx=26 body=65% O614.69 H615.18 L613.79 C613.79 ATR=11.63 SL=614.95/615.53 rawVol=96080 volSMA=24632 buf=0.582 prices=614.66
2025-12-01T09:50:00.000-05:00,[KLB] 9:50 ▲ ~ ~ ORB L vol=3.1x pos=^63 vwap=above ema=bear rs=0% adx=24 body=51% O613.47 H615.43 L613.2 C614.61 ATR=11.63 SL=613.45/612.87 rawVol=103041 volSMA=32921 buf=0.582 prices=613.13
2025-12-01T09:50:00.000-05:00,[KLB] 5m CHECK 9:50 ▼ pnl=-0.1 → BAIL
2025-12-01T09:55:00.000-05:00,[KLB] 9:55 ▲ ~ ~ VWAP vol=2.9x pos=^98 vwap=above ema=bear rs=+0% adx=24 body=95% O614.6 H615.85 L614.55 C615.83 ATR=11.63 SL=614.67/614.09 rawVol=61240 volSMA=35690 buf=0.582 prices=
2025-12-01T10:00:00.000-05:00,[KLB] 10:00 ▲ ~ ~ Yest L vol=2.2x pos=^66 vwap=above ema=bear rs=+0% adx=25 body=42% O615.85 H616.63 L615.6 C616.28 ATR=11.63 SL=615.12/614.54 rawVol=89189 volSMA=39859 buf=0.582 prices=615.42
2025-12-01T10:10:00.000-05:00,[KLB] 10:10 ▲ ~ ~ Yest L vol=1.8x pos=^76 vwap=above ema=bull rs=+0.1% adx=26 body=46% O615.83 H616.59 L615.5 C616.33 ATR=11.63 SL=615.17/614.59 rawVol=81637 volSMA=45973 buf=0.582 prices=615.42
2025-12-01T10:55:00.000-05:00,[KLB] 10:55 ▲ ~ ~ Yest L vol=1x pos=^91 vwap=above ema=bull rs=+0.2% adx=21 body=91% O615.68 H617.51 L615.68 C617.35 ATR=11.63 SL=616.19/615.61 rawVol=66073 volSMA=65311 buf=0.582 prices=615.42
2025-12-02T10:05:00.000-05:00,[KLB] 10:05 ▲ ~ ~ VWAP vol=2.6x pos=^76 vwap=above ema=bull rs=+0.4% adx=29 body=72% O622.02 H623.15 L621.97 C622.87 ATR=11.3 SL=621.74/621.18 rawVol=94227 volSMA=35904 buf=0.565 prices=
2025-12-02T11:25:00.000-05:00,"[KLB] 11:25 ▼ ~ ~ PM H + ~ Week H + ~ ORB H
~ VWAP vol=1.5x pos=v96 vwap=below ema=bull rs=+0.2% adx=24 body=81% O620.38 H620.67 L618.65 C618.74 ATR=11.3 SL=619.87/620.43 rawVol=82785 volSMA=71227 buf=0.565 prices=620.16/619.32/620.3"
2025-12-02T11:45:00.000-05:00,[KLB] 11:45 ▼ ~ ~ PM H + ~ ORB H vol=0.7x pos=v100 vwap=below ema=bull rs=+0.2% adx=27 body=42% O619.74 H620.23 L619.39 C619.39 ATR=11.3 SL=620.52/621.08 rawVol=50632 volSMA=76460 buf=0.565 prices=620.16/620.3
2025-12-03T10:05:00.000-05:00,[KLB] 10:05 ▲ ~ ~ VWAP vol=1.4x pos=^98 vwap=above ema=bear rs=+0.1% adx=31 body=89% O619.67 H621.5 L619.49 C621.45 ATR=10.96 SL=620.35/619.81 rawVol=101688 volSMA=74920 buf=0.548 prices=
2025-12-04T09:35:00.000-05:00,"[KLB] 9:35 ▼ ~ ~ Yest H
~ VWAP vol=11.9x pos=v95 vwap=below ema=bull rs=-0.4% adx=27 body=95% O624.93 H624.93 L621.28 C621.45 ATR=10.62 SL=622.51/623.04 rawVol=315930 volSMA=26590 buf=0.531 prices=624.22"
2025-12-04T09:55:00.000-05:00,[KLB] 5m CHECK 9:55 ▼ pnl=0 → BAIL
2025-12-04T10:40:00.000-05:00,[KLB] 10:40 ▲ ~ ~ PM L vol=0.6x pos=^90 vwap=above ema=bear rs=-0.2% adx=31 body=84% O622.15 H623 L622.09 C622.91 ATR=10.62 SL=621.85/621.32 rawVol=54686 volSMA=89402 buf=0.531 prices=622.56
2025-12-04T11:50:00.000-05:00,[KLB] 11:50 ▲ ~ ~ ORB L vol=0.8x pos=^97 vwap=above ema=bear rs=-0.2% adx=26 body=91% O621.6 H622.7 L621.53 C622.66 ATR=10.62 SL=621.6/621.07 rawVol=46912 volSMA=62188 buf=0.531 prices=621.28
2025-12-04T11:55:00.000-05:00,[KLB] 11:55 ▲ ~ ~ PM L vol=0.9x pos=^74 vwap=above ema=bear rs=-0.2% adx=25 body=47% O622.67 H623.09 L622.51 C622.94 ATR=10.62 SL=621.88/621.35 rawVol=57319 volSMA=61765 buf=0.531 prices=622.56
2025-12-04T12:00:00.000-05:00,"[KLB] 12:00 ▲ ~ ~ PM L
~ VWAP vol=1.1x pos=^71 vwap=above ema=bear rs=-0.1% adx=24 body=50% O622.94 H623.43 L622.81 C623.25 ATR=10.62 SL=622.19/621.66 rawVol=64675 volSMA=60913 buf=0.531 prices=622.56"
2025-12-04T12:15:00.000-05:00,[KLB] 12:15 ▲ ~ ~ PM L vol=0.9x pos=^99 vwap=above ema=bear rs=-0.1% adx=20 body=49% O622.62 H623.01 L622.23 C623 ATR=10.62 SL=621.94/621.41 rawVol=48449 volSMA=55338 buf=0.531 prices=622.56
2025-12-05T09:35:00.000-05:00,[KLB] 9:35 ▲ ~ ~ VWAP vol=11.2x pos=^82 vwap=above ema=bear rs=+0.2% adx=35 body=82% O624.36 H626.67 L624.35 C626.26 ATR=10.25 SL=625.24/624.72 rawVol=232932 volSMA=20854 buf=0.512 prices=
2025-12-05T09:45:00.000-05:00,[KLB] 9:45 ▼ ~ ~ PM H vol=4x pos=v51 vwap=below ema=bear rs=+0% adx=34 body=39% O625.64 H625.84 L624.24 C625.02 ATR=10.25 SL=626.04/626.56 rawVol=134924 volSMA=33597 buf=0.512 prices=625.73
2025-12-05T09:50:00.000-05:00,[KLB] 5m CHECK 9:50 ▼ pnl=-0.11 → BAIL
2025-12-05T09:55:00.000-05:00,[KLB] 9:55 ▲ BRK PM H + ORB H vol=3x pos=^85 vwap=above ema=bull rs=+0.2% adx=33 body=64% O626.2 H627.37 L625.89 C627.15 ATR=10.25 SL=626.13/625.61 rawVol=129590 volSMA=43741 buf=0.512 prices=625.73/626.67
2025-12-05T09:55:00.000-05:00,[KLB] 9:55 ▲ ◆ ◆¹ ORB H 2.5x ^72 vol= pos= vwap=above ema=bull rs=+0.2% adx=33 body=64% O626.2 H627.37 L625.89 C627.15 ATR=10.25 SL=626.13/625.61 rawVol=129590 volSMA=43741 buf=0.512 prices=
2025-12-05T10:55:00.000-05:00,[KLB] CONF 10:55 ▲ BRK → ✗ (failed)
2025-12-05T11:00:00.000-05:00,[KLB] 11:00 ▼ ~~ ~~ ORB H vol=1.5x pos=v48 vwap=below ema=bull rs=+0.1% adx=31 body=47% O626.5 H626.51 L625.29 C625.93 ATR=10.25 SL=626.95/627.47 rawVol=143910 volSMA=99020 buf=0.512 prices=626.67
2025-12-05T11:15:00.000-05:00,"[KLB] 11:15 ▼ ~~ ~~ PM H
~ VWAP vol=0.5x pos=v99 vwap=below ema=bull rs=+0% adx=29 body=73% O625.62 H625.81 L625.06 C625.07 ATR=10.25 SL=626.09/626.61 rawVol=43099 volSMA=93980 buf=0.512 prices=625.73"
2025-12-05T11:20:00.000-05:00,[KLB] 11:20 ▼ ~ ~ Yest H vol=1.3x pos=v59 vwap=below ema=bull rs=0% adx=30 body=46% O625.05 H625.13 L624.5 C624.76 ATR=10.25 SL=625.78/626.3 rawVol=123745 volSMA=94015 buf=0.512 prices=624.94
2025-12-05T11:30:00.000-05:00,[KLB] 11:30 ▼ ~~ ~~ PM H + ~ Yest H vol=0.4x pos=v91 vwap=below ema=bull rs=+0% adx=28 body=39% O625.28 H625.88 L624.74 C624.84 ATR=10.25 SL=625.86/626.38 rawVol=36118 volSMA=88451 buf=0.512 prices=625.73/624.94
2025-12-05T12:05:00.000-05:00,[KLB] 12:05 ▼ ~~ ~~ PM H vol=0.9x pos=v57 vwap=below ema=bull rs=+0.1% adx=24 body=30% O625.58 H625.8 L624.98 C625.33 ATR=10.25 SL=626.35/626.87 rawVol=66358 volSMA=70402 buf=0.512 prices=625.73
2025-12-05T12:15:00.000-05:00,[KLB] 12:15 ▼ ~~ ~~ Yest H vol=0.6x pos=v87 vwap=below ema=bear rs=+0.1% adx=22 body=86% O625.41 H625.42 L624.71 C624.8 ATR=10.25 SL=625.82/626.34 rawVol=42037 volSMA=66637 buf=0.512 prices=624.94
2025-12-08T09:40:00.000-05:00,[KLB] 9:40 ▼ ~ ~ PM H vol=4.7x pos=v97 vwap=below ema=bull rs=+0.2% adx=29 body=88% O628.11 H628.18 L627.44 C627.46 ATR=9.94 SL=628.45/628.95 rawVol=115574 volSMA=24593 buf=0.497 prices=628.19
2025-12-08T09:50:00.000-05:00,[KLB] 9:50 ▼ ~ ~ VWAP vol=2.8x pos=v56 vwap=below ema=bull rs=+0% adx=27 body=55% O627.53 H627.56 L625.5 C626.4 ATR=9.94 SL=627.39/627.89 rawVol=93988 volSMA=33971 buf=0.497 prices=
2025-12-08T10:25:00.000-05:00,[KLB] 10:25 ▼ BRK PM L vol=2x pos=v84 vwap=below ema=bear rs=-0.1% adx=29 body=76% O625.74 H625.81 L624.93 C625.07 ATR=9.94 SL=626.06/626.56 rawVol=100363 volSMA=49927 buf=0.497 prices=626.2
2025-12-08T10:25:00.000-05:00,[KLB] 10:25 ▼ ~ ~ Yest H vol=2x pos=v84 vwap=below ema=bear rs=-0.1% adx=29 body=76% O625.74 H625.81 L624.93 C625.07 ATR=9.94 SL=626.06/626.56 rawVol=100363 volSMA=49927 buf=0.497 prices=628.92
2025-12-08T10:40:00.000-05:00,[KLB] 10:40 ▼ ~ ~ Yest H vol=0.6x pos=v89 vwap=below ema=bear rs=-0.1% adx=33 body=62% O625.38 H625.51 L625.04 C625.09 ATR=9.94 SL=626.08/626.58 rawVol=32872 volSMA=59391 buf=0.497 prices=628.92
2025-12-09T09:35:00.000-05:00,[KLB] 9:35 ▼ BRK PM L vol=11.5x pos=v74 vwap=below ema=bear rs=-0.2% adx=46 body=47% O623.01 H623.52 L621.62 C622.11 ATR=9.74 SL=623.08/623.57 rawVol=155636 volSMA=13584 buf=0.487 prices=622.36
2025-12-09T09:35:00.000-05:00,[KLB] 9:35 ▼ ~ ~ VWAP vol=11.5x pos=v74 vwap=below ema=bear rs=-0.2% adx=46 body=47% O623.01 H623.52 L621.62 C622.11 ATR=9.74 SL=623.08/623.57 rawVol=155636 volSMA=13584 buf=0.487 prices=
2025-12-09T09:40:00.000-05:00,[KLB] 9:40 ▲ ~ ~ PM L vol=5.4x pos=^93 vwap=above ema=bear rs=0% adx=46 body=86% O622.13 H623.7 L622.01 C623.58 ATR=9.74 SL=622.61/622.12 rawVol=99901 volSMA=18543 buf=0.487 prices=622.36
2025-12-09T09:40:00.000-05:00,[KLB] CONF 9:40 ▼ BRK → ✗ (failed)
2025-12-09T09:55:00.000-05:00,[KLB] 9:55 ▼ ~ ~ ORB H vol=1.9x pos=v67 vwap=below ema=bear rs=-0.2% adx=50 body=32% O623.13 H623.39 L622.64 C622.89 ATR=9.74 SL=623.86/624.35 rawVol=57006 volSMA=29401 buf=0.487 prices=623.52
2025-12-09T10:00:00.000-05:00,[KLB] 10:00 ▲ ~~ ~~ PM L vol=1.5x pos=^90 vwap=above ema=bear rs=-0.1% adx=51 body=53% O622.92 H623.41 L622.63 C623.33 ATR=9.74 SL=622.36/621.87 rawVol=46436 volSMA=31210 buf=0.487 prices=622.36
2025-12-09T10:45:00.000-05:00,"[KLB] 10:45 ▲ ~ ~ Yest L
~ VWAP vol=1.1x pos=^99 vwap=above ema=bear rs=+0.1% adx=34 body=81% O623.9 H624.55 L623.76 C624.54 ATR=9.74 SL=623.57/623.08 rawVol=48996 volSMA=46260 buf=0.487 prices=621.69"
2025-12-09T10:55:00.000-05:00,[KLB] 10:55 ▲ ~ ~ Yest L vol=0.7x pos=^79 vwap=above ema=bull rs=+0.1% adx=30 body=64% O623.9 H624.51 L623.79 C624.36 ATR=9.74 SL=623.39/622.9 rawVol=36757 volSMA=51351 buf=0.487 prices=621.69
2025-12-10T10:20:00.000-05:00,[KLB] 10:20 ▲ ~ ~ PM L + ~ ORB L vol=1.2x pos=^82 vwap=above ema=bear rs=-0.1% adx=25 body=68% O623.28 H623.99 L623.17 C623.84 ATR=9.39 SL=622.9/622.43 rawVol=36435 volSMA=30723 buf=0.47 prices=623.16/622.93
2025-12-10T10:40:00.000-05:00,[KLB] 10:40 ▼ BRK PM L + ORB L vol=1.7x pos=v61 vwap=below ema=bear rs=-0.2% adx=26 body=57% O622.92 H622.96 L622 C622.37 ATR=9.39 SL=623.31/623.78 rawVol=63800 volSMA=38222 buf=0.47 prices=623.16/622.93
2025-12-10T10:40:00.000-05:00,[KLB] 10:40 ▼ ~ ~ VWAP vol=1.7x pos=v61 vwap=below ema=bear rs=-0.2% adx=26 body=57% O622.92 H622.96 L622 C622.37 ATR=9.39 SL=623.31/623.78 rawVol=63800 volSMA=38222 buf=0.47 prices=
2025-12-10T10:40:00.000-05:00,[KLB] 10:40 ▼ ◆ ◆¹ ORB L 1.2x v46 vol= pos= vwap=below ema=bear rs=-0.2% adx=26 body=57% O622.92 H622.96 L622 C622.37 ATR=9.39 SL=623.31/623.78 rawVol=63800 volSMA=38222 buf=0.47 prices=
2025-12-10T10:45:00.000-05:00,[KLB] CONF 10:45 ▼ BRK → ✗ (failed)
2025-12-10T11:20:00.000-05:00,[KLB] 11:20 ▲ ~~ ~~ PM L + ~ Yest L + ~~ ORB L vol=1.3x pos=^93 vwap=above ema=bear rs=-0.2% adx=28 body=77% O622.96 H623.64 L622.83 C623.58 ATR=9.39 SL=622.64/622.17 rawVol=54810 volSMA=43608 buf=0.47 prices=623.16/621/622.93
2025-12-10T11:30:00.000-05:00,[KLB] 11:30 ▲ ~~ ~~ PM L vol=1.1x pos=^85 vwap=above ema=bear rs=-0.2% adx=24 body=37% O623.62 H623.93 L623.34 C623.84 ATR=9.39 SL=622.9/622.43 rawVol=47413 volSMA=43089 buf=0.47 prices=623.16
2025-12-10T14:35:00.000-05:00,[KLB] 14:35 ▲ BRK PM H + Yest H vol=3.2x pos=^86 vwap=above ema=bull rs=-0.1% adx=21 body=71% O624.4 H626.54 L624.03 C626.18 ATR=9.39 SL=625.24/624.77 rawVol=196096 volSMA=61692 buf=0.47 prices=625.88/625.87
2025-12-10T14:35:00.000-05:00,[KLB] 14:35 ▲ ~ ~ VWAP vol=3.2x pos=^86 vwap=above ema=bull rs=-0.1% adx=21 body=71% O624.4 H626.54 L624.03 C626.18 ATR=9.39 SL=625.24/624.77 rawVol=196096 volSMA=61692 buf=0.47 prices=
2025-12-10T14:35:00.000-05:00,"[KLB] 14:35 ▲ ◆ ◆¹ PM H 3.2x ^48
◆¹ Yest H 3.2x ^48 vol= pos= vwap=above ema=bull rs=-0.1% adx=21 body=71% O624.4 H626.54 L624.03 C626.18 ATR=9.39 SL=625.24/624.77 rawVol=196096 volSMA=61692 buf=0.47 prices="
2025-12-10T14:40:00.000-05:00,[KLB] CONF 14:40 ▲ BRK → ✗ (failed)
2025-12-10T14:55:00.000-05:00,[KLB] 14:55 ▲ BRK PM H + Yest H vol=2x pos=^81 vwap=above ema=bull rs=-0.1% adx=20 body=72% O625.26 H627.67 L625.01 C627.17 ATR=9.39 SL=626.23/625.76 rawVol=189774 volSMA=96360 buf=0.47 prices=625.88/625.87
2025-12-11T09:35:00.000-05:00,[KLB] 9:35 ▼ ~ ~ VWAP vol=10.9x pos=v89 vwap=below ema=bear rs=-0.2% adx=23 body=82% O623.84 H623.97 L621.93 C622.16 ATR=9.31 SL=623.09/623.56 rawVol=234125 volSMA=21523 buf=0.465 prices=
2025-12-11T09:50:00.000-05:00,[KLB] 9:50 ▼ BRK Yest L + ORB L vol=3.8x pos=v93 vwap=below ema=bear rs=-0.4% adx=29 body=87% O622.38 H622.54 L619.96 C620.14 ATR=9.31 SL=621.07/621.54 rawVol=164978 volSMA=43123 buf=0.465 prices=620.99/621.93
2025-12-11T10:00:00.000-05:00,[KLB] 10:00 ▼ BRK PM L vol=2.6x pos=v84 vwap=below ema=bear rs=-0.5% adx=35 body=32% O618.7 H619.46 L617.98 C618.22 ATR=9.31 SL=619.15/619.62 rawVol=144473 volSMA=57483 buf=0.465 prices=618.85
2025-12-11T10:00:00.000-05:00,[KLB] CONF 10:00 ▼ BRK → ✓ (auto-promote)
2025-12-11T10:05:00.000-05:00,[KLB] 5m CHECK 10:05 ▼ pnl=-0.11 → BAIL
2025-12-11T10:05:00.000-05:00,[KLB] CONF 10:05 ▼ BRK → ✗ (failed)
2025-12-11T10:25:00.000-05:00,"[KLB] 10:25 ▲ ~~ ~~ ORB L
~ VWAP vol=1.4x pos=^94 vwap=above ema=bear rs=-0.3% adx=33 body=87% O622.13 H623.45 L622.03 C623.37 ATR=9.31 SL=622.44/621.97 rawVol=130411 volSMA=95263 buf=0.465 prices=621.93"
2025-12-11T14:05:00.000-05:00,[KLB] 14:05 ▲ ~~ ~~ Yest L vol=0.7x pos=^76 vwap=above ema=bull rs=-0.4% adx=21 body=72% O623.73 H624.44 L623.7 C624.26 ATR=9.31 SL=623.33/622.86 rawVol=22877 volSMA=34583 buf=0.465 prices=620.99
2025-12-12T09:45:00.000-05:00,[KLB] 9:45 ▼ ~ ~ ORB H vol=3.7x pos=v86 vwap=below ema=bear rs=+0% adx=25 body=80% O623.28 H623.39 L621.73 C621.96 ATR=9.35 SL=622.9/623.36 rawVol=120594 volSMA=32209 buf=0.468 prices=622.72
2025-12-12T09:50:00.000-05:00,[KLB] 9:50 ▼ BRK ORB L vol=4.6x pos=v98 vwap=below ema=bear rs=-0.1% adx=25 body=78% O621.92 H622.21 L620.74 C620.77 ATR=9.35 SL=621.71/622.17 rawVol=189768 volSMA=41588 buf=0.468 prices=621.3
2025-12-12T09:50:00.000-05:00,[KLB] 9:50 ▼ ~ ~ VWAP vol=4.6x pos=v98 vwap=below ema=bear rs=-0.1% adx=25 body=78% O621.92 H622.21 L620.74 C620.77 ATR=9.35 SL=621.71/622.17 rawVol=189768 volSMA=41588 buf=0.468 prices=
2025-12-12T09:55:00.000-05:00,[KLB] 5m CHECK 9:55 ▼ pnl=-0.14 → BAIL
2025-12-12T09:55:00.000-05:00,[KLB] CONF 9:55 ▼ BRK → ✗ (failed)
2025-12-12T10:05:00.000-05:00,[KLB] 10:05 ▼ BRK ORB L vol=1.9x pos=v94 vwap=below ema=bear rs=-0.1% adx=28 body=90% O621.97 H622.05 L620.12 C620.24 ATR=9.35 SL=621.18/621.64 rawVol=113390 volSMA=60355 buf=0.468 prices=621.3
2025-12-12T10:30:00.000-05:00,[KLB] 10:30 ▼ BRK Yest L vol=1.9x pos=v92 vwap=below ema=bear rs=-0.3% adx=40 body=83% O617.68 H617.83 L616.16 C616.29 ATR=9.35 SL=617.23/617.69 rawVol=163938 volSMA=87719 buf=0.468 prices=617.72
2025-12-12T10:30:00.000-05:00,[KLB] CONF 10:30 ▼ BRK → ✓ (auto-promote)
2025-12-12T10:30:00.000-05:00,[KLB] 10:30 ▼ ◆ ◆¹ Yest L 2.1x v32 vol= pos= vwap=below ema=bear rs=-0.3% adx=40 body=83% O617.68 H617.83 L616.16 C616.29 ATR=9.35 SL=617.23/617.69 rawVol=163938 volSMA=87719 buf=0.468 prices=
2025-12-12T10:35:00.000-05:00,[KLB] 5m CHECK 10:35 ▼ pnl=-0.07 → BAIL
2025-12-12T15:40:00.000-05:00,[KLB] 15:40 ▼ BRK Week L vol=1.9x pos=v81 vwap=below ema=bear rs=-0.4% adx=20 body=73% O613.31 H613.42 L612.03 C612.29 ATR=9.35 SL=613.23/613.69 rawVol=110894 volSMA=58349 buf=0.468 prices=612.52
2025-12-12T15:40:00.000-05:00,[KLB] CONF 15:40 ▼ BRK → ✓ (auto-promote)
2025-12-12T15:45:00.000-05:00,[KLB] 5m CHECK 15:45 ▼ pnl=-0.07 → BAIL
2025-12-12T15:45:00.000-05:00,[KLB] CONF 15:45 ▼ BRK → ✗ (failed)
2025-12-15T09:30:00.000-05:00,[KLB] 9:30 ▲ ~ ~ VWAP vol=2.5x pos=^100 vwap=above ema=bull rs=+0.6% adx=35 body=73% O617.75 H618.36 L617.53 C618.36 ATR=9.7 SL=617.39/616.91 rawVol=24977 volSMA=9886 buf=0.485 prices=
2025-12-15T09:35:00.000-05:00,[KLB] 9:35 ▼ ~ ~ PM H vol=10.5x pos=v100 vwap=below ema=bull rs=-0.1% adx=34 body=99% O618.4 H618.42 L616.15 C616.16 ATR=9.7 SL=617.13/617.61 rawVol=215912 volSMA=20597 buf=0.485 prices=618.36
2025-12-15T09:40:00.000-05:00,[KLB] 9:40 ▼ ~ ~ VWAP vol=8.5x pos=v100 vwap=below ema=bull rs=-0.1% adx=34 body=33% O616.22 H617.45 L615.62 C615.62 ATR=9.7 SL=616.59/617.07 rawVol=96838 volSMA=25305 buf=0.485 prices=
2025-12-15T09:45:00.000-05:00,[KLB] 5m CHECK 9:45 ▼ pnl=0.02 → BAIL
2025-12-15T10:00:00.000-05:00,[KLB] 10:00 ▼ BRK PM L vol=2.2x pos=v76 vwap=below ema=bear rs=-0.2% adx=38 body=66% O614.74 H614.87 L613.65 C613.94 ATR=9.7 SL=614.91/615.39 rawVol=102517 volSMA=47233 buf=0.485 prices=614.65
2025-12-15T11:20:00.000-05:00,[KLB] 11:20 ▲ ~ ~ Yest L vol=1.2x pos=^100 vwap=above ema=bear rs=-0.2% adx=38 body=98% O612.23 H614.3 L612.2 C614.29 ATR=9.7 SL=613.32/612.84 rawVol=100856 volSMA=87696 buf=0.485 prices=611.36
2025-12-15T11:20:00.000-05:00,[KLB] 11:20 ▼ ◆ ◆¹⁷ PM L 0.8x v33 vol= pos= vwap=above ema=bear rs=-0.2% adx=38 body=98% O612.23 H614.3 L612.2 C614.29 ATR=9.7 SL=615.26/615.74 rawVol=100856 volSMA=87696 buf=0.485 prices=
2025-12-16T13:30:00.000-05:00,[KLB] 13:30 ▼ ~ ~ VWAP vol=0.7x pos=v81 vwap=below ema=bear rs=+0.4% adx=23 body=55% O608.13 H608.36 L607.47 C607.64 ATR=9.66 SL=608.61/609.09 rawVol=40549 volSMA=56397 buf=0.483 prices=
2025-12-16T13:45:00.000-05:00,[KLB] 13:45 ▲ ~ ~ VWAP vol=1.4x pos=^87 vwap=above ema=bear rs=+0.5% adx=20 body=85% O609.59 H610.42 L609.57 C610.31 ATR=9.66 SL=609.34/608.86 rawVol=40328 volSMA=58444 buf=0.483 prices=
2025-12-16T13:50:00.000-05:00,[KLB] 13:50 ▲ ~ ~ Yest L vol=1.3x pos=^72 vwap=above ema=bear rs=+0.6% adx=21 body=48% O610.38 H610.9 L610.21 C610.71 ATR=9.66 SL=609.74/609.26 rawVol=77234 volSMA=58711 buf=0.483 prices=609.32
2025-12-16T15:25:00.000-05:00,[KLB] 15:25 ▲ ~ ~ Week L vol=1x pos=^96 vwap=above ema=bull rs=+0.6% adx=24 body=84% O611.16 H611.86 L611.06 C611.83 ATR=9.66 SL=610.86/610.38 rawVol=55596 volSMA=54754 buf=0.483 prices=611.36
2025-12-16T15:35:00.000-05:00,[KLB] 15:35 ▲ BRK PM H vol=1.7x pos=^75 vwap=above ema=bull rs=+0.6% adx=27 body=75% O611.77 H612.58 L611.77 C612.38 ATR=9.66 SL=611.41/610.93 rawVol=92413 volSMA=54547 buf=0.483 prices=611.83
2025-12-16T15:55:00.000-05:00,[KLB] 15:55 ▲ ◆ ◆⁵ PM H 5.4x ^0 vol= pos= vwap=above ema=bull rs=+0.7% adx=34 body=18% O612.81 H613.51 L612.5 C612.99 ATR=9.66 SL=612.02/611.54 rawVol=159597 volSMA=63011 buf=0.483 prices=
2025-12-17T09:40:00.000-05:00,[KLB] 9:40 ▼ BRK PM L + Week L + ORB L vol=5.8x pos=v87 vwap=below ema=bear rs=-0.2% adx=28 body=83% O612.58 H612.65 L610.86 C611.09 ATR=9.44 SL=612.03/612.51 rawVol=183200 volSMA=33087 buf=0.472 prices=612.15/611.36/612.41
2025-12-17T09:40:00.000-05:00,"[KLB] 9:40 ▼ ~ ~ Yest H
~ VWAP vol=5.8x pos=v87 vwap=below ema=bear rs=-0.2% adx=28 body=83% O612.58 H612.65 L610.86 C611.09 ATR=9.44 SL=612.03/612.51 rawVol=183200 volSMA=33087 buf=0.472 prices=613.51"
2025-12-17T09:40:00.000-05:00,[KLB] 9:40 ▼ ◆ ◆¹ Week L 4.5x v60 vol= pos= vwap=below ema=bear rs=-0.2% adx=28 body=83% O612.58 H612.65 L610.86 C611.09 ATR=9.44 SL=612.03/612.51 rawVol=183200 volSMA=33087 buf=0.472 prices=
2025-12-17T09:45:00.000-05:00,[KLB] 5m CHECK 9:45 ▼ pnl=0.05 → HOLD
2025-12-18T09:30:00.000-05:00,[KLB] 9:30 ▲ ~ ~ VWAP vol=0.7x pos=^84 vwap=above ema=bull rs=+0.9% adx=41 body=45% O609.45 H609.9 L609.17 C609.78 ATR=9.72 SL=608.81/608.32 rawVol=15207 volSMA=22405 buf=0.486 prices=
2025-12-18T09:40:00.000-05:00,[KLB] 9:40 ▼ ~ ~ PM H vol=7.7x pos=v71 vwap=below ema=bull rs=-0.2% adx=42 body=66% O609.52 H609.62 L607.59 C608.18 ATR=9.72 SL=609.15/609.64 rawVol=173527 volSMA=49392 buf=0.486 prices=609.9
2025-12-18T09:50:00.000-05:00,[KLB] 5m CHECK 9:50 ▼ pnl=0.02 → BAIL
2025-12-18T10:00:00.000-05:00,[KLB] 10:00 ▲ ~ ~ ORB L vol=1.7x pos=^77 vwap=above ema=bull rs=-0.1% adx=37 body=35% O609.31 H609.97 L608.82 C609.71 ATR=9.72 SL=608.74/608.25 rawVol=107568 volSMA=73587 buf=0.486 prices=609.28
2025-12-18T10:25:00.000-05:00,[KLB] 10:25 ▲ ~ ~ ORB L vol=0.8x pos=^97 vwap=above ema=bull rs=-0.1% adx=30 body=83% O607.69 H609.89 L607.32 C609.82 ATR=9.72 SL=608.85/608.36 rawVol=66809 volSMA=85206 buf=0.486 prices=609.28
2025-12-18T10:35:00.000-05:00,[KLB] 10:35 ▲ ~ ~ Week L vol=1.4x pos=^99 vwap=above ema=bull rs=+0% adx=30 body=72% O610.82 H611.77 L610.46 C611.76 ATR=9.72 SL=610.79/610.3 rawVol=108980 volSMA=94334 buf=0.486 prices=611.36
2025-12-18T10:40:00.000-05:00,[KLB] 10:40 ▲ ~ ~ Week L vol=1.5x pos=^71 vwap=above ema=bull rs=+0% adx=31 body=36% O611.8 H612.81 L611.24 C612.36 ATR=9.72 SL=611.39/610.9 rawVol=147548 volSMA=100792 buf=0.486 prices=611.36
2025-12-18T11:35:00.000-05:00,[KLB] 11:35 ▲ ~ ~ Week L vol=0.4x pos=^79 vwap=above ema=bull rs=+0% adx=34 body=69% O611.58 H612.27 L611.5 C612.11 ATR=9.72 SL=611.14/610.65 rawVol=29119 volSMA=80209 buf=0.486 prices=611.36
2025-12-18T12:10:00.000-05:00,[KLB] 12:10 ▼ ~ ~ PM H + ~ ORB H vol=1.7x pos=v99 vwap=below ema=bull rs=+0% adx=31 body=99% O611.46 H611.47 L609.14 C609.16 ATR=9.72 SL=610.13/610.62 rawVol=118893 volSMA=68875 buf=0.486 prices=609.9/610.94
2025-12-18T12:15:00.000-05:00,[KLB] 12:15 ▼ ~ ~ VWAP vol=1.8x pos=v65 vwap=below ema=bull rs=0% adx=31 body=39% O609.11 H609.43 L608.22 C608.64 ATR=9.72 SL=609.61/610.1 rawVol=121807 volSMA=69517 buf=0.486 prices=
2025-12-18T12:35:00.000-05:00,[KLB] 12:35 ▲ ~ ~ ORB L vol=1.1x pos=^96 vwap=above ema=bull rs=+0.1% adx=31 body=77% O608.58 H609.86 L608.27 C609.8 ATR=9.72 SL=608.83/608.34 rawVol=68299 volSMA=64938 buf=0.486 prices=609.28
2025-12-18T12:40:00.000-05:00,[KLB] 12:40 ▲ ~ ~ ORB L vol=1.1x pos=^96 vwap=above ema=bull rs=+0.1% adx=29 body=48% O609.81 H610.24 L609.4 C610.21 ATR=9.72 SL=609.24/608.75 rawVol=48672 volSMA=64396 buf=0.486 prices=609.28
2025-12-18T13:25:00.000-05:00,[KLB] 13:25 ▲ ~ ~ Week L vol=0.4x pos=^96 vwap=above ema=bull rs=+0.2% adx=20 body=65% O611.68 H612.05 L611.51 C612.03 ATR=9.72 SL=611.06/610.57 rawVol=27522 volSMA=62674 buf=0.486 prices=611.36
2025-12-18T14:25:00.000-05:00,[KLB] 14:25 ▼ ~ ~ PM H vol=0.7x pos=v86 vwap=below ema=bull rs=+0.1% adx=21 body=31% O609.71 H610.03 L609.45 C609.53 ATR=9.72 SL=610.5/610.99 rawVol=26533 volSMA=41547 buf=0.486 prices=609.9
2025-12-18T14:35:00.000-05:00,[KLB] 14:35 ▼ ~ ~ PM H vol=1.1x pos=v100 vwap=below ema=bull rs=+0% adx=22 body=85% O609.74 H609.89 L608.87 C608.87 ATR=9.72 SL=609.84/610.33 rawVol=40992 volSMA=38632 buf=0.486 prices=609.9
2025-12-18T14:55:00.000-05:00,[KLB] 14:55 ▼ BRK ORB L vol=1.7x pos=v86 vwap=below ema=bear rs=+0% adx=24 body=60% O609.52 H609.83 L608.62 C608.79 ATR=9.72 SL=609.76/610.25 rawVol=63207 volSMA=37550 buf=0.486 prices=609.28
2025-12-18T14:55:00.000-05:00,[KLB] 14:55 ▼ ~ ~ PM H vol=1.7x pos=v86 vwap=below ema=bear rs=+0% adx=24 body=60% O609.52 H609.83 L608.62 C608.79 ATR=9.72 SL=609.76/610.25 rawVol=63207 volSMA=37550 buf=0.486 prices=609.9
2025-12-18T15:00:00.000-05:00,[KLB] 15:00 ▼ ◆ ◆² ORB L 1.5x v1 vol= pos= vwap=below ema=bear rs=0% adx=25 body=64% O608.78 H608.78 L607.75 C608.12 ATR=9.72 SL=609.09/609.58 rawVol=112178 volSMA=41835 buf=0.486 prices=
2025-12-18T15:10:00.000-05:00,[KLB] CONF 15:10 ▼ BRK → ✗ (failed)
2025-12-18T15:15:00.000-05:00,[KLB] 15:15 ▲ ~~ ~~ ORB L vol=1.1x pos=^94 vwap=above ema=bear rs=+0.1% adx=23 body=89% O609.31 H610.06 L609.27 C610.01 ATR=9.72 SL=609.04/608.55 rawVol=48954 volSMA=43573 buf=0.486 prices=609.28
2025-12-19T09:45:00.000-05:00,[KLB] 9:45 ▲ BRK ORB H vol=5.8x pos=^100 vwap=above ema=bull rs=+0.3% adx=23 body=78% O614.13 H616.36 L613.5 C616.36 ATR=9.92 SL=615.37/614.87 rawVol=252085 volSMA=43189 buf=0.496 prices=614.29
2025-12-19T09:45:00.000-05:00,[KLB] 9:45 ▲ ~ ~ VWAP vol=5.8x pos=^100 vwap=above ema=bull rs=+0.3% adx=23 body=78% O614.13 H616.36 L613.5 C616.36 ATR=9.92 SL=615.37/614.87 rawVol=252085 volSMA=43189 buf=0.496 prices=
2025-12-19T10:25:00.000-05:00,[KLB] 10:25 ▲ ◆ ◆⁹ ORB H 0.9x ^82 vol= pos= vwap=above ema=bull rs=+0.2% adx=33 body=88% O616.13 H616.18 L615.37 C615.42 ATR=9.92 SL=614.43/613.93 rawVol=68967 volSMA=77563 buf=0.496 prices=
2025-12-22T09:35:00.000-05:00,[KLB] 9:35 ▼ ~ ~ PM H vol=14.2x pos=v88 vwap=below ema=bull rs=-0.2% adx=33 body=76% O621.36 H621.64 L619.3 C619.58 ATR=9.82 SL=620.56/621.05 rawVol=305316 volSMA=21456 buf=0.491 prices=621.44
2025-12-22T09:45:00.000-05:00,[KLB] 5m CHECK 9:45 ▼ pnl=0.02 → BAIL
2025-12-22T10:15:00.000-05:00,[KLB] 10:15 ▼ ~ ~ VWAP vol=0.9x pos=v100 vwap=below ema=bull rs=-0.3% adx=30 body=97% O619.64 H619.66 L618.9 C618.9 ATR=9.82 SL=619.88/620.37 rawVol=46078 volSMA=51672 buf=0.491 prices=
2025-12-22T11:15:00.000-05:00,[KLB] 11:15 ▲ ~ ~ ORB L vol=2x pos=^98 vwap=above ema=bear rs=-0.4% adx=32 body=76% O619.26 H619.61 L619.16 C619.6 ATR=9.82 SL=618.62/618.13 rawVol=130213 volSMA=77536 buf=0.491 prices=619.3
2025-12-22T11:20:00.000-05:00,[KLB] 11:20 ▲ ~ ~ ORB L vol=1.7x pos=^71 vwap=above ema=bear rs=-0.4% adx=31 body=47% O619.6 H619.89 L619.51 C619.78 ATR=9.82 SL=618.8/618.31 rawVol=95617 volSMA=77196 buf=0.491 prices=619.3
2025-12-22T11:55:00.000-05:00,[KLB] 11:55 ▲ ~ ~ ORB L vol=0.5x pos=^87 vwap=above ema=bear rs=-0.4% adx=24 body=87% O619.42 H619.65 L619.42 C619.62 ATR=9.82 SL=618.64/618.15 rawVol=39223 volSMA=74105 buf=0.491 prices=619.3
2025-12-22T12:00:00.000-05:00,[KLB] 12:00 ▲ ~ ~ ORB L vol=0.6x pos=^100 vwap=above ema=bear rs=-0.4% adx=22 body=84% O619.59 H619.8 L619.55 C619.8 ATR=9.82 SL=618.82/618.33 rawVol=41570 volSMA=73639 buf=0.491 prices=619.3
2025-12-23T09:35:00.000-05:00,[KLB] 9:35 ▲ ~ ~ Yest L vol=11.5x pos=^69 vwap=above ema=bear rs=+0.1% adx=46 body=62% O618.2 H620.41 L618.05 C619.67 ATR=9.45 SL=618.73/618.25 rawVol=156225 volSMA=13642 buf=0.472 prices=617.77
2025-12-23T09:45:00.000-05:00,[KLB] 5m CHECK 9:45 ▲ pnl=0.04 → BAIL
2025-12-23T09:55:00.000-05:00,[KLB] 9:55 ▼ ~ ~ PM H + ~ ORB H vol=1.3x pos=v93 vwap=below ema=bear rs=0% adx=42 body=71% O620.29 H620.51 L619.51 C619.58 ATR=9.45 SL=620.52/621 rawVol=57110 volSMA=44357 buf=0.472 prices=620.18/620.41
2025-12-23T10:05:00.000-05:00,"[KLB] 10:05 ▼ ~ ~ Week H
~ VWAP vol=1.6x pos=v86 vwap=below ema=bear rs=-0.1% adx=38 body=82% O619.28 H619.35 L617.78 C618 ATR=9.45 SL=618.94/619.42 rawVol=84013 volSMA=52298 buf=0.472 prices=618.42"
2025-12-23T11:45:00.000-05:00,[KLB] 11:45 ▲ ~ ~ VWAP vol=0.9x pos=^89 vwap=above ema=bull rs=+0% adx=22 body=86% O620.41 H620.76 L620.4 C620.72 ATR=9.45 SL=619.78/619.3 rawVol=61793 volSMA=66667 buf=0.472 prices=
2025-12-23T11:55:00.000-05:00,[KLB] 11:55 ▲ BRK ORB H vol=2.1x pos=^84 vwap=above ema=bull rs=+0.1% adx=23 body=78% O620.85 H621.27 L620.82 C621.2 ATR=9.45 SL=620.26/619.78 rawVol=151910 volSMA=71551 buf=0.472 prices=620.41
2025-12-24T09:30:00.000-05:00,[KLB] 9:30 ▼ ~ ~ Yest H vol=4.4x pos=v88 vwap=below ema=bull rs=+0% adx=22 body=73% O622.35 H622.43 L621.92 C621.98 ATR=9.1 SL=622.89/623.35 rawVol=8946 volSMA=2041 buf=0.455 prices=622.41
2025-12-24T09:35:00.000-05:00,[KLB] 9:35 ▲ ~ ~ PM L vol=15.2x pos=^81 vwap=above ema=bull rs=+0% adx=21 body=55% O621.99 H622.78 L621.71 C622.58 ATR=9.1 SL=621.67/621.21 rawVol=126997 volSMA=8370 buf=0.455 prices=621.72
2025-12-24T11:35:00.000-05:00,[KLB] 11:35 ▲ ~ ~ VWAP vol=1.6x pos=^97 vwap=above ema=bull rs=0% adx=24 body=77% O623.37 H623.69 L623.29 C623.68 ATR=9.1 SL=622.77/622.31 rawVol=81708 volSMA=52146 buf=0.455 prices=
2025-12-26T09:45:00.000-05:00,[KLB] 9:45 ▲ BRK ORB H vol=6x pos=^93 vwap=above ema=bull rs=0% adx=22 body=47% O625.13 H625.44 L624.87 C625.4 ATR=8.63 SL=624.54/624.1 rawVol=84035 volSMA=22103 buf=0.432 prices=624.93
2025-12-26T09:45:00.000-05:00,[KLB] 9:45 ▲ ◆ ◆¹ ORB H 3x ^18 vol= pos= vwap=above ema=bull rs=0% adx=22 body=47% O625.13 H625.44 L624.87 C625.4 ATR=8.63 SL=624.54/624.1 rawVol=84035 volSMA=22103 buf=0.432 prices=
2025-12-26T09:50:00.000-05:00,[KLB] 5m CHECK 9:50 ▲ pnl=-0.04 → BAIL
2025-12-26T09:50:00.000-05:00,[KLB] CONF 9:50 ▲ BRK → ✗ (failed)
2025-12-26T09:55:00.000-05:00,[KLB] 9:55 ▼ ~~ ~ PM H + ~~ ORB H vol=2.3x pos=v76 vwap=below ema=bull rs=-0.1% adx=21 body=76% O625.07 H625.07 L624.09 C624.33 ATR=8.63 SL=625.19/625.63 rawVol=63989 volSMA=28464 buf=0.432 prices=625.22/624.93
2025-12-26T10:05:00.000-05:00,[KLB] 10:05 ▼ ~~ ~~ Yest H vol=2.6x pos=v54 vwap=below ema=bull rs=-0.1% adx=23 body=45% O624.22 H624.32 L623.29 C623.76 ATR=8.63 SL=624.62/625.06 rawVol=90982 volSMA=35278 buf=0.432 prices=624.28
2025-12-26T10:15:00.000-05:00,"[KLB] 10:15 ▼ ~~ ~~ Yest H
~ VWAP vol=1.7x pos=v82 vwap=below ema=bull rs=-0.1% adx=27 body=74% O623.9 H623.96 L623.19 C623.33 ATR=8.63 SL=624.19/624.63 rawVol=66191 volSMA=40114 buf=0.432 prices=624.28"
2025-12-26T10:40:00.000-05:00,[KLB] 10:40 ▼ ~~ ~~ ORB H vol=0.5x pos=v92 vwap=below ema=bull rs=-0.1% adx=29 body=67% O624.59 H624.68 L624.32 C624.35 ATR=8.63 SL=625.21/625.65 rawVol=24113 volSMA=47547 buf=0.432 prices=624.93
2025-12-26T11:15:00.000-05:00,[KLB] 11:15 ▼ ~~ ~~ Yest H vol=1.5x pos=v96 vwap=below ema=bull rs=0% adx=24 body=86% O624.5 H624.58 L623.78 C623.81 ATR=8.63 SL=624.67/625.11 rawVol=84927 volSMA=57222 buf=0.432 prices=624.28
2025-12-26T12:10:00.000-05:00,[KLB] 12:10 ▼ ~~ ~~ Yest H vol=0.9x pos=v86 vwap=below ema=bear rs=+0% adx=23 body=80% O624.01 H624.02 L623.8 C623.83 ATR=8.63 SL=624.69/625.13 rawVol=25504 volSMA=37836 buf=0.432 prices=624.28
2025-12-26T12:15:00.000-05:00,[KLB] 12:15 ▼ ~~ ~~ Yest H vol=0.7x pos=v93 vwap=below ema=bear rs=+0% adx=24 body=56% O623.83 H623.93 L623.66 C623.68 ATR=8.63 SL=624.54/624.98 rawVol=26102 volSMA=37398 buf=0.432 prices=624.28
2025-12-26T12:40:00.000-05:00,[KLB] 12:40 ▼ ~~ ~~ Yest H vol=1.1x pos=v44 vwap=below ema=bear rs=+0% adx=23 body=40% O624.02 H624.03 L623.78 C623.92 ATR=8.63 SL=624.78/625.22 rawVol=40448 volSMA=35652 buf=0.432 prices=624.28
2025-12-29T09:40:00.000-05:00,[KLB] 9:40 ▲ ~ ~ VWAP vol=8.9x pos=^79 vwap=above ema=bear rs=+0.2% adx=37 body=77% O620.45 H622.78 L620.39 C622.28 ATR=8.19 SL=621.46/621.05 rawVol=194910 volSMA=26793 buf=0.409 prices=
2025-12-29T10:05:00.000-05:00,[KLB] 10:05 ▼ ~ ~ ORB H vol=1.5x pos=v90 vwap=below ema=bear rs=+0% adx=29 body=39% O620.49 H620.91 L620.09 C620.17 ATR=8.19 SL=620.99/621.4 rawVol=48320 volSMA=45927 buf=0.409 prices=620.56
2025-12-29T10:10:00.000-05:00,"[KLB] 10:10 ▼ ~ ~ ORB H
~ VWAP vol=1.4x pos=v100 vwap=below ema=bear rs=0% adx=28 body=69% O620.16 H620.43 L619.55 C619.55 ATR=8.19 SL=620.37/620.78 rawVol=66367 volSMA=49078 buf=0.409 prices=620.56"
2025-12-30T10:10:00.000-05:00,[KLB] 10:10 ▼ ~ ~ Yest H + ~ ORB H vol=1.4x pos=v76 vwap=below ema=bear rs=+0.1% adx=20 body=64% O620.84 H620.91 L620.36 C620.49 ATR=7.97 SL=621.29/621.69 rawVol=34768 volSMA=30332 buf=0.399 prices=622.78/620.8
2025-12-30T11:20:00.000-05:00,[KLB] 11:20 ▲ ~ ~ VWAP vol=0.7x pos=^88 vwap=above ema=bull rs=+0.2% adx=20 body=76% O621.35 H621.57 L621.32 C621.54 ATR=7.97 SL=620.74/620.34 rawVol=37958 volSMA=56265 buf=0.399 prices=
2025-12-30T11:25:00.000-05:00,[KLB] 11:25 ▲ BRK PM H vol=1.5x pos=^59 vwap=above ema=bull rs=+0.2% adx=22 body=59% O621.55 H622.18 L621.55 C621.92 ATR=7.97 SL=621.12/620.72 rawVol=88778 volSMA=58074 buf=0.399 prices=621.25
2025-12-30T11:35:00.000-05:00,[KLB] CONF 11:35 ▲ BRK → ✗ (failed)
2025-12-31T09:40:00.000-05:00,[KLB] 9:40 ▼ ~ ~ ORB H vol=8.9x pos=v73 vwap=below ema=bull rs=0% adx=50 body=53% O619.39 H619.73 L618.05 C618.5 ATR=7.61 SL=619.26/619.64 rawVol=91956 volSMA=12898 buf=0.381 prices=619.95
2025-12-31T09:50:00.000-05:00,[KLB] 5m CHECK 9:50 ▼ pnl=0.05 → BAIL
2025-12-31T10:20:00.000-05:00,[KLB] 10:20 ▼ BRK Week L vol=1.9x pos=v73 vwap=below ema=bear rs=-0.1% adx=45 body=57% O617.87 H618.03 L617.03 C617.3 ATR=7.61 SL=618.06/618.44 rawVol=63158 volSMA=38814 buf=0.381 prices=617.77
2025-12-31T10:20:00.000-05:00,[KLB] 10:20 ▼ ~ ~ VWAP vol=1.9x pos=v73 vwap=below ema=bear rs=-0.1% adx=45 body=57% O617.87 H618.03 L617.03 C617.3 ATR=7.61 SL=618.06/618.44 rawVol=63158 volSMA=38814 buf=0.381 prices=
2025-12-31T10:20:00.000-05:00,[KLB] 10:20 ▼ ◆ ◆¹ Week L 1.1x v56 vol= pos= vwap=below ema=bear rs=-0.1% adx=45 body=57% O617.87 H618.03 L617.03 C617.3 ATR=7.61 SL=618.06/618.44 rawVol=63158 volSMA=38814 buf=0.381 prices=
2025-12-31T13:40:00.000-05:00,[KLB] CONF 13:40 ▼ BRK → ✗ (failed)
2025-12-31T14:35:00.000-05:00,[KLB] 14:35 ▼ BRK PM L vol=2.4x pos=v99 vwap=below ema=bear rs=-0.1% adx=24 body=93% O617.34 H617.41 L616.26 C616.27 ATR=7.61 SL=617.03/617.41 rawVol=87945 volSMA=36463 buf=0.381 prices=616.68
2025-12-31T14:35:00.000-05:00,[KLB] 14:35 ▼ ◆ ◆¹ PM L 2.4x v69 vol= pos= vwap=below ema=bear rs=-0.1% adx=24 body=93% O617.34 H617.41 L616.26 C616.27 ATR=7.61 SL=617.03/617.41 rawVol=87945 volSMA=36463 buf=0.381 prices=
2026-01-02T10:10:00.000-05:00,[KLB] 10:10 ▼ ~ ~ PM H + ~ ORB H vol=1.2x pos=v91 vwap=below ema=bull rs=+0% adx=26 body=86% O621.29 H621.35 L620.3 C620.39 ATR=7.49 SL=621.14/621.51 rawVol=79816 volSMA=66011 buf=0.375 prices=621.41/621.18
2026-01-02T10:15:00.000-05:00,"[KLB] 10:15 ▼ ~ ~ Yest H
~ VWAP vol=2.6x pos=v92 vwap=below ema=bull rs=-0.1% adx=25 body=85% O620.32 H620.5 L617.85 C618.06 ATR=7.49 SL=618.81/619.18 rawVol=197005 volSMA=75587 buf=0.375 prices=619.96"
2026-01-02T10:20:00.000-05:00,[KLB] 10:20 ▼ BRK Week L vol=2.4x pos=v57 vwap=below ema=bear rs=-0.2% adx=25 body=53% O618.07 H618.12 L616.83 C617.39 ATR=7.49 SL=618.14/618.51 rawVol=158219 volSMA=83455 buf=0.375 prices=617.77
2026-01-02T10:25:00.000-05:00,[KLB] 10:25 ▼ BRK PM L vol=2x pos=v94 vwap=below ema=bear rs=-0.3% adx=26 body=93% O617.48 H617.51 L615.13 C615.27 ATR=7.49 SL=616.01/616.39 rawVol=182709 volSMA=92482 buf=0.375 prices=617.38
2026-01-02T10:25:00.000-05:00,[KLB] CONF 10:25 ▼ BRK → ✓ (auto-promote)
2026-01-02T10:30:00.000-05:00,[KLB] 5m CHECK 10:30 ▼ pnl=-0.02 → BAIL
2026-01-02T10:40:00.000-05:00,[KLB] CONF 10:40 ▼ BRK → ✗ (failed)
2026-01-05T09:30:00.000-05:00,[KLB] 9:30 ▲ ~ ~ VWAP vol=5.5x pos=^100 vwap=above ema=bull rs=+0.5% adx=28 body=83% O618.85 H619.39 L618.74 C619.39 ATR=7.86 SL=618.6/618.21 rawVol=50805 volSMA=9230 buf=0.393 prices=
2026-01-05T09:35:00.000-05:00,[KLB] 9:35 ▼ ~ ~ PM H vol=13.7x pos=v92 vwap=below ema=bull rs=-0.3% adx=27 body=61% O619.3 H619.98 L617.79 C617.97 ATR=7.86 SL=618.76/619.15 rawVol=398744 volSMA=29039 buf=0.393 prices=619.39
2026-01-05T09:45:00.000-05:00,[KLB] 9:45 ▲ ~ ~ ORB L vol=3.4x pos=^86 vwap=above ema=bull rs=-0.3% adx=25 body=43% O617.49 H618.53 L616.72 C618.27 ATR=7.86 SL=617.48/617.09 rawVol=155361 volSMA=46077 buf=0.393 prices=617.79
2026-01-05T09:45:00.000-05:00,[KLB] 5m CHECK 9:45 ▼ pnl=-0.1 → BAIL
2026-01-05T10:35:00.000-05:00,[KLB] 10:35 ▲ BRK ORB H vol=1.6x pos=^70 vwap=above ema=bull rs=-0.2% adx=20 body=41% O620.01 H620.39 L619.85 C620.23 ATR=7.86 SL=619.44/619.05 rawVol=104494 volSMA=93828 buf=0.393 prices=619.98
2026-01-05T10:40:00.000-05:00,[KLB] CONF 10:40 ▲ BRK → ✗ (failed)
2026-01-05T13:20:00.000-05:00,[KLB] 13:20 ▼ ~ ~ VWAP vol=2.9x pos=v47 vwap=below ema=bull rs=-0.5% adx=26 body=47% O618.19 H618.19 L617.22 C617.73 ATR=7.86 SL=618.52/618.91 rawVol=135762 volSMA=46364 buf=0.393 prices=
2026-01-05T14:45:00.000-05:00,[KLB] 14:45 ▼ BRK ORB L vol=1.8x pos=v38 vwap=below ema=bear rs=-0.5% adx=37 body=38% O617.56 H617.56 L617.04 C617.36 ATR=7.86 SL=618.15/618.54 rawVol=90199 volSMA=51348 buf=0.393 prices=617.79
2026-01-05T14:45:00.000-05:00,[KLB] 14:45 ▼ ◆ ◆¹ ORB L 1.2x v37 vol= pos= vwap=below ema=bear rs=-0.5% adx=37 body=38% O617.56 H617.56 L617.04 C617.36 ATR=7.86 SL=618.15/618.54 rawVol=90199 volSMA=51348 buf=0.393 prices=
2026-01-05T15:05:00.000-05:00,[KLB] CONF 15:05 ▼ BRK → ✗ (failed)
2026-01-06T09:45:00.000-05:00,[KLB] 9:45 ▲ ~ ~ ORB L vol=5.1x pos=^99 vwap=above ema=bull rs=+0% adx=25 body=42% O619.33 H619.92 L618.54 C619.91 ATR=7.85 SL=619.12/618.73 rawVol=134327 volSMA=26441 buf=0.393 prices=619.12
2026-01-06T09:50:00.000-05:00,[KLB] 9:50 ▲ BRK PM H + ORB H vol=4.7x pos=^87 vwap=above ema=bull rs=+0.1% adx=26 body=79% O619.94 H621.18 L619.84 C621 ATR=7.85 SL=620.21/619.82 rawVol=162366 volSMA=34228 buf=0.393 prices=619.55/620.15
2026-01-06T09:50:00.000-05:00,[KLB] 9:50 ▲ ~ ~ VWAP vol=4.7x pos=^87 vwap=above ema=bull rs=+0.1% adx=26 body=79% O619.94 H621.18 L619.84 C621 ATR=7.85 SL=620.21/619.82 rawVol=162366 volSMA=34228 buf=0.393 prices=
2026-01-06T09:55:00.000-05:00,[KLB] 9:55 ▲ BRK Yest H vol=4.1x pos=^60 vwap=above ema=bull rs=+0.1% adx=27 body=47% O621.02 H621.89 L620.88 C621.49 ATR=7.85 SL=620.7/620.31 rawVol=108447 volSMA=39152 buf=0.393 prices=620.81
2026-01-06T09:55:00.000-05:00,[KLB] CONF 9:55 ▲ BRK → ✓ (auto-promote)
2026-01-06T10:00:00.000-05:00,[KLB] 5m CHECK 10:00 ▲ pnl=0.06 → HOLD
2026-01-06T10:45:00.000-05:00,[KLB] 10:45 ▲ ◆ ◆¹¹ Yest H 0.7x ^88 vol= pos= vwap=above ema=bull rs=+0.1% adx=30 body=59% O621.73 H621.89 L621.14 C621.29 ATR=7.85 SL=620.5/620.11 rawVol=53319 volSMA=75076 buf=0.393 prices=
2026-01-06T10:55:00.000-05:00,[KLB] CONF 10:55 ▲ BRK → ✗ (failed)
2026-01-06T11:05:00.000-05:00,"[KLB] 11:05 ▼ ~~ ~~ ORB H
~ VWAP vol=0.8x pos=v88 vwap=below ema=bull rs=0% adx=26 body=88% O620.43 H620.43 L619.76 C619.84 ATR=7.85 SL=620.63/621.02 rawVol=56077 volSMA=87531 buf=0.393 prices=620.15"
2026-01-06T11:45:00.000-05:00,[KLB] 11:45 ▼ ~~ ~~ ORB H vol=1.3x pos=v84 vwap=below ema=bull rs=0% adx=23 body=82% O620.62 H620.64 L619.77 C619.91 ATR=7.85 SL=620.7/621.09 rawVol=75379 volSMA=58670 buf=0.393 prices=620.15
2026-01-07T15:25:00.000-05:00,[KLB] 15:25 ▼ ~ ~ VWAP vol=1.5x pos=v96 vwap=below ema=bear rs=+0.5% adx=30 body=89% O625.31 H625.35 L624.8 C624.82 ATR=7.72 SL=625.59/625.98 rawVol=99459 volSMA=65371 buf=0.386 prices=
2026-01-08T09:40:00.000-05:00,[KLB] 9:40 ▼ BRK ORB L vol=9.1x pos=v96 vwap=below ema=bear rs=-0.4% adx=22 body=52% O621.09 H621.64 L620.38 C620.43 ATR=7.55 SL=621.19/621.56 rawVol=196991 volSMA=25781 buf=0.378 prices=620.77
2026-01-08T09:40:00.000-05:00,[KLB] 9:40 ▼ ◆ ◆¹ ORB L 13.6x v92 vol= pos= vwap=below ema=bear rs=-0.4% adx=22 body=52% O621.09 H621.64 L620.38 C620.43 ATR=7.55 SL=621.19/621.56 rawVol=196991 volSMA=25781 buf=0.378 prices=
2026-01-08T09:45:00.000-05:00,[KLB] 9:45 ▼ ~ ~ VWAP vol=8.1x pos=v92 vwap=below ema=bear rs=-0.5% adx=26 body=68% O620.43 H620.92 L618.87 C619.03 ATR=7.55 SL=619.79/620.16 rawVol=350418 volSMA=43189 buf=0.378 prices=
2026-01-08T09:50:00.000-05:00,[KLB] 5m CHECK 9:50 ▼ pnl=-0.1 → BAIL
2026-01-09T09:35:00.000-05:00,[KLB] 9:35 ▼ ~ ~ VWAP vol=10.7x pos=v58 vwap=below ema=bull rs=-0.2% adx=28 body=58% O621.41 H621.41 L619.84 C620.5 ATR=7.46 SL=621.25/621.62 rawVol=221921 volSMA=20811 buf=0.373 prices=
2026-01-09T09:40:00.000-05:00,[KLB] 9:40 ▲ BRK ORB H vol=6.6x pos=^70 vwap=above ema=bull rs=0% adx=27 body=68% O620.51 H623.25 L620.44 C622.41 ATR=7.46 SL=621.66/621.29 rawVol=205724 volSMA=31015 buf=0.373 prices=621.41
2026-01-09T09:40:00.000-05:00,[KLB] 9:40 ▲ ~ ~ PM L + ~ Yest L vol=6.6x pos=^70 vwap=above ema=bull rs=0% adx=27 body=68% O620.51 H623.25 L620.44 C622.41 ATR=7.46 SL=621.66/621.29 rawVol=205724 volSMA=31015 buf=0.373 prices=620.22/617.8
2026-01-09T09:45:00.000-05:00,[KLB] 9:45 ▲ ◆ ◆² ORB H 5x ^33 vol= pos= vwap=above ema=bull rs=+0% adx=25 body=8% O622.43 H622.93 L621.88 C622.35 ATR=7.46 SL=621.6/621.23 rawVol=126699 volSMA=37189 buf=0.373 prices=
2026-01-09T09:50:00.000-05:00,[KLB] 9:50 ▼ ~ ~ Week H vol=4x pos=v67 vwap=below ema=bull rs=-0.1% adx=25 body=49% O622.33 H622.75 L620.46 C621.21 ATR=7.46 SL=621.96/622.33 rawVol=185578 volSMA=46426 buf=0.373 prices=622.85
2026-01-09T10:05:00.000-05:00,[KLB] CONF 10:05 ▲ BRK → ✗ (failed)
2026-01-09T10:10:00.000-05:00,[KLB] 10:10 ▼ BRK PM L + ORB L vol=2.6x pos=v73 vwap=below ema=bear rs=-0.1% adx=26 body=67% O621.38 H621.51 L619.08 C619.74 ATR=7.46 SL=620.49/620.86 rawVol=194421 volSMA=74734 buf=0.373 prices=620.22/619.84
2026-01-09T10:10:00.000-05:00,[KLB] 10:10 ▼ ~~ ~~ ORB H vol=2.6x pos=v73 vwap=below ema=bear rs=-0.1% adx=26 body=67% O621.38 H621.51 L619.08 C619.74 ATR=7.46 SL=620.49/620.86 rawVol=194421 volSMA=74734 buf=0.373 prices=621.41
2026-01-09T10:15:00.000-05:00,[KLB] 10:15 ▲ ~ ~ PM L + ~ Yest L + ~ ORB L vol=2x pos=^97 vwap=above ema=bear rs=+0% adx=26 body=95% O619.68 H622.32 L619.62 C622.25 ATR=7.46 SL=621.5/621.13 rawVol=165019 volSMA=81657 buf=0.373 prices=620.22/617.8/619.84
2026-01-09T10:15:00.000-05:00,[KLB] CONF 10:15 ▼ BRK → ✗ (failed)
2026-01-09T10:20:00.000-05:00,[KLB] 10:20 ▲ ~ ~ VWAP vol=1.9x pos=^100 vwap=above ema=bear rs=+0.1% adx=25 body=54% O622.26 H622.73 L621.86 C622.73 ATR=7.46 SL=621.98/621.61 rawVol=136523 volSMA=87543 buf=0.373 prices=
2026-01-09T10:30:00.000-05:00,[KLB] 10:30 ▲ BRK PM H + Yest H vol=1.8x pos=^86 vwap=above ema=bull rs=+0.2% adx=23 body=84% O623.47 H624.9 L623.43 C624.7 ATR=7.46 SL=623.95/623.58 rawVol=182299 volSMA=100870 buf=0.373 prices=624.02/623.42
2026-01-09T10:30:00.000-05:00,[KLB] 10:30 ▲ ◆ ◆¹ PM H 1.4x ^64 vol= pos= vwap=above ema=bull rs=+0.2% adx=23 body=84% O623.47 H624.9 L623.43 C624.7 ATR=7.46 SL=623.95/623.58 rawVol=182299 volSMA=100870 buf=0.373 prices=
2026-01-09T10:40:00.000-05:00,[KLB] CONF 10:40 ▲ BRK → ✗ (failed)
2026-01-12T09:40:00.000-05:00,[KLB] 9:40 ▲ BRK ORB H vol=8.3x pos=^84 vwap=above ema=bull rs=+0.2% adx=21 body=63% O624.93 H625.71 L624.72 C625.55 ATR=7.56 SL=624.79/624.42 rawVol=153870 volSMA=29019 buf=0.378 prices=625.04
2026-01-12T09:40:00.000-05:00,[KLB] 9:40 ▲ ◆ ◆¹ ORB H 4.8x ^4 vol= pos= vwap=above ema=bull rs=+0.2% adx=21 body=63% O624.93 H625.71 L624.72 C625.55 ATR=7.56 SL=624.79/624.42 rawVol=153870 volSMA=29019 buf=0.378 prices=
2026-01-12T09:50:00.000-05:00,[KLB] 9:50 ▲ ~ ~ VWAP vol=2.5x pos=^89 vwap=above ema=bull rs=+0.1% adx=26 body=35% O624.92 H625.35 L624.4 C625.25 ATR=7.56 SL=624.49/624.12 rawVol=100607 volSMA=40384 buf=0.378 prices=
2026-01-13T09:30:00.000-05:00,[KLB] 9:30 ▼ ~ ~ Week H vol=0.8x pos=v94 vwap=below ema=bull rs=+0.1% adx=32 body=83% O628.35 H628.49 L627.22 C627.3 ATR=7.49 SL=628.05/628.42 rawVol=9974 volSMA=12891 buf=0.374 prices=627.94
2026-01-13T09:40:00.000-05:00,[KLB] 9:40 ▲ BRK Week H + ORB H vol=7.5x pos=^97 vwap=above ema=bull rs=+0.2% adx=29 body=61% O628.06 H628.72 L627.69 C628.69 ATR=7.49 SL=627.94/627.57 rawVol=127225 volSMA=28846 buf=0.374 prices=627.94/628.14
2026-01-13T09:40:00.000-05:00,[KLB] 9:40 ▲ ~ ~ VWAP vol=7.5x pos=^97 vwap=above ema=bull rs=+0.2% adx=29 body=61% O628.06 H628.72 L627.69 C628.69 ATR=7.49 SL=627.94/627.57 rawVol=127225 volSMA=28846 buf=0.374 prices=
2026-01-13T09:40:00.000-05:00,"[KLB] 9:40 ▲ ◆ ◆¹ Week H 7.7x ^39
◆¹ ORB H 7.7x ^39 vol= pos= vwap=above ema=bull rs=+0.2% adx=29 body=61% O628.06 H628.72 L627.69 C628.69 ATR=7.49 SL=627.94/627.57 rawVol=127225 volSMA=28846 buf=0.374 prices="
2026-01-13T09:45:00.000-05:00,[KLB] 5m CHECK 9:45 ▲ pnl=-0.05 → BAIL
2026-01-13T09:45:00.000-05:00,[KLB] CONF 9:45 ▲ BRK → ✗ (failed)
2026-01-13T09:55:00.000-05:00,[KLB] 9:55 ▼ ~~ ~~ Week H + ~~ ORB H vol=2.5x pos=v70 vwap=below ema=bull rs=+0.2% adx=28 body=33% O627.84 H628.32 L627.04 C627.42 ATR=7.49 SL=628.17/628.54 rawVol=125341 volSMA=52373 buf=0.374 prices=627.94/628.14
2026-01-13T10:10:00.000-05:00,"[KLB] 10:10 ▼ ~ ~ Yest H
~ VWAP vol=2.8x pos=v90 vwap=below ema=bull rs=+0.1% adx=25 body=33% O626.76 H627.43 L626.25 C626.37 ATR=7.49 SL=627.12/627.49 rawVol=108763 volSMA=69985 buf=0.374 prices=628.85"
2026-01-14T09:35:00.000-05:00,"[KLB] 9:35 ▲ ~ ~ PM L
~ VWAP vol=12.9x pos=^93 vwap=above ema=bear rs=+0.1% adx=32 body=32% O622.29 H623.42 L620.52 C623.21 ATR=7.36 SL=622.47/622.11 rawVol=303828 volSMA=23567 buf=0.368 prices=621.36"
2026-01-14T09:40:00.000-05:00,[KLB] 9:40 ▼ ~ ~ ORB H vol=5.9x pos=v92 vwap=below ema=bear rs=-0.1% adx=33 body=83% O623.22 H623.45 L621.02 C621.21 ATR=7.36 SL=621.95/622.31 rawVol=194835 volSMA=33205 buf=0.368 prices=623.42
2026-01-14T09:45:00.000-05:00,[KLB] 9:45 ▼ BRK PM L + ORB L vol=5.3x pos=v92 vwap=below ema=bear rs=-0.2% adx=35 body=74% O621.21 H621.58 L619.44 C619.62 ATR=7.36 SL=620.36/620.72 rawVol=240007 volSMA=45129 buf=0.368 prices=621.36/620.52
2026-01-14T09:45:00.000-05:00,[KLB] 9:45 ▼ ~ ~ VWAP vol=5.3x pos=v92 vwap=below ema=bear rs=-0.2% adx=35 body=74% O621.21 H621.58 L619.44 C619.62 ATR=7.36 SL=620.36/620.72 rawVol=240007 volSMA=45129 buf=0.368 prices=
2026-01-14T09:45:00.000-05:00,[KLB] 9:45 ▼ ◆ ◆¹ ORB L 7.4x v11 vol= pos= vwap=below ema=bear rs=-0.2% adx=35 body=74% O621.21 H621.58 L619.44 C619.62 ATR=7.36 SL=620.36/620.72 rawVol=240007 volSMA=45129 buf=0.368 prices=
2026-01-14T09:50:00.000-05:00,[KLB] 5m CHECK 9:50 ▼ pnl=-0.12 → BAIL
2026-01-15T09:45:00.000-05:00,"[KLB] 9:45 ▲ ~ ~ ORB L
~ VWAP vol=4.2x pos=^84 vwap=above ema=bull rs=+0.1% adx=37 body=54% O625.65 H626.95 L625.09 C626.65 ATR=7.67 SL=625.88/625.5 rawVol=206917 volSMA=48748 buf=0.384 prices=625.59"
2026-01-15T09:45:00.000-05:00,[KLB] 5m CHECK 9:45 ▼ pnl=-0.13 → BAIL
2026-01-15T10:25:00.000-05:00,[KLB] 10:25 ▲ ~ ~ ORB L vol=0.9x pos=^65 vwap=above ema=bull rs=-0.1% adx=23 body=37% O625.51 H626.39 L625.16 C625.96 ATR=7.67 SL=625.19/624.81 rawVol=77941 volSMA=84385 buf=0.384 prices=625.59
2026-01-15T15:20:00.000-05:00,[KLB] 15:20 ▼ BRK PM L vol=1.5x pos=v99 vwap=below ema=bear rs=-0.4% adx=40 body=98% O622.47 H622.48 L621.46 C621.47 ATR=7.67 SL=622.24/622.62 rawVol=98239 volSMA=64259 buf=0.384 prices=622.06
2026-01-15T15:20:00.000-05:00,[KLB] 15:20 ▼ ~ ~ Yest H vol=1.5x pos=v99 vwap=below ema=bear rs=-0.4% adx=40 body=98% O622.47 H622.48 L621.46 C621.47 ATR=7.67 SL=622.24/622.62 rawVol=98239 volSMA=64259 buf=0.384 prices=623.45
2026-01-15T15:20:00.000-05:00,[KLB] 15:20 ▼ ◆ ◆¹ PM L 1.3x v52 vol= pos= vwap=below ema=bear rs=-0.4% adx=40 body=98% O622.47 H622.48 L621.46 C621.47 ATR=7.67 SL=622.24/622.62 rawVol=98239 volSMA=64259 buf=0.384 prices=
2026-01-16T09:55:00.000-05:00,[KLB] 9:55 ▼ ~ ~ VWAP vol=2.6x pos=v85 vwap=below ema=bull rs=-0.2% adx=24 body=73% O624.46 H624.62 L623.33 C623.52 ATR=7.87 SL=624.31/624.7 rawVol=127513 volSMA=48621 buf=0.394 prices=
2026-01-16T10:00:00.000-05:00,[KLB] 10:00 ▼ BRK PM L vol=3.4x pos=v97 vwap=below ema=bear rs=-0.3% adx=26 body=95% O623.55 H623.58 L622.16 C622.2 ATR=7.87 SL=622.99/623.38 rawVol=198869 volSMA=57756 buf=0.394 prices=623
2026-01-16T10:05:00.000-05:00,[KLB] 10:05 ▼ ◆ ◆² PM L 1.6x v28 vol= pos= vwap=below ema=bear rs=-0.3% adx=27 body=5% O622.18 H622.69 L621.77 C622.23 ATR=7.87 SL=623.02/623.41 rawVol=279040 volSMA=71009 buf=0.394 prices=
2026-01-16T10:35:00.000-05:00,[KLB] 10:35 ▼ BRK Yest L vol=1.9x pos=v56 vwap=below ema=bear rs=-0.4% adx=36 body=43% O620.75 H620.83 L620.2 C620.48 ATR=7.87 SL=621.27/621.66 rawVol=217073 volSMA=116508 buf=0.394 prices=620.75
2026-01-16T10:35:00.000-05:00,[KLB] CONF 10:35 ▼ BRK → ✓ (auto-promote)
2026-01-16T10:40:00.000-05:00,[KLB] 5m CHECK 10:40 ▼ pnl=0.07 → HOLD
2026-01-16T10:55:00.000-05:00,[KLB] CONF 10:55 ▼ BRK → ✗ (failed)
2026-01-20T09:45:00.000-05:00,[KLB] 9:45 ▲ ~ ~ VWAP vol=3.1x pos=^93 vwap=above ema=bear rs=+0.1% adx=21 body=32% O611.98 H612.88 L610.6 C612.72 ATR=7.82 SL=611.94/611.55 rawVol=187618 volSMA=61192 buf=0.391 prices=
2026-01-20T11:40:00.000-05:00,[KLB] 11:40 ▲ ~ ~ Week L vol=0.5x pos=^99 vwap=above ema=bull rs=+0.3% adx=25 body=98% O614.34 H614.97 L614.33 C614.97 ATR=7.82 SL=614.18/613.79 rawVol=39979 volSMA=78760 buf=0.391 prices=614.56
2026-01-20T13:40:00.000-05:00,[KLB] 13:40 ▼ BRK ORB L vol=2.2x pos=v94 vwap=below ema=bear rs=+0.2% adx=24 body=55% O610.17 H610.43 L609.77 C609.81 ATR=7.82 SL=610.59/610.98 rawVol=82041 volSMA=52243 buf=0.391 prices=610.32
2026-01-20T13:40:00.000-05:00,[KLB] 13:40 ▼ ◆ ◆¹ ORB L 1.6x v67 vol= pos= vwap=below ema=bear rs=+0.2% adx=24 body=55% O610.17 H610.43 L609.77 C609.81 ATR=7.82 SL=610.59/610.98 rawVol=82041 volSMA=52243 buf=0.391 prices=
2026-01-21T09:40:00.000-05:00,[KLB] 5m CHECK 9:40 ▼ pnl=-0.07 → BAIL
2026-01-21T09:50:00.000-05:00,[KLB] 9:50 ▲ BRK ORB H vol=2.2x pos=^85 vwap=above ema=bull rs=-0.1% adx=33 body=76% O609.63 H610.64 L609.53 C610.47 ATR=8.28 SL=609.64/609.23 rawVol=100259 volSMA=52325 buf=0.414 prices=610.11
2026-01-21T09:50:00.000-05:00,[KLB] 9:50 ▲ ~ ~ VWAP vol=2.2x pos=^85 vwap=above ema=bull rs=-0.1% adx=33 body=76% O609.63 H610.64 L609.53 C610.47 ATR=8.28 SL=609.64/609.23 rawVol=100259 volSMA=52325 buf=0.414 prices=
2026-01-21T09:50:00.000-05:00,[KLB] 9:50 ▲ ◆ ◆¹ ORB H 2.4x ^97 vol= pos= vwap=above ema=bull rs=-0.1% adx=33 body=76% O609.63 H610.64 L609.53 C610.47 ATR=8.28 SL=609.64/609.23 rawVol=100259 volSMA=52325 buf=0.414 prices=
2026-01-21T09:55:00.000-05:00,[KLB] 9:55 ▲ BRK PM H vol=2.1x pos=^97 vwap=above ema=bull rs=+0.1% adx=33 body=86% O610.46 H611.75 L610.3 C611.7 ATR=8.28 SL=610.87/610.46 rawVol=123622 volSMA=57722 buf=0.414 prices=610.94
2026-01-21T09:55:00.000-05:00,[KLB] CONF 9:55 ▲ BRK → ✓ (auto-promote)
2026-01-21T10:00:00.000-05:00,[KLB] 5m CHECK 10:00 ▲ pnl=0.11 → HOLD
2026-01-21T10:40:00.000-05:00,[KLB] 10:40 ▲ ~ ~ Week L vol=1x pos=^62 vwap=above ema=bull rs=+0.3% adx=42 body=53% O614.71 H615.59 L614.62 C615.22 ATR=8.28 SL=614.39/613.98 rawVol=94651 volSMA=98198 buf=0.414 prices=614.56
2026-01-21T11:50:00.000-05:00,[KLB] 11:50 ▲ ◆ ◆²⁴ PM H 1.1x ^29 vol= pos= vwap=below ema=bull rs=+0.1% adx=42 body=11% O611.83 H612.22 L611.23 C611.94 ATR=8.28 SL=611.11/610.7 rawVol=176683 volSMA=97410 buf=0.414 prices=
2026-01-21T11:55:00.000-05:00,[KLB] CONF 11:55 ▲ BRK → ✗ (failed)
2026-01-21T12:00:00.000-05:00,"[KLB] 12:00 ▼ ~~ ~~ PM H + ~ Yest H
~ VWAP vol=1.1x pos=v79 vwap=below ema=bull rs=+0.1% adx=41 body=69% O611.16 H611.27 L610.09 C610.34 ATR=8.28 SL=611.17/611.58 rawVol=99281 volSMA=93146 buf=0.414 prices=610.94/615.06"
2026-01-21T12:10:00.000-05:00,[KLB] 12:10 ▼ ~~ ~~ ORB H vol=0.9x pos=v63 vwap=below ema=bull rs=+0.1% adx=40 body=47% O610.15 H610.29 L609.42 C609.74 ATR=8.28 SL=610.57/610.98 rawVol=77387 volSMA=93872 buf=0.414 prices=610.11
2026-01-21T12:15:00.000-05:00,[KLB] 12:15 ▼ ~~ ~~ ORB H vol=1.1x pos=v88 vwap=below ema=bull rs=+0% adx=41 body=69% O609.7 H610.03 L608.25 C608.47 ATR=8.28 SL=609.3/609.71 rawVol=103476 volSMA=95253 buf=0.414 prices=610.11
2026-01-21T12:45:00.000-05:00,[KLB] 12:45 ▼ ~~ ~~ ORB H vol=0.6x pos=v100 vwap=below ema=bear rs=+0% adx=41 body=54% O609.63 H610.02 L609.17 C609.17 ATR=8.28 SL=610/610.41 rawVol=48005 volSMA=87088 buf=0.414 prices=610.11
2026-01-21T13:05:00.000-05:00,[KLB] 13:05 ▼ ~~ ~~ PM H + ~ Yest H + ~~ ORB H vol=1x pos=v89 vwap=below ema=bear rs=0% adx=38 body=81% O610.65 H610.84 L608.43 C608.69 ATR=8.28 SL=609.52/609.93 rawVol=104103 volSMA=101504 buf=0.414 prices=610.94/615.06/610.11
2026-01-21T13:25:00.000-05:00,[KLB] 13:25 ▼ ~~ ~~ ORB H vol=0.8x pos=v82 vwap=below ema=bear rs=0% adx=33 body=59% O609.86 H610.05 L609.22 C609.37 ATR=8.28 SL=610.2/610.61 rawVol=74652 volSMA=91182 buf=0.414 prices=610.11
2026-01-21T13:40:00.000-05:00,[KLB] 13:40 ▼ ~~ ~~ PM H + ~ Yest H vol=0.5x pos=v46 vwap=below ema=bear rs=+0.1% adx=28 body=32% O610.78 H610.96 L609.73 C610.39 ATR=8.28 SL=611.22/611.63 rawVol=43162 volSMA=79209 buf=0.414 prices=610.94/615.06
2026-01-22T09:50:00.000-05:00,[KLB] 9:50 ▼ ~ ~ VWAP vol=4.7x pos=v83 vwap=below ema=bull rs=-0.3% adx=22 body=75% O620.42 H620.61 L618.22 C618.63 ATR=8.59 SL=619.49/619.92 rawVol=156516 volSMA=46189 buf=0.429 prices=
2026-01-22T10:00:00.000-05:00,[KLB] 10:00 ▼ BRK PM L vol=1.8x pos=v76 vwap=below ema=bear rs=-0.3% adx=27 body=63% O619.76 H619.97 L618.32 C618.72 ATR=8.59 SL=619.58/620.01 rawVol=99924 volSMA=56938 buf=0.429 prices=619
2026-01-22T10:00:00.000-05:00,[KLB] 10:00 ▼ ◆ ◆¹ PM L 1.9x v53 vol= pos= vwap=below ema=bear rs=-0.3% adx=27 body=63% O619.76 H619.97 L618.32 C618.72 ATR=8.59 SL=619.58/620.01 rawVol=99924 volSMA=56938 buf=0.429 prices=
2026-01-22T10:30:00.000-05:00,[KLB] CONF 10:30 ▼ BRK → ✗ (failed)
2026-01-23T09:45:00.000-05:00,[KLB] 9:45 ▲ ~ ~ ORB L vol=2.8x pos=^69 vwap=above ema=bear rs=+0.1% adx=24 body=52% O619 H620.49 L618.7 C619.93 ATR=8.41 SL=619.09/618.67 rawVol=95447 volSMA=33499 buf=0.421 prices=619.19
2026-01-23T09:55:00.000-05:00,[KLB] 9:55 ▲ ~ ~ ORB L vol=1.2x pos=^88 vwap=above ema=bear rs=+0.1% adx=23 body=75% O619.43 H620.31 L619.29 C620.19 ATR=8.41 SL=619.35/618.93 rawVol=48691 volSMA=40810 buf=0.421 prices=619.19
2026-01-23T10:00:00.000-05:00,"[KLB] 10:00 ▲ ~ ~ Yest L
~ VWAP vol=1.9x pos=^100 vwap=above ema=bull rs=+0.1% adx=24 body=88% O620.16 H621.11 L620.03 C621.11 ATR=8.41 SL=620.27/619.85 rawVol=85642 volSMA=44868 buf=0.421 prices=617.78"
2026-01-23T10:05:00.000-05:00,[KLB] 10:05 ▲ BRK ORB H vol=2.3x pos=^83 vwap=above ema=bull rs=+0.2% adx=26 body=81% O621.15 H622.41 L621.12 C622.19 ATR=8.41 SL=621.35/620.93 rawVol=116219 volSMA=50265 buf=0.421 prices=620.79
2026-01-23T10:25:00.000-05:00,[KLB] 10:25 ▲ BRK PM H + Yest H vol=1.5x pos=^88 vwap=above ema=bull rs=+0.3% adx=31 body=76% O621.58 H623.3 L621.35 C623.07 ATR=8.41 SL=622.23/621.81 rawVol=100794 volSMA=65156 buf=0.421 prices=622.5/622.46
2026-01-23T10:25:00.000-05:00,[KLB] CONF 10:25 ▲ BRK → ✓ (auto-promote)
2026-01-23T10:30:00.000-05:00,[KLB] 5m CHECK 10:30 ▲ pnl=0 → BAIL
2026-01-23T12:40:00.000-05:00,"[KLB] 12:40 ▲ ◆ ◆²⁸ PM H 1.3x ^11
◆²⁸ Yest H 1.3x ^11 vol= pos= vwap=above ema=bull rs=+0.4% adx=20 body=9% O623.76 H624.04 L623.58 C623.72 ATR=8.41 SL=622.88/622.46 rawVol=48653 volSMA=57134 buf=0.421 prices="
2026-01-23T12:50:00.000-05:00,[KLB] CONF 12:50 ▲ BRK → ✗ (failed)
2026-01-23T12:55:00.000-05:00,[KLB] 12:55 ▼ ~~ ~~ PM H + ~~ Yest H vol=1.3x pos=v82 vwap=below ema=bull rs=+0.3% adx=23 body=74% O622.62 H622.71 L621.59 C621.8 ATR=8.41 SL=622.64/623.06 rawVol=73359 volSMA=57112 buf=0.421 prices=622.5/622.46
2026-01-23T15:30:00.000-05:00,[KLB] 15:30 ▼ ~~ ~~ PM H + ~~ Yest H vol=1.9x pos=v92 vwap=below ema=bear rs=+0.3% adx=21 body=62% O622.43 H622.54 L622.17 C622.2 ATR=8.41 SL=623.04/623.46 rawVol=34785 volSMA=30814 buf=0.421 prices=622.5/622.46
2026-01-26T09:40:00.000-05:00,[KLB] 9:40 ▲ BRK ORB H vol=8.4x pos=^85 vwap=above ema=bull rs=0% adx=23 body=79% O623.68 H624.35 L623.64 C624.24 ATR=8.29 SL=623.41/623 rawVol=83765 volSMA=17168 buf=0.415 prices=623.83
2026-01-26T09:40:00.000-05:00,[KLB] 9:40 ▲ ~ ~ VWAP vol=8.4x pos=^85 vwap=above ema=bull rs=0% adx=23 body=79% O623.68 H624.35 L623.64 C624.24 ATR=8.29 SL=623.41/623 rawVol=83765 volSMA=17168 buf=0.415 prices=
2026-01-26T09:40:00.000-05:00,[KLB] 9:40 ▲ ◆ ◆¹ ORB H 9.2x ^83 vol= pos= vwap=above ema=bull rs=0% adx=23 body=79% O623.68 H624.35 L623.64 C624.24 ATR=8.29 SL=623.41/623 rawVol=83765 volSMA=17168 buf=0.415 prices=
2026-01-26T09:50:00.000-05:00,[KLB] 5m CHECK 9:50 ▲ pnl=-0.03 → BAIL
2026-01-26T10:20:00.000-05:00,[KLB] 10:20 ▲ BRK Yest H + Week H vol=1.6x pos=^93 vwap=above ema=bull rs=+0.1% adx=40 body=68% O625.37 H626.15 L625.1 C626.08 ATR=8.29 SL=625.25/624.84 rawVol=76936 volSMA=47639 buf=0.415 prices=625.4/625.4
2026-01-26T10:20:00.000-05:00,[KLB] CONF 10:20 ▲ BRK → ✓★ (auto-promote)
2026-01-26T10:25:00.000-05:00,[KLB] 5m CHECK 10:25 ▲ pnl=0.03 → BAIL
2026-01-26T10:25:00.000-05:00,"[KLB] 10:25 ▲ ◆ ◆² Yest H 1.3x ^13
◆² Week H 1.3x ^13 vol= pos= vwap=above ema=bull rs=+0.1% adx=41 body=60% O626.09 H626.44 L626.09 C626.3 ATR=8.29 SL=625.47/625.06 rawVol=46299 volSMA=49642 buf=0.415 prices="
2026-01-28T09:45:00.000-05:00,[KLB] 9:45 ▲ ~ ~ PM L vol=4.3x pos=^87 vwap=above ema=bear rs=+0% adx=21 body=87% O635.26 H636.41 L635.26 C636.26 ATR=7.99 SL=635.46/635.06 rawVol=129581 volSMA=29939 buf=0.399 prices=635.03
2026-01-28T09:50:00.000-05:00,[KLB] 9:50 ▼ ~ ~ ORB H vol=2.9x pos=v72 vwap=below ema=bear rs=0% adx=20 body=54% O636.29 H636.6 L634.92 C635.39 ATR=7.99 SL=636.19/636.59 rawVol=99622 volSMA=34736 buf=0.399 prices=636.32
2026-01-28T10:45:00.000-05:00,[KLB] 10:45 ▼ ~ ~ VWAP vol=0.5x pos=v94 vwap=below ema=bear rs=-0.1% adx=20 body=91% O634.77 H634.8 L633.76 C633.82 ATR=7.99 SL=634.62/635.02 rawVol=37680 volSMA=71935 buf=0.399 prices=
2026-01-28T15:00:00.000-05:00,[KLB] 5m CHECK 15:00 ▲ pnl=-0.13 → BAIL
2026-01-29T09:35:00.000-05:00,[KLB] 9:35 ▼ BRK PM L vol=13.4x pos=v85 vwap=below ema=bear rs=-0.1% adx=33 body=38% O632.65 H633.68 L631.48 C631.81 ATR=7.81 SL=632.59/632.98 rawVol=285371 volSMA=21243 buf=0.39 prices=632.7
2026-01-29T09:40:00.000-05:00,[KLB] 9:40 ▼ BRK Yest L + ORB L vol=8.9x pos=v73 vwap=below ema=bear rs=-0.2% adx=36 body=72% O631.82 H631.85 L629.55 C630.17 ATR=7.81 SL=630.95/631.34 rawVol=219677 volSMA=32072 buf=0.39 prices=631.81/631.48
2026-01-29T09:40:00.000-05:00,[KLB] 9:40 ▼ ~ ~ VWAP vol=8.9x pos=v73 vwap=below ema=bear rs=-0.2% adx=36 body=72% O631.82 H631.85 L629.55 C630.17 ATR=7.81 SL=630.95/631.34 rawVol=219677 volSMA=32072 buf=0.39 prices=
2026-01-29T09:40:00.000-05:00,[KLB] CONF 9:40 ▼ BRK → ✓★ (auto-promote)
2026-01-29T09:45:00.000-05:00,[KLB] 5m CHECK 9:45 ▼ pnl=0.25 → HOLD
2026-01-29T10:05:00.000-05:00,[KLB] 10:05 ▼ ~ ~ Week H vol=3.4x pos=v61 vwap=below ema=bear rs=-0.4% adx=52 body=56% O626.11 H626.25 L623.52 C624.58 ATR=7.81 SL=625.36/625.75 rawVol=263634 volSMA=77214 buf=0.39 prices=625.4
2026-01-29T10:15:00.000-05:00,[KLB] 10:15 ▼ ~ ~ Week H vol=1.9x pos=v99 vwap=below ema=bear rs=-0.5% adx=58 body=61% O624.3 H625.27 L622.7 C622.73 ATR=7.81 SL=623.51/623.9 rawVol=180727 volSMA=93444 buf=0.39 prices=625.4
2026-01-29T10:30:00.000-05:00,[KLB] 10:30 ▼ ~ ~ Week H vol=0.9x pos=v90 vwap=below ema=bear rs=-0.4% adx=62 body=60% O624.49 H625.17 L622.88 C623.12 ATR=7.81 SL=623.9/624.29 rawVol=103056 volSMA=111507 buf=0.39 prices=625.4
2026-01-29T12:25:00.000-05:00,[KLB] 12:25 ▲ ~ ~ VWAP vol=0.9x pos=^84 vwap=above ema=bear rs=-0.3% adx=36 body=76% O624.94 H625.93 L624.85 C625.76 ATR=7.81 SL=624.98/624.59 rawVol=97606 volSMA=110026 buf=0.39 prices=
2026-02-02T09:35:00.000-05:00,[KLB] 9:35 ▲ BRK PM H vol=13.6x pos=^76 vwap=above ema=bull rs=+0.1% adx=23 body=75% O618.7 H621.76 L618.66 C621.02 ATR=8.48 SL=620.17/619.75 rawVol=314344 volSMA=23101 buf=0.424 prices=618.8
2026-02-02T09:35:00.000-05:00,[KLB] 9:35 ▲ ~ ~ VWAP vol=13.6x pos=^76 vwap=above ema=bull rs=+0.1% adx=23 body=75% O618.7 H621.76 L618.66 C621.02 ATR=8.48 SL=620.17/619.75 rawVol=314344 volSMA=23101 buf=0.424 prices=
2026-02-02T09:40:00.000-05:00,[KLB] 9:40 ▲ BRK ORB H vol=10.1x pos=^76 vwap=above ema=bull rs=+0.3% adx=26 body=57% O621.05 H623.02 L620.6 C622.43 ATR=8.48 SL=621.58/621.16 rawVol=169868 volSMA=31251 buf=0.424 prices=621.76
2026-02-02T09:40:00.000-05:00,[KLB] 9:40 ▲ ~ ~ Yest L vol=10.1x pos=^76 vwap=above ema=bull rs=+0.3% adx=26 body=57% O621.05 H623.02 L620.6 C622.43 ATR=8.48 SL=621.58/621.16 rawVol=169868 volSMA=31251 buf=0.424 prices=619.3
2026-02-02T09:40:00.000-05:00,[KLB] CONF 9:40 ▲ BRK → ✓ (auto-promote)
2026-02-02T09:45:00.000-05:00,[KLB] 5m CHECK 9:45 ▲ pnl=0.06 → HOLD
2026-02-03T09:35:00.000-05:00,[KLB] 9:35 ▼ BRK PM L vol=14.3x pos=v69 vwap=below ema=bear rs=-0.2% adx=26 body=53% O628.25 H628.68 L625.98 C626.83 ATR=8.57 SL=627.69/628.12 rawVol=177778 volSMA=12395 buf=0.429 prices=628.07
2026-02-03T09:40:00.000-05:00,[KLB] 9:40 ▼ BRK ORB L vol=9.4x pos=v88 vwap=below ema=bear rs=-0.4% adx=30 body=67% O626.85 H627.26 L625.27 C625.51 ATR=8.57 SL=626.37/626.8 rawVol=133069 volSMA=18941 buf=0.429 prices=625.98
2026-02-03T09:40:00.000-05:00,"[KLB] 9:40 ▼ ~ ~ Yest H
~ VWAP vol=9.4x pos=v88 vwap=below ema=bear rs=-0.4% adx=30 body=67% O626.85 H627.26 L625.27 C625.51 ATR=8.57 SL=626.37/626.8 rawVol=133069 volSMA=18941 buf=0.429 prices=628.49"
2026-02-03T09:40:00.000-05:00,[KLB] CONF 9:40 ▼ BRK → ✓ (auto-promote)
2026-02-03T09:40:00.000-05:00,[KLB] 9:40 ▼ ◆ ◆¹ ORB L 9.8x v74 vol= pos= vwap=below ema=bear rs=-0.4% adx=30 body=67% O626.85 H627.26 L625.27 C625.51 ATR=8.57 SL=626.37/626.8 rawVol=133069 volSMA=18941 buf=0.429 prices=
2026-02-03T09:45:00.000-05:00,[KLB] 5m CHECK 9:45 ▼ pnl=0.19 → HOLD
2026-02-03T10:25:00.000-05:00,[KLB] 10:25 ▼ BRK Yest L + Week L vol=2x pos=v99 vwap=below ema=bear rs=-1% adx=60 body=76% O619.59 H620.28 L617.25 C617.28 ATR=8.57 SL=618.14/618.57 rawVol=194708 volSMA=96176 buf=0.429 prices=618.66/618.27
2026-02-03T10:25:00.000-05:00,[KLB] CONF 10:25 ▼ BRK → ✓★ (auto-promote)
2026-02-03T10:30:00.000-05:00,[KLB] 5m CHECK 10:30 ▼ pnl=-0.19 → BAIL
2026-02-03T10:30:00.000-05:00,"[KLB] 10:30 ▼ ◆ ◆² Yest L 1.1x v97
◆² Week L 1.1x v97 vol= pos= vwap=below ema=bear rs=-0.9% adx=63 body=72% O617.26 H619.4 L617.09 C618.92 ATR=8.57 SL=619.78/620.21 rawVol=92159 volSMA=100616 buf=0.429 prices="
2026-02-03T10:35:00.000-05:00,[KLB] CONF 10:35 ▼ BRK → ✗ (failed)
2026-02-04T09:35:00.000-05:00,[KLB] 9:35 ▼ BRK PM L vol=14.1x pos=v65 vwap=below ema=bear rs=-0.3% adx=37 body=63% O615.02 H615.07 L611.29 C612.62 ATR=9.32 SL=613.55/614.02 rawVol=286632 volSMA=20287 buf=0.466 prices=613.6
2026-02-04T09:35:00.000-05:00,[KLB] 9:35 ▼ ~ ~ VWAP vol=14.1x pos=v65 vwap=below ema=bear rs=-0.3% adx=37 body=63% O615.02 H615.07 L611.29 C612.62 ATR=9.32 SL=613.55/614.02 rawVol=286632 volSMA=20287 buf=0.466 prices=
2026-02-04T09:40:00.000-05:00,[KLB] 9:40 ▲ ~ ~ PM L vol=5.6x pos=^75 vwap=above ema=bear rs=-0.2% adx=38 body=57% O612.62 H614.98 L612.12 C614.26 ATR=9.32 SL=613.33/612.86 rawVol=156942 volSMA=28086 buf=0.466 prices=613.6
2026-02-04T09:40:00.000-05:00,[KLB] 9:40 ▼ ◆ ◆² PM L 4.3x v59 vol= pos= vwap=above ema=bear rs=-0.2% adx=38 body=57% O612.62 H614.98 L612.12 C614.26 ATR=9.32 SL=615.19/615.66 rawVol=156942 volSMA=28086 buf=0.466 prices=
2026-02-04T09:45:00.000-05:00,[KLB] CONF 9:45 ▼ BRK → ✗ (failed)
2026-02-04T09:55:00.000-05:00,[KLB] 9:55 ▼ BRK PM L vol=3x pos=v48 vwap=below ema=bear rs=-0.3% adx=41 body=38% O614.08 H614.36 L611.6 C613.04 ATR=9.32 SL=613.97/614.44 rawVol=135741 volSMA=45680 buf=0.466 prices=613.6
2026-02-04T10:00:00.000-05:00,[KLB] 10:00 ▼ BRK Yest L + ORB L vol=2.7x pos=v93 vwap=below ema=bear rs=-0.4% adx=43 body=87% O613.05 H613.25 L610.21 C610.42 ATR=9.32 SL=611.35/611.82 rawVol=104044 volSMA=50703 buf=0.466 prices=610.96/611.29
2026-02-04T10:00:00.000-05:00,[KLB] CONF 10:00 ▼ BRK → ✓ (auto-promote)
2026-02-04T10:05:00.000-05:00,[KLB] 5m CHECK 10:05 ▼ pnl=0.11 → HOLD
2026-02-04T10:05:00.000-05:00,[KLB] CONF 10:05 ▼ BRK → ✗ (failed)
2026-02-04T10:20:00.000-05:00,[KLB] 10:20 ▼ BRK Yest L vol=1.6x pos=v79 vwap=below ema=bear rs=-0.5% adx=46 body=50% O611.07 H611.48 L610.07 C610.36 ATR=9.32 SL=611.29/611.76 rawVol=78360 volSMA=81413 buf=0.466 prices=610.96
2026-02-04T10:25:00.000-05:00,[KLB] CONF 10:25 ▼ BRK → ✗ (failed)
2026-02-05T09:40:00.000-05:00,[KLB] 9:40 ▲ ~ ~ VWAP vol=8.5x pos=^98 vwap=above ema=bear rs=+0.3% adx=34 body=60% O601.21 H603.39 L599.88 C603.33 ATR=9.8 SL=602.35/601.86 rawVol=317120 volSMA=53891 buf=0.49 prices=
2026-02-05T09:50:00.000-05:00,[KLB] 5m CHECK 9:50 ▲ pnl=0.04 → BAIL
2026-02-05T10:00:00.000-05:00,[KLB] 10:00 ▼ BRK Yest L vol=2.1x pos=v89 vwap=below ema=bear rs=+0.1% adx=28 body=77% O602.43 H602.76 L599.95 C600.27 ATR=9.8 SL=601.25/601.74 rawVol=200734 volSMA=95741 buf=0.49 prices=600.47
2026-02-05T10:00:00.000-05:00,"[KLB] 10:00 ▼ ~ ~ ORB H
~ VWAP vol=2.1x pos=v89 vwap=below ema=bear rs=+0.1% adx=28 body=77% O602.43 H602.76 L599.95 C600.27 ATR=9.8 SL=601.25/601.74 rawVol=200734 volSMA=95741 buf=0.49 prices=601.25"
2026-02-05T10:00:00.000-05:00,[KLB] 10:00 ▼ ◆ ◆¹ Yest L 2.9x v80 vol= pos= vwap=below ema=bear rs=+0.1% adx=28 body=77% O602.43 H602.76 L599.95 C600.27 ATR=9.8 SL=601.25/601.74 rawVol=200734 volSMA=95741 buf=0.49 prices=
2026-02-05T10:05:00.000-05:00,[KLB] 10:05 ▼ BRK PM L vol=2.5x pos=v80 vwap=below ema=bear rs=0% adx=29 body=54% O600.26 H601.02 L598.04 C598.64 ATR=9.8 SL=599.62/600.11 rawVol=274371 volSMA=108975 buf=0.49 prices=598.74
2026-02-05T10:05:00.000-05:00,[KLB] 10:05 ▼ ~ ~ ORB H vol=2.5x pos=v80 vwap=below ema=bear rs=0% adx=29 body=54% O600.26 H601.02 L598.04 C598.64 ATR=9.8 SL=599.62/600.11 rawVol=274371 volSMA=108975 buf=0.49 prices=601.25
2026-02-05T10:05:00.000-05:00,[KLB] CONF 10:05 ▼ BRK → ✓ (auto-promote)
2026-02-05T10:05:00.000-05:00,[KLB] 10:05 ▼ ◆ ◆¹ PM L 1.9x v54 vol= pos= vwap=below ema=bear rs=0% adx=29 body=54% O600.26 H601.02 L598.04 C598.64 ATR=9.8 SL=599.62/600.11 rawVol=274371 volSMA=108975 buf=0.49 prices=
2026-02-05T10:10:00.000-05:00,[KLB] 5m CHECK 10:10 ▼ pnl=0.08 → HOLD
2026-02-05T10:15:00.000-05:00,[KLB] 10:15 ▼ BRK ORB L vol=1.6x pos=v99 vwap=below ema=bear rs=-0.2% adx=32 body=79% O597.86 H598.53 L595.08 C595.13 ATR=9.8 SL=596.11/596.6 rawVol=196431 volSMA=126765 buf=0.49 prices=597.35
2026-02-05T10:15:00.000-05:00,[KLB] CONF 10:15 ▼ BRK → ✓ (auto-promote)
2026-02-05T10:15:00.000-05:00,[KLB] 10:15 ▼ ◆ ◆¹ ORB L 1.6x v13 vol= pos= vwap=below ema=bear rs=-0.2% adx=32 body=79% O597.86 H598.53 L595.08 C595.13 ATR=9.8 SL=596.11/596.6 rawVol=196431 volSMA=126765 buf=0.49 prices=
2026-02-05T10:20:00.000-05:00,[KLB] 5m CHECK 10:20 ▼ pnl=-0.2 → BAIL
2026-02-05T10:35:00.000-05:00,[KLB] CONF 10:35 ▼ BRK → ✗ (failed)
2026-02-05T11:30:00.000-05:00,[KLB] 11:30 ▲ ~~ ~~ PM L vol=1x pos=^95 vwap=above ema=bear rs=+0.2% adx=34 body=68% O599.28 H600.54 L598.8 C600.46 ATR=9.8 SL=599.48/598.99 rawVol=136013 volSMA=147438 buf=0.49 prices=598.74
2026-02-06T10:05:00.000-05:00,"[KLB] 10:05 ▼ ~ ~ PM H
~ VWAP vol=1.9x pos=v77 vwap=below ema=bull rs=-0.2% adx=20 body=76% O602.64 H602.66 L600.75 C601.19 ATR=9.89 SL=602.18/602.67 rawVol=150031 volSMA=80526 buf=0.494 prices=602.91"
2026-02-10T09:40:00.000-05:00,[KLB] 9:40 ▼ ~ ~ Yest H vol=10.3x pos=v68 vwap=below ema=bull rs=-0.1% adx=22 body=52% O615.06 H615.37 L613.49 C614.09 ATR=10.29 SL=615.12/615.63 rawVol=191330 volSMA=31814 buf=0.515 prices=616.46
2026-02-10T09:50:00.000-05:00,[KLB] 9:50 ▼ BRK PM L vol=3x pos=v65 vwap=below ema=bear rs=-0.2% adx=28 body=58% O613.71 H613.8 L612.44 C612.92 ATR=10.29 SL=613.95/614.46 rawVol=117555 volSMA=43283 buf=0.515 prices=613.31
2026-02-10T09:50:00.000-05:00,[KLB] 9:50 ▼ ~ ~ VWAP vol=3x pos=v65 vwap=below ema=bear rs=-0.2% adx=28 body=58% O613.71 H613.8 L612.44 C612.92 ATR=10.29 SL=613.95/614.46 rawVol=117555 volSMA=43283 buf=0.515 prices=
2026-02-10T09:50:00.000-05:00,[KLB] 5m CHECK 9:50 ▼ pnl=0.08 → HOLD
2026-02-10T09:55:00.000-05:00,[KLB] 9:55 ▲ ~ ~ PM L + ~ ORB L vol=2.7x pos=^99 vwap=above ema=bear rs=-0.1% adx=27 body=98% O612.9 H615.1 L612.89 C615.07 ATR=10.29 SL=614.04/613.53 rawVol=133936 volSMA=49784 buf=0.515 prices=613.31/614.63
2026-02-10T09:55:00.000-05:00,[KLB] CONF 9:55 ▼ BRK → ✗ (failed)
2026-02-10T10:00:00.000-05:00,"[KLB] 10:00 ▲ ~~ ~~ ORB L
~ VWAP vol=2.5x pos=^71 vwap=above ema=bear rs=0% adx=25 body=54% O615.1 H616.08 L614.89 C615.74 ATR=10.29 SL=614.71/614.2 rawVol=97148 volSMA=54299 buf=0.515 prices=614.63"
2026-02-11T09:40:00.000-05:00,[KLB] 9:40 ▼ ~ ~ Yest H vol=8x pos=v87 vwap=below ema=bull rs=-0.1% adx=37 body=49% O615.63 H616.33 L614.5 C614.74 ATR=9.98 SL=615.74/616.24 rawVol=176746 volSMA=34242 buf=0.499 prices=617.02
2026-02-11T09:45:00.000-05:00,[KLB] 9:45 ▲ ~ ~ ORB L vol=3.5x pos=^86 vwap=above ema=bull rs=+0% adx=35 body=77% O614.71 H615.93 L614.6 C615.74 ATR=9.98 SL=614.74/614.24 rawVol=145370 volSMA=41358 buf=0.499 prices=615.17
2026-02-11T09:45:00.000-05:00,[KLB] 5m CHECK 9:45 ▼ pnl=-0.1 → BAIL
2026-02-11T09:55:00.000-05:00,[KLB] 5m CHECK 9:55 ▲ pnl=-0.07 → BAIL
2026-02-11T10:00:00.000-05:00,"[KLB] 10:00 ▼ ~ ~ Yest H
~ VWAP vol=2x pos=v88 vwap=below ema=bull rs=-0.1% adx=32 body=70% O615.35 H615.82 L613.3 C613.59 ATR=9.98 SL=614.59/615.09 rawVol=111387 volSMA=59518 buf=0.499 prices=617.02"
2026-02-11T10:25:00.000-05:00,[KLB] 10:25 ▼ BRK PM L vol=1.6x pos=v87 vwap=below ema=bear rs=-0.4% adx=34 body=79% O609.53 H609.66 L607.87 C608.11 ATR=9.98 SL=609.11/609.61 rawVol=142085 volSMA=86113 buf=0.499 prices=609.88
2026-02-11T10:35:00.000-05:00,[KLB] CONF 10:35 ▼ BRK → ✗ (failed)
2026-02-11T12:05:00.000-05:00,[KLB] 12:05 ▼ BRK Yest L vol=1.5x pos=v80 vwap=below ema=bear rs=-0.3% adx=22 body=72% O610.65 H610.73 L609.74 C609.94 ATR=9.98 SL=610.94/611.44 rawVol=93661 volSMA=62104 buf=0.499 prices=611.01
2026-02-11T12:05:00.000-05:00,[KLB] 12:05 ▼ ◆ ◆¹ Yest L 0.5x v1 vol= pos= vwap=below ema=bear rs=-0.3% adx=22 body=72% O610.65 H610.73 L609.74 C609.94 ATR=9.98 SL=610.94/611.44 rawVol=93661 volSMA=62104 buf=0.499 prices=
2026-02-11T12:10:00.000-05:00,[KLB] CONF 12:10 ▼ BRK → ✗ (failed)
2026-02-12T09:45:00.000-05:00,[KLB] 9:45 ▼ ~ ~ ORB H vol=5.7x pos=v96 vwap=below ema=bull rs=-0.1% adx=23 body=62% O615.05 H615.72 L613.72 C613.81 ATR=9.97 SL=614.81/615.31 rawVol=156822 volSMA=27626 buf=0.499 prices=615.45
2026-02-12T09:50:00.000-05:00,[KLB] 9:50 ▼ ~ ~ VWAP vol=5.4x pos=v89 vwap=below ema=bull rs=-0.2% adx=24 body=72% O613.81 H614.15 L612.15 C612.36 ATR=9.97 SL=613.36/613.86 rawVol=203984 volSMA=37625 buf=0.499 prices=
2026-02-12T09:55:00.000-05:00,[KLB] 5m CHECK 9:55 ▼ pnl=-0.06 → BAIL
2026-02-13T15:30:00.000-05:00,"[KLB] 15:30 ▼ ~ ~ PM H + ~ ORB H
~ VWAP vol=2.7x pos=v83 vwap=below ema=bear rs=+0.2% adx=29 body=69% O602.01 H602.23 L600.64 C600.91 ATR=10.42 SL=601.95/602.47 rawVol=174867 volSMA=65104 buf=0.521 prices=602.3/601.79"
2026-02-17T09:35:00.000-05:00,[KLB] 9:35 ▲ BRK PM H vol=15.1x pos=^98 vwap=above ema=bull rs=+0.2% adx=31 body=64% O598.38 H600.86 L597.12 C600.78 ATR=10.4 SL=599.74/599.22 rawVol=478097 volSMA=31632 buf=0.52 prices=599.42
2026-02-17T09:35:00.000-05:00,"[KLB] 9:35 ▲ ~ ~ Yest L
~ VWAP vol=15.1x pos=^98 vwap=above ema=bull rs=+0.2% adx=31 body=64% O598.38 H600.86 L597.12 C600.78 ATR=10.4 SL=599.74/599.22 rawVol=478097 volSMA=31632 buf=0.52 prices=596.42"
2026-02-17T09:40:00.000-05:00,[KLB] 9:40 ▲ BRK ORB H vol=11.5x pos=^75 vwap=above ema=bull rs=+0.2% adx=34 body=53% O600.82 H602.2 L600.43 C601.75 ATR=10.4 SL=600.71/600.19 rawVol=202747 volSMA=41518 buf=0.52 prices=600.86
2026-02-17T09:40:00.000-05:00,[KLB] 9:40 ▲ ~ ~ Yest L vol=11.5x pos=^75 vwap=above ema=bull rs=+0.2% adx=34 body=53% O600.82 H602.2 L600.43 C601.75 ATR=10.4 SL=600.71/600.19 rawVol=202747 volSMA=41518 buf=0.52 prices=596.42
2026-02-17T09:40:00.000-05:00,[KLB] CONF 9:40 ▲ BRK → ✓★ (auto-promote)
2026-02-17T09:45:00.000-05:00,[KLB] 9:45 ▼ ~ ~ Yest H + ~ ORB H vol=3.5x pos=v89 vwap=below ema=bull rs=+0.1% adx=34 body=78% O601.71 H602.04 L599.04 C599.37 ATR=10.4 SL=600.41/600.93 rawVol=174249 volSMA=49901 buf=0.52 prices=606.48/600.86
2026-02-17T09:45:00.000-05:00,[KLB] 5m CHECK 9:45 ▲ pnl=-0.23 → BAIL
2026-02-17T09:45:00.000-05:00,[KLB] CONF 9:45 ▲ BRK → ✗ (failed)
2026-02-17T09:50:00.000-05:00,[KLB] 9:50 ▼ ~~ ~~ PM H vol=3.2x pos=v58 vwap=below ema=bull rs=0% adx=32 body=49% O599.45 H599.64 L597.45 C598.38 ATR=10.4 SL=599.42/599.94 rawVol=185677 volSMA=58937 buf=0.52 prices=599.42
2026-02-17T09:55:00.000-05:00,[KLB] 9:55 ▼ ~ ~ VWAP vol=3.4x pos=v96 vwap=below ema=bull rs=-0.2% adx=31 body=85% O598.39 H598.78 L595.15 C595.3 ATR=10.4 SL=596.34/596.86 rawVol=235755 volSMA=70328 buf=0.52 prices=
2026-02-17T09:55:00.000-05:00,[KLB] 5m CHECK 9:55 ▼ pnl=0.3 → HOLD
2026-02-17T10:00:00.000-05:00,[KLB] 10:00 ▼ BRK PM L vol=3x pos=v88 vwap=below ema=bear rs=-0.2% adx=30 body=69% O595.34 H595.68 L593.96 C594.16 ATR=10.4 SL=595.2/595.72 rawVol=161375 volSMA=78174 buf=0.52 prices=595.03
2026-02-17T10:05:00.000-05:00,[KLB] 10:05 ▼ ◆ ◆² PM L 1.6x v92 vol= pos= vwap=below ema=bear rs=-0.1% adx=29 body=71% O594.16 H596.12 L593.69 C595.88 ATR=10.4 SL=596.92/597.44 rawVol=127866 volSMA=84137 buf=0.52 prices=
2026-02-17T10:15:00.000-05:00,[KLB] CONF 10:15 ▼ BRK → ✗ (failed)
2026-02-17T10:20:00.000-05:00,[KLB] 10:20 ▲ ~~ ~~ PM L + ~~ Week L + ~~ ORB L vol=1.9x pos=^96 vwap=above ema=bear rs=0% adx=26 body=95% O594.51 H597.95 L594.5 C597.8 ATR=10.4 SL=596.76/596.24 rawVol=194493 volSMA=104570 buf=0.52 prices=595.03/596.42/597.12
2026-02-17T11:15:00.000-05:00,[KLB] 11:15 ▲ ~~ ~~ Yest L vol=1x pos=^79 vwap=above ema=bear rs=+0.1% adx=21 body=78% O600.01 H601.47 L599.99 C601.16 ATR=10.4 SL=600.12/599.6 rawVol=135835 volSMA=137211 buf=0.52 prices=596.42
2026-02-17T11:40:00.000-05:00,[KLB] 11:40 ▲ ~~ ~~ Yest L vol=0.8x pos=^69 vwap=above ema=bull rs=+0.1% adx=24 body=53% O600.03 H601.3 L599.78 C600.83 ATR=10.4 SL=599.79/599.27 rawVol=92631 volSMA=110133 buf=0.52 prices=596.42
2026-02-17T11:55:00.000-05:00,[KLB] 11:55 ▲ ~~ ~~ Yest L vol=0.5x pos=^100 vwap=above ema=bull rs=+0.1% adx=25 body=87% O600.14 H600.85 L600.03 C600.85 ATR=10.4 SL=599.81/599.29 rawVol=46195 volSMA=100190 buf=0.52 prices=596.42
2026-02-17T12:30:00.000-05:00,[KLB] 12:30 ▲ ~~ ~~ Yest L vol=0.8x pos=^99 vwap=above ema=bull rs=+0.1% adx=21 body=90% O599.42 H600.72 L599.3 C600.7 ATR=10.4 SL=599.66/599.14 rawVol=62201 volSMA=76119 buf=0.52 prices=596.42
2026-02-17T15:45:00.000-05:00,[KLB] 15:45 ▲ ~~ ~~ Yest L vol=1.5x pos=^77 vwap=above ema=bull rs=+0.1% adx=22 body=75% O600.42 H601.7 L600.4 C601.4 ATR=10.4 SL=600.36/599.84 rawVol=83933 volSMA=56241 buf=0.52 prices=596.42
2026-02-18T09:35:00.000-05:00,[KLB] 9:35 ▼ BRK PM L vol=16.9x pos=v80 vwap=below ema=bear rs=-0.1% adx=26 body=51% O602.12 H602.69 L600.73 C601.13 ATR=10.41 SL=602.17/602.69 rawVol=513191 volSMA=30321 buf=0.521 prices=601.29
2026-02-18T09:35:00.000-05:00,"[KLB] 9:35 ▼ ~ ~ Yest H
~ VWAP vol=16.9x pos=v80 vwap=below ema=bear rs=-0.1% adx=26 body=51% O602.12 H602.69 L600.73 C601.13 ATR=10.41 SL=602.17/602.69 rawVol=513191 volSMA=30321 buf=0.521 prices=603.95"
2026-02-18T09:40:00.000-05:00,[KLB] CONF 9:40 ▼ BRK → ✗ (failed)
2026-02-18T09:50:00.000-05:00,[KLB] 9:50 ▼ ~ ~ ORB H vol=2.7x pos=v92 vwap=below ema=bear rs=+0% adx=27 body=56% O603.06 H603.8 L601.73 C601.9 ATR=10.41 SL=602.94/603.46 rawVol=185141 volSMA=67370 buf=0.521 prices=602.69
2026-02-18T09:50:00.000-05:00,[KLB] 5m CHECK 9:50 ▲ pnl=-0.12 → BAIL
2026-02-18T09:55:00.000-05:00,[KLB] 9:55 ▲ ~ ~ VWAP vol=1.6x pos=^92 vwap=above ema=bear rs=+0.1% adx=26 body=90% O601.94 H604.15 L601.89 C603.97 ATR=10.41 SL=602.93/602.41 rawVol=119277 volSMA=73157 buf=0.521 prices=
2026-02-18T10:10:00.000-05:00,[KLB] 5m CHECK 10:10 ▲ pnl=0.01 → BAIL
2026-02-18T14:40:00.000-05:00,[KLB] 14:40 ▼ ~ ~ PM H vol=1.8x pos=v65 vwap=below ema=bear rs=+0.3% adx=39 body=62% O605.84 H605.89 L604.56 C605.02 ATR=10.41 SL=606.06/606.58 rawVol=110809 volSMA=62472 buf=0.521 prices=605.8
2026-02-19T09:45:00.000-05:00,[KLB] 9:45 ▲ ~ ~ PM L + ~ Yest L + ~ ORB L vol=4.4x pos=^85 vwap=above ema=bear rs=-0.1% adx=25 body=35% O602.34 H603.35 L601.34 C603.05 ATR=10.31 SL=602.02/601.5 rawVol=192451 volSMA=43995 buf=0.516 prices=601.92/600.72/602.35
2026-02-19T09:55:00.000-05:00,[KLB] 9:55 ▲ ~ ~ ORB L vol=2.3x pos=^58 vwap=above ema=bear rs=0% adx=25 body=58% O602.6 H604.12 L602.6 C603.48 ATR=10.31 SL=602.45/601.93 rawVol=125999 volSMA=55780 buf=0.516 prices=602.35
2026-02-19T10:05:00.000-05:00,[KLB] 10:05 ▲ ~ ~ VWAP vol=3.2x pos=^74 vwap=above ema=bear rs=+0.1% adx=23 body=43% O603.93 H605.61 L603.14 C604.98 ATR=10.31 SL=603.95/603.43 rawVol=236876 volSMA=73617 buf=0.516 prices=
2026-02-19T10:10:00.000-05:00,[KLB] 5m CHECK 10:10 ▲ pnl=-0.07 → BAIL
2026-02-19T12:05:00.000-05:00,[KLB] 12:05 ▼ ~ ~ VWAP vol=0.7x pos=v70 vwap=below ema=bear rs=+0.1% adx=21 body=53% O603.04 H603.19 L602.31 C602.57 ATR=10.31 SL=603.6/604.12 rawVol=42225 volSMA=67930 buf=0.516 prices=
2026-02-19T12:20:00.000-05:00,[KLB] 12:20 ▲ ~ ~ ORB L vol=1x pos=^93 vwap=above ema=bear rs=+0.1% adx=24 body=56% O603.07 H603.78 L602.65 C603.7 ATR=10.31 SL=602.67/602.15 rawVol=45783 volSMA=64748 buf=0.516 prices=602.35
2026-02-19T12:30:00.000-05:00,[KLB] 12:30 ▼ ~ ~ ORB H vol=0.7x pos=v75 vwap=below ema=bear rs=+0.1% adx=23 body=66% O604.09 H604.18 L603.16 C603.42 ATR=10.31 SL=604.45/604.97 rawVol=45848 volSMA=64252 buf=0.516 prices=603.96
2026-02-19T12:50:00.000-05:00,[KLB] 12:50 ▼ BRK ORB L vol=1.7x pos=v76 vwap=below ema=bear rs=+0% adx=24 body=75% O603.01 H603.02 L601.57 C601.92 ATR=10.31 SL=602.95/603.47 rawVol=102568 volSMA=60937 buf=0.516 prices=602.35
2026-02-19T12:50:00.000-05:00,[KLB] 12:50 ▼ ◆ ◆¹ ORB L 2x v59 vol= pos= vwap=below ema=bear rs=+0% adx=24 body=75% O603.01 H603.02 L601.57 C601.92 ATR=10.31 SL=602.95/603.47 rawVol=102568 volSMA=60937 buf=0.516 prices=
2026-02-19T13:10:00.000-05:00,[KLB] CONF 13:10 ▼ BRK → ✗ (failed)
2026-02-20T09:35:00.000-05:00,[KLB] 9:35 ▲ ~ ~ PM L vol=13.4x pos=^91 vwap=above ema=bear rs=+0.2% adx=35 body=65% O600.11 H602.63 L599.24 C602.32 ATR=9.94 SL=601.33/600.83 rawVol=345373 volSMA=25785 buf=0.497 prices=599.7
2026-02-20T09:40:00.000-05:00,[KLB] 9:40 ▲ ~ ~ Yest L vol=9.6x pos=^58 vwap=above ema=bear rs=+0.3% adx=35 body=45% O602.32 H604.33 L602.03 C603.36 ATR=9.94 SL=602.37/601.87 rawVol=208333 volSMA=36125 buf=0.497 prices=600.75
2026-02-20T09:45:00.000-05:00,[KLB] 9:45 ▲ ~ ~ VWAP vol=5x pos=^78 vwap=above ema=bear rs=+0.5% adx=35 body=69% O603.44 H605.73 L603.24 C605.17 ATR=9.94 SL=604.18/603.68 rawVol=124481 volSMA=42081 buf=0.497 prices=
2026-02-20T09:45:00.000-05:00,[KLB] 5m CHECK 9:45 ▲ pnl=0.18 → HOLD
2026-02-20T10:05:00.000-05:00,[KLB] 10:05 ▲ BRK Yest H vol=5.1x pos=^43 vwap=above ema=bull rs=+0.4% adx=36 body=38% O604.56 H608.96 L604.32 C606.33 ATR=9.94 SL=605.34/604.84 rawVol=410115 volSMA=80600 buf=0.497 prices=605.82
2026-02-20T10:05:00.000-05:00,[KLB] 10:05 ▲ ◆ ◆¹ Yest H 3.4x ^98 vol= pos= vwap=above ema=bull rs=+0.4% adx=36 body=38% O604.56 H608.96 L604.32 C606.33 ATR=9.94 SL=605.34/604.84 rawVol=410115 volSMA=80600 buf=0.497 prices=
2026-02-20T10:10:00.000-05:00,[KLB] CONF 10:10 ▲ BRK → ✗ (failed)
2026-02-20T10:25:00.000-05:00,[KLB] 10:25 ▲ BRK PM H vol=1.5x pos=^65 vwap=above ema=bull rs=+0.4% adx=37 body=56% O606.19 H607.77 L606.04 C607.16 ATR=9.94 SL=606.17/605.67 rawVol=125030 volSMA=117587 buf=0.497 prices=606.6
2026-02-20T10:25:00.000-05:00,[KLB] 10:25 ▲ ◆ ◆¹ PM H 1.3x ^23 vol= pos= vwap=above ema=bull rs=+0.4% adx=37 body=56% O606.19 H607.77 L606.04 C607.16 ATR=9.94 SL=606.17/605.67 rawVol=125030 volSMA=117587 buf=0.497 prices=
2026-02-20T10:30:00.000-05:00,[KLB] CONF 10:30 ▲ BRK → ✗ (failed)
2026-02-20T12:20:00.000-05:00,[KLB] 12:20 ▼ ~~ ~~ PM H vol=1.7x pos=v89 vwap=below ema=bull rs=+0.5% adx=24 body=89% O606.58 H606.58 L605.06 C605.23 ATR=9.94 SL=606.22/606.72 rawVol=161699 volSMA=97039 buf=0.497 prices=606.6
2026-02-20T12:25:00.000-05:00,[KLB] 12:25 ▼ ~ ~ VWAP vol=1.7x pos=v99 vwap=below ema=bull rs=+0.4% adx=25 body=73% O605.21 H605.56 L604.21 C604.23 ATR=9.94 SL=605.22/605.72 rawVol=113813 volSMA=96322 buf=0.497 prices=
2026-02-23T09:45:00.000-05:00,[KLB] 9:45 ▼ BRK ORB L vol=5.2x pos=v99 vwap=below ema=bear rs=-0.4% adx=24 body=99% O606.96 H606.96 L604.17 C604.19 ATR=10.02 SL=605.19/605.69 rawVol=182816 volSMA=37822 buf=0.501 prices=606.34
2026-02-23T09:45:00.000-05:00,[KLB] 9:45 ▼ ~ ~ VWAP vol=5.2x pos=v99 vwap=below ema=bear rs=-0.4% adx=24 body=99% O606.96 H606.96 L604.17 C604.19 ATR=10.02 SL=605.19/605.69 rawVol=182816 volSMA=37822 buf=0.501 prices=
2026-02-23T09:50:00.000-05:00,[KLB] 9:50 ▼ ◆ ◆² ORB L 3.4x v52 vol= pos= vwap=below ema=bear rs=-0.2% adx=23 body=21% O604.12 H605.19 L603.57 C604.46 ATR=10.02 SL=605.46/605.96 rawVol=155118 volSMA=44718 buf=0.501 prices=
2026-02-24T09:35:00.000-05:00,[KLB] 9:35 ▼ ~ ~ VWAP vol=15.9x pos=v75 vwap=below ema=bull rs=-0.1% adx=22 body=57% O602.37 H602.87 L600.09 C600.78 ATR=10 SL=601.78/602.28 rawVol=365106 volSMA=22959 buf=0.5 prices=
2026-02-24T09:40:00.000-05:00,[KLB] 9:40 ▲ ~ ~ PM L + ~ Yest L + ~ ORB L vol=8x pos=^90 vwap=above ema=bear rs=-0.1% adx=24 body=55% O600.77 H602.66 L599.74 C602.37 ATR=10 SL=601.37/600.87 rawVol=305892 volSMA=38030 buf=0.5 prices=602.02/599.05/600.09
2026-02-24T09:45:00.000-05:00,[KLB] 9:45 ▲ BRK ORB H vol=6.3x pos=^99 vwap=above ema=bull rs=+0.1% adx=23 body=98% O602.36 H604.96 L602.33 C604.93 ATR=10 SL=603.93/603.43 rawVol=225250 volSMA=48458 buf=0.5 prices=602.87
2026-02-24T09:45:00.000-05:00,[KLB] 9:45 ▲ ~ ~ VWAP vol=6.3x pos=^99 vwap=above ema=bull rs=+0.1% adx=23 body=98% O602.36 H604.96 L602.33 C604.93 ATR=10 SL=603.93/603.43 rawVol=225250 volSMA=48458 buf=0.5 prices=
2026-02-24T09:50:00.000-05:00,[KLB] 9:50 ▲ BRK PM H vol=5x pos=^65 vwap=above ema=bull rs=+0.1% adx=22 body=57% O604.95 H606.22 L604.83 C605.74 ATR=10 SL=604.74/604.24 rawVol=324673 volSMA=64439 buf=0.5 prices=604.66
2026-02-24T09:50:00.000-05:00,[KLB] CONF 9:50 ▲ BRK → ✓★ (auto-promote)
2026-02-24T09:50:00.000-05:00,[KLB] 9:50 ▲ ◆ ◆¹ PM H 3.6x ^27 vol= pos= vwap=above ema=bull rs=+0.1% adx=22 body=57% O604.95 H606.22 L604.83 C605.74 ATR=10 SL=604.74/604.24 rawVol=324673 volSMA=64439 buf=0.5 prices=
2026-02-24T09:55:00.000-05:00,[KLB] 5m CHECK 9:55 ▲ pnl=-0.07 → BAIL
2026-02-24T09:55:00.000-05:00,[KLB] CONF 9:55 ▲ BRK → ✗ (failed)
2026-02-25T09:35:00.000-05:00,[KLB] 9:35 ▲ BRK PM H vol=14x pos=^75 vwap=above ema=bull rs=+0.1% adx=26 body=70% O611.11 H613.06 L611.01 C612.55 ATR=9.95 SL=611.55/611.06 rawVol=291482 volSMA=20861 buf=0.498 prices=611.5
2026-02-25T09:45:00.000-05:00,[KLB] 9:45 ▲ BRK ORB H vol=6.1x pos=^86 vwap=above ema=bull rs=+0.3% adx=31 body=58% O613.14 H613.91 L612.84 C613.76 ATR=9.95 SL=612.76/612.27 rawVol=157486 volSMA=40955 buf=0.498 prices=613.06
2026-02-25T09:45:00.000-05:00,[KLB] 9:45 ▲ ~ ~ VWAP vol=6.1x pos=^86 vwap=above ema=bull rs=+0.3% adx=31 body=58% O613.14 H613.91 L612.84 C613.76 ATR=9.95 SL=612.76/612.27 rawVol=157486 volSMA=40955 buf=0.498 prices=
2026-02-25T09:45:00.000-05:00,[KLB] CONF 9:45 ▲ BRK → ✓ (auto-promote)
2026-02-25T09:50:00.000-05:00,[KLB] 5m CHECK 9:50 ▲ pnl=0.11 → HOLD
2026-02-26T09:50:00.000-05:00,[KLB] 9:50 ▼ BRK ORB L vol=3.6x pos=v62 vwap=below ema=bear rs=-0.1% adx=30 body=56% O613.62 H613.69 L612.38 C612.88 ATR=9.88 SL=613.87/614.36 rawVol=269777 volSMA=75795 buf=0.494 prices=613.47
2026-02-26T09:50:00.000-05:00,[KLB] 9:50 ▼ ~ ~ VWAP vol=3.6x pos=v62 vwap=below ema=bear rs=-0.1% adx=30 body=56% O613.62 H613.69 L612.38 C612.88 ATR=9.88 SL=613.87/614.36 rawVol=269777 volSMA=75795 buf=0.494 prices=
2026-02-26T09:50:00.000-05:00,[KLB] 9:50 ▼ ◆ ◆¹ ORB L 2.5x v56 vol= pos= vwap=below ema=bear rs=-0.1% adx=30 body=56% O613.62 H613.69 L612.38 C612.88 ATR=9.88 SL=613.87/614.36 rawVol=269777 volSMA=75795 buf=0.494 prices=
2026-02-26T10:15:00.000-05:00,[KLB] 10:15 ▼ BRK Yest L vol=2x pos=v98 vwap=below ema=bear rs=-0.4% adx=46 body=73% O610.84 H611.5 L608.87 C608.91 ATR=9.88 SL=609.9/610.39 rawVol=260833 volSMA=130667 buf=0.494 prices=611
2026-02-26T10:15:00.000-05:00,[KLB] 10:15 ▼ ~ ~ Week H vol=2x pos=v98 vwap=below ema=bear rs=-0.4% adx=46 body=73% O610.84 H611.5 L608.87 C608.91 ATR=9.88 SL=609.9/610.39 rawVol=260833 volSMA=130667 buf=0.494 prices=610.35
2026-02-26T10:15:00.000-05:00,[KLB] CONF 10:15 ▼ BRK → ✓ (auto-promote)
2026-02-26T10:20:00.000-05:00,[KLB] 5m CHECK 10:20 ▼ pnl=0.28 → HOLD
2026-02-27T09:45:00.000-05:00,[KLB] 9:45 ▼ BRK Yest L vol=3.5x pos=v49 vwap=below ema=bear rs=+0.2% adx=33 body=48% O605.06 H605.09 L602.19 C603.67 ATR=10.08 SL=604.68/605.18 rawVol=181105 volSMA=51539 buf=0.504 prices=603.98
2026-02-27T09:45:00.000-05:00,[KLB] 9:45 ▼ ~ ~ ORB H vol=3.5x pos=v49 vwap=below ema=bear rs=+0.2% adx=33 body=48% O605.06 H605.09 L602.19 C603.67 ATR=10.08 SL=604.68/605.18 rawVol=181105 volSMA=51539 buf=0.504 prices=605.1
2026-02-27T09:45:00.000-05:00,[KLB] 5m CHECK 9:45 ▲ pnl=-0.14 → BAIL
2026-02-27T09:50:00.000-05:00,[KLB] 9:50 ▲ ~ ~ VWAP vol=3.4x pos=^90 vwap=above ema=bear rs=+0.4% adx=31 body=68% O603.67 H605.96 L603.05 C605.66 ATR=10.08 SL=604.65/604.15 rawVol=207354 volSMA=61655 buf=0.504 prices=
2026-02-27T09:50:00.000-05:00,[KLB] CONF 9:50 ▼ BRK → ✗ (failed)
2026-03-02T09:45:00.000-05:00,[KLB] 9:45 ▲ ~ ~ Yest L vol=2.1x pos=^67 vwap=above ema=bull rs=+0.3% adx=23 body=65% O602.76 H604.01 L602.73 C603.59 ATR=9.87 SL=602.6/602.11 rawVol=126445 volSMA=61660 buf=0.493 prices=602.19
2026-03-02T09:50:00.000-05:00,[KLB] 9:50 ▲ BRK ORB H vol=2.2x pos=^91 vwap=above ema=bull rs=+0.3% adx=25 body=67% O603.57 H605.03 L603.1 C604.86 ATR=9.87 SL=603.87/603.38 rawVol=153188 volSMA=68254 buf=0.493 prices=603.87
2026-03-02T09:50:00.000-05:00,[KLB] 9:50 ▲ ◆ ◆¹ ORB H 2.5x ^38 vol= pos= vwap=above ema=bull rs=+0.3% adx=25 body=67% O603.57 H605.03 L603.1 C604.86 ATR=9.87 SL=603.87/603.38 rawVol=153188 volSMA=68254 buf=0.493 prices=
2026-03-02T10:40:00.000-05:00,[KLB] 10:40 ▲ ~ ~ VWAP vol=1.1x pos=^100 vwap=above ema=bull rs=+0.3% adx=39 body=66% O604.34 H605.54 L603.72 C605.54 ATR=9.87 SL=604.55/604.06 rawVol=131405 volSMA=123641 buf=0.493 prices=
2026-03-02T14:20:00.000-05:00,[KLB] 14:20 ▲ BRK Yest H vol=1.7x pos=^66 vwap=above ema=bull rs=+0.4% adx=20 body=64% O608.72 H609.61 L608.71 C609.3 ATR=9.87 SL=608.31/607.82 rawVol=100145 volSMA=59918 buf=0.493 prices=608.32
2026-03-02T14:20:00.000-05:00,[KLB] CONF 14:20 ▲ BRK → ✓ (auto-promote)
2026-03-02T14:25:00.000-05:00,[KLB] 5m CHECK 14:25 ▲ pnl=-0.02 → BAIL
2026-03-02T15:05:00.000-05:00,[KLB] CONF 15:05 ▲ BRK → ✗ (failed)
2026-03-03T09:40:00.000-05:00,"[KLB] 9:40 ▲ ~ ~ ORB L
~ VWAP vol=6.1x pos=^57 vwap=above ema=bear rs=+0.1% adx=25 body=42% O596.16 H599.39 L595.6 C597.75 ATR=10.01 SL=596.75/596.25 rawVol=390145 volSMA=63863 buf=0.501 prices=595.86"
2026-03-03T09:45:00.000-05:00,[KLB] 9:45 ▼ BRK Yest L vol=3.2x pos=v82 vwap=below ema=bear rs=+0.2% adx=26 body=65% O597.76 H598.17 L595.84 C596.25 ATR=10.01 SL=597.25/597.75 rawVol=241698 volSMA=75497 buf=0.501 prices=597.99
2026-03-03T09:45:00.000-05:00,[KLB] 9:45 ▼ ◆ ◆¹ Yest L 4.3x v93 vol= pos= vwap=below ema=bear rs=+0.2% adx=26 body=65% O597.76 H598.17 L595.84 C596.25 ATR=10.01 SL=597.25/597.75 rawVol=241698 volSMA=75497 buf=0.501 prices=
2026-03-03T09:55:00.000-05:00,[KLB] 9:55 ▲ ~ ~ ORB L vol=2.4x pos=^74 vwap=above ema=bear rs=+0.3% adx=26 body=58% O595.53 H597.07 L595.24 C596.6 ATR=10.01 SL=595.6/595.1 rawVol=243537 volSMA=100670 buf=0.501 prices=595.86
2026-03-03T09:55:00.000-05:00,[KLB] 5m CHECK 9:55 ▼ pnl=-0.11 → BAIL
2026-03-03T10:00:00.000-05:00,[KLB] 10:00 ▼ BRK ORB L vol=2x pos=v88 vwap=below ema=bear rs=+0.2% adx=25 body=78% O596.55 H596.72 L595 C595.2 ATR=10.01 SL=596.2/596.7 rawVol=219394 volSMA=111231 buf=0.501 prices=595.86
2026-03-03T10:00:00.000-05:00,[KLB] 10:00 ▼ ~ ~ VWAP vol=2x pos=v88 vwap=below ema=bear rs=+0.2% adx=25 body=78% O596.55 H596.72 L595 C595.2 ATR=10.01 SL=596.2/596.7 rawVol=219394 volSMA=111231 buf=0.501 prices=
2026-03-03T10:00:00.000-05:00,[KLB] CONF 10:00 ▼ BRK → ✓ (auto-promote)
2026-03-03T10:00:00.000-05:00,[KLB] 10:00 ▼ ◆ ◆¹ ORB L 2.8x v79 vol= pos= vwap=below ema=bear rs=+0.2% adx=25 body=78% O596.55 H596.72 L595 C595.2 ATR=10.01 SL=596.2/596.7 rawVol=219394 volSMA=111231 buf=0.501 prices=
2026-03-03T10:05:00.000-05:00,[KLB] 5m CHECK 10:05 ▼ pnl=0.01 → BAIL
2026-03-03T11:05:00.000-05:00,[KLB] CONF 11:05 ▼ BRK → ✗ (failed)
2026-03-03T11:45:00.000-05:00,[KLB] 11:45 ▲ ~~ ~~ Yest L vol=1.2x pos=^92 vwap=above ema=bull rs=+0.2% adx=23 body=36% O598.42 H599.14 L597.51 C599.01 ATR=10.01 SL=598.01/597.51 rawVol=244369 volSMA=202584 buf=0.501 prices=597.99
2026-03-03T11:50:00.000-05:00,[KLB] 11:50 ▲ ~ ~ Week L vol=1.3x pos=^56 vwap=above ema=bull rs=+0.2% adx=24 body=54% O599.01 H600.9 L598.97 C600.06 ATR=10.01 SL=599.06/598.56 rawVol=268245 volSMA=204905 buf=0.501 prices=599.05
2026-03-03T12:15:00.000-05:00,[KLB] 12:15 ▲ ~~ ~~ Yest L vol=0.5x pos=^95 vwap=above ema=bull rs=+0.2% adx=25 body=52% O598.78 H599.3 L598.39 C599.25 ATR=10.01 SL=598.25/597.75 rawVol=82858 volSMA=171869 buf=0.501 prices=597.99
2026-03-03T12:20:00.000-05:00,[KLB] 12:20 ▲ ~~ ~~ Yest L + ~ Week L vol=0.6x pos=^89 vwap=above ema=bull rs=+0.2% adx=25 body=36% O599.24 H599.76 L598.66 C599.64 ATR=10.01 SL=598.64/598.14 rawVol=104944 volSMA=168225 buf=0.501 prices=597.99/599.05
2026-03-03T12:25:00.000-05:00,[KLB] 12:25 ▲ ~~ ~~ Yest L + ~ Week L vol=0.6x pos=^100 vwap=above ema=bull rs=+0.2% adx=26 body=42% O599.64 H600.21 L598.84 C600.21 ATR=10.01 SL=599.21/598.71 rawVol=78972 volSMA=162725 buf=0.501 prices=597.99/599.05
2026-03-03T12:45:00.000-05:00,[KLB] 12:45 ▲ ~~ ~~ Yest L + ~ Week L vol=1x pos=^95 vwap=above ema=bull rs=+0.2% adx=23 body=94% O598.54 H600.21 L598.51 C600.13 ATR=10.01 SL=599.13/598.63 rawVol=107652 volSMA=144743 buf=0.501 prices=597.99/599.05
2026-03-03T13:05:00.000-05:00,[KLB] 13:05 ▲ ~~ ~~ Yest L + ~ Week L vol=1.2x pos=^71 vwap=above ema=bull rs=+0.1% adx=20 body=71% O598.84 H600.33 L598.84 C599.9 ATR=10.01 SL=598.9/598.4 rawVol=152802 volSMA=130460 buf=0.501 prices=597.99/599.05
