Date,Message
2025-10-06T09:35:00.000-04:00,[KLB] 9:35 ▲ RNG range break vol=13.6x
2025-10-06T09:35:00.000-04:00,[KLB] 9:35 ▲ BRK Week O + Month O vol=13.6x pos=^80 vwap=above ema=bull rs=+1.2% adx=22 body=57% ramp=13.6x rangeATR=6.1 ⚡ O440.82 H447.09 L438.98 C445.44 ATR=18.42 SL=443.6/442.68 rawVol=502120 volSMA=36835 buf=0.921 prices=
2025-10-06T09:35:00.000-04:00,[KLB] 9:35 ▲ ~ ~ VWAP + ~ PM H + ~ Yest H vol=13.6x pos=^80 vwap=above ema=bull rs=+1.2% adx=22 body=57% ramp=13.6x rangeATR=6.1 ⚡ O440.82 H447.09 L438.98 C445.44 ATR=18.42 SL=443.6/442.68 rawVol=502120 volSMA=36835 buf=0.921 prices=
2025-10-06T09:35:00.000-04:00,[KLB] CONF 9:35 ▲ BRK → ✓ (auto-R1: EMA)
2025-10-06T09:40:00.000-04:00,[KLB] 5m CHECK 9:40 ▲ pnl=-0.06 SPY~ → HOLD
2025-10-06T10:20:00.000-04:00,[KLB] 10:20 ▲ ~ ~ Yest H vol=2.1x pos=^82 vwap=above ema=bull rs=+0.9% adx=21 body=80% ramp=0.9x rangeATR=1.3 ⚠ O441.44 H444.33 L441.41 C443.79 ATR=18.42 SL=441.95/441.03 rawVol=245449 volSMA=117497 buf=0.921 prices=
2025-10-06T10:35:00.000-04:00,[KLB] 10:35 ▲ ~ ~ Yest H vol=0.7x pos=^74 vwap=above ema=bull rs=+0.8% adx=24 body=45% ramp=0.9x rangeATR=0.6 O443 H444.01 L442.59 C443.65 ATR=18.42 SL=441.8/440.88 rawVol=75534 volSMA=135749 buf=0.921 prices=
2025-10-06T11:35:00.000-04:00,[KLB] 11:35 ▲ ~ ~ ORB H vol=0.7x pos=^69 vwap=above ema=bull rs=+1.4% adx=31 body=60% ramp=0.9x rangeATR=0.6 O446.1 H447.16 L446 C446.8 ATR=18.42 SL=444.96/444.04 rawVol=83436 volSMA=121116 buf=0.921 prices=
2025-10-06T11:50:00.000-04:00,[KLB] 11:50 ▲ ~ ~ ORB H vol=0.6x pos=^86 vwap=above ema=bull rs=+1.5% adx=32 body=76% ramp=1.1x rangeATR=0.9 O446.04 H447.45 L445.89 C447.23 ATR=18.42 SL=445.39/444.47 rawVol=67600 volSMA=112165 buf=0.921 prices=
2025-10-06T12:15:00.000-04:00,[KLB] 12:15 ▲ ~ ~ ORB H vol=0.6x pos=^97 vwap=above ema=bull rs=+1.4% adx=29 body=93% ramp=1x rangeATR=1 ⚠ O444.96 H446.63 L444.9 C446.57 ATR=18.42 SL=444.73/443.81 rawVol=54771 volSMA=89217 buf=0.921 prices=
2025-10-07T09:30:00.000-04:00,[KLB] 9:30 ▼ ~ ~ Today O vol=0.8x pos=v48 vwap=below ema=bear rs=+0.1% adx=41 body=39% ramp=0.6x rangeATR=1.3 O448.35 H448.47 L447.1 C447.81 ATR=18.79 SL=449.69/450.63 rawVol=10863 volSMA=13851 buf=0.94 prices=
2025-10-07T09:40:00.000-04:00,[KLB] 9:40 ▲ RNG range break vol=4.7x
2025-10-07T09:40:00.000-04:00,[KLB] 9:40 ▲ ~ ~ VWAP + ~ PD LH L + ~ ORB H vol=4.7x pos=^94 vwap=above ema=bear rs=+0.6% adx=44 body=64% ramp=17.9x rangeATR=2.8 ⚡ O447.66 H450.8 L446.31 C450.55 ATR=18.79 SL=448.67/447.73 rawVol=189440 volSMA=40220 buf=0.94 prices=
2025-10-07T09:45:00.000-04:00,[KLB] 9:45 ▼ FADE at 449.83
2025-10-07T10:25:00.000-04:00,"[KLB] 10:25 ▼ ~ ~ ORB H
~ VWAP vol=1.3x pos=v97 vwap=below ema=bear rs=-0.1% adx=40 body=90% ramp=0.8x rangeATR=1.4 ⚠ O449.19 H449.36 L446.63 C446.72 ATR=18.79 SL=448.6/449.54 rawVol=124523 volSMA=95095 buf=0.94 prices=448.07"
2025-10-07T10:35:00.000-04:00,[KLB] 10:35 ▼ ~ x~ ORB H vol=1x pos=v90 vwap=below ema=bear rs=0% adx=41 body=20% ramp=1.1x rangeATR=0.9 O447.43 H448.66 L446.91 C447.08 ATR=18.79 SL=448.96/449.9 rawVol=102502 volSMA=101077 buf=0.94 prices=448.07
2025-10-07T11:00:00.000-04:00,[KLB] 11:00 ▼ ~ ~ ORB H vol=0.6x pos=v44 vwap=below ema=bear rs=+0.2% adx=39 body=44% ramp=0.7x rangeATR=0.6 O447.94 H447.94 L446.85 C447.46 ATR=18.79 SL=449.34/450.28 rawVol=77448 volSMA=119265 buf=0.94 prices=448.07
2025-10-07T11:05:00.000-04:00,[KLB] 11:05 ▼ ~ ~ ORB H vol=0.7x pos=v85 vwap=below ema=bear rs=-0.2% adx=40 body=64% ramp=0.7x rangeATR=1.6 O447.51 H448.15 L445.05 C445.52 ATR=18.79 SL=447.4/448.34 rawVol=87122 volSMA=123201 buf=0.94 prices=448.07
2025-10-07T11:10:00.000-04:00,[KLB] 11:10 ▼ BRK PM L + ORB L + Week O + Month O vol=2.1x pos=v85 vwap=below ema=bear rs=-1.1% adx=41 body=82% ramp=2.2x rangeATR=2.6 ⚡ ⚠ O445.48 H445.64 L439.8 C440.67 ATR=18.79 SL=442.55/443.49 rawVol=295182 volSMA=137417 buf=0.94 prices=445.2/442.29
2025-10-07T11:10:00.000-04:00,[KLB] CONF 11:10 ▼ BRK → ✓ (auto-R1: EMA)
2025-10-07T11:15:00.000-04:00,[KLB] 5m CHECK 11:15 ▼ pnl=-0.13 SPY✓ → HOLD
2025-10-07T11:50:00.000-04:00,[KLB] 11:50 ▼ BRK ORB L vol=1.4x pos=v99 vwap=below ema=bear rs=-1.4% adx=46 body=98% ramp=1.2x rangeATR=1.5 ⚠ O441.83 H441.86 L438.51 C438.56 ATR=18.79 SL=440.44/441.38 rawVol=151363 volSMA=111096 buf=0.94 prices=442.29
2025-10-07T11:50:00.000-04:00,[KLB] CONF 11:50 ▼ BRK → ✓ (auto-R1: EMA)
2025-10-07T11:55:00.000-04:00,[KLB] 5m CHECK 11:55 ▼ pnl=0 SPY✓ → HOLD
2025-10-07T14:40:00.000-04:00,[KLB] 14:40 ▼ BRK ORB L vol=2.6x pos=v50 vwap=below ema=bear rs=-0.8% adx=21 body=33% ramp=1.8x rangeATR=1.3 O442.59 H443.08 L440.2 C441.64 ATR=18.79 SL=443.52/444.46 rawVol=153367 volSMA=89880 buf=0.94 prices=442.29
2025-10-07T14:40:00.000-04:00,[KLB] CONF 14:40 ▼ BRK → ✓ (auto-R1: EMA)
2025-10-07T14:45:00.000-04:00,[KLB] 5m CHECK 14:45 ▼ pnl=0.14 SPY✓ → HOLD
2025-10-07T15:15:00.000-04:00,[KLB] 15:15 ▼ BRK Yest L vol=2.5x pos=v86 vwap=below ema=bear rs=-2.3% adx=30 body=84% ramp=2x rangeATR=1.6 ⚠ O438.28 H438.36 L434.5 C435.03 ATR=18.79 SL=436.91/437.85 rawVol=314126 volSMA=126398 buf=0.94 prices=436.69
2025-10-07T15:15:00.000-04:00,[KLB] CONF 15:15 ▼ BRK → ✓ (auto-R1: EMA)
2025-10-07T15:20:00.000-04:00,[KLB] 5m CHECK 15:20 ▼ pnl=0.05 SPY✓ → HOLD
2025-10-08T09:35:00.000-04:00,[KLB] 9:35 ▼ RNG range break vol=15.3x
2025-10-08T09:35:00.000-04:00,[KLB] 9:35 ▼ BRK PM L + Yest L + PD LH L vol=15.3x pos=v96 vwap=below ema=bear rs=-2% adx=27 body=94% ramp=27.5x rangeATR=7.2 ⚡ ⚠ O437.57 H437.77 L428.07 C428.46 ATR=18.94 SL=430.35/431.3 rawVol=470379 volSMA=30833 buf=0.947 prices=434.08/432.45
2025-10-08T09:35:00.000-04:00,[KLB] 9:35 ▼ ~ ~ VWAP + ~ PD Cls vol=15.3x pos=v96 vwap=below ema=bear rs=-2% adx=27 body=94% ramp=27.5x rangeATR=7.2 ⚡ ⚠ O437.57 H437.77 L428.07 C428.46 ATR=18.94 SL=430.35/431.3 rawVol=470379 volSMA=30833 buf=0.947 prices=
2025-10-08T09:35:00.000-04:00,[KLB] CONF 9:35 ▼ BRK → ✓ (auto-R1: EMA)
2025-10-08T09:40:00.000-04:00,[KLB] 5m CHECK 9:40 ▼ pnl=-0.04 SPY~ → HOLD
2025-10-08T14:40:00.000-04:00,[KLB] 14:40 ▲ ~ ~ PM H vol=0.6x pos=^65 vwap=above ema=bull rs=-0.1% adx=26 body=62% ramp=0.5x rangeATR=0.9 🔇 O438.11 H439.31 L438.07 C438.88 ATR=18.94 SL=436.99/436.04 rawVol=37148 volSMA=60115 buf=0.947 prices=
2025-10-08T15:40:00.000-04:00,[KLB] 15:40 ▲ ~ ~ PM H vol=0.8x pos=^60 vwap=above ema=bull rs=-0.2% adx=22 body=35% ramp=1x rangeATR=0.6 O438.32 H438.83 L438.15 C438.56 ATR=18.94 SL=436.67/435.72 rawVol=47903 volSMA=60788 buf=0.947 prices=
2025-10-08T15:55:00.000-04:00,[KLB] 15:55 ▲ ~ ~ PM H vol=1.9x pos=^93 vwap=above ema=bull rs=+0.1% adx=21 body=92% ramp=1.6x rangeATR=1.5 ⚠ O438.16 H440.08 L438.14 C439.95 ATR=18.94 SL=438.06/437.11 rawVol=123628 volSMA=65404 buf=0.947 prices=
2025-10-09T09:30:00.000-04:00,[KLB] 9:30 ▼ ~ ~ Today O vol=0.8x pos=v100 vwap=below ema=bear rs=+0% adx=38 body=73% ramp=0.8x rangeATR=1.7 O432.7 H433.11 L431.59 C431.59 ATR=18.73 SL=433.46/434.4 rawVol=9883 volSMA=12966 buf=0.937 prices=
2025-10-09T09:40:00.000-04:00,[KLB] 9:40 ▲ ~ ~ ORB H vol=6.6x pos=^35 vwap=above ema=bear rs=+0.2% adx=38 body=32% ramp=11.8x rangeATR=2.1 ⚡ O431.83 H434.31 L431.77 C432.65 ATR=18.73 SL=430.78/429.84 rawVol=150489 volSMA=29328 buf=0.937 prices=
2025-10-09T09:45:00.000-04:00,[KLB] 9:45 ▼ BRK PM L vol=6.1x pos=v64 vwap=below ema=bear rs=-0.4% adx=39 body=61% ramp=24.3x rangeATR=3.5 ⚡ O432.62 H432.77 L427.51 C429.41 ATR=18.73 SL=431.28/432.22 rawVol=250526 volSMA=41296 buf=0.937 prices=429.54
2025-10-09T09:45:00.000-04:00,"[KLB] 9:45 ▼ ~ ~ ORB H
~ VWAP vol=6.1x pos=v64 vwap=below ema=bear rs=-0.4% adx=39 body=61% ramp=24.3x rangeATR=3.5 ⚡ O432.62 H432.77 L427.51 C429.41 ATR=18.73 SL=431.28/432.22 rawVol=250526 volSMA=41296 buf=0.937 prices=433"
2025-10-09T09:45:00.000-04:00,[KLB] CONF 9:45 ▼ BRK → ✓ (auto-R1: EMA)
2025-10-09T09:50:00.000-04:00,[KLB] 5m CHECK 9:50 ▼ pnl=-0.08 SPY~ → HOLD
2025-10-09T10:35:00.000-04:00,[KLB] 10:35 ▼ ~ ~ ORB H vol=1.7x pos=v76 vwap=below ema=bear rs=+0.1% adx=32 body=76% ramp=1.3x rangeATR=1.6 O432.53 H432.53 L429.68 C430.36 ATR=18.73 SL=432.23/433.17 rawVol=150653 volSMA=87429 buf=0.937 prices=433
2025-10-09T10:40:00.000-04:00,[KLB] 10:40 ▼ BRK PM L vol=1.6x pos=v47 vwap=below ema=bear rs=-0.1% adx=32 body=40% ramp=1.5x rangeATR=1.4 O430.4 H430.59 L428.02 C429.37 ATR=18.73 SL=431.24/432.18 rawVol=145266 volSMA=94452 buf=0.937 prices=429.54
2025-10-09T10:40:00.000-04:00,[KLB] CONF 10:40 ▼ BRK → ✓ (auto-R1: EMA)
2025-10-09T10:45:00.000-04:00,[KLB] 10:45 ▼ BRK ORB L vol=2.4x pos=v84 vwap=below ema=bear rs=-0.7% adx=33 body=62% ramp=2.1x rangeATR=2.1 ⚡ O429.42 H430.33 L426.18 C426.86 ATR=18.73 SL=428.73/429.67 rawVol=259501 volSMA=107209 buf=0.937 prices=429.28
2025-10-09T10:45:00.000-04:00,[KLB] CONF 10:45 ▼ BRK → ✓ (auto-R1: EMA)
2025-10-09T10:50:00.000-04:00,[KLB] 5m CHECK 10:50 ▼ pnl=-0.08 SPY✓ → HOLD
2025-10-10T09:35:00.000-04:00,[KLB] 9:35 ▲ RNG range break vol=15.1x
2025-10-10T10:05:00.000-04:00,[KLB] 10:05 ▼ ~ x~ PM H vol=1.3x pos=v65 vwap=below ema=bull rs=+0.1% adx=28 body=23% ramp=0.5x rangeATR=1.3 🔇 O437.84 H438.6 L436.78 C437.42 ATR=18.29 SL=439.25/440.16 rawVol=89814 volSMA=70105 buf=0.914 prices=438.3
2025-10-10T10:15:00.000-04:00,[KLB] 10:15 ▼ ~ ~ PD Cls vol=1.9x pos=v73 vwap=below ema=bull rs=-0.5% adx=27 body=54% ramp=0.8x rangeATR=2.6 ⚡ O436.76 H437.52 L433.33 C434.48 ATR=18.29 SL=436.31/437.22 rawVol=160047 volSMA=82274 buf=0.914 prices=
2025-10-10T10:20:00.000-04:00,[KLB] 10:20 ▲ FADE at 435.54
2025-10-10T10:40:00.000-04:00,[KLB] 10:40 ▲ ~ ~ PM H vol=1.1x pos=^92 vwap=above ema=bull rs=+0.4% adx=22 body=89% ramp=0.7x rangeATR=1.1 ⚠ O437.15 H438.82 L437.11 C438.68 ATR=18.29 SL=436.85/435.94 rawVol=119992 volSMA=104785 buf=0.914 prices=
2025-10-10T10:50:00.000-04:00,[KLB] 10:50 ▲ ~ ~ VWAP + ~ ORB H vol=0.9x pos=^97 vwap=above ema=bull rs=+0.6% adx=23 body=77% ramp=1.3x rangeATR=1 O438.68 H439.93 L438.37 C439.88 ATR=18.29 SL=438.05/437.14 rawVol=99157 volSMA=113292 buf=0.914 prices=
2025-10-10T11:20:00.000-04:00,[KLB] 11:20 ▼ BRK Yest L vol=2.4x pos=v72 vwap=below ema=bear rs=-1.4% adx=28 body=68% ramp=1x rangeATR=2.7 ⚡ O430.89 H431.21 L424.01 C426.01 ATR=18.29 SL=427.84/428.75 rawVol=352227 volSMA=147268 buf=0.914 prices=426.18
2025-10-10T11:20:00.000-04:00,[KLB] CONF 11:20 ▼ BRK → ✓ (auto-R1: EMA)
2025-10-10T11:25:00.000-04:00,[KLB] 5m CHECK 11:25 ▼ pnl=0.13 SPY✓ → HOLD
2025-10-13T09:35:00.000-04:00,[KLB] 9:35 ▼ RNG range break vol=11.9x
2025-10-14T09:35:00.000-04:00,[KLB] 9:35 ▼ RNG range break vol=11.9x
2025-10-14T09:45:00.000-04:00,[KLB] 9:45 ▼ BRK PM L + Yest L + ORB L vol=6.1x pos=v80 vwap=below ema=bear rs=-1.3% adx=21 body=70% ramp=28.4x rangeATR=2.6 ⚡ O421.98 H422.39 L418.33 C419.15 ATR=19.54 SL=421.1/422.08 rawVol=212206 volSMA=43137 buf=0.977 prices=421.85/419.7/421.53
2025-10-14T09:45:00.000-04:00,[KLB] 9:45 ▼ ~ ~ VWAP vol=6.1x pos=v80 vwap=below ema=bear rs=-1.3% adx=21 body=70% ramp=28.4x rangeATR=2.6 ⚡ O421.98 H422.39 L418.33 C419.15 ATR=19.54 SL=421.1/422.08 rawVol=212206 volSMA=43137 buf=0.977 prices=
2025-10-14T09:45:00.000-04:00,[KLB] CONF 9:45 ▼ BRK → ✓ (auto-R1: EMA)
2025-10-14T09:50:00.000-04:00,[KLB] 5m CHECK 9:50 ▼ pnl=-0.02 SPY✓ → HOLD
2025-10-14T12:50:00.000-04:00,[KLB] 12:50 ▲ ~ ~ PD LH L vol=1.3x pos=^96 vwap=above ema=bull rs=+0.3% adx=28 body=87% ramp=0.8x rangeATR=1 ⚠ O432 H433.44 L431.86 C433.37 ATR=19.54 SL=431.42/430.44 rawVol=89414 volSMA=66568 buf=0.977 prices=
2025-10-15T09:35:00.000-04:00,[KLB] 9:35 ▼ RNG range break vol=13.3x
2025-10-15T10:10:00.000-04:00,[KLB] 10:10 ▲ ~ ~ VWAP + ~ PM H vol=1.3x pos=^69 vwap=above ema=bull rs=-0.2% adx=24 body=59% ramp=0.7x rangeATR=1.3 O434.83 H436.68 L434.62 C436.05 ATR=19.44 SL=434.11/433.13 rawVol=70410 volSMA=55306 buf=0.972 prices=
2025-10-15T10:30:00.000-04:00,[KLB] 10:30 ▲ RNG range break vol=3x
2025-10-15T10:30:00.000-04:00,[KLB] 10:30 ▲ ~ ~ ORB H vol=3x pos=^67 vwap=above ema=bull rs=+0.6% adx=33 body=58% ramp=1.5x rangeATR=1.8 O437.76 H440.5 L437.51 C439.5 ATR=19.44 SL=437.56/436.58 rawVol=242542 volSMA=80383 buf=0.972 prices=
2025-10-15T12:20:00.000-04:00,[KLB] 12:20 ▼ ~ ~ VWAP vol=0.4x pos=v75 vwap=below ema=bear rs=-0.1% adx=23 body=69% ramp=0.5x rangeATR=0.8 🔇 O434.41 H434.49 L433.1 C433.45 ATR=19.44 SL=435.39/436.37 rawVol=30009 volSMA=75917 buf=0.972 prices=
2025-10-15T12:35:00.000-04:00,[KLB] 12:35 ▼ ~ ~ PM H vol=0.5x pos=v94 vwap=below ema=bear rs=-0.1% adx=22 body=64% ramp=0.9x rangeATR=1.2 O434.73 H435.34 L433.29 C433.42 ATR=19.44 SL=435.36/436.34 rawVol=33104 volSMA=70047 buf=0.972 prices=435.8
2025-10-15T13:05:00.000-04:00,[KLB] 13:05 ▼ BRK PM L vol=1.5x pos=v40 vwap=below ema=bear rs=0% adx=23 body=38% ramp=1.1x rangeATR=1.4 O433.19 H433.23 L430.99 C432.34 ATR=19.44 SL=434.28/435.26 rawVol=91377 volSMA=59824 buf=0.972 prices=432.75
2025-10-15T13:05:00.000-04:00,[KLB] CONF 13:05 ▼ BRK → ✓ (auto-R1: EMA)
2025-10-15T13:10:00.000-04:00,[KLB] 13:10 ▼ BRK ORB L vol=2x pos=v81 vwap=below ema=bear rs=-0.4% adx=25 body=76% ramp=1.9x rangeATR=1.8 O432.33 H432.49 L429.3 C429.9 ATR=19.44 SL=431.84/432.82 rawVol=122998 volSMA=61174 buf=0.972 prices=431.86
2025-10-15T13:10:00.000-04:00,[KLB] CONF 13:10 ▼ BRK → ✓ (auto-R1: EMA)
2025-10-15T13:15:00.000-04:00,[KLB] 13:15 ▼ ~ ~ Yest H + ~ PD Cls vol=2x pos=v88 vwap=below ema=bear rs=-0.7% adx=27 body=83% ramp=3x rangeATR=1.7 ⚠ O429.89 H430.04 L427 C427.36 ATR=19.44 SL=429.3/430.28 rawVol=128566 volSMA=63412 buf=0.972 prices=434.2
2025-10-15T13:15:00.000-04:00,[KLB] 5m CHECK 13:15 ▼ pnl=0.13 SPY✓ → HOLD
2025-10-15T13:30:00.000-04:00,[KLB] 13:30 ▼ ~ ~ Yest H vol=1.2x pos=v80 vwap=below ema=bear rs=-0.5% adx=32 body=36% ramp=0.6x rangeATR=1.1 O429.48 H430.4 L428.28 C428.71 ATR=19.44 SL=430.65/431.63 rawVol=74335 volSMA=61125 buf=0.972 prices=434.2
2025-10-16T09:30:00.000-04:00,[KLB] 9:30 ▼ ~ ~ Yest H + ~ PD Cls vol=2x pos=v100 vwap=below ema=bull rs=+0.3% adx=21 body=100% ramp=3x rangeATR=1.8 ⚠ O435.55 H435.55 L434.74 C434.74 ATR=19.06 SL=436.65/437.6 rawVol=9203 volSMA=5098 buf=0.953 prices=440.51
2025-10-16T09:40:00.000-04:00,[KLB] 9:40 ▲ ~ ~ Yest L + ~ Yest H + ~ ORB H vol=8.5x pos=^62 vwap=above ema=bull rs=+0.3% adx=25 body=47% ramp=23.9x rangeATR=3.4 ⚡ O434.93 H437.23 L434.5 C436.2 ATR=19.06 SL=434.29/433.34 rawVol=143128 volSMA=20537 buf=0.953 prices=426.33
2025-10-16T09:45:00.000-04:00,[KLB] 9:45 ▼ ~ ~ Yest H + ~ ORB H vol=5.4x pos=v53 vwap=below ema=bull rs=-0.1% adx=27 body=48% ramp=21.9x rangeATR=3.3 ⚡ O436.07 H436.25 L432.94 C434.48 ATR=19.06 SL=436.39/437.34 rawVol=148138 volSMA=27610 buf=0.953 prices=440.51/436.3
2025-10-16T09:50:00.000-04:00,[KLB] 9:50 ▼ RNG range break vol=4.5x
2025-10-16T09:50:00.000-04:00,[KLB] 9:50 ▼ BRK PM L vol=4.5x pos=v99 vwap=below ema=bear rs=-0.5% adx=28 body=65% ramp=2.1x rangeATR=2.6 ⚡ O434.48 H435.47 L432.56 C432.58 ATR=19.06 SL=434.49/435.44 rawVol=108843 volSMA=32563 buf=0.953 prices=433.7
2025-10-16T09:50:00.000-04:00,"[KLB] 9:50 ▼ ~ ~ Yest H
~ VWAP vol=4.5x pos=v99 vwap=below ema=bear rs=-0.5% adx=28 body=65% ramp=2.1x rangeATR=2.6 ⚡ O434.48 H435.47 L432.56 C432.58 ATR=19.06 SL=434.49/435.44 rawVol=108843 volSMA=32563 buf=0.953 prices=440.51"
2025-10-16T09:50:00.000-04:00,[KLB] CONF 9:50 ▼ BRK → ✓ (auto-R1: EMA)
2025-10-16T09:55:00.000-04:00,[KLB] 5m CHECK 9:55 ▼ pnl=-0.12 SPY~ → BAIL
2025-10-16T10:35:00.000-04:00,[KLB] 10:35 ▲ ~ ~ VWAP + ~ PM H vol=1.9x pos=^65 vwap=above ema=bull rs=+0.6% adx=27 body=65% ramp=1.2x rangeATR=1.6 O435.86 H438.46 L435.85 C437.55 ATR=19.06 SL=435.64/434.69 rawVol=143380 volSMA=74736 buf=0.953 prices=
2025-10-16T11:10:00.000-04:00,[KLB] 11:10 ▲ ~ ~ PM H + ~ ORB H vol=0.6x pos=^100 vwap=above ema=bull rs=+0.4% adx=22 body=40% ramp=0.8x rangeATR=1.1 O436.44 H437.15 L435.37 C437.15 ATR=19.06 SL=435.24/434.29 rawVol=62527 volSMA=99654 buf=0.953 prices=
2025-10-16T12:05:00.000-04:00,[KLB] 12:05 ▼ BRK PM L + ORB L + PD LH L vol=1.6x pos=v43 vwap=below ema=bear rs=-0.3% adx=29 body=38% ramp=0.9x rangeATR=1.7 O432.88 H433.05 L430.12 C431.78 ATR=19.06 SL=433.69/434.64 rawVol=117539 volSMA=73859 buf=0.953 prices=433.7/432.75
2025-10-16T12:05:00.000-04:00,[KLB] CONF 12:05 ▼ BRK → ✓ (auto-R1: EMA)
2025-10-16T12:10:00.000-04:00,[KLB] 5m CHECK 12:10 ▼ pnl=-0.01 SPY✓ → HOLD
2025-10-16T15:20:00.000-04:00,[KLB] 15:20 ▼ BRK Yest L vol=1.1x pos=v90 vwap=below ema=bear rs=-1.1% adx=35 body=79% ramp=1x rangeATR=0.8 O426.16 H426.32 L424.85 C425 ATR=19.06 SL=426.91/427.86 rawVol=61181 volSMA=73779 buf=0.953 prices=426.33
2025-10-16T15:20:00.000-04:00,[KLB] CONF 15:20 ▼ BRK → ✓ (auto-R1: EMA)
2025-10-16T15:25:00.000-04:00,[KLB] 5m CHECK 15:25 ▼ pnl=-0.02 SPY✓ → HOLD
2025-10-17T09:35:00.000-04:00,[KLB] 9:35 ▲ RNG range break vol=9.3x
2025-10-17T09:35:00.000-04:00,[KLB] 9:35 ▲ ~ ~ VWAP + ~ PM H vol=9.3x pos=^84 vwap=above ema=bull rs=+0.6% adx=38 body=53% ramp=11.9x rangeATR=4.3 ⚡ O425.42 H429.48 L423.6 C428.56 ATR=18.99 SL=426.66/425.71 rawVol=156427 volSMA=16904 buf=0.949 prices=
2025-10-17T09:50:00.000-04:00,[KLB] 9:50 ▲ ~ ~ PM H vol=3.1x pos=^59 vwap=above ema=bull rs=+0.5% adx=35 body=47% ramp=2.9x rangeATR=1.8 O426.48 H429.13 L426.14 C427.89 ATR=18.99 SL=425.99/425.04 rawVol=121788 volSMA=39431 buf=0.949 prices=
2025-10-17T09:55:00.000-04:00,[KLB] 9:55 ▲ ~ ~ Yest L + ~ ORB H vol=4.8x pos=^84 vwap=above ema=bull rs=+1.3% adx=35 body=83% ramp=1.4x rangeATR=2.7 ⚡ ⚠ O428 H433.1 L427.97 C432.27 ATR=18.99 SL=430.37/429.42 rawVol=246088 volSMA=51215 buf=0.949 prices=421.31
2025-10-17T10:15:00.000-04:00,[KLB] 10:15 ▲ ~ ~ Yest H vol=3.2x pos=^91 vwap=above ema=bull rs=+2.1% adx=37 body=80% ramp=1x rangeATR=1.8 ⚠ O433.73 H437.15 L433.33 C436.8 ATR=18.99 SL=434.9/433.95 rawVol=264054 volSMA=83702 buf=0.949 prices=
2025-10-17T11:05:00.000-04:00,[KLB] 11:05 ▲ ~ ~ Yest H vol=0.5x pos=^73 vwap=above ema=bull rs=+2.1% adx=36 body=63% ramp=0.6x rangeATR=0.9 O433.98 H436 L433.76 C435.39 ATR=18.99 SL=433.49/432.54 rawVol=81719 volSMA=154975 buf=0.949 prices=
2025-10-17T11:45:00.000-04:00,[KLB] 11:45 ▲ ~ ~ Yest H vol=0.8x pos=^88 vwap=above ema=bull rs=+2% adx=23 body=86% ramp=1x rangeATR=0.9 ⚠ O433.06 H435.08 L433 C434.84 ATR=18.99 SL=432.94/431.99 rawVol=88225 volSMA=126556 buf=0.949 prices=
2025-10-17T11:55:00.000-04:00,[KLB] 11:55 ▲ ~ ~ Yest H vol=0.7x pos=^66 vwap=above ema=bull rs=+2.1% adx=21 body=44% ramp=1.1x rangeATR=0.8 O435.09 H436.41 L434.71 C435.83 ATR=18.99 SL=433.93/432.98 rawVol=78048 volSMA=115160 buf=0.949 prices=
2025-10-20T09:35:00.000-04:00,[KLB] 9:35 ▼ RNG range break vol=13.2x
2025-10-20T09:35:00.000-04:00,[KLB] 9:35 ▼ ~ ~ PM H + ~ Today O vol=13.2x pos=v74 vwap=below ema=bull rs=-0.5% adx=22 body=34% ramp=13x rangeATR=6 ⚡ O443.94 H445.88 L441.12 C442.34 ATR=18.91 SL=444.23/445.18 rawVol=237780 volSMA=18005 buf=0.945 prices=446
2025-10-20T09:50:00.000-04:00,[KLB] 9:50 ▲ FADE at 446
2025-10-20T09:50:00.000-04:00,[KLB] 9:50 ▲ RNG range break vol=4x
2025-10-20T09:50:00.000-04:00,[KLB] 9:50 ▲ ~ ~ VWAP + ~ PM H + ~ ORB H vol=4x pos=^95 vwap=above ema=bull rs=+0.3% adx=25 body=63% ramp=2x rangeATR=2.4 ⚡ O444.75 H446.8 L443.8 C446.65 ATR=18.91 SL=444.76/443.81 rawVol=171655 volSMA=42581 buf=0.945 prices=
2025-10-20T10:25:00.000-04:00,[KLB] 10:25 ▼ ~ x~ PM H vol=1.4x pos=v48 vwap=below ema=bull rs=0% adx=23 body=19% ramp=0.9x rangeATR=1.1 O445.74 H446.26 L444.43 C445.39 ATR=18.91 SL=447.28/448.23 rawVol=120260 volSMA=83878 buf=0.945 prices=446
2025-10-20T13:10:00.000-04:00,[KLB] 13:10 ▼ ~ ~ VWAP vol=1.4x pos=v88 vwap=below ema=bear rs=-0.9% adx=21 body=86% ramp=1.1x rangeATR=1.3 ⚠ O443.97 H443.99 L442.38 C442.58 ATR=18.91 SL=444.47/445.42 rawVol=61917 volSMA=43618 buf=0.945 prices=
2025-10-21T09:35:00.000-04:00,[KLB] 9:35 ▼ RNG range break vol=13.1x
2025-10-21T09:45:00.000-04:00,[KLB] 9:45 ▼ ~ ~ PM H + ~ Yest H + ~ ORB H + ~ PD Cls vol=7.3x pos=v94 vwap=below ema=bull rs=-0.4% adx=22 body=50% ramp=28.2x rangeATR=4.8 ⚡ O446.5 H448.75 L443.6 C443.93 ATR=18.31 SL=445.76/446.68 rawVol=221352 volSMA=30464 buf=0.915 prices=446.51/449.8/447.14
2025-10-21T10:30:00.000-04:00,[KLB] 10:30 ▼ ~ ~ PM H + ~ ORB H vol=0.9x pos=v97 vwap=below ema=bear rs=-0.1% adx=20 body=72% ramp=1x rangeATR=1.5 O446.15 H446.65 L444.65 C444.71 ATR=18.31 SL=446.54/447.46 rawVol=60509 volSMA=69900 buf=0.915 prices=446.51/447.14
2025-10-21T14:45:00.000-04:00,[KLB] 14:45 ▼ ~ ~ PM H vol=0.9x pos=v79 vwap=below ema=bear rs=-0.1% adx=21 body=69% ramp=1x rangeATR=1.1 O446.11 H446.21 L445.22 C445.43 ATR=18.31 SL=447.26/448.18 rawVol=28100 volSMA=32718 buf=0.915 prices=446.51
2025-10-21T14:55:00.000-04:00,[KLB] 14:55 ▼ ~ ~ PM H vol=0.8x pos=v81 vwap=below ema=bear rs=-0.1% adx=20 body=47% ramp=0.9x rangeATR=0.8 O445.78 H446.03 L445.3 C445.44 ATR=18.31 SL=447.27/448.19 rawVol=24059 volSMA=32073 buf=0.915 prices=446.51
2025-10-21T15:25:00.000-04:00,[KLB] 15:25 ▼ ~ ~ PM H vol=2.1x pos=v51 vwap=below ema=bear rs=-0.1% adx=20 body=51% ramp=2.3x rangeATR=1.4 O446.05 H446.05 L444.99 C445.51 ATR=18.31 SL=447.34/448.26 rawVol=60527 volSMA=29495 buf=0.915 prices=446.51
2025-10-22T09:45:00.000-04:00,[KLB] 9:45 ▼ BRK Yest L + PD LH L vol=4.7x pos=v67 vwap=below ema=bear rs=-0.3% adx=21 body=53% ramp=58.9x rangeATR=2.8 ⚡ O443.3 H443.7 L440.8 C441.77 ATR=17.52 SL=443.52/444.4 rawVol=123013 volSMA=25974 buf=0.876 prices=442.05
2025-10-22T09:45:00.000-04:00,[KLB] CONF 9:45 ▼ BRK → ✓ (auto-R1: EMA)
2025-10-22T09:50:00.000-04:00,[KLB] 5m CHECK 9:50 ▼ pnl=0.01 SPY~ → HOLD
2025-10-22T10:25:00.000-04:00,[KLB] 10:25 ▼ ~ ~ VWAP vol=2.2x pos=v92 vwap=below ema=bear rs=-1.3% adx=23 body=75% ramp=1.4x rangeATR=2.2 ⚡ O439.07 H439.67 L436.28 C436.54 ATR=17.52 SL=438.29/439.17 rawVol=145615 volSMA=65633 buf=0.876 prices=
2025-10-22T15:40:00.000-04:00,[KLB] 15:40 ▲ ~ ~ VWAP vol=1.6x pos=^71 vwap=above ema=bull rs=-0.6% adx=31 body=41% ramp=1x rangeATR=0.8 O438.02 H438.75 L437.7 C438.45 ATR=17.52 SL=436.7/435.82 rawVol=103289 volSMA=63698 buf=0.876 prices=
2025-10-23T09:30:00.000-04:00,[KLB] 9:30 ▼ RNG range break vol=3.1x
2025-10-23T12:30:00.000-04:00,[KLB] 12:30 ▲ ~ ~ PD LH L vol=1x pos=^83 vwap=above ema=bull rs=+3.5% adx=35 body=75% ramp=1x rangeATR=1.2 O434.6 H436.71 L434.43 C436.32 ATR=17.45 SL=434.58/433.7 rawVol=127531 volSMA=133409 buf=0.872 prices=
2025-10-23T12:45:00.000-04:00,[KLB] 12:45 ▲ ~ ~ Yest L + ~ PD Cls + ~ Week H vol=1.8x pos=^100 vwap=above ema=bull rs=+4.6% adx=40 body=85% ramp=1.6x rangeATR=1.3 ⚠ O438.93 H441.19 L438.54 C441.18 ATR=17.45 SL=439.44/438.56 rawVol=252461 volSMA=136899 buf=0.872 prices=429
2025-10-23T12:55:00.000-04:00,[KLB] 12:55 ▲ ~ ~ Week H vol=1.5x pos=^99 vwap=above ema=bull rs=+5.1% adx=44 body=86% ramp=1.5x rangeATR=1.7 ⚠ O440.5 H443.44 L440.06 C443.42 ATR=17.45 SL=441.68/440.8 rawVol=203117 volSMA=136497 buf=0.872 prices=
2025-10-23T13:00:00.000-04:00,[KLB] 13:00 ▲ BRK Month O vol=2.1x pos=^89 vwap=above ema=bull rs=+5.5% adx=46 body=66% ramp=1.3x rangeATR=1.2 O443.38 H445.33 L442.77 C445.06 ATR=17.45 SL=443.32/442.44 rawVol=303884 volSMA=144104 buf=0.872 prices=
2025-10-23T13:00:00.000-04:00,[KLB] 13:00 ▲ ~ ~ Yest H vol=2.1x pos=^89 vwap=above ema=bull rs=+5.5% adx=46 body=66% ramp=1.3x rangeATR=1.2 O443.38 H445.33 L442.77 C445.06 ATR=17.45 SL=443.32/442.44 rawVol=303884 volSMA=144104 buf=0.872 prices=
2025-10-23T13:00:00.000-04:00,[KLB] CONF 13:00 ▲ BRK → ✓ (auto-R1: EMA)
2025-10-23T13:05:00.000-04:00,[KLB] 5m CHECK 13:05 ▲ pnl=-0.06 SPY✓ → HOLD
2025-10-23T14:20:00.000-04:00,[KLB] 14:20 ▲ ~ ~ Yest H vol=0.7x pos=^58 vwap=above ema=bull rs=+5.2% adx=49 body=33% ramp=1x rangeATR=1.2 O443.58 H445.37 L442.98 C444.36 ATR=17.45 SL=442.62/441.74 rawVol=98644 volSMA=148489 buf=0.872 prices=
2025-10-23T15:05:00.000-04:00,[KLB] 15:05 ▲ ~ ~ Yest H vol=0.8x pos=^42 vwap=above ema=bull rs=+5% adx=35 body=42% ramp=1.4x rangeATR=0.6 O443.26 H444.52 L443.26 C443.79 ATR=17.45 SL=442.05/441.17 rawVol=72879 volSMA=97317 buf=0.872 prices=
2025-10-23T15:10:00.000-04:00,[KLB] 15:10 ▲ ~ ~ Yest H vol=1x pos=^92 vwap=above ema=bull rs=+5.1% adx=32 body=37% ramp=0.8x rangeATR=0.7 O443.72 H444.34 L442.97 C444.23 ATR=17.45 SL=442.49/441.61 rawVol=96137 volSMA=94423 buf=0.872 prices=
2025-10-24T09:35:00.000-04:00,[KLB] 9:35 ▼ RNG range break vol=12.5x
2025-10-24T09:35:00.000-04:00,[KLB] 9:35 ▼ ~ x~ PM H + x~ Yest H vol=12.5x pos=v78 vwap=below ema=bear rs=-0.5% adx=31 body=24% ramp=20.7x rangeATR=5.8 ⚡ O447 H451.7 L443.08 C444.97 ATR=18.74 SL=446.84/447.78 rawVol=495872 volSMA=39775 buf=0.937 prices=449.5/449.4
2025-10-24T09:40:00.000-04:00,[KLB] 9:40 ▼ BRK PM L vol=9x pos=v90 vwap=below ema=bear rs=-0.9% adx=30 body=52% ramp=28.8x rangeATR=1.9 O444.97 H446.17 L443.07 C443.37 ATR=18.74 SL=445.24/446.18 rawVol=315755 volSMA=55361 buf=0.937 prices=444.84
2025-10-24T09:40:00.000-04:00,[KLB] 9:40 ▼ ~ ~ VWAP vol=9x pos=v90 vwap=below ema=bear rs=-0.9% adx=30 body=52% ramp=28.8x rangeATR=1.9 O444.97 H446.17 L443.07 C443.37 ATR=18.74 SL=445.24/446.18 rawVol=315755 volSMA=55361 buf=0.937 prices=
2025-10-24T09:40:00.000-04:00,[KLB] CONF 9:40 ▼ BRK → ✓ (auto-R1: EMA)
2025-10-24T09:45:00.000-04:00,[KLB] 5m CHECK 9:45 ▼ pnl=0 SPY~ → HOLD
2025-10-24T09:50:00.000-04:00,[KLB] 9:50 ▼ BRK ORB L + PD LH L + Month O vol=2x pos=v74 vwap=below ema=bear rs=-1% adx=30 body=38% ramp=1.6x rangeATR=1.4 O443.54 H444.48 L441.9 C442.57 ATR=18.74 SL=444.44/445.38 rawVol=163854 volSMA=80408 buf=0.937 prices=443.08
2025-10-24T09:50:00.000-04:00,[KLB] CONF 9:50 ▼ BRK → ✓ (auto-R1: EMA)
2025-10-24T09:55:00.000-04:00,[KLB] 5m CHECK 9:55 ▼ pnl=0.05 SPY~ → HOLD
2025-10-24T10:05:00.000-04:00,[KLB] 10:05 ▼ ~ ~ Week H vol=2.1x pos=v72 vwap=below ema=bear rs=-1.6% adx=34 body=37% ramp=0.9x rangeATR=1.1 O440.95 H441.7 L439.51 C440.13 ATR=18.74 SL=442/442.94 rawVol=242575 volSMA=116810 buf=0.937 prices=441.46
2025-10-24T10:35:00.000-04:00,[KLB] 10:35 ▼ ~ ~ Week H vol=1.5x pos=v56 vwap=below ema=bear rs=-1.7% adx=31 body=47% ramp=1.1x rangeATR=1.4 O440.92 H441.17 L438.28 C439.55 ATR=18.74 SL=441.42/442.36 rawVol=253039 volSMA=165996 buf=0.937 prices=441.46
2025-10-24T10:40:00.000-04:00,[KLB] 10:40 ▼ ~ x~ Week H vol=1.5x pos=v60 vwap=below ema=bear rs=-1.7% adx=32 body=2% ramp=0.9x rangeATR=1.2 O439.54 H440.98 L438.46 C439.48 ATR=18.74 SL=441.35/442.29 rawVol=155291 volSMA=173291 buf=0.937 prices=441.46
2025-10-24T11:35:00.000-04:00,[KLB] 11:35 ▼ ~ ~ Week H vol=0.5x pos=v83 vwap=below ema=bear rs=-1.7% adx=31 body=75% ramp=1.1x rangeATR=0.8 O441.27 H441.38 L440.02 C440.25 ATR=18.74 SL=442.12/443.06 rawVol=73494 volSMA=147807 buf=0.937 prices=441.46
2025-10-27T09:35:00.000-04:00,[KLB] 9:35 ▲ RNG range break vol=15.7x
2025-10-27T09:35:00.000-04:00,[KLB] 9:35 ▲ ~ ~ Today O + ~ PM H vol=15.7x pos=^68 vwap=above ema=bull rs=+0.6% adx=26 body=47% ramp=24.5x rangeATR=6.2 ⚡ O439.94 H444.45 L438.72 C442.64 ATR=18.93 SL=440.75/439.8 rawVol=406738 volSMA=25982 buf=0.947 prices=
2025-10-27T09:40:00.000-04:00,[KLB] 9:40 ▲ BRK Week O + Month O vol=9x pos=^97 vwap=above ema=bull rs=+1.2% adx=29 body=55% ramp=53x rangeATR=4.3 ⚡ O442.64 H445.68 L440.46 C445.5 ATR=18.93 SL=443.61/442.66 rawVol=428390 volSMA=47348 buf=0.947 prices=
2025-10-27T09:40:00.000-04:00,[KLB] 9:40 ▲ ~ ~ VWAP + ~ PM H + ~ ORB H vol=9x pos=^97 vwap=above ema=bull rs=+1.2% adx=29 body=55% ramp=53x rangeATR=4.3 ⚡ O442.64 H445.68 L440.46 C445.5 ATR=18.93 SL=443.61/442.66 rawVol=428390 volSMA=47348 buf=0.947 prices=
2025-10-27T09:40:00.000-04:00,[KLB] CONF 9:40 ▲ BRK → ✓ (auto-R1: EMA)
2025-10-27T09:45:00.000-04:00,[KLB] 5m CHECK 9:45 ▲ pnl=-0.07 SPY~ → HOLD
2025-10-27T09:55:00.000-04:00,[KLB] 9:55 ▲ ~ ~ ORB H vol=2x pos=^35 vwap=above ema=bull rs=+0.9% adx=37 body=34% ramp=0.7x rangeATR=1.3 O443.4 H445.33 L443.37 C444.06 ATR=18.93 SL=442.17/441.22 rawVol=148758 volSMA=74374 buf=0.947 prices=
2025-10-27T10:00:00.000-04:00,[KLB] 10:00 ▲ 🔇 QBS ramp=0.4x vol=2.2x pos=^85 vwap=above ema=bull adx=39 body=58% rangeATR=2.1 ⚡ O444.1 H446.51 L443.2 C446.02 ATR=18.93
2025-10-27T10:00:00.000-04:00,[KLB] 10:00 ▲ ~ ~ ORB H vol=2.2x pos=^85 vwap=above ema=bull rs=+1.3% adx=39 body=58% ramp=0.4x rangeATR=2.1 ⚡ 🔇 O444.1 H446.51 L443.2 C446.02 ATR=18.93 SL=444.13/443.18 rawVol=182135 volSMA=83334 buf=0.947 prices=
2025-10-27T10:05:00.000-04:00,[KLB] CONF 10:05 ▲ QBS → ✓ (auto-promote)
2025-10-27T10:10:00.000-04:00,[KLB] 10:10 ▲ ~ ~ Yest H vol=2.2x pos=^77 vwap=above ema=bull rs=+1.7% adx=44 body=48% ramp=1.1x rangeATR=2 O446.22 H448.66 L445.25 C447.87 ATR=18.93 SL=445.98/445.03 rawVol=235886 volSMA=105319 buf=0.947 prices=
2025-10-27T10:10:00.000-04:00,[KLB] 5m CHECK 10:10 ▲ pnl=0.08 SPY~ → HOLD
2025-10-27T11:10:00.000-04:00,[KLB] 11:10 ▲ ~ ~ Yest H vol=0.6x pos=^85 vwap=above ema=bull rs=+2.1% adx=53 body=63% ramp=0.8x rangeATR=1.4 O447.38 H449.4 L446.8 C449.02 ATR=18.93 SL=447.13/446.18 rawVol=108287 volSMA=172214 buf=0.947 prices=
2025-10-27T11:20:00.000-04:00,[KLB] 11:20 ▲ ~ ~ Week H vol=2.4x pos=^86 vwap=above ema=bull rs=+3% adx=54 body=77% ramp=2.9x rangeATR=2.4 ⚡ O449.83 H454.17 L449.41 C453.51 ATR=18.93 SL=451.62/450.67 rawVol=379578 volSMA=156455 buf=0.947 prices=
2025-10-27T15:45:00.000-04:00,"[KLB] 15:45 ▼ ~ ~ Week H
~ VWAP vol=0.7x pos=v93 vwap=below ema=bear rs=+1.9% adx=37 body=80% ramp=0.4x rangeATR=1.3 ⚠ 🔇 O451.49 H451.8 L449.4 C449.57 ATR=18.93 SL=451.46/452.41 rawVol=93368 volSMA=133155 buf=0.947 prices=451.68"
2025-10-28T09:35:00.000-04:00,[KLB] 9:35 ▼ RNG range break vol=13.3x
2025-10-28T09:35:00.000-04:00,[KLB] 9:35 ▼ ~ ~ VWAP + ~ Today O vol=13.3x pos=v75 vwap=below ema=bull rs=-0.5% adx=26 body=73% ramp=15.1x rangeATR=3.8 ⚡ O454.78 H454.84 L451.62 C452.44 ATR=19.47 SL=454.39/455.36 rawVol=248695 volSMA=18688 buf=0.973 prices=
2025-10-28T09:40:00.000-04:00,[KLB] 9:40 ▲ FADE at 454.78
2025-10-28T09:40:00.000-04:00,[KLB] 9:40 ▲ RNG range break vol=7.9x
2025-10-28T09:40:00.000-04:00,[KLB] 9:40 ▲ ~ ~ VWAP + ~ PD Cls + ~ PM H + ~ Yest H + ~ ORB H vol=7.9x pos=^90 vwap=above ema=bull rs=+0.8% adx=24 body=81% ramp=28.2x rangeATR=5.3 ⚡ ⚠ O452.39 H458.5 L451.83 C457.81 ATR=19.47 SL=455.86/454.89 rawVol=238380 volSMA=30325 buf=0.973 prices=
2025-10-28T09:45:00.000-04:00,[KLB] 9:45 ▲ ~ ~ PM H vol=6.5x pos=^84 vwap=above ema=bull rs=+1.4% adx=24 body=48% ramp=40.8x rangeATR=3.6 ⚡ O457.79 H461.38 L455.8 C460.46 ATR=19.47 SL=458.51/457.54 rawVol=288409 volSMA=44430 buf=0.973 prices=
2025-10-29T09:30:00.000-04:00,[KLB] 9:30 ▼ RNG range break vol=3.2x
2025-10-29T09:40:00.000-04:00,[KLB] 9:40 ▼ BRK PM L + ORB L vol=9.4x pos=v84 vwap=below ema=bear rs=-0.8% adx=26 body=83% ramp=27.9x rangeATR=5 ⚡ ⚠ O462.93 H462.96 L457.98 C458.78 ATR=19.18 SL=460.7/461.66 rawVol=289835 volSMA=30745 buf=0.959 prices=461.78/461.4
2025-10-29T09:40:00.000-04:00,"[KLB] 9:40 ▼ ~ ~ Yest H
~ VWAP + ~ PD Cls vol=9.4x pos=v84 vwap=below ema=bear rs=-0.8% adx=26 body=83% ramp=27.9x rangeATR=5 ⚡ ⚠ O462.93 H462.96 L457.98 C458.78 ATR=19.18 SL=460.7/461.66 rawVol=289835 volSMA=30745 buf=0.959 prices=467"
2025-10-29T09:40:00.000-04:00,[KLB] CONF 9:40 ▼ BRK → ✓ (auto-R1: EMA)
2025-10-29T09:45:00.000-04:00,[KLB] 5m CHECK 9:45 ▼ pnl=-0.11 SPY~ → BAIL
2025-10-29T10:25:00.000-04:00,[KLB] 10:25 ▼ ~ ~ ORB H vol=1.1x pos=v95 vwap=below ema=bear rs=-0.3% adx=21 body=93% ramp=0.7x rangeATR=2 ⚠ O464.1 H464.14 L461.01 C461.18 ATR=19.18 SL=463.1/464.06 rawVol=98934 volSMA=87452 buf=0.959 prices=464.15
2025-10-29T10:45:00.000-04:00,[KLB] 10:45 ▼ BRK PM L + ORB L vol=1.2x pos=v71 vwap=below ema=bear rs=-0.6% adx=23 body=66% ramp=0.9x rangeATR=1.6 O461.21 H461.35 L458.79 C459.53 ATR=19.18 SL=461.45/462.41 rawVol=125540 volSMA=103827 buf=0.959 prices=461.78/461.4
2025-10-29T10:45:00.000-04:00,[KLB] 10:45 ▼ ~ ~ Yest H vol=1.2x pos=v71 vwap=below ema=bear rs=-0.6% adx=23 body=66% ramp=0.9x rangeATR=1.6 O461.21 H461.35 L458.79 C459.53 ATR=19.18 SL=461.45/462.41 rawVol=125540 volSMA=103827 buf=0.959 prices=467
2025-10-29T10:45:00.000-04:00,[KLB] CONF 10:45 ▼ BRK → ✓ (auto-R1: EMA)
2025-10-29T10:50:00.000-04:00,[KLB] 5m CHECK 10:50 ▼ pnl=-0.02 SPY~ → HOLD
2025-10-29T13:20:00.000-04:00,[KLB] 13:20 ▼ ~ ~ Yest H vol=1.4x pos=v90 vwap=below ema=bear rs=-0.4% adx=22 body=90% ramp=1.3x rangeATR=0.5 ⚠ O460.82 H460.82 L460.24 C460.3 ATR=19.18 SL=462.22/463.18 rawVol=38145 volSMA=41816 buf=0.959 prices=467
2025-10-29T13:25:00.000-04:00,[KLB] 13:25 ▼ ~ ~ Yest H vol=1x pos=v82 vwap=below ema=bear rs=-0.5% adx=21 body=52% ramp=1.2x rangeATR=1.1 O460.34 H460.68 L459.56 C459.76 ATR=19.18 SL=461.68/462.64 rawVol=43860 volSMA=42473 buf=0.959 prices=467
2025-10-29T14:15:00.000-04:00,[KLB] 14:15 ▼ ~ x~ Yest H vol=1.5x pos=v73 vwap=below ema=bear rs=-0.4% adx=19 body=18% ramp=2.5x rangeATR=1.1 O460.16 H460.9 L459.55 C459.92 ATR=19.18 SL=461.84/462.8 rawVol=49784 volSMA=48825 buf=0.959 prices=467
2025-10-29T14:40:00.000-04:00,[KLB] 14:40 ▼ BRK PD LH L vol=4.1x pos=v100 vwap=below ema=bear rs=-1% adx=20 body=98% ramp=2.3x rangeATR=4.1 ⚡ ⚠ O461.18 H461.32 L454.36 C454.37 ATR=19.18 SL=456.29/457.25 rawVol=252845 volSMA=62356 buf=0.959 prices=
2025-10-29T14:40:00.000-04:00,[KLB] 14:40 ▼ ~ ~ Yest H vol=4.1x pos=v100 vwap=below ema=bear rs=-1% adx=20 body=98% ramp=2.3x rangeATR=4.1 ⚡ ⚠ O461.18 H461.32 L454.36 C454.37 ATR=19.18 SL=456.29/457.25 rawVol=252845 volSMA=62356 buf=0.959 prices=467
2025-10-29T14:40:00.000-04:00,[KLB] CONF 14:40 ▼ BRK → ✓ (auto-R1: EMA)
2025-10-29T14:45:00.000-04:00,[KLB] 5m CHECK 14:45 ▼ pnl=0.02 SPY✓ → HOLD
2025-10-29T15:50:00.000-04:00,[KLB] 15:50 ▼ ~ x~ Yest H vol=0.9x pos=v45 vwap=below ema=bear rs=-0.1% adx=12 body=23% ramp=1.1x rangeATR=0.9 O460.66 H461.03 L459.32 C460.26 ATR=19.18 SL=462.18/463.14 rawVol=95141 volSMA=101711 buf=0.959 prices=467
2025-10-30T09:40:00.000-04:00,"[KLB] 9:40 ▼ ~ ~ Week H
~ VWAP vol=4.9x pos=v72 vwap=below ema=bear rs=+0.2% adx=51 body=47% ramp=6.3x rangeATR=3 ⚡ O452.59 H453.72 L449.12 C450.43 ATR=18.74 SL=452.3/453.24 rawVol=166076 volSMA=33661 buf=0.937 prices=451.68"
2025-10-30T10:00:00.000-04:00,[KLB] 10:00 ▼ BRK Yest L vol=1.9x pos=v65 vwap=below ema=bear rs=0% adx=42 body=55% ramp=0.6x rangeATR=1.5 O453.17 H453.46 L450.6 C451.59 ATR=18.74 SL=453.46/454.4 rawVol=90515 volSMA=59138 buf=0.937 prices=452.65
2025-10-30T10:00:00.000-04:00,[KLB] CONF 10:00 ▼ BRK → ✓ (auto-R1: EMA)
2025-10-30T10:05:00.000-04:00,[KLB] 10:05 ▼ BRK PM L vol=2.7x pos=v95 vwap=below ema=bear rs=-0.6% adx=41 body=68% ramp=0.8x rangeATR=2.2 ⚡ O451.69 H452.94 L448.43 C448.64 ATR=18.74 SL=450.51/451.45 rawVol=186063 volSMA=68289 buf=0.937 prices=450.33
2025-10-30T10:05:00.000-04:00,[KLB] 10:05 ▼ ~ ~ Week H vol=2.7x pos=v95 vwap=below ema=bear rs=-0.6% adx=41 body=68% ramp=0.8x rangeATR=2.2 ⚡ O451.69 H452.94 L448.43 C448.64 ATR=18.74 SL=450.51/451.45 rawVol=186063 volSMA=68289 buf=0.937 prices=451.68
2025-10-30T10:05:00.000-04:00,[KLB] CONF 10:05 ▼ BRK → ✓ (auto-R1: EMA)
2025-10-30T10:10:00.000-04:00,[KLB] 5m CHECK 10:10 ▼ pnl=0.01 SPY~ → HOLD
2025-10-31T09:35:00.000-04:00,[KLB] 9:35 ▲ RNG range break vol=14.5x
2025-10-31T09:55:00.000-04:00,[KLB] 9:55 ▲ ~ ~ PM H vol=2.3x pos=^86 vwap=above ema=bull rs=+0.7% adx=25 body=42% ramp=0.9x rangeATR=2.2 ⚡ O447.73 H449.24 L446.55 C448.86 ATR=18.97 SL=446.96/446.01 rawVol=115834 volSMA=50465 buf=0.948 prices=
2025-10-31T10:00:00.000-04:00,[KLB] 10:00 ▲ ~ ~ ORB H vol=2.8x pos=^68 vwap=above ema=bull rs=+0.9% adx=26 body=55% ramp=0.6x rangeATR=1.3 O448.9 H450.31 L448.7 C449.79 ATR=18.97 SL=447.89/446.94 rawVol=165687 volSMA=58369 buf=0.948 prices=
2025-10-31T10:10:00.000-04:00,[KLB] 10:10 ▲ ~ ~ VWAP + ~ Yest H + ~ Week H + ~ ORB H vol=2.6x pos=^78 vwap=above ema=bull rs=+1.4% adx=30 body=71% ramp=1.3x rangeATR=2.4 ⚡ O449.39 H452.66 L449.13 C451.89 ATR=18.97 SL=449.99/449.04 rawVol=197647 volSMA=76905 buf=0.948 prices=
2025-10-31T12:25:00.000-04:00,[KLB] 12:25 ▲ ~ ~ Yest H + ~ Week H vol=0.8x pos=^100 vwap=above ema=bull rs=+1.9% adx=32 body=95% ramp=0.7x rangeATR=1.5 ⚠ O450.83 H452.96 L450.71 C452.96 ATR=18.97 SL=451.06/450.11 rawVol=73576 volSMA=90984 buf=0.948 prices=
2025-10-31T13:15:00.000-04:00,[KLB] 13:15 ▼ ~ ~ PM H vol=1.4x pos=v82 vwap=below ema=bear rs=+0.6% adx=32 body=80% ramp=1.3x rangeATR=1.5 ⚠ O447.95 H447.99 L445.64 C446.07 ATR=18.97 SL=447.97/448.92 rawVol=125378 volSMA=89745 buf=0.948 prices=447.3
2025-10-31T13:20:00.000-04:00,[KLB] 13:20 ▼ ~ ~ PM H vol=1.4x pos=v81 vwap=below ema=bear rs=+0.5% adx=34 body=35% ramp=1.2x rangeATR=1.3 O446.01 H447.02 L444.85 C445.26 ATR=18.97 SL=447.16/448.11 rawVol=116332 volSMA=90418 buf=0.948 prices=447.3
2025-10-31T13:40:00.000-04:00,[KLB] 13:40 ▼ ~ x~ PM H vol=0.8x pos=v56 vwap=below ema=bear rs=+0.6% adx=38 body=21% ramp=0.8x rangeATR=0.8 O446.61 H447.1 L445.68 C446.31 ATR=18.97 SL=448.21/449.16 rawVol=81834 volSMA=96727 buf=0.948 prices=447.3
2025-11-03T09:30:00.000-05:00,[KLB] 9:30 ▲ 🔇 QBS ramp=0.4x vol=0.8x pos=^96 vwap=below ema=bear adx=35 body=62% rangeATR=2.4 ⚡ O454.69 H456 L454.02 C455.92 ATR=18.89
2025-11-03T09:35:00.000-05:00,[KLB] CONF 9:35 ▲ QBS → ✓ (auto-promote)
2025-11-03T09:40:00.000-05:00,[KLB] 9:40 ▲ RNG range break vol=9.3x
2025-11-03T09:40:00.000-05:00,[KLB] 9:40 ▲ ~ ~ VWAP + ~ PD Cls + ~ PM H + ~ Yest H + ~ ORB H vol=9.3x pos=^90 vwap=above ema=bear rs=+1.9% adx=37 body=87% ramp=46.2x rangeATR=5.4 ⚡ ⚠ O456.13 H464.3 L455.85 C463.46 ATR=18.89 SL=461.57/460.63 rawVol=340487 volSMA=36473 buf=0.945 prices=
2025-11-03T09:40:00.000-05:00,[KLB] 5m CHECK 9:40 ▲ pnl=0.38 SPY~ → HOLD
2025-11-03T09:50:00.000-05:00,[KLB] 9:50 ▲ ~ ~ Week H vol=6.7x pos=^84 vwap=above ema=bull rs=+3% adx=41 body=84% ramp=3.8x rangeATR=2.7 ⚡ ⚠ O463.6 H468.86 L463.6 C468 ATR=18.89 SL=466.11/465.17 rawVol=452251 volSMA=67622 buf=0.945 prices=
2025-11-03T12:05:00.000-05:00,[KLB] 12:05 ▲ ~ ~ Week H vol=0.7x pos=^76 vwap=above ema=bull rs=+3% adx=33 body=45% ramp=0.8x rangeATR=0.9 O466.88 H468.31 L466.24 C467.81 ATR=18.89 SL=465.92/464.98 rawVol=73069 volSMA=102328 buf=0.945 prices=
2025-11-03T14:10:00.000-05:00,[KLB] 14:10 ▼ ~ x~ Week H vol=2.3x pos=v50 vwap=below ema=bull rs=+2.5% adx=16 body=13% ramp=2.3x rangeATR=1.6 O466.08 H466.9 L464.65 C465.78 ATR=18.89 SL=467.67/468.61 rawVol=116710 volSMA=51868 buf=0.945 prices=467
2025-11-03T14:30:00.000-05:00,[KLB] 14:30 ▼ ~ x~ Week H vol=0.9x pos=v88 vwap=below ema=bull rs=+2.5% adx=18 body=18% ramp=0.6x rangeATR=0.8 O466.12 H466.88 L465.8 C465.93 ATR=18.89 SL=467.82/468.76 rawVol=33605 volSMA=52785 buf=0.945 prices=467
2025-11-03T14:35:00.000-05:00,[KLB] 14:35 ▲ FADE at 467
2025-11-04T09:30:00.000-05:00,[KLB] 9:30 ▼ ~ ~ Today O vol=0.8x pos=v71 vwap=above ema=bear rs=-1.1% adx=39 body=53% ramp=1x rangeATR=1.2 O454.99 H455.2 L454.01 C454.36 ATR=18.99 SL=456.26/457.21 rawVol=8032 volSMA=12312 buf=0.949 prices=
2025-11-04T09:35:00.000-05:00,[KLB] 9:35 ▼ RNG range break vol=12.2x
2025-11-04T09:35:00.000-05:00,[KLB] 9:35 ▼ BRK PM L + Yest L vol=12.2x pos=v91 vwap=below ema=bear rs=-0.9% adx=41 body=76% ramp=19.7x rangeATR=4.8 ⚡ O454.37 H455.33 L448.8 C449.42 ATR=18.99 SL=451.32/452.27 rawVol=383142 volSMA=31332 buf=0.949 prices=452.41/453.8
2025-11-04T09:35:00.000-05:00,[KLB] 9:35 ▼ ~ ~ VWAP vol=12.2x pos=v91 vwap=below ema=bear rs=-0.9% adx=41 body=76% ramp=19.7x rangeATR=4.8 ⚡ O454.37 H455.33 L448.8 C449.42 ATR=18.99 SL=451.32/452.27 rawVol=383142 volSMA=31332 buf=0.949 prices=
2025-11-04T09:35:00.000-05:00,[KLB] CONF 9:35 ▼ BRK → ✓ (auto-R1: EMA)
2025-11-04T09:40:00.000-05:00,[KLB] 5m CHECK 9:40 ▼ pnl=-0.1 SPY~ → HOLD
2025-11-04T09:55:00.000-05:00,[KLB] 9:55 ▲ RNG range break vol=3.1x
2025-11-04T10:55:00.000-05:00,[KLB] 10:55 ▼ ~ ~ ORB H vol=1x pos=v85 vwap=below ema=bear rs=-0.4% adx=21 body=77% ramp=1.6x rangeATR=1.3 O455.9 H456.1 L453.68 C454.04 ATR=18.99 SL=455.94/456.89 rawVol=127648 volSMA=131298 buf=0.949 prices=455.33
2025-11-04T11:10:00.000-05:00,[KLB] 11:10 ▼ ~ ~ ORB H vol=0.6x pos=v81 vwap=below ema=bear rs=-0.7% adx=21 body=75% ramp=1.1x rangeATR=1.3 O454.64 H454.78 L452.34 C452.8 ATR=18.99 SL=454.7/455.65 rawVol=90781 volSMA=143964 buf=0.949 prices=455.33
2025-11-04T13:20:00.000-05:00,[KLB] 13:20 ▼ BRK ORB L vol=2.3x pos=v86 vwap=below ema=bear rs=-1.5% adx=31 body=77% ramp=2.1x rangeATR=1.9 O449.37 H449.67 L446.5 C446.93 ATR=18.99 SL=448.83/449.78 rawVol=151783 volSMA=66104 buf=0.949 prices=448.8
2025-11-04T13:20:00.000-05:00,[KLB] CONF 13:20 ▼ BRK → ✓ (auto-R1: EMA)
2025-11-04T13:25:00.000-05:00,[KLB] 5m CHECK 13:25 ▼ pnl=-0.07 SPY~ → HOLD
2025-11-05T09:30:00.000-05:00,[KLB] 9:30 ▲ ~ ~ VWAP + ~ Today O + ~ PM H vol=2.3x pos=^98 vwap=above ema=bull rs=0% adx=34 body=98% ramp=1.2x rangeATR=2.7 ⚡ ⚠ O450.01 H452.1 L450 C452.06 ATR=19.4 SL=450.12/449.15 rawVol=22214 volSMA=9710 buf=0.97 prices=
2025-11-05T09:35:00.000-05:00,[KLB] 9:35 ▼ RNG range break vol=12x
2025-11-05T09:35:00.000-05:00,[KLB] 9:35 ▼ ~ ~ PM H + ~ Yest H vol=12x pos=v92 vwap=below ema=bull rs=-0.9% adx=36 body=51% ramp=14.5x rangeATR=6.4 ⚡ O452.05 H455.4 L447.03 C447.74 ATR=19.4 SL=449.68/450.65 rawVol=281807 volSMA=23486 buf=0.97 prices=452.1/460.22
2025-11-05T09:45:00.000-05:00,[KLB] 9:45 ▼ ~ ~ VWAP vol=5.1x pos=v83 vwap=below ema=bull rs=-1.5% adx=35 body=55% ramp=20.5x rangeATR=2.1 ⚡ O446.64 H447.58 L444.28 C444.84 ATR=19.4 SL=446.78/447.75 rawVol=146079 volSMA=40002 buf=0.97 prices=
2025-11-05T10:05:00.000-05:00,[KLB] 10:05 ▼ BRK PM L + Yest L + ORB L + PD LH L vol=2.9x pos=v89 vwap=below ema=bear rs=-2.4% adx=33 body=88% ramp=0.9x rangeATR=2.9 ⚡ ⚠ O447.75 H447.85 L441.78 C442.43 ATR=19.4 SL=444.37/445.34 rawVol=192024 volSMA=67099 buf=0.97 prices=445.32/443.6/447.03
2025-11-05T10:05:00.000-05:00,[KLB] 10:05 ▼ ~ ~ PD Cls vol=2.9x pos=v89 vwap=below ema=bear rs=-2.4% adx=33 body=88% ramp=0.9x rangeATR=2.9 ⚡ ⚠ O447.75 H447.85 L441.78 C442.43 ATR=19.4 SL=444.37/445.34 rawVol=192024 volSMA=67099 buf=0.97 prices=
2025-11-05T10:05:00.000-05:00,[KLB] CONF 10:05 ▼ BRK → ✓ (auto-R1: EMA)
2025-11-05T10:10:00.000-05:00,[KLB] 5m CHECK 10:10 ▼ pnl=-0.06 SPY✗ → BAIL
2025-11-05T10:30:00.000-05:00,[KLB] 10:30 ▼ BRK Yest L + PD LH L vol=1.1x pos=v83 vwap=below ema=bear rs=-2.5% adx=27 body=53% ramp=0.6x rangeATR=1.4 O444.32 H445.33 L441.96 C442.52 ATR=19.4 SL=444.46/445.43 rawVol=109482 volSMA=99664 buf=0.97 prices=443.6
2025-11-05T10:30:00.000-05:00,[KLB] CONF 10:30 ▼ BRK → ✓ (auto-R1: EMA)
2025-11-05T10:35:00.000-05:00,[KLB] 5m CHECK 10:35 ▼ pnl=0 SPY✗ → BAIL
2025-11-05T11:35:00.000-05:00,[KLB] 11:35 ▲ ~ ~ PM H vol=1.3x pos=^65 vwap=above ema=bull rs=-0.5% adx=24 body=58% ramp=2x rangeATR=1.1 O450.94 H453.09 L450.78 C452.29 ATR=19.4 SL=450.35/449.38 rawVol=132035 volSMA=102318 buf=0.97 prices=
2025-11-05T11:55:00.000-05:00,[KLB] 11:55 ▲ ~ ~ PM H vol=0.7x pos=^76 vwap=above ema=bull rs=-0.6% adx=30 body=72% ramp=0.6x rangeATR=0.7 O451.35 H452.75 L451.3 C452.4 ATR=19.4 SL=450.46/449.49 rawVol=52645 volSMA=78580 buf=0.97 prices=
2025-11-05T12:15:00.000-05:00,[KLB] 12:15 ▲ ~ ~ PM H vol=0.7x pos=^88 vwap=above ema=bull rs=-0.6% adx=31 body=56% ramp=0.9x rangeATR=1.1 O450.98 H452.42 L450.33 C452.16 ATR=19.4 SL=450.22/449.25 rawVol=49170 volSMA=68258 buf=0.97 prices=
2025-11-05T13:10:00.000-05:00,[KLB] 13:10 ▲ ~ ~ Yest H vol=1.5x pos=^43 vwap=above ema=bull rs=-0.2% adx=40 body=35% ramp=0.9x rangeATR=0.6 O454.26 H455.1 L454.19 C454.58 ATR=19.4 SL=452.64/451.67 rawVol=82012 volSMA=55439 buf=0.97 prices=
2025-11-05T13:15:00.000-05:00,[KLB] 13:15 ▲ ~ ~ ORB H vol=1.6x pos=^90 vwap=above ema=bull rs=0% adx=42 body=90% ramp=1.3x rangeATR=0.7 ⚠ O454.55 H455.55 L454.55 C455.45 ATR=19.4 SL=453.51/452.54 rawVol=77061 volSMA=52691 buf=0.97 prices=
2025-11-05T13:20:00.000-05:00,[KLB] 13:20 ▲ BRK Month O vol=1.9x pos=^94 vwap=above ema=bull rs=+0.3% adx=44 body=82% ramp=2x rangeATR=1.4 ⚠ O455.5 H457.2 L455.27 C457.08 ATR=19.4 SL=455.14/454.17 rawVol=103273 volSMA=55382 buf=0.97 prices=
2025-11-05T13:20:00.000-05:00,[KLB] CONF 13:20 ▲ BRK → ✓ (auto-R1: EMA)
2025-11-05T13:25:00.000-05:00,[KLB] 5m CHECK 13:25 ▲ pnl=0.05 SPY✓ → HOLD
2025-11-06T09:30:00.000-05:00,[KLB] 9:30 ▲ 🔇 QBS ramp=0.4x vol=0.9x pos=^48 vwap=below ema=bear adx=26 body=45% rangeATR=2.3 ⚡ O461.09 H463.05 L461.04 C462 ATR=19.85
2025-11-06T09:30:00.000-05:00,[KLB] 9:30 ▲ ~ ~ Today O vol=0.9x pos=^48 vwap=below ema=bear rs=-0.1% adx=26 body=45% ramp=0.4x rangeATR=2.3 ⚡ 🔇 O461.09 H463.05 L461.04 C462 ATR=19.85 SL=460.02/459.02 rawVol=6175 volSMA=7027 buf=0.992 prices=
2025-11-06T09:35:00.000-05:00,[KLB] 9:35 ▼ FADE at 461.96
2025-11-06T09:35:00.000-05:00,[KLB] 9:35 ▼ ~ x~ Yest H vol=11.9x pos=v22 vwap=below ema=bear rs=-0.2% adx=27 body=15% ramp=6.2x rangeATR=4 ⚡ O461.97 H462.27 L457.87 C461.31 ATR=19.85 SL=463.29/464.29 rawVol=201284 volSMA=16954 buf=0.992 prices=466.33
2025-11-06T09:45:00.000-05:00,[KLB] 9:45 ▲ ~ ~ PM L + ~ PD LH L + ~ Yest H + ~ ORB H vol=6.1x pos=^92 vwap=above ema=bear rs=+0.5% adx=25 body=52% ramp=38.4x rangeATR=2.8 ⚡ O461.53 H464.39 L459.62 C463.99 ATR=19.85 SL=462.01/461.01 rawVol=250518 volSMA=41171 buf=0.992 prices=460.12
2025-11-06T09:45:00.000-05:00,[KLB] CONF 9:45 ▲ QBS → ✓ (auto-promote)
2025-11-06T09:50:00.000-05:00,[KLB] 5m CHECK 9:50 ▲ pnl=-0.08 SPY~ → HOLD
2025-11-06T09:55:00.000-05:00,[KLB] 9:55 ▼ FADE at 460.12
2025-11-06T09:55:00.000-05:00,"[KLB] 9:55 ▼ ~ ~ Yest H + ~ ORB H
~ VWAP vol=4.2x pos=v86 vwap=below ema=bear rs=-0.2% adx=23 body=64% ramp=1.5x rangeATR=1.8 O462.35 H463.15 L459.4 C459.94 ATR=19.85 SL=461.92/462.92 rawVol=162935 volSMA=61837 buf=0.992 prices=466.33/462.27"
2025-11-06T10:05:00.000-05:00,[KLB] 10:05 ▼ RNG range break vol=3.1x
2025-11-06T10:05:00.000-05:00,[KLB] 10:05 ▼ BRK ORB L vol=3.1x pos=v62 vwap=below ema=bear rs=-0.7% adx=23 body=61% ramp=0.7x rangeATR=2.3 ⚡ O459.51 H459.54 L454.25 C456.28 ATR=19.85 SL=458.26/459.26 rawVol=249648 volSMA=81041 buf=0.992 prices=457.87
2025-11-06T10:05:00.000-05:00,[KLB] CONF 10:05 ▼ BRK → ✓ (auto-R1: EMA)
2025-11-06T10:10:00.000-05:00,[KLB] 10:10 ▼ BRK Month O vol=2.7x pos=v94 vwap=below ema=bear rs=-1.2% adx=24 body=56% ramp=0.9x rangeATR=1.6 O456.27 H457.8 L453.82 C454.06 ATR=19.85 SL=456.04/457.03 rawVol=226356 volSMA=92259 buf=0.992 prices=
2025-11-06T10:10:00.000-05:00,[KLB] CONF 10:10 ▼ BRK → ✓ (auto-R1: EMA)
2025-11-06T10:15:00.000-05:00,[KLB] 5m CHECK 10:15 ▼ pnl=0.11 SPY✓ → HOLD
2025-11-06T12:00:00.000-05:00,[KLB] 12:00 ▼ BRK Yest L + Week L vol=1x pos=v57 vwap=below ema=bear rs=-4.2% adx=49 body=54% ramp=1x rangeATR=1.8 O440.59 H440.74 L435.1 C437.55 ATR=19.85 SL=439.53/440.53 rawVol=146031 volSMA=143159 buf=0.992 prices=440.71/438.69
2025-11-06T12:00:00.000-05:00,[KLB] CONF 12:00 ▼ BRK → ✓ (auto-R1: EMA)
2025-11-06T12:05:00.000-05:00,[KLB] 5m CHECK 12:05 ▼ pnl=-0.18 SPY✓ → HOLD
2025-11-07T09:35:00.000-05:00,[KLB] 9:35 ▼ RNG range break vol=11.2x
2025-11-07T09:35:00.000-05:00,[KLB] 9:35 ▼ BRK PM L + Yest L + Week L vol=11.2x pos=v79 vwap=below ema=bear rs=-1.6% adx=52 body=79% ramp=8.4x rangeATR=4.9 ⚡ O438 H438 L427.55 C429.79 ATR=20.74 SL=431.86/432.9 rawVol=570005 volSMA=50941 buf=1.037 prices=437.8/435.09/438.69
2025-11-07T09:35:00.000-05:00,[KLB] 9:35 ▼ ~ ~ VWAP vol=11.2x pos=v79 vwap=below ema=bear rs=-1.6% adx=52 body=79% ramp=8.4x rangeATR=4.9 ⚡ O438 H438 L427.55 C429.79 ATR=20.74 SL=431.86/432.9 rawVol=570005 volSMA=50941 buf=1.037 prices=
2025-11-07T09:35:00.000-05:00,[KLB] CONF 9:35 ▼ BRK → ✓ (auto-R1: EMA)
2025-11-07T09:40:00.000-05:00,[KLB] 9:40 ▼ BRK ORB L vol=8.1x pos=v79 vwap=below ema=bear rs=-2.2% adx=54 body=54% ramp=12x rangeATR=2.9 ⚡ O429.77 H431.55 L424.48 C425.93 ATR=20.74 SL=428/429.04 rawVol=410724 volSMA=70331 buf=1.037 prices=427.55
2025-11-07T09:40:00.000-05:00,[KLB] CONF 9:40 ▼ BRK → ✓ (auto-R1: EMA)
2025-11-07T09:45:00.000-05:00,[KLB] 5m CHECK 9:45 ▼ pnl=-0.14 SPY✓ → HOLD
2025-11-07T09:50:00.000-05:00,[KLB] 9:50 ▼ BRK ORB L vol=2.2x pos=v73 vwap=below ema=bear rs=-2.1% adx=59 body=51% ramp=1.4x rangeATR=1.6 O428.83 H429.85 L425.35 C426.55 ATR=20.74 SL=428.62/429.66 rawVol=201311 volSMA=90850 buf=1.037 prices=427.55
2025-11-07T09:50:00.000-05:00,[KLB] CONF 9:50 ▼ BRK → ✓ (auto-R1: EMA)
2025-11-07T09:55:00.000-05:00,[KLB] 5m CHECK 9:55 ▼ pnl=-0.13 SPY~ → BAIL
2025-11-07T11:40:00.000-05:00,[KLB] 11:40 ▼ BRK ORB L vol=1x pos=v79 vwap=below ema=bear rs=-1.9% adx=36 body=79% ramp=0.8x rangeATR=1.1 O428.6 H428.6 L425.45 C426.1 ATR=20.74 SL=428.17/429.21 rawVol=120806 volSMA=119244 buf=1.037 prices=427.55
2025-11-07T11:40:00.000-05:00,[KLB] CONF 11:40 ▼ BRK → ✓ (auto-R1: EMA)
2025-11-07T11:45:00.000-05:00,[KLB] 5m CHECK 11:45 ▼ pnl=-0.06 SPY✓ → HOLD
2025-11-10T09:35:00.000-05:00,[KLB] 9:35 ▼ RNG range break vol=13.5x
2025-11-10T09:35:00.000-05:00,[KLB] 9:35 ▼ ~ ~ PM H + ~ Yest H + ~ Today O vol=13.5x pos=v86 vwap=below ema=bull rs=-0.8% adx=20 body=38% ramp=9.5x rangeATR=6.4 ⚡ O439.6 H443.38 L435.48 C436.61 ATR=20.98 SL=438.71/439.76 rawVol=295985 volSMA=21952 buf=1.049 prices=441.91/439.36
2025-11-10T09:40:00.000-05:00,[KLB] 9:40 ▼ BRK ORB L vol=8.4x pos=v60 vwap=below ema=bear rs=-1.3% adx=20 body=44% ramp=23.2x rangeATR=2.8 ⚡ O436.72 H437.38 L433.36 C434.97 ATR=20.98 SL=437.07/438.12 rawVol=317731 volSMA=37672 buf=1.049 prices=435.48
2025-11-10T09:40:00.000-05:00,[KLB] 9:40 ▼ ~ ~ VWAP vol=8.4x pos=v60 vwap=below ema=bear rs=-1.3% adx=20 body=44% ramp=23.2x rangeATR=2.8 ⚡ O436.72 H437.38 L433.36 C434.97 ATR=20.98 SL=437.07/438.12 rawVol=317731 volSMA=37672 buf=1.049 prices=
2025-11-10T09:40:00.000-05:00,[KLB] CONF 9:40 ▼ BRK → ✓ (auto-R1: EMA)
2025-11-10T09:45:00.000-05:00,[KLB] 9:45 ▲ ~ ~ PM L + ~ Yest H vol=4.4x pos=^93 vwap=above ema=bear rs=-0.5% adx=21 body=85% ramp=29.7x rangeATR=2.4 ⚡ ⚠ O435 H438.61 L434.69 C438.32 ATR=20.98 SL=436.22/435.17 rawVol=208360 volSMA=47538 buf=1.049 prices=437.26
2025-11-10T09:45:00.000-05:00,[KLB] 5m CHECK 9:45 ▼ pnl=-0.16 SPY~ → BAIL
2025-11-10T09:50:00.000-05:00,[KLB] 9:50 ▼ FADE at 437.26
2025-11-10T09:50:00.000-05:00,[KLB] 9:50 ▼ BRK PM L vol=2.6x pos=v56 vwap=below ema=bear rs=-0.8% adx=21 body=39% ramp=2.1x rangeATR=2.1 ⚡ O438.36 H438.96 L435.37 C436.96 ATR=20.98 SL=439.06/440.11 rawVol=138953 volSMA=53849 buf=1.049 prices=437.26
2025-11-10T09:50:00.000-05:00,[KLB] 9:50 ▼ ~ ~ Yest H vol=2.6x pos=v56 vwap=below ema=bear rs=-0.8% adx=21 body=39% ramp=2.1x rangeATR=2.1 ⚡ O438.36 H438.96 L435.37 C436.96 ATR=20.98 SL=439.06/440.11 rawVol=138953 volSMA=53849 buf=1.049 prices=439.36
2025-11-10T09:50:00.000-05:00,[KLB] CONF 9:50 ▼ BRK → ✓ (auto-R1: EMA)
2025-11-10T09:55:00.000-05:00,[KLB] 5m CHECK 9:55 ▼ pnl=0.02 SPY~ → HOLD
2025-11-10T10:05:00.000-05:00,[KLB] 10:05 ▲ ~ ~ VWAP vol=2.8x pos=^61 vwap=above ema=bull rs=+0% adx=25 body=38% ramp=0.7x rangeATR=1.6 O439.44 H441.91 L438.68 C440.66 ATR=20.98 SL=438.56/437.51 rawVol=210901 volSMA=75280 buf=1.049 prices=
2025-11-10T10:10:00.000-05:00,[KLB] 10:10 ▲ ~ ~ PM H vol=2.6x pos=^82 vwap=above ema=bull rs=+0.4% adx=27 body=65% ramp=1.1x rangeATR=1.1 O440.69 H442.52 L440.33 C442.12 ATR=20.98 SL=440.02/438.97 rawVol=154072 volSMA=82617 buf=1.049 prices=
2025-11-10T10:25:00.000-05:00,[KLB] 10:25 ▲ ~ ~ PM H + ~ ORB H vol=1.1x pos=^88 vwap=above ema=bull rs=+0.5% adx=33 body=85% ramp=0.8x rangeATR=1.1 ⚠ O440.9 H443.24 L440.83 C442.96 ATR=20.98 SL=440.86/439.81 rawVol=100612 volSMA=101578 buf=1.049 prices=
2025-11-10T11:05:00.000-05:00,[KLB] 11:05 ▲ ~ ~ ORB H vol=0.6x pos=^91 vwap=above ema=bull rs=+1.5% adx=42 body=40% ramp=1x rangeATR=1.5 O444 H445.7 L442.25 C445.39 ATR=20.98 SL=443.29/442.24 rawVol=83683 volSMA=148655 buf=1.049 prices=
2025-11-11T09:40:00.000-05:00,[KLB] 9:40 ▲ RNG range break vol=8.4x
2025-11-11T09:40:00.000-05:00,[KLB] 9:40 ▲ ~ ~ ORB H vol=8.4x pos=^77 vwap=above ema=bear rs=+0.5% adx=43 body=69% ramp=13.7x rangeATR=2.5 ⚡ O440.3 H442.48 L440.11 C441.94 ATR=20.92 SL=439.85/438.8 rawVol=114482 volSMA=19404 buf=1.046 prices=
2025-11-11T09:45:00.000-05:00,[KLB] 9:45 ▼ ~ ~ ORB H vol=5.3x pos=v93 vwap=below ema=bear rs=0% adx=43 body=79% ramp=14.9x rangeATR=2.9 ⚡ O441.94 H442.4 L439.21 C439.42 ATR=20.92 SL=441.51/442.56 rawVol=137518 volSMA=26026 buf=1.046 prices=441.56
2025-11-11T09:50:00.000-05:00,[KLB] 9:50 ▼ BRK PM L vol=4.9x pos=v66 vwap=below ema=bear rs=-0.2% adx=44 body=37% ramp=2.3x rangeATR=1.9 O439.3 H439.97 L437.69 C438.46 ATR=20.92 SL=440.55/441.6 rawVol=166163 volSMA=33985 buf=1.046 prices=439.32
2025-11-11T09:50:00.000-05:00,[KLB] CONF 9:50 ▼ BRK → ✓ (auto-R1: EMA)
2025-11-11T09:55:00.000-05:00,[KLB] 5m CHECK 9:55 ▼ pnl=-0.01 SPY~ → HOLD
2025-11-11T10:20:00.000-05:00,[KLB] 10:20 ▼ BRK ORB L vol=1.2x pos=v77 vwap=below ema=bear rs=-0.6% adx=49 body=71% ramp=0.9x rangeATR=1.2 O437.25 H437.36 L435.61 C436.01 ATR=20.92 SL=438.1/439.15 rawVol=74054 volSMA=59269 buf=1.046 prices=437.1
2025-11-11T10:20:00.000-05:00,[KLB] 10:20 ▼ ~ ~ VWAP vol=1.2x pos=v77 vwap=below ema=bear rs=-0.6% adx=49 body=71% ramp=0.9x rangeATR=1.2 O437.25 H437.36 L435.61 C436.01 ATR=20.92 SL=438.1/439.15 rawVol=74054 volSMA=59269 buf=1.046 prices=
2025-11-11T10:20:00.000-05:00,[KLB] CONF 10:20 ▼ BRK → ✓ (auto-R1: EMA)
2025-11-11T10:25:00.000-05:00,[KLB] 5m CHECK 10:25 ▼ pnl=-0.02 SPY~ → HOLD
2025-11-12T09:35:00.000-05:00,[KLB] 9:35 ▼ RNG range break vol=13.2x
2025-11-12T09:40:00.000-05:00,[KLB] 9:40 ▼ ~ x~ Yest H vol=8.6x pos=v78 vwap=below ema=bull rs=-0.9% adx=21 body=9% ramp=34.6x rangeATR=4 ⚡ O438.73 H441.4 L437.55 C438.4 ATR=20.34 SL=440.43/441.45 rawVol=129476 volSMA=17770 buf=1.017 prices=442.49
2025-11-12T09:50:00.000-05:00,[KLB] 9:50 ▼ BRK ORB L vol=4.3x pos=v95 vwap=below ema=bear rs=-1.3% adx=27 body=79% ramp=2.3x rangeATR=2.9 ⚡ O438.34 H438.88 L435.4 C435.58 ATR=20.34 SL=437.61/438.63 rawVol=121165 volSMA=29115 buf=1.017 prices=437.16
2025-11-12T09:50:00.000-05:00,[KLB] 9:50 ▼ ~ ~ VWAP vol=4.3x pos=v95 vwap=below ema=bear rs=-1.3% adx=27 body=79% ramp=2.3x rangeATR=2.9 ⚡ O438.34 H438.88 L435.4 C435.58 ATR=20.34 SL=437.61/438.63 rawVol=121165 volSMA=29115 buf=1.017 prices=
2025-11-12T09:50:00.000-05:00,[KLB] CONF 9:50 ▼ BRK → ✓ (auto-R1: EMA)
2025-11-12T09:55:00.000-05:00,[KLB] 9:55 ▼ BRK PD LH L vol=3.5x pos=v92 vwap=below ema=bear rs=-1.5% adx=30 body=42% ramp=1.3x rangeATR=1.6 O435.54 H436.57 L434.51 C434.67 ATR=20.34 SL=436.7/437.72 rawVol=123482 volSMA=35091 buf=1.017 prices=
2025-11-12T09:55:00.000-05:00,[KLB] CONF 9:55 ▼ BRK → ✓ (auto-R1: EMA)
2025-11-12T10:00:00.000-05:00,[KLB] 5m CHECK 10:00 ▼ pnl=0.04 SPY~ → HOLD
2025-11-12T10:20:00.000-05:00,[KLB] 10:20 ▼ BRK Yest L vol=2.3x pos=v40 vwap=below ema=bear rs=-2% adx=41 body=40% ramp=0.9x rangeATR=1.3 O432.94 H432.94 L430.91 C432.12 ATR=20.34 SL=434.15/435.17 rawVol=142121 volSMA=62935 buf=1.017 prices=432.36
2025-11-12T10:20:00.000-05:00,[KLB] CONF 10:20 ▼ BRK → ✓ (auto-R1: EMA)
2025-11-12T10:25:00.000-05:00,[KLB] 5m CHECK 10:25 ▼ pnl=-0.02 SPY~ → HOLD
2025-11-12T10:40:00.000-05:00,[KLB] 10:40 ▼ BRK Yest L vol=2x pos=v57 vwap=below ema=bear rs=-2.2% adx=46 body=37% ramp=1x rangeATR=1.8 O432.18 H432.79 L429.76 C431.05 ATR=20.34 SL=433.08/434.1 rawVol=166214 volSMA=81246 buf=1.017 prices=432.36
2025-11-12T10:40:00.000-05:00,[KLB] CONF 10:40 ▼ BRK → ✓ (auto-R1: EMA)
2025-11-12T10:45:00.000-05:00,[KLB] 5m CHECK 10:45 ▼ pnl=0.04 SPY~ → HOLD
2025-11-13T09:30:00.000-05:00,[KLB] 9:30 ▼ ~ ~ Today O vol=0.3x pos=v95 vwap=below ema=bear rs=-0.4% adx=45 body=64% ramp=0.3x rangeATR=1.4 🔇 O423.76 H424.1 L423 C423.06 ATR=20.01 SL=425.06/426.06 rawVol=4246 volSMA=13068 buf=1.001 prices=
2025-11-13T09:40:00.000-05:00,[KLB] 9:40 ▼ RNG range break vol=7.7x
2025-11-13T09:40:00.000-05:00,[KLB] 9:40 ▼ BRK PM L + Week L + ORB L vol=7.7x pos=v74 vwap=below ema=bear rs=-0.5% adx=49 body=72% ramp=17.7x rangeATR=3.7 ⚡ O423.44 H423.53 L418.87 C420.07 ATR=20.01 SL=422.07/423.07 rawVol=325770 volSMA=42421 buf=1.001 prices=422.9/421.88/420.6
2025-11-13T09:40:00.000-05:00,[KLB] 9:40 ▼ ~ ~ VWAP vol=7.7x pos=v74 vwap=below ema=bear rs=-0.5% adx=49 body=72% ramp=17.7x rangeATR=3.7 ⚡ O423.44 H423.53 L418.87 C420.07 ATR=20.01 SL=422.07/423.07 rawVol=325770 volSMA=42421 buf=1.001 prices=
2025-11-13T09:40:00.000-05:00,[KLB] CONF 9:40 ▼ BRK → ✓ (auto-R1: EMA)
2025-11-13T09:45:00.000-05:00,[KLB] 5m CHECK 9:45 ▼ pnl=0.07 SPY✓ → HOLD
2025-11-14T09:35:00.000-05:00,[KLB] 9:35 ▲ RNG range break vol=8x
2025-11-14T09:40:00.000-05:00,[KLB] 9:40 ▲ ~ ~ VWAP + ~ ORB H vol=6.2x pos=^84 vwap=above ema=bear rs=+1.6% adx=32 body=80% ramp=9.7x rangeATR=3.3 ⚡ O386.96 H393.96 L386.66 C392.77 ATR=21.03 SL=390.67/389.62 rawVol=362705 volSMA=72728 buf=1.052 prices=
2025-11-14T10:25:00.000-05:00,[KLB] 10:25 ▲ ~ ~ PM H vol=1.1x pos=^91 vwap=above ema=bull rs=+2.4% adx=39 body=91% ramp=0.9x rangeATR=1 ⚠ O394.47 H397.59 L394.47 C397.3 ATR=21.03 SL=395.2/394.15 rawVol=146789 volSMA=144906 buf=1.052 prices=
2025-11-14T10:40:00.000-05:00,[KLB] 10:40 ▲ ~ ~ PD LH L vol=1.2x pos=^86 vwap=above ema=bull rs=+3.2% adx=41 body=77% ramp=1.3x rangeATR=1 O399.41 H402.2 L399.13 C401.78 ATR=21.03 SL=399.68/398.63 rawVol=198496 volSMA=171453 buf=1.052 prices=
2025-11-14T10:45:00.000-05:00,[KLB] 10:45 ▲ ~ ~ Yest L + ~ PD Cls vol=1.1x pos=^78 vwap=above ema=bull rs=+3.5% adx=42 body=51% ramp=0.9x rangeATR=0.8 O401.68 H403.58 L400.97 C403 ATR=21.03 SL=400.9/399.85 rawVol=160424 volSMA=178090 buf=1.052 prices=396.34
2025-11-17T09:35:00.000-05:00,[KLB] 9:35 ▲ RNG range break vol=9.5x
2025-11-17T09:35:00.000-05:00,[KLB] 9:35 ▲ ~ ~ PD LH L + ~ Today O + ~ PD Cls + ~ Yest H vol=9.5x pos=^85 vwap=above ema=bear rs=+1.3% adx=49 body=84% ramp=8.8x rangeATR=5 ⚡ ⚠ O398.84 H405.99 L398.74 C404.93 ATR=21.63 SL=402.77/401.69 rawVol=190802 volSMA=20080 buf=1.082 prices=
2025-11-17T09:40:00.000-05:00,[KLB] 9:40 ▲ ~ ~ VWAP + ~ ORB H vol=7.3x pos=^66 vwap=above ema=bear rs=+1.6% adx=49 body=66% ramp=14.5x rangeATR=1.8 O404.99 H407.77 L404.99 C406.82 ATR=21.63 SL=404.66/403.58 rawVol=225441 volSMA=30992 buf=1.082 prices=
2025-11-17T09:50:00.000-05:00,[KLB] 9:50 ▲ ~ ~ PM H vol=4.6x pos=^96 vwap=above ema=bull rs=+3.2% adx=51 body=88% ramp=3.2x rangeATR=2.7 ⚡ ⚠ O408.89 H413.69 L408.46 C413.5 ATR=21.63 SL=411.34/410.26 rawVol=239346 volSMA=52038 buf=1.082 prices=
2025-11-17T14:05:00.000-05:00,[KLB] 14:05 ▼ ~ x~ PM H vol=1.3x pos=v50 vwap=below ema=bear rs=+3% adx=32 body=27% ramp=1.2x rangeATR=1.2 O409.1 H409.64 L407.27 C408.45 ATR=21.63 SL=410.61/411.69 rawVol=93591 volSMA=85285 buf=1.082 prices=409.79
2025-11-17T14:20:00.000-05:00,[KLB] 14:20 ▼ ~ ~ PM H vol=1.1x pos=v60 vwap=below ema=bear rs=+2.9% adx=33 body=56% ramp=0.8x rangeATR=1.1 O409.2 H409.28 L407.25 C408.07 ATR=21.63 SL=410.23/411.31 rawVol=98071 volSMA=86210 buf=1.082 prices=409.79
2025-11-17T14:35:00.000-05:00,[KLB] 14:35 ▼ ~ ~ PM H vol=0.8x pos=v77 vwap=below ema=bear rs=+2.9% adx=35 body=52% ramp=1x rangeATR=1.3 O408.89 H409.54 L406.93 C407.54 ATR=21.63 SL=409.7/410.78 rawVol=67952 volSMA=82353 buf=1.082 prices=409.79
2025-11-18T09:35:00.000-05:00,[KLB] 9:35 ▼ RNG range break vol=12.5x
2025-11-18T10:00:00.000-05:00,[KLB] 10:00 ▼ ~ ~ VWAP vol=2.6x pos=v99 vwap=below ema=bear rs=-1.7% adx=25 body=55% ramp=1x rangeATR=1.7 O398.34 H399.91 L396.34 C396.38 ATR=21.89 SL=398.57/399.66 rawVol=164079 volSMA=63470 buf=1.094 prices=
2025-11-19T09:35:00.000-05:00,[KLB] 9:35 ▼ RNG range break vol=10.4x
2025-11-19T09:35:00.000-05:00,[KLB] 9:35 ▼ ~ ~ Yest H + ~ Today O vol=10.4x pos=v90 vwap=below ema=bull rs=-0.8% adx=32 body=79% ramp=9.2x rangeATR=3.3 ⚡ O406.13 H406.53 L403.12 C403.45 ATR=21.41 SL=405.59/406.66 rawVol=148979 volSMA=14362 buf=1.071 prices=408.9
2025-11-19T09:45:00.000-05:00,[KLB] 9:45 ▼ ~ ~ VWAP vol=5x pos=v95 vwap=below ema=bull rs=-1.5% adx=29 body=90% ramp=27x rangeATR=2.9 ⚡ ⚠ O405.02 H405.21 L401.21 C401.41 ATR=21.41 SL=403.55/404.62 rawVol=140469 volSMA=28281 buf=1.071 prices=
2025-11-19T09:50:00.000-05:00,[KLB] 9:50 ▲ ~ ~ PM L + ~ Yest L + ~ PD LH L + ~ PD Cls vol=4x pos=^95 vwap=above ema=bull rs=-0.9% adx=29 body=70% ramp=2.7x rangeATR=2.7 ⚡ O401.44 H404.56 L400.41 C404.35 ATR=21.41 SL=402.21/401.14 rawVol=142263 volSMA=35136 buf=1.071 prices=400.01/393.71
2025-11-19T09:55:00.000-05:00,[KLB] 9:55 ▲ ~ ~ Yest H vol=3.8x pos=^74 vwap=above ema=bull rs=-0.7% adx=27 body=34% ramp=1.4x rangeATR=2.2 ⚡ O404.26 H406.47 L402.77 C405.5 ATR=21.41 SL=403.36/402.29 rawVol=164344 volSMA=42942 buf=1.071 prices=
2025-11-19T10:00:00.000-05:00,[KLB] 10:00 ▲ RNG range break vol=3.3x
2025-11-19T10:00:00.000-05:00,[KLB] 10:00 ▲ ~ ~ VWAP + ~ PM H + ~ Yest H + ~ ORB H vol=3.3x pos=^94 vwap=above ema=bull rs=-0.2% adx=26 body=83% ramp=1x rangeATR=1.8 ⚠ O405.48 H408.41 L405.13 C408.2 ATR=21.41 SL=406.06/404.99 rawVol=153078 volSMA=49702 buf=1.071 prices=
2025-11-19T10:05:00.000-05:00,[KLB] 10:05 ▲ FADE at 408.9
2025-11-19T11:10:00.000-05:00,[KLB] 11:10 ▼ ~ x~ Yest H vol=0.8x pos=v53 vwap=below ema=bull rs=-0.6% adx=25 body=22% ramp=1.2x rangeATR=0.9 O405.19 H405.75 L403.95 C404.8 ATR=21.41 SL=406.94/408.01 rawVol=103300 volSMA=126170 buf=1.071 prices=408.9
2025-11-19T11:20:00.000-05:00,[KLB] 11:20 ▲ ~ ~ PM H vol=0.7x pos=^68 vwap=above ema=bull rs=-0.1% adx=24 body=68% ramp=0.7x rangeATR=0.6 O406.07 H407.29 L406.07 C406.9 ATR=21.41 SL=404.76/403.69 rawVol=85696 volSMA=119262 buf=1.071 prices=
2025-11-19T11:30:00.000-05:00,[KLB] 11:30 ▲ FADE at 408.9
2025-11-19T11:30:00.000-05:00,[KLB] 11:30 ▲ ~ ~ PM H vol=0.8x pos=^89 vwap=above ema=bull rs=+0.5% adx=21 body=63% ramp=1x rangeATR=1.7 O406.81 H409.29 L405.95 C408.92 ATR=21.41 SL=406.78/405.71 rawVol=94101 volSMA=114345 buf=1.071 prices=
2025-11-19T12:00:00.000-05:00,[KLB] 12:00 ▼ ~ x~ ORB H vol=0.5x pos=v36 vwap=below ema=bull rs=-0.3% adx=17 body=24% ramp=0.7x rangeATR=0.8 O406.21 H406.38 L404.99 C405.88 ATR=21.41 SL=408.02/409.09 rawVol=47608 volSMA=89127 buf=1.071 prices=406.53
2025-11-19T12:35:00.000-05:00,[KLB] 12:35 ▼ BRK ORB L vol=1.2x pos=v86 vwap=below ema=bear rs=-1.2% adx=24 body=84% ramp=1.1x rangeATR=1.3 ⚠ O402.92 H402.98 L400.66 C400.98 ATR=21.41 SL=403.12/404.19 rawVol=88324 volSMA=76278 buf=1.071 prices=403.12
2025-11-19T12:35:00.000-05:00,[KLB] CONF 12:35 ▼ BRK → ✓ (auto-R1: EMA)
2025-11-19T12:40:00.000-05:00,[KLB] 12:40 ▼ BRK PM L + PD LH L vol=1.7x pos=v65 vwap=below ema=bear rs=-1.4% adx=26 body=62% ramp=1.6x rangeATR=1.3 O400.94 H401 L398.5 C399.38 ATR=21.41 SL=401.52/402.59 rawVol=125406 volSMA=73888 buf=1.071 prices=400.01
2025-11-19T12:40:00.000-05:00,[KLB] CONF 12:40 ▼ BRK → ✓ (auto-R1: EMA)
2025-11-19T12:45:00.000-05:00,[KLB] 5m CHECK 12:45 ▼ pnl=-0.17 SPY~ → BAIL
2025-11-19T15:25:00.000-05:00,[KLB] 15:25 ▼ ~ x~ Yest H + x~ ORB H vol=1.8x pos=v74 vwap=below ema=bear rs=-0.8% adx=18 body=23% ramp=1.7x rangeATR=1.3 O404.94 H406 L403.93 C404.46 ATR=21.41 SL=406.6/407.67 rawVol=77786 volSMA=44283 buf=1.071 prices=408.9/406.53
2025-11-19T15:50:00.000-05:00,[KLB] 15:50 ▼ BRK ORB L vol=1.6x pos=v99 vwap=below ema=bear rs=-1.2% adx=21 body=97% ramp=1.1x rangeATR=1.4 ⚠ O404.15 H404.18 L401.97 C402 ATR=21.41 SL=404.14/405.21 rawVol=76481 volSMA=48649 buf=1.071 prices=403.12
2025-11-19T15:50:00.000-05:00,[KLB] CONF 15:50 ▼ BRK → ✓ (auto-R1: EMA)
2025-11-19T15:55:00.000-05:00,[KLB] 5m CHECK 15:55 ▼ pnl=-0.08 SPY✗ → BAIL
2025-11-20T09:30:00.000-05:00,[KLB] 9:30 ▲ ~ ~ Today O vol=1.5x pos=^78 vwap=below ema=bull rs=+1.6% adx=29 body=59% ramp=1.1x rangeATR=2.5 ⚡ O413.67 H415.26 L413.28 C414.83 ATR=20.83 SL=412.75/411.71 rawVol=13285 volSMA=8855 buf=1.041 prices=
2025-11-20T09:35:00.000-05:00,[KLB] 9:35 ▲ RNG range break vol=14.1x
2025-11-20T09:35:00.000-05:00,[KLB] 9:35 ▲ ~ ~ VWAP + ~ PM H vol=14.1x pos=^82 vwap=above ema=bull rs=+1% adx=32 body=80% ramp=23.7x rangeATR=5.1 ⚡ ⚠ O414.63 H420.24 L414.53 C419.22 ATR=20.83 SL=417.14/416.1 rawVol=414533 volSMA=29415 buf=1.041 prices=
2025-11-20T09:40:00.000-05:00,[KLB] 9:40 ▲ ~ ~ ORB H vol=9.5x pos=^88 vwap=above ema=bull rs=+1.4% adx=35 body=50% ramp=45.9x rangeATR=2.5 ⚡ O419.19 H421.15 L417.94 C420.78 ATR=20.83 SL=418.7/417.66 rawVol=284310 volSMA=43511 buf=1.041 prices=
2025-11-20T09:45:00.000-05:00,[KLB] 9:45 ▲ ~ ~ ORB H vol=5.1x pos=^89 vwap=above ema=bull rs=+1.8% adx=38 body=37% ramp=46.2x rangeATR=3.1 ⚡ O420.92 H423.14 L418.5 C422.63 ATR=20.83 SL=420.55/419.51 rawVol=292470 volSMA=57642 buf=1.041 prices=
2025-11-20T11:20:00.000-05:00,[KLB] 11:20 ▼ ~ x~ ORB H vol=0.9x pos=v77 vwap=below ema=bull rs=+1.6% adx=41 body=30% ramp=1x rangeATR=1.4 O419.62 H421.06 L418.02 C418.71 ATR=20.83 SL=420.79/421.83 rawVol=170882 volSMA=186450 buf=1.041 prices=420.24
2025-11-20T11:25:00.000-05:00,[KLB] 11:25 ▼ ~ x~ ORB H vol=1x pos=v58 vwap=below ema=bull rs=+1.6% adx=40 body=15% ramp=1x rangeATR=1.4 O418.86 H420.15 L417.15 C418.42 ATR=20.83 SL=420.5/421.54 rawVol=141618 volSMA=178907 buf=1.041 prices=420.24
2025-11-20T11:30:00.000-05:00,[KLB] 11:30 ▼ ~ x~ ORB H vol=0.9x pos=v89 vwap=below ema=bull rs=+1.6% adx=38 body=5% ramp=0.9x rangeATR=1.5 O418.49 H421.38 L417.91 C418.3 ATR=20.83 SL=420.38/421.42 rawVol=157367 volSMA=170416 buf=1.041 prices=420.24
2025-11-20T12:15:00.000-05:00,[KLB] 12:15 ▼ ~ ~ Yest H vol=1.4x pos=v37 vwap=below ema=bear rs=-0.1% adx=40 body=32% ramp=0.9x rangeATR=1 O407.09 H407.22 L404.25 C406.13 ATR=20.83 SL=408.21/409.25 rawVol=203018 volSMA=145719 buf=1.041 prices=411.78
2025-11-20T12:20:00.000-05:00,[KLB] 12:20 ▼ ~ ~ PD Cls vol=1.4x pos=v74 vwap=below ema=bear rs=-0.4% adx=42 body=72% ramp=0.9x rangeATR=1.1 O405.96 H406.02 L402.95 C403.75 ATR=20.83 SL=405.83/406.87 rawVol=116885 volSMA=147217 buf=1.041 prices=
2025-11-20T13:20:00.000-05:00,[KLB] 13:20 ▼ ~ ~ Yest H vol=1x pos=v69 vwap=below ema=bear rs=-0.4% adx=44 body=64% ramp=1.1x rangeATR=1.5 O407.91 H408.15 L403.5 C404.94 ATR=20.83 SL=407.02/408.06 rawVol=129854 volSMA=131249 buf=1.041 prices=411.78
2025-11-20T13:25:00.000-05:00,[KLB] 13:25 ▼ ~ x~ Yest H vol=1x pos=v86 vwap=below ema=bear rs=-0.4% adx=42 body=24% ramp=1x rangeATR=0.8 O404.93 H406.39 L404.05 C404.38 ATR=20.83 SL=406.46/407.5 rawVol=86450 volSMA=129390 buf=1.041 prices=411.78
2025-11-20T13:55:00.000-05:00,[KLB] 13:55 ▼ BRK PD LH L vol=1.4x pos=v68 vwap=below ema=bear rs=-1.1% adx=39 body=66% ramp=1.3x rangeATR=1.1 O400.58 H400.64 L397.6 C398.56 ATR=20.83 SL=400.64/401.68 rawVol=155795 volSMA=108990 buf=1.041 prices=
2025-11-20T13:55:00.000-05:00,[KLB] CONF 13:55 ▼ BRK → ✓ (auto-R1: EMA)
2025-11-20T14:00:00.000-05:00,[KLB] 5m CHECK 14:00 ▼ pnl=-0.06 SPY✓ → HOLD
2025-11-20T15:25:00.000-05:00,[KLB] 15:25 ▼ BRK PD LH L vol=1.1x pos=v97 vwap=below ema=bear rs=-1.2% adx=22 body=69% ramp=0.8x rangeATR=1.3 O401.2 H402.07 L398.99 C399.08 ATR=20.83 SL=401.16/402.2 rawVol=80950 volSMA=73324 buf=1.041 prices=
2025-11-20T15:25:00.000-05:00,[KLB] CONF 15:25 ▼ BRK → ✓ (auto-R1: EMA)
2025-11-20T15:30:00.000-05:00,[KLB] 5m CHECK 15:30 ▼ pnl=-0.04 SPY✓ → HOLD
2025-11-20T15:50:00.000-05:00,[KLB] 15:50 ▼ BRK Yest L vol=1.4x pos=v90 vwap=below ema=bear rs=-1.1% adx=24 body=69% ramp=1.1x rangeATR=1.1 O398.84 H399.35 L397.01 C397.24 ATR=20.83 SL=399.32/400.36 rawVol=96885 volSMA=70316 buf=1.041 prices=398.5
2025-11-20T15:50:00.000-05:00,[KLB] CONF 15:50 ▼ BRK → ✓ (auto-R1: EMA)
2025-11-20T15:55:00.000-05:00,[KLB] 5m CHECK 15:55 ▼ pnl=0 SPY✓ → HOLD
2025-11-21T09:30:00.000-05:00,[KLB] 9:30 ▲ ~ ~ VWAP + ~ PM H vol=0.4x pos=^90 vwap=above ema=bull rs=+0.4% adx=22 body=81% ramp=0.8x rangeATR=1.4 ⚠ O400.75 H402.43 L400.57 C402.25 ATR=21.78 SL=400.07/398.98 rawVol=5105 volSMA=12050 buf=1.089 prices=
2025-11-21T09:35:00.000-05:00,[KLB] 9:35 ▼ ~ ~ Today O vol=9.8x pos=v40 vwap=above ema=bull rs=-0.5% adx=21 body=30% ramp=10.6x rangeATR=3.5 ⚡ O402.17 H402.72 L397 C400.45 ATR=21.78 SL=402.63/403.72 rawVol=219425 volSMA=22314 buf=1.089 prices=
2025-11-21T10:20:00.000-05:00,[KLB] 10:20 ▼ ~ ~ VWAP vol=1.7x pos=v63 vwap=below ema=bear rs=-2.2% adx=21 body=40% ramp=0.7x rangeATR=1.3 O394.67 H395.51 L391.8 C393.18 ATR=21.78 SL=395.36/396.45 rawVol=168711 volSMA=100632 buf=1.089 prices=
2025-11-21T13:35:00.000-05:00,[KLB] 13:35 ▲ ~ ~ Yest L vol=1x pos=^66 vwap=above ema=bull rs=-2.2% adx=21 body=58% ramp=0.9x rangeATR=1.1 O394.6 H397 L394.41 C396.11 ATR=21.78 SL=393.93/392.84 rawVol=93845 volSMA=93635 buf=1.089 prices=394.74
2025-11-24T09:30:00.000-05:00,[KLB] 9:30 ▲ RNG range break vol=4.3x
2025-11-24T09:35:00.000-05:00,[KLB] 9:35 ▲ ~ ~ VWAP + ~ Today O + ~ PM H + ~ Yest H vol=15.5x pos=^96 vwap=above ema=bull rs=+1.5% adx=29 body=84% ramp=19.5x rangeATR=6.6 ⚡ ⚠ O402.17 H409.76 L401.12 C409.44 ATR=21.59 SL=407.28/406.2 rawVol=519006 volSMA=33491 buf=1.079 prices=
2025-11-24T09:55:00.000-05:00,[KLB] 9:55 ▲ ~ ~ ORB H vol=2.9x pos=^71 vwap=above ema=bull rs=+1.9% adx=40 body=40% ramp=0.8x rangeATR=3 ⚡ O407.64 H411.7 L405.86 C410 ATR=21.59 SL=407.84/406.76 rawVol=242479 volSMA=84572 buf=1.079 prices=
2025-11-25T09:30:00.000-05:00,[KLB] 9:30 ▼ BRK PD LH L vol=1.1x pos=v91 vwap=below ema=bear rs=0% adx=21 body=52% ramp=1x rangeATR=2.4 ⚡ O415.75 H416.65 L414.3 C414.52 ATR=22.23 SL=416.74/417.86 rawVol=9037 volSMA=8556 buf=1.112 prices=
2025-11-25T09:30:00.000-05:00,[KLB] CONF 9:30 ▼ BRK → ✓ (auto-R1: EMA)
2025-11-25T09:35:00.000-05:00,[KLB] 9:35 ▼ RNG range break vol=11.9x
2025-11-25T09:35:00.000-05:00,[KLB] 5m CHECK 9:35 ▼ pnl=0.04 SPY~ → HOLD
2025-11-25T09:45:00.000-05:00,[KLB] 9:45 ▼ BRK PM L vol=5.1x pos=v85 vwap=below ema=bear rs=-0.7% adx=25 body=83% ramp=33.2x rangeATR=2.5 ⚡ ⚠ O413.65 H413.72 L410.07 C410.62 ATR=22.23 SL=412.84/413.96 rawVol=195437 volSMA=38679 buf=1.112 prices=412.01
2025-11-25T09:45:00.000-05:00,[KLB] 9:45 ▼ ~ ~ VWAP vol=5.1x pos=v85 vwap=below ema=bear rs=-0.7% adx=25 body=83% ramp=33.2x rangeATR=2.5 ⚡ ⚠ O413.65 H413.72 L410.07 C410.62 ATR=22.23 SL=412.84/413.96 rawVol=195437 volSMA=38679 buf=1.112 prices=
2025-11-25T09:45:00.000-05:00,[KLB] CONF 9:45 ▼ BRK → ✓ (auto-R1: EMA)
2025-11-25T09:50:00.000-05:00,[KLB] 9:50 ▼ BRK ORB L vol=5.2x pos=v90 vwap=below ema=bear rs=-1.1% adx=28 body=83% ramp=2.5x rangeATR=2.1 ⚡ ⚠ O410.58 H410.8 L407.41 C407.75 ATR=22.23 SL=409.97/411.09 rawVol=264876 volSMA=51420 buf=1.112 prices=411.09
2025-11-25T09:50:00.000-05:00,[KLB] CONF 9:50 ▼ BRK → ✓ (auto-R1: EMA)
2025-11-25T09:55:00.000-05:00,[KLB] 5m CHECK 9:55 ▼ pnl=-0.18 SPY~ → BAIL
2025-11-25T10:05:00.000-05:00,[KLB] 10:05 ▼ BRK ORB L vol=1.9x pos=v97 vwap=below ema=bear rs=-1.1% adx=30 body=96% ramp=0.8x rangeATR=2 ⚡ ⚠ O412.29 H412.34 L408.09 C408.22 ATR=22.23 SL=410.44/411.56 rawVol=144779 volSMA=75527 buf=1.112 prices=411.09
2025-11-25T10:05:00.000-05:00,[KLB] CONF 10:05 ▼ BRK → ✓ (auto-R1: EMA)
2025-11-25T10:10:00.000-05:00,[KLB] 5m CHECK 10:10 ▼ pnl=-0.09 SPY~ → HOLD
2025-11-25T12:25:00.000-05:00,[KLB] 12:25 ▲ ~ ~ PM H + ~ Yest H vol=0.8x pos=^88 vwap=above ema=bull rs=+0.3% adx=28 body=48% ramp=0.8x rangeATR=0.8 O418.11 H418.89 L417.59 C418.73 ATR=22.23 SL=416.51/415.39 rawVol=58076 volSMA=72136 buf=1.112 prices=
2025-11-25T13:05:00.000-05:00,[KLB] 13:05 ▲ ~ ~ PM H + ~ Yest H vol=0.7x pos=^98 vwap=above ema=bull rs=+0.4% adx=32 body=90% ramp=0.6x rangeATR=1 ⚠ O417.56 H418.98 L417.43 C418.95 ATR=22.23 SL=416.73/415.61 rawVol=49757 volSMA=71013 buf=1.112 prices=
2025-11-25T14:55:00.000-05:00,[KLB] 14:55 ▲ ~ ~ VWAP vol=0.9x pos=^98 vwap=above ema=bull rs=-0.2% adx=25 body=96% ramp=1.2x rangeATR=1.5 ⚠ O415.1 H416.72 L415.06 C416.69 ATR=22.23 SL=414.47/413.35 rawVol=36753 volSMA=42868 buf=1.112 prices=
2025-11-26T09:35:00.000-05:00,[KLB] 9:35 ▼ RNG range break vol=12.7x
2025-11-26T09:40:00.000-05:00,[KLB] 9:40 ▼ ~ ~ VWAP vol=9.3x pos=v56 vwap=below ema=bull rs=-1.1% adx=22 body=44% ramp=27x rangeATR=3.4 ⚡ O421.43 H421.85 L418.22 C419.82 ATR=21.68 SL=421.99/423.07 rawVol=263493 volSMA=28261 buf=1.084 prices=
2025-11-26T09:45:00.000-05:00,[KLB] 9:45 ▲ ~ ~ PD Cls vol=3.8x pos=^99 vwap=below ema=bear rs=-0.8% adx=25 body=59% ramp=27.1x rangeATR=2.3 ⚡ O419.9 H421.53 L418.83 C421.5 ATR=21.68 SL=419.33/418.25 rawVol=130029 volSMA=34325 buf=1.084 prices=
2025-11-26T10:00:00.000-05:00,[KLB] 10:00 ▼ FADE at 419.4
2025-11-26T10:00:00.000-05:00,[KLB] 10:00 ▼ BRK PM L + ORB L vol=3x pos=v90 vwap=below ema=bear rs=-1.5% adx=29 body=72% ramp=0.7x rangeATR=2.4 ⚡ O420.06 H420.73 L417.05 C417.4 ATR=21.68 SL=419.57/420.65 rawVol=163731 volSMA=54875 buf=1.084 prices=420.35/421.07
2025-11-26T10:00:00.000-05:00,[KLB] 10:00 ▼ ~ ~ Yest H vol=3x pos=v90 vwap=below ema=bear rs=-1.5% adx=29 body=72% ramp=0.7x rangeATR=2.4 ⚡ O420.06 H420.73 L417.05 C417.4 ATR=21.68 SL=419.57/420.65 rawVol=163731 volSMA=54875 buf=1.084 prices=420.48
2025-11-26T10:00:00.000-05:00,[KLB] CONF 10:00 ▼ BRK → ✓ (auto-R1: EMA)
2025-11-26T10:05:00.000-05:00,[KLB] 5m CHECK 10:05 ▼ pnl=-0.05 SPY~ → HOLD
2025-11-26T10:45:00.000-05:00,[KLB] 10:45 ▼ ~ ~ Yest H vol=0.9x pos=v92 vwap=below ema=bear rs=-1.5% adx=35 body=89% ramp=1.1x rangeATR=1.6 ⚠ O420.45 H420.54 L417.9 C418.1 ATR=21.68 SL=420.27/421.35 rawVol=78115 volSMA=86325 buf=1.084 prices=420.48
2025-11-26T11:15:00.000-05:00,[KLB] 11:15 ▼ ~ ~ Yest H vol=0.4x pos=v71 vwap=below ema=bear rs=-1.5% adx=33 body=71% ramp=0.6x rangeATR=0.5 O419.6 H419.6 L418.9 C419.1 ATR=21.68 SL=421.27/422.35 rawVol=35586 volSMA=91020 buf=1.084 prices=420.48
2025-11-26T11:30:00.000-05:00,[KLB] 11:30 ▼ ~ ~ Yest H vol=0.8x pos=v94 vwap=below ema=bear rs=-1.6% adx=29 body=78% ramp=1.4x rangeATR=1.2 O420.52 H420.8 L419.06 C419.17 ATR=21.68 SL=421.34/422.42 rawVol=56864 volSMA=71062 buf=1.084 prices=420.48
2025-11-28T09:35:00.000-05:00,[KLB] 9:35 ▲ RNG range break vol=14.6x
2025-11-28T09:35:00.000-05:00,[KLB] 9:35 ▲ ~ ~ Today O + ~ PD Cls + ~ PM H + ~ Yest H + ~ Week H vol=14.6x pos=^91 vwap=above ema=bull rs=+1.2% adx=41 body=90% ramp=12.5x rangeATR=6.7 ⚡ ⚠ O426.48 H432.69 L426.45 C432.11 ATR=20.85 SL=430.02/428.98 rawVol=228776 volSMA=15702 buf=1.043 prices=
2025-11-28T09:45:00.000-05:00,[KLB] 9:45 ▼ ~ ~ PM H + ~ ORB H vol=5.1x pos=v87 vwap=below ema=bull rs=+0.4% adx=38 body=75% ramp=25.9x rangeATR=3.5 ⚡ O431.89 H432.4 L428.1 C428.67 ATR=20.85 SL=430.76/431.8 rawVol=153220 volSMA=29981 buf=1.043 prices=429.62/432.69
2025-11-28T09:50:00.000-05:00,[KLB] 9:50 ▲ FADE at 429.62
2025-11-28T09:50:00.000-05:00,[KLB] 9:50 ▲ ~ ~ Week H vol=3.6x pos=^79 vwap=above ema=bull rs=+0.7% adx=36 body=57% ramp=1.7x rangeATR=1.6 O428.73 H430.4 L428.26 C429.95 ATR=20.85 SL=427.86/426.82 rawVol=129495 volSMA=36374 buf=1.043 prices=
2025-11-28T11:10:00.000-05:00,[KLB] 11:10 ▲ ~ ~ VWAP vol=1.3x pos=^100 vwap=above ema=bull rs=+0.9% adx=20 body=76% ramp=1.1x rangeATR=1.3 O430.22 H431.47 L429.82 C431.47 ATR=20.85 SL=429.38/428.34 rawVol=119571 volSMA=93132 buf=1.043 prices=
2025-12-01T09:30:00.000-05:00,[KLB] 9:30 ▲ ~ ~ Today O vol=0.9x pos=^86 vwap=below ema=bear rs=-0.6% adx=22 body=60% ramp=0.7x rangeATR=1.9 O424.79 H425.54 L424.52 C425.4 ATR=19.84 SL=423.42/422.42 rawVol=3466 volSMA=4013 buf=0.992 prices=
2025-12-01T09:35:00.000-05:00,[KLB] 9:35 ▲ RNG range break vol=15.3x
2025-12-01T09:35:00.000-05:00,[KLB] 9:35 ▲ ~ ~ Yest L + ~ PM H vol=15.3x pos=^89 vwap=above ema=bear rs=+0.7% adx=26 body=85% ramp=15.8x rangeATR=5.1 ⚡ ⚠ O425.39 H429.32 L425.23 C428.87 ATR=19.84 SL=426.89/425.89 rawVol=251122 volSMA=16385 buf=0.992 prices=426.2
2025-12-01T09:40:00.000-05:00,[KLB] 9:40 ▼ ~ ~ PD Cls vol=8.1x pos=v100 vwap=above ema=bear rs=+0.4% adx=29 body=37% ramp=28x rangeATR=3.9 ⚡ O428.94 H431.45 L427.45 C427.45 ATR=19.84 SL=429.43/430.43 rawVol=220791 volSMA=27283 buf=0.992 prices=
2025-12-01T09:50:00.000-05:00,[KLB] 9:50 ▼ ~ x~ PM H vol=3.1x pos=v76 vwap=below ema=bull rs=+0.1% adx=31 body=22% ramp=1.8x rangeATR=2.1 ⚡ O427 H428.33 L425.85 C426.45 ATR=19.84 SL=428.43/429.43 rawVol=118482 volSMA=38408 buf=0.992 prices=427.22
2025-12-01T09:55:00.000-05:00,[KLB] 9:55 ▲ FADE at 427.22
2025-12-01T09:55:00.000-05:00,[KLB] 9:55 ▲ ~ ~ Yest L + ~ PM H vol=2.1x pos=^99 vwap=above ema=bull rs=+0.4% adx=32 body=95% ramp=0.7x rangeATR=1.9 ⚠ O426.39 H428.66 L426.29 C428.64 ATR=19.84 SL=426.66/425.66 rawVol=91430 volSMA=42859 buf=0.992 prices=426.2
2025-12-01T10:00:00.000-05:00,[KLB] 10:00 ▲ ~ ~ ORB H vol=2x pos=^61 vwap=above ema=bull rs=+0.5% adx=34 body=31% ramp=0.5x rangeATR=0.9 🔇 O428.66 H429.5 L428.29 C429.03 ATR=19.84 SL=427.05/426.05 rawVol=74656 volSMA=46515 buf=0.992 prices=
2025-12-01T10:10:00.000-05:00,[KLB] 10:10 ▲ ~ ~ VWAP + ~ PD LH L + ~ Yest H + ~ ORB H vol=2x pos=^91 vwap=above ema=bull rs=+0.9% adx=37 body=71% ramp=0.9x rangeATR=2.1 ⚡ O428.42 H430.91 L427.83 C430.62 ATR=19.84 SL=428.64/427.64 rawVol=112203 volSMA=56515 buf=0.992 prices=
2025-12-01T10:55:00.000-05:00,[KLB] 10:55 ▲ ~ ~ ORB H vol=0.8x pos=^96 vwap=above ema=bull rs=+0.4% adx=36 body=93% ramp=0.7x rangeATR=1.1 ⚠ O427.17 H428.89 L427.11 C428.82 ATR=19.84 SL=426.84/425.84 rawVol=82559 volSMA=98906 buf=0.992 prices=
2025-12-01T12:10:00.000-05:00,[KLB] 12:10 ▲ ~ ~ ORB H vol=1x pos=^39 vwap=above ema=bull rs=+0.4% adx=22 body=38% ramp=1x rangeATR=0.9 O428.53 H429.55 L428.51 C428.92 ATR=19.84 SL=426.94/425.94 rawVol=53131 volSMA=51984 buf=0.992 prices=
2025-12-01T12:30:00.000-05:00,[KLB] 12:30 ▲ ~ ~ ORB H vol=1.1x pos=^93 vwap=above ema=bull rs=+0.4% adx=21 body=82% ramp=0.9x rangeATR=1 ⚠ O428.19 H429.2 L428.07 C429.12 ATR=19.84 SL=427.14/426.14 rawVol=49975 volSMA=44203 buf=0.992 prices=
2025-12-01T12:45:00.000-05:00,[KLB] 12:45 ▲ ~ ~ Yest H vol=1.8x pos=^98 vwap=above ema=bull rs=+0.7% adx=23 body=96% ramp=1.6x rangeATR=0.9 ⚠ O429.71 H430.66 L429.69 C430.64 ATR=19.84 SL=428.66/427.66 rawVol=56704 volSMA=44750 buf=0.992 prices=
2025-12-01T14:50:00.000-05:00,[KLB] 14:50 ▼ ~ x~ PM H vol=1x pos=v79 vwap=below ema=bear rs=+0.1% adx=14 body=18% ramp=0.8x rangeATR=0.8 O426.72 H427.09 L426.48 C426.61 ATR=19.84 SL=428.59/429.59 rawVol=33152 volSMA=36658 buf=0.992 prices=427.22
2025-12-02T09:35:00.000-05:00,[KLB] 9:35 ▼ RNG range break vol=15x
2025-12-02T09:35:00.000-05:00,[KLB] 9:35 ▼ ~ x~ Week H vol=15x pos=v60 vwap=below ema=bull rs=-0.1% adx=25 body=14% ramp=15.8x rangeATR=4.7 ⚡ O430.8 H432.46 L428.86 C430.31 ATR=19.02 SL=432.21/433.16 rawVol=248407 volSMA=16539 buf=0.951 prices=432.93
2025-12-02T09:40:00.000-05:00,[KLB] 9:40 ▲ ~ ~ PD Cls + ~ Yest H + ~ ORB H vol=8.4x pos=^63 vwap=above ema=bull rs=+0.2% adx=25 body=44% ramp=28.5x rangeATR=4.1 ⚡ O430.16 H433.5 L429.41 C431.98 ATR=19.02 SL=430.08/429.13 rawVol=238814 volSMA=28370 buf=0.951 prices=
2025-12-02T09:45:00.000-05:00,[KLB] 9:45 ▼ ~ ~ PM H + ~ Yest H + ~ Week H + ~ ORB H vol=3.7x pos=v96 vwap=below ema=bull rs=-0.3% adx=25 body=73% ramp=26x rangeATR=2.5 ⚡ O432.08 H432.74 L429.84 C429.96 ATR=19.02 SL=431.86/432.81 rawVol=127073 volSMA=34591 buf=0.951 prices=433.2/433.66/432.93/432.46
2025-12-02T09:50:00.000-05:00,[KLB] 9:50 ▼ ~ x~ Yest H vol=3.1x pos=v52 vwap=below ema=bull rs=-0.3% adx=26 body=16% ramp=1.8x rangeATR=1.7 O429.99 H430.71 L428.73 C429.68 ATR=19.02 SL=431.58/432.53 rawVol=127735 volSMA=40882 buf=0.951 prices=433.66
2025-12-02T09:55:00.000-05:00,[KLB] 9:55 ▼ BRK ORB L vol=3.1x pos=v88 vwap=below ema=bear rs=-0.6% adx=27 body=57% ramp=0.8x rangeATR=2.2 ⚡ O429.69 H430.58 L427.74 C428.08 ATR=19.02 SL=429.98/430.93 rawVol=151908 volSMA=48273 buf=0.951 prices=428.86
2025-12-02T09:55:00.000-05:00,"[KLB] 9:55 ▼ ~ ~ Yest H
~ VWAP vol=3.1x pos=v88 vwap=below ema=bear rs=-0.6% adx=27 body=57% ramp=0.8x rangeATR=2.2 ⚡ O429.69 H430.58 L427.74 C428.08 ATR=19.02 SL=429.98/430.93 rawVol=151908 volSMA=48273 buf=0.951 prices=433.66"
2025-12-02T09:55:00.000-05:00,[KLB] CONF 9:55 ▼ BRK → ✓ (auto-R1: EMA)
2025-12-02T10:00:00.000-05:00,[KLB] 5m CHECK 10:00 ▼ pnl=-0.05 SPY~ → HOLD
2025-12-02T10:10:00.000-05:00,[KLB] 10:10 ▲ FADE at 433.66
2025-12-02T10:10:00.000-05:00,[KLB] 10:10 ▲ RNG range break vol=3.7x
2025-12-02T10:10:00.000-05:00,[KLB] 10:10 ▲ ~ ~ VWAP + ~ PM H + ~ Week H + ~ ORB H vol=3.7x pos=^97 vwap=above ema=bull rs=+0.9% adx=27 body=95% ramp=1.4x rangeATR=2.6 ⚡ ⚠ O431.38 H435.51 L431.29 C435.37 ATR=19.02 SL=433.47/432.52 rawVol=279623 volSMA=76502 buf=0.951 prices=
2025-12-02T10:35:00.000-05:00,[KLB] 10:35 ▼ ~ x~ Yest H vol=1.7x pos=v62 vwap=below ema=bull rs=-0.2% adx=24 body=17% ramp=0.6x rangeATR=0.7 O429.91 H430.52 L429.17 C429.68 ATR=19.02 SL=431.58/432.53 rawVol=101520 volSMA=117777 buf=0.951 prices=433.66
2025-12-02T11:25:00.000-05:00,[KLB] 11:25 ▼ BRK Yest L + PD LH L + Month O vol=1.4x pos=v95 vwap=below ema=bear rs=-1.5% adx=20 body=93% ramp=1.3x rangeATR=1.8 ⚠ O426.3 H426.37 L423.13 C423.29 ATR=19.02 SL=425.19/426.14 rawVol=182072 volSMA=134432 buf=0.951 prices=425.29
2025-12-02T11:25:00.000-05:00,[KLB] CONF 11:25 ▼ BRK → ✓ (auto-R1: EMA)
2025-12-02T11:30:00.000-05:00,[KLB] 5m CHECK 11:30 ▼ pnl=-0.05 SPY~ → HOLD
2025-12-02T15:00:00.000-05:00,[KLB] 15:00 ▲ ~ ~ PM L vol=1.4x pos=^74 vwap=above ema=bull rs=-0.4% adx=22 body=64% ramp=1.1x rangeATR=0.7 O428.74 H429.39 L428.67 C429.2 ATR=19.02 SL=427.3/426.35 rawVol=41870 volSMA=45471 buf=0.951 prices=428.56
2025-12-02T15:10:00.000-05:00,[KLB] 15:10 ▲ ~ ~ Yest H vol=1.9x pos=^100 vwap=above ema=bull rs=-0.2% adx=25 body=92% ramp=1.2x rangeATR=1 ⚠ O429.22 H430.16 L429.14 C430.16 ATR=19.02 SL=428.26/427.31 rawVol=93464 volSMA=48853 buf=0.951 prices=
2025-12-02T15:15:00.000-05:00,[KLB] 15:15 ▲ ~ ~ Yest H vol=1.8x pos=^90 vwap=above ema=bull rs=-0.1% adx=27 body=54% ramp=1.4x rangeATR=1.4 O430.17 H431.05 L429.67 C430.91 ATR=19.02 SL=429.01/428.06 rawVol=76277 volSMA=51263 buf=0.951 prices=
2025-12-02T15:30:00.000-05:00,[KLB] 15:30 ▲ ~ ~ Yest H vol=0.6x pos=^71 vwap=above ema=bull rs=-0.2% adx=32 body=63% ramp=0.5x rangeATR=0.4 O430.12 H430.47 L430.09 C430.36 ATR=19.02 SL=428.46/427.51 rawVol=28427 volSMA=51047 buf=0.951 prices=
2025-12-02T15:50:00.000-05:00,[KLB] 15:50 ▲ ~ ~ PM L vol=1.1x pos=^100 vwap=above ema=bull rs=-0.3% adx=30 body=67% ramp=1.3x rangeATR=0.7 O429.26 H429.71 L429.04 C429.71 ATR=19.02 SL=427.81/426.86 rawVol=38997 volSMA=51406 buf=0.951 prices=428.56
2025-12-03T09:30:00.000-05:00,[KLB] 9:30 ▲ ~ ~ Today O vol=0.5x pos=^60 vwap=below ema=bull rs=-0.1% adx=38 body=56% ramp=0.3x rangeATR=1.1 🔇 O431.44 H432.61 L431.4 C432.12 ATR=18.71 SL=430.25/429.31 rawVol=11468 volSMA=20936 buf=0.936 prices=
2025-12-03T09:35:00.000-05:00,[KLB] 9:35 ▲ ~ ~ PM H + ~ Week H vol=9.8x pos=^69 vwap=above ema=bull rs=+0.8% adx=37 body=54% ramp=4.4x rangeATR=4.4 ⚡ O432.04 H437.45 L431.1 C435.48 ATR=18.71 SL=433.61/432.67 rawVol=401916 volSMA=40997 buf=0.936 prices=
2025-12-03T09:40:00.000-05:00,[KLB] 9:40 ▼ ~ ~ PM H + ~ ORB H vol=4.7x pos=v89 vwap=below ema=bull rs=+0.4% adx=37 body=42% ramp=11.3x rangeATR=2.4 ⚡ O435.37 H437.16 L433.37 C433.79 ATR=18.71 SL=435.66/436.6 rawVol=252294 volSMA=53519 buf=0.936 prices=435.7/437.45
2025-12-03T09:45:00.000-05:00,[KLB] 9:45 ▲ FADE at 435.7
2025-12-03T09:45:00.000-05:00,[KLB] 9:45 ▲ ~ ~ PM H vol=4.8x pos=^56 vwap=above ema=bull rs=+1% adx=37 body=56% ramp=25.1x rangeATR=2.6 ⚡ O433.69 H438.57 L433.69 C436.41 ATR=18.71 SL=434.54/433.6 rawVol=330635 volSMA=68345 buf=0.936 prices=
2025-12-03T09:55:00.000-05:00,[KLB] 9:55 ▲ ~ ~ VWAP + ~ ORB H vol=2.5x pos=^71 vwap=above ema=bull rs=+1.4% adx=38 body=52% ramp=1.1x rangeATR=1.2 O437.02 H438.89 L436.57 C438.22 ATR=18.71 SL=436.35/435.41 rawVol=217506 volSMA=86998 buf=0.936 prices=
2025-12-03T10:05:00.000-05:00,[KLB] 10:05 ▲ RNG range break vol=3.2x
2025-12-04T09:30:00.000-05:00,[KLB] 9:30 ▲ RNG range break vol=3x
2025-12-04T09:35:00.000-05:00,[KLB] 9:35 ▼ RNG range break vol=13.2x
2025-12-04T09:35:00.000-05:00,[KLB] 9:35 ▼ BRK PM L vol=13.2x pos=v93 vwap=below ema=bear rs=-0.6% adx=21 body=74% ramp=11.9x rangeATR=5 ⚡ O449.9 H450.88 L445.82 C446.15 ATR=18.71 SL=448.02/448.96 rawVol=373669 volSMA=28219 buf=0.936 prices=447.15
2025-12-04T09:35:00.000-05:00,"[KLB] 9:35 ▼ ~ ~ Yest H
~ VWAP + ~ Today O + ~ PD Cls vol=13.2x pos=v93 vwap=below ema=bear rs=-0.6% adx=21 body=74% ramp=11.9x rangeATR=5 ⚡ O449.9 H450.88 L445.82 C446.15 ATR=18.71 SL=448.02/448.96 rawVol=373669 volSMA=28219 buf=0.936 prices=447.92"
2025-12-04T09:35:00.000-05:00,[KLB] CONF 9:35 ▼ BRK → ✓ (auto-R1: EMA)
2025-12-04T09:40:00.000-05:00,[KLB] 9:40 ▲ ~ ~ PM L + ~ Yest H vol=7.2x pos=^71 vwap=above ema=bear rs=+0.1% adx=20 body=67% ramp=19.2x rangeATR=4.1 ⚡ O446.19 H451.49 L445.97 C449.91 ATR=18.71 SL=448.04/447.1 rawVol=319520 volSMA=44105 buf=0.936 prices=447.15
2025-12-04T09:40:00.000-05:00,[KLB] 5m CHECK 9:40 ▼ pnl=-0.2 SPY~ → BAIL
2025-12-04T12:30:00.000-05:00,[KLB] 12:30 ▼ ~ x~ ORB H vol=1.3x pos=v97 vwap=below ema=bull rs=+0.2% adx=14 body=29% ramp=0.8x rangeATR=0.4 O449.98 H450.38 L449.79 C449.81 ATR=18.71 SL=451.68/452.62 rawVol=31854 volSMA=55813 buf=0.936 prices=450.88
2025-12-05T09:35:00.000-05:00,[KLB] 9:35 ▲ RNG range break vol=12.1x
2025-12-05T09:35:00.000-05:00,[KLB] 9:35 ▲ ~ ~ Today O + ~ PD Cls + ~ Yest H vol=12.1x pos=^74 vwap=above ema=bear rs=+0.4% adx=41 body=71% ramp=13.1x rangeATR=3.7 ⚡ O453.03 H456.08 L452.94 C455.25 ATR=18.04 SL=453.45/452.54 rawVol=236800 volSMA=19497 buf=0.902 prices=
2025-12-05T10:00:00.000-05:00,[KLB] 10:00 ▼ ~ x~ ORB H vol=2.1x pos=v42 vwap=below ema=bull rs=+0.3% adx=38 body=11% ramp=0.6x rangeATR=1.5 O455.39 H456.02 L454 C455.17 ATR=18.04 SL=456.97/457.87 rawVol=115288 volSMA=54891 buf=0.902 prices=456.08
2025-12-05T10:05:00.000-05:00,[KLB] 10:05 ▲ ~ ~ Yest H vol=2x pos=^70 vwap=above ema=bull rs=+0.3% adx=37 body=31% ramp=0.6x rangeATR=2 O455.16 H456.85 L454.04 C456.02 ATR=18.04 SL=454.22/453.31 rawVol=123093 volSMA=60705 buf=0.902 prices=
2025-12-05T10:10:00.000-05:00,[KLB] 10:10 ▲ FADE at 456.08
2025-12-05T10:40:00.000-05:00,[KLB] 10:40 ▲ ~ ~ VWAP + ~ PM H vol=1.4x pos=^97 vwap=above ema=bull rs=+0.7% adx=32 body=75% ramp=0.8x rangeATR=1.6 O456.27 H457.98 L455.77 C457.92 ATR=18.04 SL=456.12/455.21 rawVol=114932 volSMA=85014 buf=0.902 prices=
2025-12-05T11:55:00.000-05:00,[KLB] 11:55 ▲ ~ ~ Yest H vol=0.8x pos=^99 vwap=above ema=bull rs=+0.4% adx=21 body=70% ramp=0.9x rangeATR=0.8 O454.59 H455.43 L454.24 C455.42 ATR=18.04 SL=453.62/452.71 rawVol=59450 volSMA=82619 buf=0.902 prices=
2025-12-08T09:30:00.000-05:00,[KLB] 9:30 ▼ ~ ~ Today O vol=2.8x pos=v82 vwap=below ema=bear rs=+0.1% adx=22 body=82% ramp=3.1x rangeATR=3.7 ⚡ ⚠ O449.3 H449.3 L447.03 C447.43 ATR=17.26 SL=449.16/450.02 rawVol=19473 volSMA=6909 buf=0.863 prices=
2025-12-08T09:35:00.000-05:00,[KLB] 9:35 ▼ RNG range break vol=14.5x
2025-12-08T09:40:00.000-05:00,[KLB] 9:40 ▼ BRK ORB L vol=9x pos=v89 vwap=below ema=bear rs=-0.6% adx=25 body=86% ramp=46.7x rangeATR=2.8 ⚡ ⚠ O446.45 H446.56 L443.8 C444.09 ATR=17.26 SL=445.82/446.68 rawVol=305470 volSMA=39702 buf=0.863 prices=445.82
2025-12-08T09:40:00.000-05:00,[KLB] 9:40 ▼ ~ ~ VWAP vol=9x pos=v89 vwap=below ema=bear rs=-0.6% adx=25 body=86% ramp=46.7x rangeATR=2.8 ⚡ ⚠ O446.45 H446.56 L443.8 C444.09 ATR=17.26 SL=445.82/446.68 rawVol=305470 volSMA=39702 buf=0.863 prices=
2025-12-08T09:40:00.000-05:00,[KLB] CONF 9:40 ▼ BRK → ✓ (auto-R1: EMA)
2025-12-08T09:45:00.000-05:00,[KLB] 5m CHECK 9:45 ▼ pnl=-0.15 SPY~ → BAIL
2025-12-08T10:00:00.000-05:00,[KLB] 10:00 ▼ BRK ORB L vol=1.6x pos=v76 vwap=below ema=bear rs=-0.4% adx=26 body=72% ramp=0.5x rangeATR=1.3 🔇 O446.36 H446.43 L444.68 C445.1 ATR=17.26 SL=446.83/447.69 rawVol=98124 volSMA=64516 buf=0.863 prices=445.82
2025-12-08T10:00:00.000-05:00,[KLB] CONF 10:00 ▼ BRK → ✓ (auto-R1: EMA)
2025-12-08T10:05:00.000-05:00,[KLB] 5m CHECK 10:05 ▼ pnl=0.01 SPY~ → HOLD
2025-12-09T09:35:00.000-05:00,[KLB] 9:35 ▲ RNG range break vol=13.1x
2025-12-09T09:40:00.000-05:00,[KLB] 9:40 ▲ ~ ~ Yest L + ~ PD Cls + ~ PM H + ~ ORB H vol=10.3x pos=^59 vwap=above ema=bull rs=+0.6% adx=26 body=50% ramp=20x rangeATR=4.1 ⚡ O438.43 H442.26 L438.08 C440.53 ATR=17.44 SL=438.79/437.91 rawVol=258235 volSMA=25142 buf=0.872 prices=435.25
2025-12-09T09:50:00.000-05:00,[KLB] 9:50 ▲ ~ ~ VWAP vol=4.4x pos=^81 vwap=above ema=bull rs=+1.1% adx=32 body=78% ramp=3.3x rangeATR=2.1 ⚡ O440.95 H443.34 L440.87 C442.88 ATR=17.44 SL=441.14/440.26 rawVol=179288 volSMA=41080 buf=0.872 prices=
2025-12-09T11:00:00.000-05:00,[KLB] 11:00 ▲ ~ ~ Yest H vol=1.3x pos=^70 vwap=above ema=bull rs=+2.1% adx=59 body=67% ramp=1.2x rangeATR=1 O446.95 H448.18 L446.92 C447.8 ATR=17.44 SL=446.06/445.18 rawVol=140052 volSMA=109708 buf=0.872 prices=
2025-12-09T11:40:00.000-05:00,[KLB] 11:40 ▲ ~ ~ Yest H vol=0.9x pos=^68 vwap=above ema=bull rs=+2.1% adx=59 body=68% ramp=1.1x rangeATR=0.7 O447.32 H448.08 L447.32 C447.84 ATR=17.44 SL=446.1/445.22 rawVol=72639 volSMA=83878 buf=0.872 prices=
2025-12-09T15:45:00.000-05:00,[KLB] 15:45 ▲ ~ ~ Yest H vol=1.1x pos=^97 vwap=above ema=bull rs=+2.3% adx=28 body=78% ramp=0.9x rangeATR=1.1 O447.11 H447.7 L446.97 C447.68 ATR=17.44 SL=445.94/445.06 rawVol=39135 volSMA=38686 buf=0.872 prices=
2025-12-10T09:30:00.000-05:00,[KLB] 9:30 ▼ RNG range break vol=3.6x
2025-12-10T09:35:00.000-05:00,[KLB] 9:35 ▲ RNG range break vol=15.5x
2025-12-10T10:15:00.000-05:00,[KLB] 10:15 ▼ ~ x~ Yest H vol=1x pos=v52 vwap=below ema=bear rs=-0.3% adx=15 body=18% ramp=0.8x rangeATR=0.8 O445.19 H445.56 L444.49 C445 ATR=17.39 SL=446.74/447.61 rawVol=52885 volSMA=51195 buf=0.869 prices=452.39
2025-12-10T10:45:00.000-05:00,[KLB] 10:45 ▼ ~ x~ Yest H vol=0.7x pos=v47 vwap=below ema=bear rs=-0.2% adx=14 body=13% ramp=1x rangeATR=0.9 O445.1 H445.51 L444.31 C444.94 ATR=17.39 SL=446.68/447.55 rawVol=47932 volSMA=71062 buf=0.869 prices=452.39
2025-12-10T14:35:00.000-05:00,[KLB] 14:35 ▲ ~ ~ VWAP + ~ PM H + ~ ORB H vol=3x pos=^91 vwap=above ema=bull rs=+0.3% adx=21 body=83% ramp=0.8x rangeATR=1.8 ⚠ O447.9 H450.03 L447.71 C449.83 ATR=17.39 SL=448.09/447.22 rawVol=160390 volSMA=53202 buf=0.869 prices=
2025-12-10T14:55:00.000-05:00,[KLB] 14:55 ▲ ~ ~ PM H + ~ ORB H vol=1.6x pos=^81 vwap=above ema=bull rs=+0.3% adx=24 body=68% ramp=0.8x rangeATR=1.7 O448.24 H450.64 L447.9 C450.11 ATR=17.39 SL=448.37/447.5 rawVol=117090 volSMA=71727 buf=0.869 prices=
2025-12-11T09:35:00.000-05:00,[KLB] 9:35 ▼ RNG range break vol=12.8x
2025-12-11T09:40:00.000-05:00,[KLB] 9:40 ▼ BRK PM L + ORB L vol=8.8x pos=v91 vwap=below ema=bear rs=-0.9% adx=22 body=42% ramp=21.5x rangeATR=3.2 ⚡ O446.26 H447.7 L444.79 C445.05 ATR=17.09 SL=446.76/447.61 rawVol=198764 volSMA=22488 buf=0.855 prices=445.65/445.9
2025-12-11T09:40:00.000-05:00,[KLB] CONF 9:40 ▼ BRK → ✓ (auto-R1: EMA)
2025-12-11T09:45:00.000-05:00,[KLB] 5m CHECK 9:45 ▼ pnl=-0.04 SPY~ → HOLD
2025-12-11T09:50:00.000-05:00,[KLB] 9:50 ▼ ~ ~ VWAP vol=5.3x pos=v96 vwap=below ema=bear rs=-1.1% adx=26 body=75% ramp=3.1x rangeATR=3 ⚡ O445.73 H446.45 L443.03 C443.17 ATR=17.09 SL=444.88/445.73 rawVol=206776 volSMA=38774 buf=0.855 prices=
2025-12-11T09:55:00.000-05:00,[KLB] 9:55 ▼ BRK Yest L vol=4.4x pos=v92 vwap=below ema=bear rs=-1.2% adx=29 body=67% ramp=1.4x rangeATR=1.7 O443.17 H443.69 L441.61 C441.78 ATR=17.09 SL=443.49/444.34 rawVol=159677 volSMA=46556 buf=0.855 prices=443.61
2025-12-11T09:55:00.000-05:00,[KLB] CONF 9:55 ▼ BRK → ✓ (auto-R1: EMA)
2025-12-11T10:00:00.000-05:00,[KLB] 5m CHECK 10:00 ▼ pnl=0 SPY✓ → HOLD
2025-12-11T13:05:00.000-05:00,[KLB] 13:05 ▲ ~ ~ PM L + ~ Yest L vol=1.8x pos=^81 vwap=above ema=bull rs=-0.8% adx=23 body=61% ramp=1.7x rangeATR=1.1 O446.28 H447.27 L446.03 C447.04 ATR=17.09 SL=445.33/444.48 rawVol=93350 volSMA=50972 buf=0.855 prices=445.65/443.61
2025-12-11T13:40:00.000-05:00,[KLB] 13:40 ▲ ~ ~ PM L vol=1x pos=^99 vwap=above ema=bull rs=-0.9% adx=23 body=97% ramp=1.1x rangeATR=0.9 ⚠ O446.13 H447.02 L446.11 C447.01 ATR=17.09 SL=445.3/444.45 rawVol=44847 volSMA=42785 buf=0.855 prices=445.65
2025-12-11T15:00:00.000-05:00,"[KLB] 15:00 ▲ ~ ~ PM L + ~ Yest L
~ VWAP vol=1.4x pos=^65 vwap=above ema=bull rs=-1.1% adx=22 body=52% ramp=1.5x rangeATR=1.4 O445.98 H447.05 L445.83 C446.62 ATR=17.09 SL=444.91/444.06 rawVol=49699 volSMA=36799 buf=0.855 prices=445.65/443.61"
2025-12-12T09:30:00.000-05:00,[KLB] 9:30 ▲ ~ ~ Today O vol=1x pos=^99 vwap=below ema=bull rs=-0.1% adx=30 body=68% ramp=0.8x rangeATR=2.5 ⚡ O447.29 H448.15 L446.9 C448.14 ATR=16.67 SL=446.47/445.64 rawVol=4287 volSMA=4390 buf=0.833 prices=
2025-12-12T09:35:00.000-05:00,[KLB] 9:35 ▲ RNG range break vol=15.1x
2025-12-12T09:40:00.000-05:00,[KLB] 9:40 ▲ ~ ~ VWAP + ~ ORB H vol=10.5x pos=^89 vwap=above ema=bull rs=+2.2% adx=38 body=86% ramp=63.4x rangeATR=5 ⚡ ⚠ O452.87 H458.81 L452.71 C458.14 ATR=16.67 SL=456.47/455.64 rawVol=381474 volSMA=36427 buf=0.833 prices=
2025-12-12T09:55:00.000-05:00,[KLB] 9:55 ▲ ~ ~ Week H vol=5.5x pos=^77 vwap=above ema=bull rs=+3.1% adx=48 body=68% ramp=1.3x rangeATR=3.1 ⚡ O458.39 H463.01 L457.92 C461.85 ATR=16.67 SL=460.18/459.35 rawVol=437072 volSMA=78806 buf=0.833 prices=
2025-12-12T11:05:00.000-05:00,[KLB] 11:05 ▼ ~ ~ PD Cls vol=0.8x pos=v99 vwap=below ema=bull rs=+0.7% adx=30 body=48% ramp=1x rangeATR=1.5 O447.97 H449.81 L446.18 C446.23 ATR=16.67 SL=447.9/448.73 rawVol=143403 volSMA=187217 buf=0.833 prices=
2025-12-12T11:10:00.000-05:00,[KLB] 11:10 ▲ FADE at 446.89
2025-12-12T12:25:00.000-05:00,[KLB] 12:25 ▼ ~ ~ Yest H vol=0.9x pos=v73 vwap=below ema=bear rs=+0.9% adx=29 body=44% ramp=1.2x rangeATR=0.5 O448.85 H449.16 L448.11 C448.39 ATR=16.67 SL=450.06/450.89 rawVol=89760 volSMA=100272 buf=0.833 prices=449.27
2025-12-12T13:15:00.000-05:00,[KLB] 13:15 ▲ ~ ~ ORB H vol=1.7x pos=^89 vwap=above ema=bull rs=+2% adx=27 body=84% ramp=1.5x rangeATR=1.5 ⚠ O451.94 H454.37 L451.82 C454.08 ATR=16.67 SL=452.41/451.58 rawVol=145404 volSMA=90684 buf=0.833 prices=
2025-12-15T09:35:00.000-05:00,[KLB] 9:35 ▲ RNG range break vol=12.7x
2025-12-15T09:35:00.000-05:00,[KLB] 9:35 ▲ ~ ~ VWAP + ~ Today O + ~ PM H vol=12.7x pos=^68 vwap=above ema=bull rs=+1.4% adx=50 body=51% ramp=13.4x rangeATR=6.6 ⚡ O469.45 H478.19 L467.7 C474.81 ATR=17 SL=473.11/472.26 rawVol=852659 volSMA=67042 buf=0.85 prices=
2025-12-15T09:40:00.000-05:00,[KLB] 9:40 ▲ ~ ~ ORB H vol=8.7x pos=^50 vwap=above ema=bull rs=+2.1% adx=52 body=50% ramp=21.3x rangeATR=3 ⚡ O474.88 H480.66 L474.88 C477.75 ATR=17 SL=476.05/475.2 rawVol=621196 volSMA=97741 buf=0.85 prices=
2025-12-15T09:50:00.000-05:00,[KLB] 9:50 ▲ ~ ~ ORB H vol=2.7x pos=^99 vwap=above ema=bull rs=+2.6% adx=56 body=79% ramp=1.5x rangeATR=2.1 ⚡ O476.34 H480.44 L475.32 C480.4 ATR=17 SL=478.7/477.85 rawVol=371247 volSMA=136034 buf=0.85 prices=
2025-12-15T10:45:00.000-05:00,[KLB] 10:45 ▲ ~ ~ ORB H vol=0.9x pos=^98 vwap=above ema=bull rs=+2.6% adx=44 body=82% ramp=1x rangeATR=1.2 ⚠ O476.12 H479.1 L475.53 C479.04 ATR=17 SL=477.34/476.49 rawVol=209637 volSMA=229670 buf=0.85 prices=
2025-12-15T11:20:00.000-05:00,[KLB] 11:20 ▲ ~ ~ ORB H vol=0.6x pos=^81 vwap=above ema=bull rs=+2.4% adx=39 body=79% ramp=0.7x rangeATR=1.1 O476.51 H479.27 L476.44 C478.74 ATR=17 SL=477.04/476.19 rawVol=105699 volSMA=188530 buf=0.85 prices=
2025-12-15T11:55:00.000-05:00,[KLB] 11:55 ▲ ~ ~ ORB H vol=0.5x pos=^96 vwap=above ema=bull rs=+2.5% adx=33 body=92% ramp=0.4x rangeATR=0.7 ⚠ 🔇 O476.85 H478.5 L476.77 C478.44 ATR=17 SL=476.74/475.89 rawVol=69355 volSMA=133931 buf=0.85 prices=
2025-12-16T09:35:00.000-05:00,[KLB] 9:35 ▼ RNG range break vol=12.5x
2025-12-16T09:50:00.000-05:00,[KLB] 9:50 ▲ RNG range break vol=3.8x
2025-12-17T09:30:00.000-05:00,[KLB] 9:30 ▲ ~ ~ Today O vol=4.8x pos=^70 vwap=below ema=bear rs=+0.2% adx=30 body=62% ramp=2.7x rangeATR=2.3 ⚡ O486.89 H489.1 L486.7 C488.38 ATR=18 SL=486.58/485.68 rawVol=68845 volSMA=14362 buf=0.9 prices=
2025-12-17T09:35:00.000-05:00,[KLB] 9:35 ▲ RNG range break vol=12.7x
2025-12-17T09:35:00.000-05:00,[KLB] 9:35 ▲ ~ ~ VWAP + ~ PD Cls + ~ Yest H vol=12.7x pos=^73 vwap=above ema=bear rs=+1% adx=32 body=59% ramp=20.7x rangeATR=5.2 ⚡ O488.22 H495.25 L487.12 C493.02 ATR=18 SL=491.22/490.32 rawVol=486188 volSMA=38376 buf=0.9 prices=
2025-12-17T09:50:00.000-05:00,[KLB] 9:50 ▼ FADE at 489.88
2025-12-17T09:50:00.000-05:00,[KLB] 9:50 ▼ ~ x~ Yest H vol=3.3x pos=v34 vwap=below ema=bear rs=+0.4% adx=32 body=16% ramp=1.3x rangeATR=2.2 ⚡ O490.02 H490.87 L486.25 C489.29 ATR=18 SL=491.09/491.99 rawVol=217854 volSMA=73771 buf=0.9 prices=491.5
2025-12-17T10:30:00.000-05:00,[KLB] 10:30 ▲ ~ ~ Yest H vol=1.2x pos=^96 vwap=above ema=bull rs=+0.6% adx=25 body=41% ramp=0.8x rangeATR=1.3 O489.41 H490.79 L487.66 C490.68 ATR=18 SL=488.88/487.98 rawVol=147889 volSMA=122554 buf=0.9 prices=
2025-12-17T10:45:00.000-05:00,[KLB] 10:45 ▼ BRK PD LH L vol=1.3x pos=v86 vwap=below ema=bear rs=-0.2% adx=24 body=59% ramp=1.3x rangeATR=1.1 O485.94 H486.7 L483.88 C484.27 ATR=18 SL=486.07/486.97 rawVol=152951 volSMA=142318 buf=0.9 prices=
2025-12-17T10:45:00.000-05:00,[KLB] CONF 10:45 ▼ BRK → ✓ (auto-R1: EMA)
2025-12-17T10:50:00.000-05:00,[KLB] 5m CHECK 10:50 ▼ pnl=0.04 SPY✓ → HOLD
2025-12-18T09:35:00.000-05:00,[KLB] 9:35 ▼ ~ x~ PM H vol=10.5x pos=v90 vwap=below ema=bull rs=-0.4% adx=31 body=23% ramp=13.6x rangeATR=5.3 ⚡ O477.99 H482.34 L475.8 C476.46 ATR=18.8 SL=478.34/479.28 rawVol=357811 volSMA=34107 buf=0.94 prices=478.73
2025-12-18T09:40:00.000-05:00,[KLB] 9:40 ▼ RNG range break vol=8x
2025-12-18T09:45:00.000-05:00,[KLB] 9:45 ▲ FADE at 478.73
2025-12-18T09:45:00.000-05:00,[KLB] 9:45 ▲ ~ ~ VWAP + ~ PM H vol=4.1x pos=^86 vwap=above ema=bull rs=+0.3% adx=31 body=58% ramp=27.3x rangeATR=3.3 ⚡ O475.5 H479.6 L473.9 C478.8 ATR=18.8 SL=476.92/475.98 rawVol=225885 volSMA=55719 buf=0.94 prices=
2025-12-18T09:55:00.000-05:00,[KLB] 9:55 ▲ ~ ~ PM H vol=2.9x pos=^95 vwap=above ema=bull rs=+0.6% adx=33 body=61% ramp=1.1x rangeATR=2.6 ⚡ O477.59 H481.22 L475.75 C480.93 ATR=18.8 SL=479.05/478.11 rawVol=226744 volSMA=77491 buf=0.94 prices=
2025-12-18T10:25:00.000-05:00,[KLB] 10:25 ▲ ~ ~ PM H vol=1.3x pos=^95 vwap=above ema=bull rs=+0.5% adx=35 body=47% ramp=0.8x rangeATR=1.5 O479.35 H481.23 L477.63 C481.06 ATR=18.8 SL=479.18/478.24 rawVol=157771 volSMA=118384 buf=0.94 prices=
2025-12-18T10:30:00.000-05:00,[KLB] 10:30 ▲ ~ ~ ORB H vol=1.7x pos=^99 vwap=above ema=bull rs=+0.9% adx=36 body=90% ramp=1.1x rangeATR=1.2 ⚠ O480.95 H483.52 L480.7 C483.5 ATR=18.8 SL=481.62/480.68 rawVol=222635 volSMA=127880 buf=0.94 prices=
2025-12-18T11:10:00.000-05:00,[KLB] 11:10 ▲ ~ ~ Yest H vol=1.2x pos=^89 vwap=above ema=bull rs=+1.9% adx=41 body=83% ramp=1.2x rangeATR=1.3 ⚠ O486.72 H489.45 L486.54 C489.13 ATR=18.8 SL=487.25/486.31 rawVol=221385 volSMA=188945 buf=0.94 prices=
2025-12-18T11:40:00.000-05:00,[KLB] 11:40 ▲ ~ ~ Yest H vol=0.6x pos=^65 vwap=above ema=bull rs=+1.8% adx=44 body=60% ramp=0.5x rangeATR=0.8 O487.95 H489.49 L487.86 C488.92 ATR=18.8 SL=487.04/486.1 rawVol=96742 volSMA=160672 buf=0.94 prices=
2025-12-18T12:35:00.000-05:00,[KLB] 12:35 ▲ ~ ~ Yest H vol=0.7x pos=^97 vwap=above ema=bull rs=+2.4% adx=30 body=60% ramp=0.8x rangeATR=0.9 O487.77 H488.9 L487.12 C488.84 ATR=18.8 SL=486.96/486.02 rawVol=81668 volSMA=129484 buf=0.94 prices=
2025-12-18T13:10:00.000-05:00,[KLB] 13:10 ▲ ~ ~ Yest H vol=0.6x pos=^99 vwap=above ema=bull rs=+2% adx=22 body=68% ramp=1x rangeATR=0.4 O487.99 H488.46 L487.78 C488.45 ATR=18.8 SL=486.57/485.63 rawVol=57295 volSMA=96589 buf=0.94 prices=
2025-12-18T15:50:00.000-05:00,[KLB] 15:50 ▲ ~ ~ Yest H vol=1.4x pos=^94 vwap=above ema=bull rs=+2.1% adx=20 body=69% ramp=1.6x rangeATR=0.9 O487.96 H488.9 L487.64 C488.83 ATR=18.8 SL=486.95/486.01 rawVol=93005 volSMA=65508 buf=0.94 prices=
2025-12-19T09:35:00.000-05:00,[KLB] 9:35 ▼ RNG range break vol=14.4x
2025-12-19T09:35:00.000-05:00,[KLB] 9:35 ▼ BRK PM L vol=14.4x pos=v87 vwap=below ema=bear rs=-0.8% adx=20 body=48% ramp=15.3x rangeATR=5.4 ⚡ O488.3 H490.49 L484.8 C485.56 ATR=19.14 SL=487.47/488.43 rawVol=279551 volSMA=19480 buf=0.957 prices=486.07
2025-12-19T09:35:00.000-05:00,[KLB] 9:35 ▼ ~ ~ PM H vol=14.4x pos=v87 vwap=below ema=bear rs=-0.8% adx=20 body=48% ramp=15.3x rangeATR=5.4 ⚡ O488.3 H490.49 L484.8 C485.56 ATR=19.14 SL=487.47/488.43 rawVol=279551 volSMA=19480 buf=0.957 prices=489.9
2025-12-19T09:35:00.000-05:00,[KLB] CONF 9:35 ▼ BRK → ✓ (auto-R1: EMA)
2025-12-19T09:40:00.000-05:00,[KLB] 9:40 ▼ BRK ORB L vol=8.9x pos=v73 vwap=below ema=bear rs=-1% adx=21 body=48% ramp=20.5x rangeATR=2.4 ⚡ O485.49 H486.19 L483.32 C484.1 ATR=19.14 SL=486.01/486.97 rawVol=242077 volSMA=31255 buf=0.957 prices=484.8
2025-12-19T09:40:00.000-05:00,[KLB] CONF 9:40 ▼ BRK → ✓ (auto-R1: EMA)
2025-12-19T09:45:00.000-05:00,[KLB] 9:45 ▲ ~ ~ PD Cls vol=6x pos=^100 vwap=below ema=bear rs=-0.9% adx=23 body=34% ramp=22.7x rangeATR=2.9 ⚡ O484.17 H485.53 L481.55 C485.52 ATR=19.14 SL=483.61/482.65 rawVol=263545 volSMA=44059 buf=0.957 prices=
2025-12-19T09:45:00.000-05:00,[KLB] 5m CHECK 9:45 ▼ pnl=-0.07 SPY✗ → BAIL
2025-12-19T09:50:00.000-05:00,[KLB] 9:50 ▼ FADE at 483.37
2025-12-19T09:50:00.000-05:00,[KLB] 9:50 ▼ BRK ORB L vol=3.4x pos=v90 vwap=below ema=bear rs=-1.5% adx=24 body=83% ramp=2.2x rangeATR=2.2 ⚡ ⚠ O485.55 H485.78 L482.41 C482.76 ATR=19.14 SL=484.67/485.63 rawVol=179069 volSMA=52878 buf=0.957 prices=484.8
2025-12-19T09:50:00.000-05:00,"[KLB] 9:50 ▼ ~ ~ Yest H
~ VWAP vol=3.4x pos=v90 vwap=below ema=bear rs=-1.5% adx=24 body=83% ramp=2.2x rangeATR=2.2 ⚡ ⚠ O485.55 H485.78 L482.41 C482.76 ATR=19.14 SL=484.67/485.63 rawVol=179069 volSMA=52878 buf=0.957 prices=490.86"
2025-12-19T09:50:00.000-05:00,[KLB] CONF 9:50 ▼ BRK → ✓ (auto-R1: EMA)
2025-12-19T09:55:00.000-05:00,[KLB] 5m CHECK 9:55 ▼ pnl=-0.01 SPY✗ → BAIL
2025-12-19T10:20:00.000-05:00,[KLB] 10:20 ▼ BRK PD LH L vol=1.8x pos=v74 vwap=below ema=bear rs=-1.7% adx=25 body=58% ramp=0.7x rangeATR=1.3 O483.55 H483.93 L481.57 C482.19 ATR=19.14 SL=484.1/485.06 rawVol=155031 volSMA=87994 buf=0.957 prices=
2025-12-19T10:20:00.000-05:00,[KLB] 10:20 ▼ ~ ~ Yest H vol=1.8x pos=v74 vwap=below ema=bear rs=-1.7% adx=25 body=58% ramp=0.7x rangeATR=1.3 O483.55 H483.93 L481.57 C482.19 ATR=19.14 SL=484.1/485.06 rawVol=155031 volSMA=87994 buf=0.957 prices=490.86
2025-12-19T10:20:00.000-05:00,[KLB] CONF 10:20 ▼ BRK → ✓ (auto-R1: EMA)
2025-12-19T10:25:00.000-05:00,[KLB] 10:25 ▼ ~ x~ Yest H vol=1.7x pos=v94 vwap=below ema=bear rs=-1.6% adx=26 body=5% ramp=0.8x rangeATR=0.9 O482.18 H483.57 L482 C482.1 ATR=19.14 SL=484.01/484.97 rawVol=83844 volSMA=91989 buf=0.957 prices=490.86
2025-12-19T10:25:00.000-05:00,[KLB] 5m CHECK 10:25 ▼ pnl=0 SPY✗ → BAIL
2025-12-19T14:30:00.000-05:00,[KLB] 14:30 ▲ ~ ~ VWAP + ~ PD LH L + ~ Yest H vol=1.3x pos=^91 vwap=above ema=bull rs=-1.5% adx=25 body=76% ramp=0.9x rangeATR=0.9 O483.06 H483.89 L482.92 C483.8 ATR=19.14 SL=481.89/480.93 rawVol=83459 volSMA=62171 buf=0.957 prices=
2025-12-22T09:30:00.000-05:00,[KLB] 9:30 ▲ RNG range break vol=4.4x
2025-12-22T09:35:00.000-05:00,[KLB] 9:35 ▲ ~ ~ VWAP + ~ Today O + ~ PM H + ~ Yest H vol=16.3x pos=^77 vwap=above ema=bull rs=+1% adx=23 body=51% ramp=29.1x rangeATR=7.8 ⚡ O489.99 H496.59 L487.7 C494.54 ATR=18.9 SL=492.65/491.71 rawVol=604109 volSMA=36997 buf=0.945 prices=
2025-12-22T09:50:00.000-05:00,[KLB] 9:50 ▲ ~ ~ Week H + ~ ORB H vol=4.3x pos=^98 vwap=above ema=bull rs=+1.7% adx=33 body=92% ramp=1.3x rangeATR=2.7 ⚡ ⚠ O493.85 H497.79 L493.57 C497.72 ATR=18.9 SL=495.83/494.89 rawVol=341306 volSMA=79137 buf=0.945 prices=
2025-12-22T10:35:00.000-05:00,[KLB] 10:35 ▼ ~ x~ Yest H vol=0.8x pos=v62 vwap=below ema=bull rs=-0.4% adx=24 body=22% ramp=0.8x rangeATR=0.5 O488.01 H488.43 L487.36 C487.77 ATR=18.9 SL=489.66/490.6 rawVol=86152 volSMA=162152 buf=0.945 prices=490.49
2025-12-22T10:55:00.000-05:00,[KLB] 10:55 ▲ FADE at 490.49
2025-12-22T12:20:00.000-05:00,[KLB] 12:20 ▲ ~ ~ Week H vol=1.5x pos=^69 vwap=above ema=bull rs=+0.9% adx=22 body=32% ramp=0.9x rangeATR=0.4 O494.69 H495.11 L494.44 C494.9 ATR=18.9 SL=493.01/492.07 rawVol=39869 volSMA=78678 buf=0.945 prices=
2025-12-22T12:30:00.000-05:00,[KLB] 12:30 ▲ ~ ~ Week H vol=0.6x pos=^62 vwap=above ema=bull rs=+0.9% adx=22 body=41% ramp=0.6x rangeATR=0.5 O494.65 H495.21 L494.5 C494.94 ATR=18.9 SL=493.05/492.11 rawVol=41381 volSMA=73974 buf=0.945 prices=
2025-12-22T12:40:00.000-05:00,[KLB] 12:40 ▲ ~ ~ Week H vol=1.2x pos=^95 vwap=above ema=bull rs=+0.9% adx=21 body=72% ramp=0.9x rangeATR=1 O494 H495.07 L493.68 C495 ATR=18.9 SL=493.11/492.17 rawVol=79055 volSMA=67426 buf=0.945 prices=
2025-12-22T15:20:00.000-05:00,[KLB] 15:20 ▼ ~ ~ PM H vol=2x pos=v70 vwap=below ema=bear rs=-0.4% adx=23 body=63% ramp=2.8x rangeATR=1.3 O489.75 H489.85 L488.36 C488.81 ATR=18.9 SL=490.7/491.64 rawVol=109831 volSMA=61451 buf=0.945 prices=490.35
2025-12-22T15:30:00.000-05:00,[KLB] 15:30 ▼ ~ ~ Yest H vol=1.5x pos=v100 vwap=below ema=bear rs=-0.6% adx=29 body=93% ramp=1.3x rangeATR=1.2 ⚠ O488.75 H488.85 L487.5 C487.5 ATR=18.9 SL=489.39/490.33 rawVol=99567 volSMA=66107 buf=0.945 prices=490.49
2025-12-23T09:30:00.000-05:00,[KLB] 9:30 ▲ ~ ~ Yest L + ~ PD LH L + ~ PD Cls vol=1.4x pos=^81 vwap=above ema=bear rs=-0.2% adx=41 body=81% ramp=0.8x rangeATR=2.8 ⚡ ⚠ O487.62 H489.66 L487.62 C489.27 ATR=18.81 SL=487.39/486.45 rawVol=11337 volSMA=8384 buf=0.94 prices=485.33
2025-12-23T09:35:00.000-05:00,[KLB] 9:35 ▼ ~ x~ PM H + x~ Yest H vol=11.2x pos=v80 vwap=below ema=bear rs=-0.4% adx=41 body=21% ramp=10.3x rangeATR=4.4 ⚡ O489.38 H491.95 L487.6 C488.47 ATR=18.81 SL=490.35/491.29 rawVol=211958 volSMA=18936 buf=0.94 prices=490.96/498.83
2025-12-23T09:40:00.000-05:00,[KLB] 9:40 ▼ RNG range break vol=8.1x
2025-12-23T09:40:00.000-05:00,[KLB] 9:40 ▼ BRK ORB L + PD LH L vol=8.1x pos=v84 vwap=below ema=bear rs=-0.8% adx=39 body=41% ramp=22.4x rangeATR=3.9 ⚡ O488.46 H490.63 L485.67 C486.45 ATR=18.81 SL=488.33/489.27 rawVol=257632 volSMA=31750 buf=0.94 prices=487.6
2025-12-23T09:40:00.000-05:00,[KLB] 9:40 ▼ ~ ~ PM H + ~ Yest H vol=8.1x pos=v84 vwap=below ema=bear rs=-0.8% adx=39 body=41% ramp=22.4x rangeATR=3.9 ⚡ O488.46 H490.63 L485.67 C486.45 ATR=18.81 SL=488.33/489.27 rawVol=257632 volSMA=31750 buf=0.94 prices=490.96/498.83
2025-12-23T09:40:00.000-05:00,[KLB] CONF 9:40 ▼ BRK → ✓ (auto-R1: EMA)
2025-12-23T09:45:00.000-05:00,[KLB] 5m CHECK 9:45 ▼ pnl=-0.08 SPY~ → HOLD
2025-12-23T09:55:00.000-05:00,[KLB] 9:55 ▼ ~ ~ PM H + ~ Yest H vol=2.7x pos=v93 vwap=below ema=bear rs=-0.6% adx=35 body=40% ramp=0.9x rangeATR=1.9 O489.04 H490.69 L487.58 C487.81 ATR=18.81 SL=489.69/490.63 rawVol=140466 volSMA=51546 buf=0.94 prices=490.96/498.83
2025-12-23T10:05:00.000-05:00,[KLB] 10:05 ▼ BRK PM L + ORB L + PD LH L vol=2.4x pos=v45 vwap=below ema=bear rs=-0.7% adx=31 body=45% ramp=0.8x rangeATR=1.5 O487.52 H487.52 L485.01 C486.4 ATR=18.81 SL=488.28/489.22 rawVol=156882 volSMA=64843 buf=0.94 prices=486.5/487.6
2025-12-23T10:05:00.000-05:00,[KLB] CONF 10:05 ▼ BRK → ✓ (auto-R1: EMA)
2025-12-23T10:10:00.000-05:00,[KLB] 5m CHECK 10:10 ▼ pnl=-0.06 SPY~ → HOLD
2025-12-24T09:30:00.000-05:00,[KLB] 9:30 ▲ ~ ~ Today O + ~ PM H vol=0.7x pos=^100 vwap=above ema=bull rs=+0% adx=36 body=68% ramp=1.3x rangeATR=2.2 ⚡ O488 H488.56 L487.74 C488.56 ATR=18.12 SL=486.75/485.84 rawVol=3728 volSMA=5225 buf=0.906 prices=
2025-12-24T09:35:00.000-05:00,[KLB] 9:35 ▼ RNG range break vol=13.4x
2025-12-24T09:35:00.000-05:00,[KLB] 9:35 ▼ ~ ~ PM H + ~ Yest H vol=13.4x pos=v93 vwap=below ema=bull rs=-0.6% adx=36 body=50% ramp=7.4x rangeATR=7.5 ⚡ O488.42 H490.9 L485.22 C485.59 ATR=18.12 SL=487.4/488.31 rawVol=210351 volSMA=15680 buf=0.906 prices=488.56/491.97
2025-12-24T09:40:00.000-05:00,[KLB] 9:40 ▼ ~ ~ VWAP vol=8.5x pos=v88 vwap=below ema=bull rs=-1.3% adx=38 body=88% ramp=12.2x rangeATR=3.7 ⚡ ⚠ O485.42 H485.43 L481.9 C482.32 ATR=18.12 SL=484.13/485.04 rawVol=230706 volSMA=27156 buf=0.906 prices=
2025-12-26T09:30:00.000-05:00,[KLB] 9:30 ▼ ~ ~ Today O + ~ PD Cls vol=1.3x pos=v95 vwap=below ema=bear rs=+0% adx=24 body=54% ramp=1.7x rangeATR=2.1 ⚡ O485.52 H485.78 L485.15 C485.18 ATR=17.83 SL=486.96/487.85 rawVol=3096 volSMA=2573 buf=0.891 prices=
2025-12-26T09:35:00.000-05:00,[KLB] 9:35 ▲ RNG range break vol=15.6x
2025-12-26T09:35:00.000-05:00,[KLB] 9:35 ▲ ~ ~ PM L + ~ Yest L + ~ PM H vol=15.6x pos=^74 vwap=above ema=bull rs=+0.3% adx=24 body=60% ramp=17.9x rangeATR=6 ⚡ O485.14 H487.64 L484.7 C486.89 ATR=17.83 SL=485.11/484.22 rawVol=177668 volSMA=11418 buf=0.891 prices=484.35/476.8
2025-12-26T09:45:00.000-05:00,[KLB] 9:45 ▼ RNG range break vol=5.1x
2025-12-26T09:45:00.000-05:00,"[KLB] 9:45 ▼ ~ ~ PM H + ~ ORB H
~ VWAP vol=5.1x pos=v86 vwap=below ema=bull rs=-0.4% adx=25 body=85% ramp=51.5x rangeATR=4.5 ⚡ ⚠ O487.22 H487.26 L483.36 C483.92 ATR=17.83 SL=485.7/486.59 rawVol=164151 volSMA=31957 buf=0.891 prices=486.57/487.64"
2025-12-26T10:35:00.000-05:00,[KLB] 10:35 ▼ BRK Yest L vol=1.4x pos=v80 vwap=below ema=bear rs=-1.9% adx=37 body=58% ramp=1x rangeATR=1.4 O477.13 H477.55 L475.69 C476.06 ATR=17.83 SL=477.84/478.73 rawVol=131129 volSMA=95139 buf=0.891 prices=476.8
2025-12-26T10:35:00.000-05:00,[KLB] CONF 10:35 ▼ BRK → ✓ (auto-R1: EMA)
2025-12-26T10:40:00.000-05:00,[KLB] 5m CHECK 10:40 ▼ pnl=0.09 SPY~ → HOLD
2025-12-29T09:30:00.000-05:00,[KLB] 9:30 ▲ ~ ~ PM L vol=1.2x pos=^96 vwap=above ema=bear rs=-0.4% adx=28 body=89% ramp=1.1x rangeATR=2.6 ⚡ ⚠ O467.6 H469.01 L467.49 C468.95 ATR=17.65 SL=467.19/466.3 rawVol=10525 volSMA=8766 buf=0.882 prices=467.23
2025-12-29T09:35:00.000-05:00,[KLB] 9:35 ▼ FADE at 467.23
2025-12-29T09:35:00.000-05:00,[KLB] 9:35 ▼ RNG range break vol=13.1x
2025-12-29T09:35:00.000-05:00,[KLB] 9:35 ▼ BRK PM L vol=13.1x pos=v96 vwap=below ema=bear rs=-1.2% adx=29 body=89% ramp=8.4x rangeATR=6 ⚡ ⚠ O468.95 H469.35 L463.7 C463.9 ATR=17.65 SL=465.66/466.55 rawVol=322919 volSMA=24582 buf=0.882 prices=467.23
2025-12-29T09:35:00.000-05:00,[KLB] 9:35 ▼ ~ ~ VWAP + ~ Today O vol=13.1x pos=v96 vwap=below ema=bear rs=-1.2% adx=29 body=89% ramp=8.4x rangeATR=6 ⚡ ⚠ O468.95 H469.35 L463.7 C463.9 ATR=17.65 SL=465.66/466.55 rawVol=322919 volSMA=24582 buf=0.882 prices=
2025-12-29T09:35:00.000-05:00,[KLB] CONF 9:35 ▼ BRK → ✓ (auto-R1: EMA)
2025-12-29T09:40:00.000-05:00,[KLB] 5m CHECK 9:40 ▼ pnl=-0.05 SPY~ → HOLD
2025-12-29T10:00:00.000-05:00,[KLB] 10:00 ▼ BRK ORB L vol=2.4x pos=v87 vwap=below ema=bear rs=-1.3% adx=34 body=66% ramp=0.6x rangeATR=1.6 O464.39 H464.93 L462.38 C462.71 ATR=17.65 SL=464.47/465.36 rawVol=154616 volSMA=66231 buf=0.882 prices=463.7
2025-12-29T10:00:00.000-05:00,[KLB] CONF 10:00 ▼ BRK → ✓ (auto-R1: EMA)
2025-12-29T10:05:00.000-05:00,[KLB] 5m CHECK 10:05 ▼ pnl=0.03 SPY~ → HOLD
2025-12-29T13:45:00.000-05:00,[KLB] 13:45 ▼ BRK ORB L vol=2.2x pos=v71 vwap=below ema=bear rs=-1.2% adx=31 body=69% ramp=1.6x rangeATR=1.5 O464.02 H464.05 L462.74 C463.12 ATR=17.65 SL=464.88/465.77 rawVol=93579 volSMA=42920 buf=0.882 prices=463.7
2025-12-29T13:45:00.000-05:00,[KLB] CONF 13:45 ▼ BRK → ✓ (auto-R1: EMA)
2025-12-29T13:50:00.000-05:00,[KLB] 5m CHECK 13:50 ▼ pnl=0.01 SPY~ → HOLD
2025-12-30T09:35:00.000-05:00,[KLB] 9:35 ▼ RNG range break vol=13.6x
2025-12-30T09:35:00.000-05:00,[KLB] 9:35 ▼ BRK PM L + Yest L + PD LH L vol=13.6x pos=v94 vwap=below ema=bear rs=-1% adx=23 body=79% ramp=18.6x rangeATR=6.4 ⚡ O461.09 H462 L456.01 C456.37 ATR=17.54 SL=458.12/459 rawVol=250345 volSMA=18369 buf=0.877 prices=461.05/459
2025-12-30T09:35:00.000-05:00,[KLB] 9:35 ▼ ~ ~ VWAP + ~ PD Cls vol=13.6x pos=v94 vwap=below ema=bear rs=-1% adx=23 body=79% ramp=18.6x rangeATR=6.4 ⚡ O461.09 H462 L456.01 C456.37 ATR=17.54 SL=458.12/459 rawVol=250345 volSMA=18369 buf=0.877 prices=
2025-12-30T09:35:00.000-05:00,[KLB] CONF 9:35 ▼ BRK → ✓ (auto-R1: EMA)
2025-12-30T09:40:00.000-05:00,[KLB] 5m CHECK 9:40 ▼ pnl=0.04 SPY~ → HOLD
2025-12-30T14:35:00.000-05:00,[KLB] 14:35 ▼ BRK Yest L vol=1x pos=v79 vwap=below ema=bear rs=-0.7% adx=28 body=74% ramp=1.1x rangeATR=1.1 O458.64 H458.69 L457.72 C457.92 ATR=17.54 SL=459.67/460.55 rawVol=37445 volSMA=36245 buf=0.877 prices=459
2025-12-30T14:35:00.000-05:00,[KLB] CONF 14:35 ▼ BRK → ✓ (auto-R1: EMA)
2025-12-30T14:40:00.000-05:00,[KLB] 5m CHECK 14:40 ▼ pnl=0.02 SPY~ → HOLD
2025-12-30T15:55:00.000-05:00,[KLB] 15:55 ▼ BRK ORB L vol=3.8x pos=v66 vwap=below ema=bear rs=-1.3% adx=39 body=47% ramp=1.8x rangeATR=1.9 O455.8 H456.12 L454.39 C454.98 ATR=17.54 SL=456.73/457.61 rawVol=180874 volSMA=47647 buf=0.877 prices=456.01
2025-12-30T15:55:00.000-05:00,[KLB] CONF 15:55 ▼ BRK → ✓ (auto-R1: EMA)
2025-12-30T16:00:00.000-05:00,[KLB] 5m CHECK 16:00 ▼ pnl=0.03 SPY~ → HOLD
2025-12-31T09:35:00.000-05:00,[KLB] 9:35 ▼ RNG range break vol=12.6x
2025-12-31T09:40:00.000-05:00,[KLB] 9:40 ▼ ~ x~ ORB H vol=8.2x pos=v82 vwap=below ema=bull rs=-0.3% adx=42 body=29% ramp=18.6x rangeATR=2.8 ⚡ O455.01 H456.5 L453.71 C454.2 ATR=16.95 SL=455.9/456.74 rawVol=158579 volSMA=22748 buf=0.848 prices=456.54
2025-12-31T11:35:00.000-05:00,[KLB] 11:35 ▼ BRK Yest L + PD LH L vol=1.1x pos=v71 vwap=below ema=bear rs=-0.4% adx=33 body=70% ramp=1x rangeATR=1.3 O453.83 H453.84 L452.56 C452.93 ATR=16.95 SL=454.63/455.47 rawVol=54549 volSMA=49285 buf=0.848 prices=453.83
2025-12-31T11:35:00.000-05:00,[KLB] CONF 11:35 ▼ BRK → ✓ (auto-R1: EMA)
2025-12-31T11:40:00.000-05:00,[KLB] 5m CHECK 11:40 ▼ pnl=-0.03 SPY~ → HOLD
2025-12-31T14:35:00.000-05:00,[KLB] 14:35 ▼ ~ ~ VWAP vol=2x pos=v89 vwap=below ema=bear rs=-0.5% adx=22 body=82% ramp=1.8x rangeATR=2.1 ⚡ ⚠ O453.25 H453.35 L451.85 C452.02 ATR=16.95 SL=453.72/454.56 rawVol=65077 volSMA=32173 buf=0.848 prices=
2026-01-02T09:30:00.000-05:00,[KLB] 9:30 ▲ 🔇 QBS ramp=0.5x vol=1.3x pos=^59 vwap=above ema=bear adx=26 body=57% rangeATR=2.3 ⚡ O455.8 H459.19 L455.74 C457.78 ATR=16.26
2026-01-02T09:30:00.000-05:00,[KLB] 9:30 ▲ ~ ~ Yest H vol=1.3x pos=^59 vwap=above ema=bear rs=+0.6% adx=26 body=57% ramp=0.5x rangeATR=2.3 ⚡ 🔇 O455.8 H459.19 L455.74 C457.78 ATR=16.26 SL=456.15/455.34 rawVol=22860 volSMA=18047 buf=0.813 prices=
2026-01-02T09:35:00.000-05:00,[KLB] 9:35 ▼ RNG range break vol=10.3x
2026-01-02T09:35:00.000-05:00,[KLB] 9:35 ▼ BRK PM L + Month O vol=10.3x pos=v88 vwap=below ema=bear rs=-0.7% adx=24 body=79% ramp=3.2x rangeATR=2.8 ⚡ O457.9 H458.34 L453.33 C453.93 ATR=16.26 SL=455.56/456.37 rawVol=377036 volSMA=36662 buf=0.813 prices=454.5
2026-01-02T09:35:00.000-05:00,"[KLB] 9:35 ▼ ~ ~ Yest H
~ VWAP + ~ Today O vol=10.3x pos=v88 vwap=below ema=bear rs=-0.7% adx=24 body=79% ramp=3.2x rangeATR=2.8 ⚡ O457.9 H458.34 L453.33 C453.93 ATR=16.26 SL=455.56/456.37 rawVol=377036 volSMA=36662 buf=0.813 prices=456.55"
2026-01-02T09:35:00.000-05:00,[KLB] CONF 9:35 ▼ BRK → ✓ (auto-R1: EMA)
2026-01-02T09:40:00.000-05:00,[KLB] 9:40 ▼ BRK ORB L vol=7.9x pos=v81 vwap=below ema=bear rs=-1.1% adx=24 body=76% ramp=5.7x rangeATR=1.5 O453.95 H454.07 L451.39 C451.9 ATR=16.26 SL=453.53/454.34 rawVol=227182 volSMA=47863 buf=0.813 prices=453.33
2026-01-02T09:40:00.000-05:00,[KLB] CONF 9:40 ▼ BRK → ✓ (auto-R1: EMA)
2026-01-02T09:45:00.000-05:00,[KLB] 5m CHECK 9:45 ▼ pnl=0.09 SPY~ → HOLD
2026-01-02T09:45:00.000-05:00,[KLB] CONF 9:45 ▲ QBS → ✗ (failed)
2026-01-02T09:50:00.000-05:00,[KLB] 9:50 ▲ ~ ~ PD Cls vol=3.7x pos=^94 vwap=below ema=bear rs=-1.2% adx=24 body=60% ramp=1.6x rangeATR=1.6 O450.56 H452.68 L449.49 C452.48 ATR=16.26 SL=450.85/450.04 rawVol=251568 volSMA=68790 buf=0.813 prices=
2026-01-02T10:15:00.000-05:00,[KLB] 10:15 ▼ FADE at 449.72
2026-01-02T10:20:00.000-05:00,[KLB] 10:20 ▼ BRK Yest L + PD LH L vol=1.8x pos=v79 vwap=below ema=bear rs=-2% adx=23 body=59% ramp=1.1x rangeATR=1.3 O449 H449.55 L446.75 C447.34 ATR=16.26 SL=448.97/449.78 rawVol=194292 volSMA=113693 buf=0.813 prices=449.3
2026-01-02T10:20:00.000-05:00,[KLB] CONF 10:20 ▼ BRK → ✓ (auto-R1: EMA)
2026-01-02T10:25:00.000-05:00,[KLB] 5m CHECK 10:25 ▼ pnl=0.1 SPY✓ → HOLD
2026-01-05T09:30:00.000-05:00,[KLB] 9:30 ▲ RNG range break vol=3.3x
2026-01-05T09:35:00.000-05:00,[KLB] 9:35 ▲ ~ ~ VWAP + ~ Today O + ~ PM H vol=12.9x pos=^95 vwap=above ema=bull rs=+0.5% adx=26 body=46% ramp=12.9x rangeATR=5.3 ⚡ O447.79 H451.06 L444.57 C450.76 ATR=16.74 SL=449.09/448.25 rawVol=360438 volSMA=27934 buf=0.837 prices=
2026-01-05T09:45:00.000-05:00,[KLB] 9:45 ▲ ~ ~ ORB H vol=5.1x pos=^73 vwap=above ema=bull rs=+0.9% adx=34 body=33% ramp=16.4x rangeATR=2.1 ⚡ O451.5 H453.3 L450.34 C452.49 ATR=16.74 SL=450.82/449.98 rawVol=237861 volSMA=51655 buf=0.837 prices=
2026-01-06T09:30:00.000-05:00,[KLB] 9:30 ▼ ~ ~ Today O vol=2.6x pos=v90 vwap=above ema=bear rs=+0% adx=35 body=75% ramp=1.3x rangeATR=3.1 ⚡ O447.88 H448.2 L446.06 C446.28 ATR=16.94 SL=447.97/448.82 rawVol=20991 volSMA=8095 buf=0.847 prices=
2026-01-06T09:35:00.000-05:00,[KLB] 9:35 ▼ RNG range break vol=14.3x
2026-01-06T09:35:00.000-05:00,[KLB] 9:35 ▼ BRK PM L + Yest L vol=14.3x pos=v94 vwap=below ema=bear rs=-1.5% adx=39 body=73% ramp=17.6x rangeATR=6.9 ⚡ O446.37 H448.25 L439.46 C439.98 ATR=16.94 SL=441.67/442.52 rawVol=403177 volSMA=28111 buf=0.847 prices=446.06/444.57
2026-01-06T09:35:00.000-05:00,[KLB] 9:35 ▼ ~ ~ VWAP vol=14.3x pos=v94 vwap=below ema=bear rs=-1.5% adx=39 body=73% ramp=17.6x rangeATR=6.9 ⚡ O446.37 H448.25 L439.46 C439.98 ATR=16.94 SL=441.67/442.52 rawVol=403177 volSMA=28111 buf=0.847 prices=
2026-01-06T09:35:00.000-05:00,[KLB] CONF 9:35 ▼ BRK → ✓ (auto-R1: EMA)
2026-01-06T09:40:00.000-05:00,[KLB] 5m CHECK 9:40 ▼ pnl=0.04 SPY~ → HOLD
2026-01-06T11:00:00.000-05:00,[KLB] 11:00 ▼ BRK Week L vol=1.5x pos=v66 vwap=below ema=bear rs=-2.8% adx=56 body=34% ramp=1.2x rangeATR=0.6 O434.98 H435.25 L434.42 C434.7 ATR=16.94 SL=436.39/437.24 rawVol=113086 volSMA=168487 buf=0.847 prices=435.3
2026-01-06T11:00:00.000-05:00,[KLB] CONF 11:00 ▼ BRK → ✓ (auto-R1: EMA)
2026-01-06T11:05:00.000-05:00,[KLB] 5m CHECK 11:05 ▼ pnl=0.06 SPY~ → HOLD
2026-01-07T09:35:00.000-05:00,[KLB] 9:35 ▼ RNG range break vol=12.1x
2026-01-07T09:35:00.000-05:00,[KLB] 9:35 ▼ ~ ~ PM H + ~ PD Cls vol=12.1x pos=v73 vwap=below ema=bull rs=-0.7% adx=21 body=71% ramp=7.7x rangeATR=5.1 ⚡ O435.91 H435.97 L431.62 C432.81 ATR=17.36 SL=434.55/435.41 rawVol=235873 volSMA=19458 buf=0.868 prices=436.32
2026-01-07T09:45:00.000-05:00,[KLB] 9:45 ▲ FADE at 436.32
2026-01-07T09:45:00.000-05:00,[KLB] 9:45 ▲ RNG range break vol=6.6x
2026-01-07T09:45:00.000-05:00,"[KLB] 9:45 ▲ ~ ~ Week L
~ VWAP + ~ PM H + ~ ORB H vol=6.6x pos=^80 vwap=above ema=bull rs=+0.2% adx=21 body=71% ramp=23.5x rangeATR=3.5 ⚡ O434.41 H438.12 L434.03 C437.3 ATR=17.36 SL=435.56/434.7 rawVol=256874 volSMA=39102 buf=0.868 prices=435.3"
2026-01-07T14:25:00.000-05:00,[KLB] 14:25 ▼ ~ x~ PM H vol=1x pos=v47 vwap=below ema=bear rs=0% adx=18 body=13% ramp=0.8x rangeATR=1 O435.57 H435.83 L435.06 C435.47 ATR=17.36 SL=437.21/438.07 rawVol=43435 volSMA=43397 buf=0.868 prices=436.32
2026-01-08T09:35:00.000-05:00,[KLB] 9:35 ▲ RNG range break vol=15.8x
2026-01-08T09:45:00.000-05:00,[KLB] 9:45 ▼ ~ ~ VWAP vol=4x pos=v93 vwap=below ema=bear rs=-0.2% adx=22 body=80% ramp=34.2x rangeATR=2.5 ⚡ ⚠ O428.73 H429.12 L426.04 C426.26 ATR=16.63 SL=427.92/428.75 rawVol=138679 volSMA=46786 buf=0.831 prices=
2026-01-09T09:35:00.000-05:00,[KLB] 9:35 ▼ RNG range break vol=15.1x
2026-01-09T09:35:00.000-05:00,[KLB] 9:35 ▼ BRK PM L + Week L + PD LH L vol=15.1x pos=v50 vwap=below ema=bear rs=-0.7% adx=28 body=46% ramp=19.7x rangeATR=6 ⚡ O435.82 H436.01 L430.4 C433.23 ATR=16.34 SL=434.86/435.68 rawVol=362313 volSMA=24066 buf=0.817 prices=435.61/435.3
2026-01-09T09:35:00.000-05:00,[KLB] 9:35 ▼ ~ ~ Yest H + ~ Today O + ~ PD Cls vol=15.1x pos=v50 vwap=below ema=bear rs=-0.7% adx=28 body=46% ramp=19.7x rangeATR=6 ⚡ O435.82 H436.01 L430.4 C433.23 ATR=16.34 SL=434.86/435.68 rawVol=362313 volSMA=24066 buf=0.817 prices=436.89
2026-01-09T09:35:00.000-05:00,[KLB] CONF 9:35 ▼ BRK → ✓ (auto-R1: EMA)
2026-01-09T09:40:00.000-05:00,[KLB] 5m CHECK 9:40 ▼ pnl=-0.03 SPY~ → HOLD
2026-01-09T09:45:00.000-05:00,[KLB] 9:45 ▲ ~ ~ PD LH L vol=5.4x pos=^81 vwap=above ema=bear rs=-0.3% adx=34 body=62% ramp=26x rangeATR=1.6 O433.79 H435.25 L433.43 C434.91 ATR=16.34 SL=433.28/432.46 rawVol=155751 volSMA=42717 buf=0.817 prices=
2026-01-09T09:50:00.000-05:00,[KLB] 9:50 ▼ ~ x~ Yest H + x~ ORB H vol=3.2x pos=v65 vwap=below ema=bear rs=-0.4% adx=36 body=24% ramp=1.4x rangeATR=1.9 O435 H435.94 L433.64 C434.45 ATR=16.34 SL=436.08/436.9 rawVol=162046 volSMA=50685 buf=0.817 prices=436.89/436.01
2026-01-12T09:35:00.000-05:00,[KLB] 9:35 ▲ RNG range break vol=14x
2026-01-12T09:45:00.000-05:00,[KLB] 9:45 ▼ ~ ~ PM H + ~ ORB H vol=5x pos=v85 vwap=below ema=bear rs=-0.1% adx=23 body=38% ramp=14.6x rangeATR=1.6 O443 H443.87 L442.04 C442.31 ATR=16.5 SL=443.96/444.79 rawVol=122947 volSMA=33984 buf=0.825 prices=443.77/443.58
2026-01-12T09:50:00.000-05:00,[KLB] 9:50 ▲ ~ ~ VWAP + ~ PD LH L + ~ PD Cls + ~ PM H + ~ Yest H + ~ ORB H vol=4.5x pos=^97 vwap=above ema=bull rs=+0.8% adx=26 body=85% ramp=1.6x rangeATR=3.4 ⚡ ⚠ O442.37 H446.55 L441.81 C446.39 ATR=16.5 SL=444.74/443.91 rawVol=196647 volSMA=43573 buf=0.825 prices=
2026-01-12T09:55:00.000-05:00,[KLB] 9:55 ▲ BRK Week O vol=4.3x pos=^80 vwap=above ema=bull rs=+1.3% adx=29 body=72% ramp=1.2x rangeATR=2.1 ⚡ O446.37 H449.39 L446.11 C448.72 ATR=16.5 SL=447.07/446.24 rawVol=238425 volSMA=55411 buf=0.825 prices=
2026-01-12T09:55:00.000-05:00,[KLB] CONF 9:55 ▲ BRK → ✓ (auto-R1: EMA)
2026-01-12T10:00:00.000-05:00,[KLB] 5m CHECK 10:00 ▲ pnl=-0.02 SPY✓ → HOLD
2026-01-13T09:30:00.000-05:00,[KLB] 9:30 ▼ ~ ~ Today O vol=1.9x pos=v100 vwap=above ema=bull rs=+0% adx=31 body=78% ramp=1.4x rangeATR=3.5 ⚡ O451.99 H452.5 L450.16 C450.16 ATR=16.49 SL=451.81/452.63 rawVol=16377 volSMA=8805 buf=0.824 prices=
2026-01-13T09:35:00.000-05:00,[KLB] 9:35 ▲ FADE at 450.2
2026-01-13T09:45:00.000-05:00,[KLB] 9:45 ▼ ~ ~ Yest H vol=5.3x pos=v60 vwap=below ema=bull rs=-0.4% adx=27 body=36% ramp=23.8x rangeATR=3 ⚡ O449.63 H450.5 L446.9 C448.34 ATR=16.49 SL=449.99/450.81 rawVol=211757 volSMA=39881 buf=0.824 prices=454.3
2026-01-13T09:50:00.000-05:00,[KLB] 9:50 ▼ ~ x~ Yest H vol=4.7x pos=v89 vwap=below ema=bull rs=-0.3% adx=27 body=12% ramp=2.3x rangeATR=1.4 O448.4 H449.74 L448 C448.19 ATR=16.49 SL=449.84/450.66 rawVol=115205 volSMA=45513 buf=0.824 prices=454.3
2026-01-13T10:10:00.000-05:00,[KLB] 10:10 ▲ ~ ~ PD LH L + ~ Yest H vol=2.1x pos=^91 vwap=above ema=bull rs=+0.3% adx=24 body=88% ramp=0.8x rangeATR=1.9 ⚠ O448.11 H450.75 L448.02 C450.5 ATR=16.49 SL=448.85/448.03 rawVol=142828 volSMA=66456 buf=0.824 prices=
2026-01-13T10:25:00.000-05:00,[KLB] 10:25 ▼ BRK ORB L + PD LH L vol=1.3x pos=v100 vwap=below ema=bear rs=-0.2% adx=21 body=91% ramp=0.8x rangeATR=1.8 ⚠ O449.56 H449.8 L447.16 C447.16 ATR=16.49 SL=448.81/449.63 rawVol=105425 volSMA=78137 buf=0.824 prices=448.19
2026-01-13T10:25:00.000-05:00,"[KLB] 10:25 ▼ ~ ~ Yest H
~ VWAP vol=1.3x pos=v100 vwap=below ema=bear rs=-0.2% adx=21 body=91% ramp=0.8x rangeATR=1.8 ⚠ O449.56 H449.8 L447.16 C447.16 ATR=16.49 SL=448.81/449.63 rawVol=105425 volSMA=78137 buf=0.824 prices=454.3"
2026-01-13T10:25:00.000-05:00,[KLB] CONF 10:25 ▼ BRK → ✓ (auto-R1: EMA)
2026-01-13T10:30:00.000-05:00,[KLB] 5m CHECK 10:30 ▼ pnl=0 SPY✓ → HOLD
2026-01-13T12:45:00.000-05:00,[KLB] 12:45 ▼ ~ x~ Yest H vol=0.7x pos=v89 vwap=below ema=bear rs=-0.2% adx=15 body=22% ramp=1x rangeATR=0.8 O448.45 H449.02 L448.17 C448.26 ATR=16.49 SL=449.91/450.73 rawVol=30978 volSMA=42841 buf=0.824 prices=454.3
2026-01-14T09:35:00.000-05:00,[KLB] 9:35 ▼ RNG range break vol=16.2x
2026-01-14T10:00:00.000-05:00,[KLB] 10:00 ▼ ~ ~ VWAP vol=1.8x pos=v93 vwap=below ema=bear rs=-0.6% adx=27 body=84% ramp=0.5x rangeATR=1.4 ⚠ O440.1 H440.24 L438.62 C438.74 ATR=15.87 SL=440.33/441.12 rawVol=93153 volSMA=52226 buf=0.794 prices=
2026-01-14T10:45:00.000-05:00,[KLB] 10:45 ▼ BRK ORB L vol=1.3x pos=v80 vwap=below ema=bear rs=-0.7% adx=24 body=69% ramp=1x rangeATR=1.5 O439.11 H439.36 L437.15 C437.59 ATR=15.87 SL=439.18/439.97 rawVol=129490 volSMA=103237 buf=0.794 prices=439.01
2026-01-14T10:45:00.000-05:00,[KLB] CONF 10:45 ▼ BRK → ✓ (auto-R1: EMA)
2026-01-14T10:50:00.000-05:00,[KLB] 5m CHECK 10:50 ▼ pnl=0.1 SPY✓ → HOLD
2026-01-15T09:35:00.000-05:00,[KLB] 9:35 ▲ RNG range break vol=14.4x
2026-01-15T11:35:00.000-05:00,[KLB] 11:35 ▼ ~ x~ Yest H vol=0.7x pos=v100 vwap=below ema=bull rs=+0.3% adx=14 body=19% ramp=1x rangeATR=0.4 O442.72 H443.15 L442.62 C442.62 ATR=15.67 SL=444.19/444.97 rawVol=32994 volSMA=85433 buf=0.783 prices=443.91
2026-01-15T11:55:00.000-05:00,[KLB] 11:55 ▼ ~ x~ Yest H vol=0.5x pos=v65 vwap=below ema=bull rs=+0.2% adx=12 body=20% ramp=0.8x rangeATR=0.7 O442.51 H442.85 L442.1 C442.36 ATR=15.67 SL=443.93/444.71 rawVol=30735 volSMA=70859 buf=0.783 prices=443.91
2026-01-15T12:10:00.000-05:00,[KLB] 12:10 ▼ ~ x~ Yest H vol=0.6x pos=v37 vwap=below ema=bull rs=+0.2% adx=12 body=3% ramp=1.1x rangeATR=0.7 O442.65 H442.9 L442.17 C442.63 ATR=15.67 SL=444.2/444.98 rawVol=32796 volSMA=59383 buf=0.783 prices=443.91
2026-01-15T12:15:00.000-05:00,[KLB] 12:15 ▼ ~ x~ Yest H vol=0.7x pos=v88 vwap=below ema=bull rs=+0.3% adx=11 body=9% ramp=1.1x rangeATR=0.9 O442.61 H443.31 L442.42 C442.53 ATR=15.67 SL=444.1/444.88 rawVol=41147 volSMA=56451 buf=0.783 prices=443.91
2026-01-15T14:55:00.000-05:00,[KLB] 14:55 ▼ ~ ~ VWAP vol=1x pos=v86 vwap=below ema=bear rs=+0% adx=23 body=53% ramp=1x rangeATR=1.1 O440.74 H441.06 L440.11 C440.24 ATR=15.67 SL=441.81/442.59 rawVol=39935 volSMA=38172 buf=0.783 prices=
2026-01-15T15:20:00.000-05:00,[KLB] 15:20 ▼ BRK PM L vol=1.6x pos=v95 vwap=below ema=bear rs=-0.1% adx=32 body=70% ramp=0.9x rangeATR=1.5 O439.8 H440.12 L438.82 C438.89 ATR=15.67 SL=440.46/441.24 rawVol=63792 volSMA=41062 buf=0.783 prices=439.65
2026-01-15T15:20:00.000-05:00,[KLB] 15:20 ▼ ~ ~ PD Cls vol=1.6x pos=v95 vwap=below ema=bear rs=-0.1% adx=32 body=70% ramp=0.9x rangeATR=1.5 O439.8 H440.12 L438.82 C438.89 ATR=15.67 SL=440.46/441.24 rawVol=63792 volSMA=41062 buf=0.783 prices=
2026-01-15T15:20:00.000-05:00,[KLB] CONF 15:20 ▼ BRK → ✓ (auto-R1: EMA)
2026-01-15T15:25:00.000-05:00,[KLB] 5m CHECK 15:25 ▼ pnl=0.02 SPY✓ → HOLD
2026-01-16T09:30:00.000-05:00,[KLB] 9:30 ▼ ~ ~ VWAP vol=2.4x pos=v100 vwap=below ema=bear rs=+0.2% adx=24 body=51% ramp=1.2x rangeATR=2.9 ⚡ O440.04 H440.55 L439.5 C439.5 ATR=15.1 SL=441.01/441.76 rawVol=9364 volSMA=3900 buf=0.755 prices=
2026-01-16T09:35:00.000-05:00,[KLB] 9:35 ▲ RNG range break vol=15.6x
2026-01-16T09:35:00.000-05:00,[KLB] 9:35 ▲ ~ ~ PM L + ~ Today O + ~ PM H + ~ Yest H vol=15.6x pos=^100 vwap=above ema=bull rs=+0.9% adx=26 body=93% ramp=22x rangeATR=6.9 ⚡ ⚠ O439.51 H443.84 L439.18 C443.84 ATR=15.1 SL=442.33/441.58 rawVol=262436 volSMA=16798 buf=0.755 prices=439.5
2026-01-16T09:45:00.000-05:00,[KLB] 9:45 ▲ ~ ~ VWAP vol=7.5x pos=^61 vwap=above ema=bull rs=+1.5% adx=31 body=37% ramp=53.6x rangeATR=1.5 O445.4 H446.6 L445.03 C445.98 ATR=15.1 SL=444.47/443.72 rawVol=220996 volSMA=44041 buf=0.755 prices=
2026-01-16T10:25:00.000-05:00,[KLB] 10:25 ▼ ~ ~ PD Cls vol=1.9x pos=v93 vwap=below ema=bull rs=-0.2% adx=29 body=56% ramp=1.4x rangeATR=1 O438.82 H439.33 L437.95 C438.05 ATR=15.1 SL=439.56/440.31 rawVol=196478 volSMA=104929 buf=0.755 prices=
2026-01-16T10:30:00.000-05:00,[KLB] 10:30 ▼ BRK Yest L + PD LH L vol=1.7x pos=v72 vwap=below ema=bear rs=-0.3% adx=29 body=72% ramp=1.4x rangeATR=1.2 O438.09 H438.09 L436.4 C436.87 ATR=15.1 SL=438.38/439.13 rawVol=158182 volSMA=112641 buf=0.755 prices=437.65
2026-01-16T10:30:00.000-05:00,[KLB] CONF 10:30 ▼ BRK → ✓ (auto-R1: EMA)
2026-01-16T10:35:00.000-05:00,[KLB] 5m CHECK 10:35 ▼ pnl=0.01 SPY✓ → HOLD
2026-01-20T09:30:00.000-05:00,[KLB] 9:30 ▲ RNG range break vol=4.5x
2026-01-20T09:30:00.000-05:00,[KLB] 9:30 ▲ ~ ~ VWAP + ~ Today O vol=4.5x pos=^91 vwap=above ema=bear rs=-1.5% adx=21 body=85% ramp=4.2x rangeATR=3.5 ⚡ ⚠ O426.35 H429.69 L426.14 C429.38 ATR=14.88 SL=427.89/427.15 rawVol=47492 volSMA=10512 buf=0.744 prices=
2026-01-20T09:35:00.000-05:00,[KLB] 9:35 ▼ FADE at 429.36
2026-01-20T14:45:00.000-05:00,[KLB] 14:45 ▼ BRK PM L vol=1.4x pos=v99 vwap=below ema=bear rs=-1.4% adx=30 body=50% ramp=1.6x rangeATR=0.9 O421.23 H421.56 L420.88 C420.89 ATR=14.88 SL=422.38/423.12 rawVol=68222 volSMA=47508 buf=0.744 prices=421.72
2026-01-20T14:45:00.000-05:00,[KLB] CONF 14:45 ▼ BRK → ✓ (auto-R1: EMA)
2026-01-20T14:50:00.000-05:00,[KLB] 5m CHECK 14:50 ▼ pnl=-0.03 SPY✓ → HOLD
2026-01-21T09:30:00.000-05:00,[KLB] 9:30 ▼ ~ ~ Today O vol=1.4x pos=v100 vwap=above ema=bull rs=+0.3% adx=32 body=83% ramp=1.1x rangeATR=2.7 ⚡ ⚠ O423.81 H424.25 L421.63 C421.63 ATR=15.25 SL=423.15/423.92 rawVol=18816 volSMA=13249 buf=0.762 prices=
2026-01-21T09:35:00.000-05:00,[KLB] 9:35 ▲ FADE at 421.66
2026-01-21T09:50:00.000-05:00,[KLB] 9:50 ▲ ~ ~ ORB H vol=2.7x pos=^80 vwap=above ema=bull rs=+0.1% adx=25 body=74% ramp=1.4x rangeATR=1 O421.96 H423.29 L421.88 C423.01 ATR=15.25 SL=421.49/420.72 rawVol=109723 volSMA=40107 buf=0.762 prices=
2026-01-21T10:00:00.000-05:00,[KLB] 10:00 ▲ ~ ~ VWAP + ~ PM H vol=2.1x pos=^79 vwap=above ema=bull rs=+0.1% adx=24 body=63% ramp=0.7x rangeATR=0.9 O423.12 H424.11 L422.94 C423.86 ATR=15.25 SL=422.34/421.57 rawVol=104343 volSMA=49881 buf=0.762 prices=
2026-01-21T12:35:00.000-05:00,[KLB] 12:35 ▼ ~ x~ PM H vol=0.6x pos=v30 vwap=below ema=bull rs=+0.5% adx=32 body=13% ramp=0.6x rangeATR=0.7 O423.68 H423.83 L422.95 C423.57 ATR=15.25 SL=425.09/425.86 rawVol=42245 volSMA=73841 buf=0.762 prices=424.25
2026-01-21T12:50:00.000-05:00,[KLB] 12:50 ▼ ~ x~ PM H vol=0.6x pos=v46 vwap=below ema=bull rs=+0.5% adx=28 body=5% ramp=1.1x rangeATR=0.7 O423.82 H424.18 L423.31 C423.78 ATR=15.25 SL=425.3/426.07 rawVol=41291 volSMA=68925 buf=0.762 prices=424.25
2026-01-21T12:55:00.000-05:00,[KLB] 12:55 ▲ FADE at 424.25
2026-01-21T13:15:00.000-05:00,[KLB] 13:15 ▲ ~ ~ PM H vol=0.7x pos=^90 vwap=above ema=bull rs=+0.7% adx=23 body=90% ramp=0.9x rangeATR=1.1 ⚠ O423.58 H424.99 L423.58 C424.85 ATR=15.25 SL=423.33/422.56 rawVol=39251 volSMA=59725 buf=0.762 prices=
2026-01-21T14:30:00.000-05:00,[KLB] 14:30 ▲ ~ ~ Yest H vol=4.9x pos=^92 vwap=above ema=bull rs=+1.9% adx=23 body=88% ramp=2.9x rangeATR=4.6 ⚡ ⚠ O427.01 H433.07 L426.74 C432.58 ATR=15.25 SL=431.06/430.29 rawVol=233293 volSMA=47613 buf=0.762 prices=
2026-01-21T14:35:00.000-05:00,[KLB] 14:35 ▲ ~ ~ Week L vol=4.3x pos=^99 vwap=above ema=bull rs=+2.4% adx=26 body=97% ramp=5.9x rangeATR=2.1 ⚡ ⚠ O432.52 H435.58 L432.43 C435.56 ATR=15.25 SL=434.04/433.27 rawVol=250048 volSMA=58311 buf=0.762 prices=434.22
2026-01-22T09:30:00.000-05:00,[KLB] 9:30 ▼ ~ ~ Today O vol=1.1x pos=v96 vwap=below ema=bull rs=+0.7% adx=21 body=93% ramp=0.9x rangeATR=2.4 ⚡ ⚠ O436.45 H436.5 L435.1 C435.15 ATR=15.51 SL=436.7/437.48 rawVol=6549 volSMA=5845 buf=0.776 prices=
2026-01-22T09:35:00.000-05:00,[KLB] 9:35 ▼ RNG range break vol=12.8x
2026-01-22T09:55:00.000-05:00,[KLB] 9:55 ▲ FADE at 435.16
2026-01-22T10:00:00.000-05:00,[KLB] 10:00 ▼ ~ ~ ORB H vol=2.2x pos=v74 vwap=below ema=bear rs=+0% adx=27 body=61% ramp=0.7x rangeATR=1.9 O435.39 H435.67 L433.4 C434 ATR=15.51 SL=435.55/436.33 rawVol=106135 volSMA=49032 buf=0.776 prices=435.5
2026-01-22T11:10:00.000-05:00,[KLB] 11:10 ▲ ~ ~ VWAP vol=0.6x pos=^94 vwap=above ema=bull rs=+0.7% adx=23 body=72% ramp=0.7x rangeATR=0.7 O437.06 H437.75 L436.86 C437.7 ATR=15.51 SL=436.15/435.37 rawVol=64442 volSMA=106655 buf=0.776 prices=
2026-01-22T12:10:00.000-05:00,[KLB] 12:10 ▲ ~ ~ PM H vol=1x pos=^53 vwap=above ema=bull rs=+0.6% adx=29 body=37% ramp=1.1x rangeATR=1.2 O437.75 H438.78 L437.55 C438.2 ATR=15.51 SL=436.65/435.87 rawVol=66668 volSMA=69335 buf=0.776 prices=
2026-01-22T12:55:00.000-05:00,[KLB] 12:55 ▲ BRK Week O vol=2.4x pos=^97 vwap=above ema=bull rs=+1.5% adx=34 body=81% ramp=1.7x rangeATR=1.5 ⚠ O441.14 H442.5 L440.89 C442.45 ATR=15.51 SL=440.9/440.12 rawVol=130424 volSMA=62793 buf=0.776 prices=
2026-01-22T12:55:00.000-05:00,[KLB] CONF 12:55 ▲ BRK → ✓ (auto-R1: EMA)
2026-01-22T13:00:00.000-05:00,[KLB] 5m CHECK 13:00 ▲ pnl=0.2 SPY~ → HOLD
2026-01-23T09:30:00.000-05:00,[KLB] 9:30 ▲ ~ ~ Today O vol=1.1x pos=^78 vwap=above ema=bear rs=-0.1% adx=22 body=65% ramp=0.8x rangeATR=1 O447 H447.64 L446.9 C447.48 ATR=15.69 SL=445.91/445.13 rawVol=6469 volSMA=8445 buf=0.785 prices=
2026-01-23T09:35:00.000-05:00,[KLB] 9:35 ▼ FADE at 447.43
2026-01-23T09:35:00.000-05:00,[KLB] 9:35 ▼ RNG range break vol=12.5x
2026-01-23T09:35:00.000-05:00,[KLB] 9:35 ▼ BRK PM L + PD LH L vol=12.5x pos=v88 vwap=below ema=bear rs=-0.4% adx=22 body=41% ramp=13x rangeATR=5.1 ⚡ O447.43 H449.98 L444.56 C445.22 ATR=15.69 SL=446.79/447.57 rawVol=278658 volSMA=22253 buf=0.785 prices=446.08
2026-01-23T09:35:00.000-05:00,"[KLB] 9:35 ▼ ~ ~ Yest H
~ VWAP + ~ PD Cls vol=12.5x pos=v88 vwap=below ema=bear rs=-0.4% adx=22 body=41% ramp=13x rangeATR=5.1 ⚡ O447.43 H449.98 L444.56 C445.22 ATR=15.69 SL=446.79/447.57 rawVol=278658 volSMA=22253 buf=0.785 prices=449.5"
2026-01-23T09:35:00.000-05:00,[KLB] CONF 9:35 ▼ BRK → ✓ (auto-R1: EMA)
2026-01-23T09:40:00.000-05:00,[KLB] 5m CHECK 9:40 ▼ pnl=-0.05 SPY~ → HOLD
2026-01-23T11:00:00.000-05:00,[KLB] 11:00 ▲ ~ ~ VWAP + ~ PM H + ~ ORB H vol=1.3x pos=^98 vwap=above ema=bull rs=+0.7% adx=23 body=45% ramp=1.6x rangeATR=1.5 O450.79 H452.07 L449.37 C452.01 ATR=15.69 SL=450.44/449.66 rawVol=176952 volSMA=131609 buf=0.785 prices=
2026-01-23T11:40:00.000-05:00,[KLB] 11:40 ▲ ~ ~ Yest H + ~ ORB H vol=0.5x pos=^92 vwap=above ema=bull rs=+0.1% adx=25 body=72% ramp=1x rangeATR=0.6 O448.84 H449.58 L448.65 C449.51 ATR=15.69 SL=447.94/447.16 rawVol=52605 volSMA=100795 buf=0.785 prices=
2026-01-26T09:35:00.000-05:00,[KLB] 9:35 ▼ RNG range break vol=15.6x
2026-01-26T09:35:00.000-05:00,[KLB] 9:35 ▼ BRK PM L + Yest L vol=15.6x pos=v98 vwap=below ema=bear rs=-1.3% adx=21 body=98% ramp=28.1x rangeATR=7.1 ⚡ ⚠ O445.03 H445.06 L439.6 C439.69 ATR=15.17 SL=441.21/441.97 rawVol=309104 volSMA=19847 buf=0.759 prices=443/444.04
2026-01-26T09:35:00.000-05:00,[KLB] 9:35 ▼ ~ ~ VWAP + ~ Today O vol=15.6x pos=v98 vwap=below ema=bear rs=-1.3% adx=21 body=98% ramp=28.1x rangeATR=7.1 ⚡ ⚠ O445.03 H445.06 L439.6 C439.69 ATR=15.17 SL=441.21/441.97 rawVol=309104 volSMA=19847 buf=0.759 prices=
2026-01-26T09:35:00.000-05:00,[KLB] CONF 9:35 ▼ BRK → ✓ (auto-R1: EMA)
2026-01-26T09:40:00.000-05:00,[KLB] 5m CHECK 9:40 ▼ pnl=-0.04 SPY~ → HOLD
2026-01-26T09:45:00.000-05:00,[KLB] 9:45 ▼ BRK ORB L vol=4.5x pos=v67 vwap=below ema=bear rs=-1.7% adx=28 body=67% ramp=68.4x rangeATR=2.3 ⚡ O440.22 H440.23 L438 C438.73 ATR=15.17 SL=440.25/441.01 rawVol=154909 volSMA=34439 buf=0.759 prices=439.6
2026-01-26T09:45:00.000-05:00,[KLB] CONF 9:45 ▼ BRK → ✓ (auto-R1: EMA)
2026-01-26T09:50:00.000-05:00,[KLB] 5m CHECK 9:50 ▼ pnl=0.07 SPY~ → HOLD
2026-01-26T10:30:00.000-05:00,[KLB] 10:30 ▼ BRK ORB L vol=1.3x pos=v99 vwap=below ema=bear rs=-1.9% adx=43 body=99% ramp=1.1x rangeATR=2.2 ⚡ ⚠ O440.79 H440.79 L437.89 C437.91 ATR=15.17 SL=439.43/440.19 rawVol=87197 volSMA=66609 buf=0.759 prices=439.6
2026-01-26T10:30:00.000-05:00,[KLB] CONF 10:30 ▼ BRK → ✓ (auto-R1: EMA)
2026-01-26T10:35:00.000-05:00,[KLB] 5m CHECK 10:35 ▼ pnl=0 SPY✗ → BAIL
2026-01-27T09:35:00.000-05:00,[KLB] 9:35 ▼ RNG range break vol=13.8x
2026-01-27T13:30:00.000-05:00,[KLB] 13:30 ▼ ~ ~ VWAP vol=0.5x pos=v87 vwap=below ema=bear rs=-1.3% adx=31 body=81% ramp=0.5x rangeATR=0.8 ⚠ 🔇 O433.23 H433.26 L432.72 C432.79 ATR=15.14 SL=434.3/435.06 rawVol=11144 volSMA=22647 buf=0.757 prices=
2026-01-27T15:40:00.000-05:00,[KLB] 15:40 ▼ BRK ORB L vol=1.2x pos=v52 vwap=below ema=bear rs=-1.4% adx=28 body=40% ramp=1x rangeATR=1 O432.83 H432.91 L432.26 C432.57 ATR=15.14 SL=434.08/434.84 rawVol=23423 volSMA=30387 buf=0.757 prices=433.15
2026-01-27T15:40:00.000-05:00,[KLB] CONF 15:40 ▼ BRK → ✓ (auto-R1: EMA)
2026-01-27T15:45:00.000-05:00,[KLB] 5m CHECK 15:45 ▼ pnl=0.01 SPY~ → HOLD
2026-01-28T09:35:00.000-05:00,[KLB] 9:35 ▲ ~ ~ PM L + ~ Today O vol=10.2x pos=^69 vwap=above ema=bull rs=+0.3% adx=34 body=47% ramp=10.5x rangeATR=4.1 ⚡ O431.91 H434.45 L431.2 C433.43 ATR=14.55 SL=431.98/431.25 rawVol=118083 volSMA=11554 buf=0.727 prices=431
2026-01-28T09:40:00.000-05:00,[KLB] 9:40 ▲ ~ ~ PM H + ~ ORB H vol=8.1x pos=^57 vwap=above ema=bull rs=+0.6% adx=33 body=36% ramp=22.2x rangeATR=3.2 ⚡ O433.43 H435.85 L432.81 C434.54 ATR=14.55 SL=433.08/432.35 rawVol=152604 volSMA=18891 buf=0.727 prices=
2026-01-28T09:45:00.000-05:00,[KLB] 9:45 ▲ RNG range break vol=6.5x
2026-01-28T09:45:00.000-05:00,[KLB] 9:45 ▲ ~ ~ VWAP vol=6.5x pos=^80 vwap=above ema=bull rs=+1.1% adx=34 body=80% ramp=28.4x rangeATR=3 ⚡ O434.51 H437.89 L434.51 C437.21 ATR=14.55 SL=435.76/435.03 rawVol=176848 volSMA=27407 buf=0.727 prices=
2026-01-28T14:10:00.000-05:00,[KLB] 14:10 ▼ ~ x~ PM H vol=1.4x pos=v53 vwap=below ema=bull rs=+0.8% adx=12 body=22% ramp=1.1x rangeATR=1.1 O434.37 H434.67 L433.69 C434.15 ATR=14.55 SL=435.6/436.33 rawVol=29603 volSMA=28663 buf=0.727 prices=434.73
2026-01-28T14:35:00.000-05:00,[KLB] 14:35 ▼ ~ x~ ORB H vol=2.8x pos=v64 vwap=below ema=bull rs=+0.4% adx=16 body=11% ramp=1.8x rangeATR=2.2 ⚡ O432.89 H434.16 L431.75 C432.62 ATR=14.55 SL=434.07/434.8 rawVol=84943 volSMA=30330 buf=0.727 prices=434.45
2026-01-28T14:55:00.000-05:00,[KLB] 14:55 ▲ FADE at 434.45
2026-01-29T09:35:00.000-05:00,[KLB] 9:35 ▼ RNG range break vol=14.9x
2026-01-29T09:35:00.000-05:00,[KLB] 9:35 ▼ BRK PM L vol=14.9x pos=v87 vwap=below ema=bear rs=-1.6% adx=41 body=64% ramp=14.2x rangeATR=6.5 ⚡ O437.61 H440.2 L428.79 C430.3 ATR=14.09 SL=431.71/432.41 rawVol=458957 volSMA=30876 buf=0.705 prices=436.43
2026-01-29T09:35:00.000-05:00,"[KLB] 9:35 ▼ ~ ~ Yest H
~ VWAP + ~ PD Cls vol=14.9x pos=v87 vwap=below ema=bear rs=-1.6% adx=41 body=64% ramp=14.2x rangeATR=6.5 ⚡ O437.61 H440.2 L428.79 C430.3 ATR=14.09 SL=431.71/432.41 rawVol=458957 volSMA=30876 buf=0.705 prices=438.26"
2026-01-29T09:35:00.000-05:00,[KLB] CONF 9:35 ▼ BRK → ✓ (auto-R1: EMA)
2026-01-29T09:40:00.000-05:00,[KLB] 9:40 ▼ BRK Yest L + ORB L + PD LH L + Week O vol=9.6x pos=v95 vwap=below ema=bear rs=-2.6% adx=44 body=89% ramp=24.9x rangeATR=2.6 ⚡ ⚠ O430.42 H430.7 L425.57 C425.85 ATR=14.09 SL=427.26/427.96 rawVol=341781 volSMA=47823 buf=0.705 prices=430.1/428.79
2026-01-29T09:40:00.000-05:00,[KLB] CONF 9:40 ▼ BRK → ✓ (auto-R1: EMA)
2026-01-29T09:45:00.000-05:00,[KLB] 5m CHECK 9:45 ▼ pnl=-0.09 SPY✓ → HOLD
2026-01-29T10:50:00.000-05:00,[KLB] 10:50 ▼ BRK Week L vol=1.3x pos=v94 vwap=below ema=bear rs=-3.6% adx=49 body=72% ramp=1.9x rangeATR=1.5 O418.67 H419.51 L415.67 C415.91 ATR=14.09 SL=417.32/418.02 rawVol=211708 volSMA=158183 buf=0.705 prices=417.44
2026-01-29T10:50:00.000-05:00,[KLB] CONF 10:50 ▼ BRK → ✓ (auto-R1: EMA)
2026-01-29T10:55:00.000-05:00,[KLB] 5m CHECK 10:55 ▼ pnl=0.05 SPY✓ → HOLD
2026-01-29T15:25:00.000-05:00,[KLB] 15:25 ▼ BRK Week L vol=1.6x pos=v90 vwap=below ema=bear rs=-4.3% adx=26 body=87% ramp=0.9x rangeATR=0.9 ⚠ O417.21 H417.24 L416.17 C416.28 ATR=14.09 SL=417.69/418.39 rawVol=68675 volSMA=44097 buf=0.705 prices=417.44
2026-01-29T15:25:00.000-05:00,[KLB] CONF 15:25 ▼ BRK → ✓ (auto-R1: EMA)
2026-01-29T15:30:00.000-05:00,[KLB] 5m CHECK 15:30 ▼ pnl=0.05 SPY✓ → HOLD
2026-01-30T09:30:00.000-05:00,[KLB] 9:30 ▲ ~ ~ Today O vol=1.1x pos=^77 vwap=above ema=bear rs=-0.2% adx=24 body=77% ramp=1x rangeATR=2.3 ⚡ O423.69 H426.4 L423.69 C425.77 ATR=14.92 SL=424.28/423.53 rawVol=11269 volSMA=9813 buf=0.746 prices=
2026-01-30T09:45:00.000-05:00,[KLB] 9:45 ▼ FADE at 425.35
2026-01-30T10:10:00.000-05:00,[KLB] 10:10 ▲ ~ ~ VWAP + ~ PM H vol=2.9x pos=^66 vwap=above ema=bull rs=+0.7% adx=28 body=63% ramp=1x rangeATR=2.4 ⚡ O425.89 H430.94 L425.74 C429.17 ATR=14.92 SL=427.68/426.93 rawVol=240278 volSMA=81861 buf=0.746 prices=
2026-01-30T10:50:00.000-05:00,[KLB] 10:50 ▲ ~ ~ Yest H vol=2x pos=^82 vwap=above ema=bull rs=+3% adx=41 body=71% ramp=1x rangeATR=1.5 O436.37 H439.75 L435.95 C439.06 ATR=14.92 SL=437.57/436.82 rawVol=325628 volSMA=163167 buf=0.746 prices=
2026-01-30T11:30:00.000-05:00,[KLB] 11:30 ▲ ~ ~ Yest H vol=0.5x pos=^98 vwap=above ema=bull rs=+3.2% adx=45 body=53% ramp=1x rangeATR=1 O437.18 H438.45 L436.13 C438.4 ATR=14.92 SL=436.91/436.16 rawVol=93234 volSMA=171506 buf=0.746 prices=
2026-01-30T12:30:00.000-05:00,[KLB] 12:30 ▲ ~ ~ Yest H vol=1.1x pos=^95 vwap=above ema=bull rs=+3.2% adx=35 body=92% ramp=1.4x rangeATR=0.9 ⚠ O436.86 H438.55 L436.82 C438.46 ATR=14.92 SL=436.97/436.22 rawVol=116893 volSMA=105553 buf=0.746 prices=
2026-02-02T09:30:00.000-05:00,[KLB] 9:30 ▼ BRK Yest L + Month O vol=3.3x pos=v61 vwap=above ema=bear rs=-0.4% adx=20 body=61% ramp=1.8x rangeATR=3.4 ⚡ O422.9 H422.9 L419.82 C421.01 ATR=15.52 SL=422.56/423.34 rawVol=19222 volSMA=5825 buf=0.776 prices=422.7
2026-02-02T09:30:00.000-05:00,[KLB] 9:30 ▼ ~ ~ Today O vol=3.3x pos=v61 vwap=above ema=bear rs=-0.4% adx=20 body=61% ramp=1.8x rangeATR=3.4 ⚡ O422.9 H422.9 L419.82 C421.01 ATR=15.52 SL=422.56/423.34 rawVol=19222 volSMA=5825 buf=0.776 prices=
2026-02-02T09:30:00.000-05:00,[KLB] CONF 9:30 ▼ BRK → ✓ (auto-R1: EMA)
2026-02-02T09:35:00.000-05:00,[KLB] 9:35 ▼ RNG range break vol=16.4x
2026-02-02T09:35:00.000-05:00,[KLB] 9:35 ▼ BRK PM L vol=16.4x pos=v89 vwap=below ema=bear rs=-1.7% adx=24 body=81% ramp=37.9x rangeATR=5.3 ⚡ ⚠ O421.13 H421.68 L414.51 C415.32 ATR=15.52 SL=416.87/417.65 rawVol=506177 volSMA=30921 buf=0.776 prices=419.21
2026-02-02T09:35:00.000-05:00,[KLB] 9:35 ▼ ~ ~ VWAP vol=16.4x pos=v89 vwap=below ema=bear rs=-1.7% adx=24 body=81% ramp=37.9x rangeATR=5.3 ⚡ ⚠ O421.13 H421.68 L414.51 C415.32 ATR=15.52 SL=416.87/417.65 rawVol=506177 volSMA=30921 buf=0.776 prices=
2026-02-02T09:35:00.000-05:00,[KLB] CONF 9:35 ▼ BRK → ✓ (auto-R1: EMA)
2026-02-02T09:40:00.000-05:00,[KLB] 5m CHECK 9:40 ▼ pnl=-0.13 SPY✗ → BAIL
2026-02-02T10:00:00.000-05:00,[KLB] 10:00 ▼ BRK PM L vol=2.1x pos=v96 vwap=below ema=bear rs=-1.4% adx=32 body=93% ramp=0.5x rangeATR=1.5 ⚠ O419.66 H419.75 L417.25 C417.34 ATR=15.52 SL=418.89/419.67 rawVol=168224 volSMA=79686 buf=0.776 prices=419.21
2026-02-02T10:00:00.000-05:00,[KLB] CONF 10:00 ▼ BRK → ✓ (auto-R1: EMA)
2026-02-02T10:05:00.000-05:00,[KLB] 5m CHECK 10:05 ▼ pnl=-0.15 SPY✗ → BAIL
2026-02-02T12:45:00.000-05:00,[KLB] 12:45 ▲ ~ ~ PM H vol=1.1x pos=^94 vwap=above ema=bull rs=-0.3% adx=29 body=49% ramp=0.7x rangeATR=0.8 O423.52 H424 L423.12 C423.95 ATR=15.52 SL=422.4/421.62 rawVol=61381 volSMA=58444 buf=0.776 prices=
2026-02-02T13:15:00.000-05:00,[KLB] 13:15 ▲ ~ ~ Yest L vol=1.8x pos=^62 vwap=above ema=bull rs=+0.1% adx=33 body=43% ramp=1.3x rangeATR=1.7 O425.18 H426.6 L424.84 C425.93 ATR=15.52 SL=424.38/423.6 rawVol=113645 volSMA=61526 buf=0.776 prices=422.7
2026-02-02T15:05:00.000-05:00,[KLB] 15:05 ▲ ~ ~ VWAP vol=1.4x pos=^93 vwap=above ema=bull rs=-0.4% adx=29 body=33% ramp=1.4x rangeATR=1.2 O423.24 H423.7 L422.55 C423.62 ATR=15.52 SL=422.06/421.29 rawVol=87658 volSMA=61276 buf=0.776 prices=
2026-02-02T15:10:00.000-05:00,[KLB] 15:10 ▲ ~ ~ PM H vol=1.4x pos=^77 vwap=above ema=bull rs=-0.2% adx=29 body=77% ramp=1.3x rangeATR=1 O423.61 H424.55 L423.61 C424.33 ATR=15.52 SL=422.78/422 rawVol=61015 volSMA=60870 buf=0.776 prices=
2026-02-02T15:20:00.000-05:00,[KLB] 15:20 ▲ ~ ~ PM H vol=0.7x pos=^62 vwap=above ema=bull rs=-0.2% adx=28 body=52% ramp=0.7x rangeATR=0.9 O423.77 H424.57 L423.68 C424.23 ATR=15.52 SL=422.68/421.9 rawVol=40223 volSMA=58673 buf=0.776 prices=
2026-02-03T09:30:00.000-05:00,[KLB] 9:30 ▼ ~ ~ Today O vol=1.9x pos=v100 vwap=below ema=bear rs=+0.1% adx=37 body=65% ramp=1.3x rangeATR=3.6 ⚡ O425.43 H426.09 L424.18 C424.18 ATR=15.54 SL=425.73/426.51 rawVol=8559 volSMA=4432 buf=0.777 prices=
2026-02-03T09:40:00.000-05:00,[KLB] 9:40 ▼ BRK PM L vol=7.3x pos=v90 vwap=below ema=bear rs=-0.2% adx=43 body=57% ramp=17.8x rangeATR=3 ⚡ O424.55 H425.51 L422.68 C422.95 ATR=15.54 SL=424.5/425.28 rawVol=162384 volSMA=22379 buf=0.777 prices=424.18
2026-02-03T09:40:00.000-05:00,[KLB] 9:40 ▼ ~ ~ ORB H vol=7.3x pos=v90 vwap=below ema=bear rs=-0.2% adx=43 body=57% ramp=17.8x rangeATR=3 ⚡ O424.55 H425.51 L422.68 C422.95 ATR=15.54 SL=424.5/425.28 rawVol=162384 volSMA=22379 buf=0.777 prices=425.19
2026-02-03T09:40:00.000-05:00,[KLB] CONF 9:40 ▼ BRK → ✓ (auto-R1: EMA)
2026-02-03T09:45:00.000-05:00,[KLB] 5m CHECK 9:45 ▼ pnl=0.03 SPY~ → HOLD
2026-02-03T09:55:00.000-05:00,[KLB] 9:55 ▼ ~ ~ VWAP vol=1.9x pos=v100 vwap=below ema=bear rs=-0.4% adx=47 body=100% ramp=1x rangeATR=1.7 ⚠ O424.15 H424.15 L421.86 C421.86 ATR=15.54 SL=423.41/424.19 rawVol=77574 volSMA=39919 buf=0.777 prices=
2026-02-03T10:00:00.000-05:00,[KLB] 10:00 ▼ BRK PD LH L + Month O vol=2.3x pos=v78 vwap=below ema=bear rs=-0.5% adx=49 body=73% ramp=0.6x rangeATR=1.4 O421.86 H421.96 L420.06 C420.48 ATR=15.54 SL=422.03/422.81 rawVol=102994 volSMA=44965 buf=0.777 prices=
2026-02-03T10:00:00.000-05:00,[KLB] 10:00 ▼ ~ ~ Yest H vol=2.3x pos=v78 vwap=below ema=bear rs=-0.5% adx=49 body=73% ramp=0.6x rangeATR=1.4 O421.86 H421.96 L420.06 C420.48 ATR=15.54 SL=422.03/422.81 rawVol=102994 volSMA=44965 buf=0.777 prices=427.15
2026-02-03T10:00:00.000-05:00,[KLB] CONF 10:00 ▼ BRK → ✓ (auto-R1: EMA)
2026-02-03T10:05:00.000-05:00,[KLB] 5m CHECK 10:05 ▼ pnl=-0.08 SPY✓ → HOLD
2026-02-03T10:10:00.000-05:00,[KLB] 10:10 ▼ ~ x~ Yest H vol=1.4x pos=v77 vwap=below ema=bear rs=-0.3% adx=50 body=25% ramp=0.9x rangeATR=1.4 O421.66 H422.7 L420.7 C421.16 ATR=15.54 SL=422.71/423.49 rawVol=76950 volSMA=55538 buf=0.777 prices=427.15
2026-02-03T10:25:00.000-05:00,[KLB] 10:25 ▼ ~ x~ Yest H vol=1.3x pos=v95 vwap=below ema=bear rs=-0.1% adx=50 body=2% ramp=0.7x rangeATR=1.2 O420.85 H422.41 L420.73 C420.81 ATR=15.54 SL=422.36/423.14 rawVol=84331 volSMA=65887 buf=0.777 prices=427.15
2026-02-03T12:30:00.000-05:00,[KLB] 12:30 ▼ ~ ~ Yest H vol=1.2x pos=v88 vwap=below ema=bear rs=+0.3% adx=21 body=67% ramp=1.6x rangeATR=0.8 O421.64 H421.9 L420.7 C420.84 ATR=15.54 SL=422.39/423.17 rawVol=71378 volSMA=60743 buf=0.777 prices=427.15
2026-02-03T14:10:00.000-05:00,[KLB] 14:10 ▼ BRK Yest L + Week L vol=2.8x pos=v95 vwap=below ema=bear rs=-0.8% adx=37 body=46% ramp=2.5x rangeATR=0.8 O414.22 H414.74 L413.69 C413.74 ATR=15.54 SL=415.29/416.07 rawVol=102967 volSMA=63241 buf=0.777 prices=414.5/414.62
2026-02-03T14:10:00.000-05:00,[KLB] CONF 14:10 ▼ BRK → ✓ (auto-R1: EMA)
2026-02-03T14:15:00.000-05:00,[KLB] 5m CHECK 14:15 ▼ pnl=-0.14 SPY✓ → HOLD
2026-02-04T09:35:00.000-05:00,[KLB] 9:35 ▼ RNG range break vol=13.7x
2026-02-04T10:35:00.000-05:00,[KLB] 10:35 ▼ BRK Week L vol=1.8x pos=v98 vwap=below ema=bear rs=-1.4% adx=26 body=86% ramp=1x rangeATR=2.2 ⚡ ⚠ O416.69 H417.2 L413.05 C413.13 ATR=15.5 SL=414.68/415.45 rawVol=167580 volSMA=94292 buf=0.775 prices=414.62
2026-02-04T10:35:00.000-05:00,[KLB] CONF 10:35 ▼ BRK → ✓ (auto-R1: EMA)
2026-02-04T10:40:00.000-05:00,[KLB] 5m CHECK 10:40 ▼ pnl=-0.08 SPY~ → HOLD
2026-02-04T15:05:00.000-05:00,[KLB] 15:05 ▼ ~ ~ VWAP vol=1x pos=v65 vwap=below ema=bear rs=-2.5% adx=20 body=50% ramp=1.1x rangeATR=0.8 O409.04 H409.23 L407.95 C408.4 ATR=15.5 SL=409.95/410.72 rawVol=68211 volSMA=67778 buf=0.775 prices=
2026-02-05T09:30:00.000-05:00,[KLB] 9:30 ▲ ~ ~ Today O vol=0.8x pos=^100 vwap=below ema=bear rs=-0.8% adx=53 body=100% ramp=1x rangeATR=1.2 ⚠ O395.6 H397.04 L395.6 C397.04 ATR=16.15 SL=395.42/394.62 rawVol=11739 volSMA=15065 buf=0.808 prices=
2026-02-05T09:40:00.000-05:00,[KLB] 9:40 ▲ RNG range break vol=7x
2026-02-05T09:40:00.000-05:00,[KLB] 9:40 ▲ ~ ~ ORB H vol=7x pos=^70 vwap=above ema=bear rs=+0.5% adx=51 body=37% ramp=13.5x rangeATR=2.3 ⚡ O398.52 H401.15 L397.26 C399.97 ATR=16.15 SL=398.35/397.55 rawVol=192249 volSMA=35876 buf=0.808 prices=
2026-02-05T09:55:00.000-05:00,[KLB] 9:55 ▼ FADE at 397.02
2026-02-05T09:55:00.000-05:00,[KLB] 9:55 ▼ BRK Yest L vol=2.2x pos=v88 vwap=below ema=bear rs=-0.3% adx=46 body=72% ramp=0.8x rangeATR=2.1 ⚡ O399.35 H400.02 L396.02 C396.48 ATR=16.15 SL=398.1/398.9 rawVol=114064 volSMA=52206 buf=0.808 prices=399.18
2026-02-05T09:55:00.000-05:00,"[KLB] 9:55 ▼ ~ ~ ORB H
~ VWAP vol=2.2x pos=v88 vwap=below ema=bear rs=-0.3% adx=46 body=72% ramp=0.8x rangeATR=2.1 ⚡ O399.35 H400.02 L396.02 C396.48 ATR=16.15 SL=398.1/398.9 rawVol=114064 volSMA=52206 buf=0.808 prices=398.55"
2026-02-05T09:55:00.000-05:00,[KLB] CONF 9:55 ▼ BRK → ✓ (auto-R1: EMA)
2026-02-05T10:00:00.000-05:00,[KLB] 5m CHECK 10:00 ▼ pnl=0.07 SPY~ → HOLD
2026-02-05T10:05:00.000-05:00,[KLB] 10:05 ▼ BRK PM L vol=2.3x pos=v75 vwap=below ema=bear rs=-0.7% adx=46 body=60% ramp=0.9x rangeATR=1.8 O395.47 H396.03 L392.32 C393.25 ATR=16.15 SL=394.87/395.67 rawVol=148237 volSMA=65103 buf=0.808 prices=394.51
2026-02-05T10:05:00.000-05:00,[KLB] CONF 10:05 ▼ BRK → ✓ (auto-R1: EMA)
2026-02-05T10:10:00.000-05:00,[KLB] 10:10 ▼ RNG range break vol=3.6x
2026-02-05T10:10:00.000-05:00,[KLB] 10:10 ▼ BRK ORB L vol=3.6x pos=v75 vwap=below ema=bear rs=-1.2% adx=47 body=70% ramp=1.5x rangeATR=1.5 O393.29 H393.46 L390.13 C390.95 ATR=16.15 SL=392.57/393.37 rawVol=287225 volSMA=78782 buf=0.808 prices=392.87
2026-02-05T10:10:00.000-05:00,[KLB] CONF 10:10 ▼ BRK → ✓ (auto-R1: EMA)
2026-02-05T10:15:00.000-05:00,[KLB] 5m CHECK 10:15 ▼ pnl=0.19 SPY✓ → HOLD
2026-02-06T09:40:00.000-05:00,[KLB] 9:40 ▲ RNG range break vol=9.3x
2026-02-09T09:35:00.000-05:00,[KLB] 9:35 ▼ ~ x~ Yest H vol=14.5x pos=v34 vwap=below ema=bear rs=-0.1% adx=20 body=1% ramp=16x rangeATR=3.8 ⚡ O409.91 H411.17 L407.3 C409.86 ATR=16.39 SL=411.5/412.32 rawVol=226658 volSMA=15583 buf=0.82 prices=414.55
2026-02-09T09:45:00.000-05:00,[KLB] 9:45 ▲ RNG range break vol=6x
2026-02-10T09:35:00.000-05:00,[KLB] 9:35 ▲ RNG range break vol=15.6x
2026-02-10T10:35:00.000-05:00,[KLB] 10:35 ▲ ~ ~ VWAP + ~ ORB H vol=1.5x pos=^64 vwap=above ema=bull rs=+1.3% adx=31 body=49% ramp=1.1x rangeATR=0.9 O423.34 H424.59 L423.13 C424.06 ATR=16.22 SL=422.44/421.63 rawVol=133357 volSMA=91386 buf=0.811 prices=
2026-02-10T12:10:00.000-05:00,[KLB] 12:10 ▲ ~ ~ ORB H vol=0.6x pos=^88 vwap=above ema=bull rs=+1.4% adx=23 body=80% ramp=0.8x rangeATR=0.9 ⚠ O423.09 H424.16 L423 C424.02 ATR=16.22 SL=422.4/421.59 rawVol=42642 volSMA=74202 buf=0.811 prices=
2026-02-10T13:35:00.000-05:00,[KLB] 13:35 ▼ ~ x~ ORB H vol=1x pos=v71 vwap=below ema=bull rs=+1.4% adx=19 body=25% ramp=1.2x rangeATR=0.7 O423.29 H423.68 L422.84 C423.08 ATR=16.22 SL=424.7/425.51 rawVol=52765 volSMA=53955 buf=0.811 prices=423.93
2026-02-10T13:45:00.000-05:00,[KLB] 13:45 ▲ FADE at 423.93
2026-02-11T09:35:00.000-05:00,[KLB] 9:35 ▲ RNG range break vol=14.6x
2026-02-11T09:35:00.000-05:00,[KLB] 9:35 ▲ ~ ~ VWAP + ~ Today O + ~ Week H vol=14.6x pos=^80 vwap=above ema=bull rs=+1.5% adx=42 body=80% ramp=17.8x rangeATR=6.2 ⚡ O427.96 H435.84 L427.93 C434.25 ATR=15.79 SL=432.67/431.88 rawVol=333018 volSMA=22791 buf=0.79 prices=
2026-02-11T10:15:00.000-05:00,[KLB] 10:15 ▼ ~ ~ PD Cls vol=2x pos=v60 vwap=below ema=bull rs=-0.1% adx=42 body=43% ramp=1.2x rangeATR=1.8 O426.35 H427.01 L423.27 C424.76 ATR=15.79 SL=426.34/427.13 rawVol=179951 volSMA=88336 buf=0.79 prices=
2026-02-11T11:10:00.000-05:00,[KLB] 11:10 ▼ ~ ~ Yest H vol=0.4x pos=v76 vwap=below ema=bear rs=-0.2% adx=30 body=60% ramp=0.8x rangeATR=0.9 O424.98 H425.25 L423.53 C423.95 ATR=15.79 SL=425.53/426.32 rawVol=56983 volSMA=138944 buf=0.79 prices=427.25
2026-02-11T11:35:00.000-05:00,[KLB] 11:35 ▼ ~ ~ VWAP vol=0.7x pos=v66 vwap=below ema=bear rs=+0.1% adx=22 body=43% ramp=0.9x rangeATR=0.7 O426.38 H426.66 L425.45 C425.86 ATR=15.79 SL=427.44/428.23 rawVol=64612 volSMA=102667 buf=0.79 prices=
2026-02-11T11:45:00.000-05:00,[KLB] 11:45 ▼ ~ ~ Yest H vol=0.6x pos=v80 vwap=below ema=bear rs=-0.3% adx=20 body=61% ramp=1x rangeATR=1.2 O426.04 H426.43 L424.35 C424.77 ATR=15.79 SL=426.35/427.14 rawVol=55966 volSMA=93649 buf=0.79 prices=427.25
2026-02-12T09:30:00.000-05:00,"[KLB] 9:30 ▼ ~ ~ PM H
~ VWAP vol=2.1x pos=v95 vwap=below ema=bull rs=+0.4% adx=31 body=90% ramp=2.1x rangeATR=2.7 ⚡ ⚠ O431.74 H431.81 L430.35 C430.43 ATR=15.83 SL=432.01/432.8 rawVol=8347 volSMA=4034 buf=0.792 prices=432.08"
2026-02-12T09:35:00.000-05:00,[KLB] 9:35 ▲ FADE at 432.08
2026-02-12T09:35:00.000-05:00,[KLB] 9:35 ▲ RNG range break vol=15.9x
2026-02-12T09:35:00.000-05:00,[KLB] 9:35 ▲ ~ ~ Today O + ~ PM H vol=15.9x pos=^75 vwap=above ema=bull rs=+0.7% adx=33 body=63% ramp=37x rangeATR=5.9 ⚡ O430.34 H434.85 L429.7 C433.57 ATR=15.83 SL=431.99/431.2 rawVol=297845 volSMA=18730 buf=0.792 prices=
2026-02-12T10:05:00.000-05:00,[KLB] 10:05 ▼ ~ ~ PD Cls vol=2.1x pos=v90 vwap=below ema=bull rs=-0.4% adx=31 body=59% ramp=0.6x rangeATR=1.5 O428.68 H429.36 L427.18 C427.39 ATR=15.83 SL=428.97/429.76 rawVol=148361 volSMA=71031 buf=0.792 prices=
2026-02-12T10:15:00.000-05:00,[KLB] 10:15 ▲ FADE at 428.27
2026-02-12T10:40:00.000-05:00,[KLB] 10:40 ▼ ~ ~ Yest H + ~ Week H vol=0.7x pos=v78 vwap=below ema=bear rs=-0.2% adx=25 body=42% ramp=0.6x rangeATR=1 O428.34 H428.93 L427.27 C427.64 ATR=15.83 SL=429.22/430.01 rawVol=68490 volSMA=98626 buf=0.792 prices=436.35/428.56
2026-02-12T11:30:00.000-05:00,[KLB] 11:30 ▼ BRK Week O + Month O vol=1.9x pos=v95 vwap=below ema=bear rs=-1% adx=38 body=82% ramp=1.5x rangeATR=1.6 ⚠ O421.62 H421.98 L419.28 C419.41 ATR=15.83 SL=420.99/421.78 rawVol=186471 volSMA=99237 buf=0.792 prices=
2026-02-12T11:30:00.000-05:00,[KLB] CONF 11:30 ▼ BRK → ✓ (auto-R1: EMA)
2026-02-12T11:35:00.000-05:00,[KLB] 5m CHECK 11:35 ▼ pnl=0.03 SPY✓ → HOLD
2026-02-13T09:30:00.000-05:00,[KLB] 9:30 ▼ 🔇 QBS ramp=0.4x vol=1.3x pos=v94 vwap=below ema=bull adx=32 body=78% rangeATR=3 ⚡ O416.65 H417.17 L414.1 C414.27 ATR=16.29
2026-02-13T09:30:00.000-05:00,[KLB] 9:30 ▼ ~ ~ Today O + ~ PD Cls vol=1.3x pos=v94 vwap=below ema=bull rs=+0.1% adx=32 body=78% ramp=0.4x rangeATR=3 ⚡ 🔇 O416.65 H417.17 L414.1 C414.27 ATR=16.29 SL=415.9/416.71 rawVol=9222 volSMA=7257 buf=0.814 prices=
2026-02-13T09:35:00.000-05:00,[KLB] 9:35 ▲ FADE at 414.31
2026-02-13T09:40:00.000-05:00,[KLB] CONF 9:40 ▼ QBS → ✓ (auto-promote)
2026-02-13T09:45:00.000-05:00,[KLB] 5m CHECK 9:45 ▼ pnl=-0.02 SPY~ → HOLD
2026-02-13T10:35:00.000-05:00,[KLB] 10:35 ▲ ~ ~ VWAP vol=1.5x pos=^52 vwap=above ema=bull rs=+0.3% adx=20 body=36% ramp=1.3x rangeATR=1.2 O416.11 H418.19 L415.7 C417 ATR=16.29 SL=415.37/414.56 rawVol=127084 volSMA=82608 buf=0.814 prices=
2026-02-13T15:20:00.000-05:00,[KLB] 15:20 ▲ ~ ~ PM H vol=1x pos=^97 vwap=above ema=bull rs=+1.1% adx=21 body=93% ramp=1.4x rangeATR=1.3 ⚠ O418.09 H419.44 L418.03 C419.4 ATR=16.29 SL=417.77/416.96 rawVol=62019 volSMA=59900 buf=0.814 prices=
2026-02-13T15:45:00.000-05:00,[KLB] 15:45 ▼ ~ ~ PM H vol=1x pos=v77 vwap=below ema=bear rs=+1% adx=25 body=38% ramp=0.9x rangeATR=1.1 O417.99 H418.48 L417.22 C417.51 ATR=16.29 SL=419.14/419.95 rawVol=55325 volSMA=54731 buf=0.814 prices=418.9
2026-02-13T15:55:00.000-05:00,[KLB] 15:55 ▼ ~ x~ PM H vol=1.5x pos=v43 vwap=below ema=bear rs=+0.9% adx=26 body=16% ramp=0.9x rangeATR=1.6 O418.06 H418.57 L416.68 C417.76 ATR=16.29 SL=419.39/420.2 rawVol=84040 volSMA=56314 buf=0.814 prices=418.9
2026-02-17T09:30:00.000-05:00,[KLB] 9:30 ▼ ~ ~ Today O vol=0.4x pos=v62 vwap=above ema=bear rs=-0.3% adx=24 body=51% ramp=0.5x rangeATR=1.4 O412.62 H412.74 L411.73 C412.11 ATR=16.07 SL=413.72/414.52 rawVol=2082 volSMA=4834 buf=0.803 prices=
2026-02-17T09:35:00.000-05:00,[KLB] 9:35 ▼ RNG range break vol=15.7x
2026-02-17T09:35:00.000-05:00,[KLB] 9:35 ▼ BRK PM L + Yest L + Week O vol=15.7x pos=v70 vwap=below ema=bear rs=-1% adx=26 body=49% ramp=67.3x rangeATR=5.6 ⚡ O412.39 H413.69 L407.44 C409.31 ATR=16.07 SL=410.92/411.72 rawVol=349982 volSMA=22274 buf=0.803 prices=410.14/410.88
2026-02-17T09:35:00.000-05:00,[KLB] CONF 9:35 ▼ BRK → ✓ (auto-R1: EMA)
2026-02-17T09:40:00.000-05:00,[KLB] 9:40 ▲ ~ ~ PM L vol=6x pos=^92 vwap=above ema=bear rs=-0.3% adx=28 body=73% ramp=112x rangeATR=3.1 ⚡ O409.37 H412.71 L408.57 C412.39 ATR=16.07 SL=410.78/409.98 rawVol=188357 volSMA=31461 buf=0.803 prices=410.14
2026-02-17T09:40:00.000-05:00,[KLB] 5m CHECK 9:40 ▼ pnl=-0.19 SPY✗ → BAIL
2026-02-17T09:45:00.000-05:00,[KLB] 9:45 ▼ FADE at 410.14
2026-02-17T09:45:00.000-05:00,[KLB] 9:45 ▼ BRK PM L + Yest L vol=4.4x pos=v89 vwap=below ema=bear rs=-0.8% adx=29 body=73% ramp=165.5x rangeATR=2.7 ⚡ O412.29 H412.97 L408.89 C409.32 ATR=16.07 SL=410.93/411.73 rawVol=175133 volSMA=39412 buf=0.803 prices=410.14/410.88
2026-02-17T09:45:00.000-05:00,[KLB] CONF 9:45 ▼ BRK → ✓ (auto-R1: EMA)
2026-02-17T09:50:00.000-05:00,[KLB] 5m CHECK 9:50 ▼ pnl=0.04 SPY~ → HOLD
2026-02-17T09:55:00.000-05:00,[KLB] 9:55 ▼ BRK Week L + ORB L vol=5.3x pos=v96 vwap=below ema=bear rs=-1.7% adx=34 body=95% ramp=1.3x rangeATR=2.7 ⚡ ⚠ O408.68 H408.74 L403.65 C403.84 ATR=16.07 SL=405.45/406.25 rawVol=350011 volSMA=66067 buf=0.803 prices=407.29/407.44
2026-02-17T09:55:00.000-05:00,[KLB] 9:55 ▼ ~ ~ VWAP vol=5.3x pos=v96 vwap=below ema=bear rs=-1.7% adx=34 body=95% ramp=1.3x rangeATR=2.7 ⚡ ⚠ O408.68 H408.74 L403.65 C403.84 ATR=16.07 SL=405.45/406.25 rawVol=350011 volSMA=66067 buf=0.803 prices=
2026-02-17T09:55:00.000-05:00,[KLB] CONF 9:55 ▼ BRK → ✓ (auto-R1: EMA)
2026-02-17T10:00:00.000-05:00,[KLB] 5m CHECK 10:00 ▼ pnl=0.04 SPY✓ → HOLD
2026-02-17T15:45:00.000-05:00,[KLB] 15:45 ▲ ~ ~ PM L vol=1.5x pos=^85 vwap=above ema=bull rs=-0.6% adx=21 body=85% ramp=1.2x rangeATR=1.6 ⚠ O410.13 H411.89 L410.13 C411.62 ATR=16.07 SL=410.01/409.21 rawVol=74824 volSMA=49376 buf=0.803 prices=410.14
2026-02-18T09:35:00.000-05:00,[KLB] 9:35 ▼ ~ x~ Yest H vol=14.7x pos=v70 vwap=below ema=bear rs=+0.1% adx=27 body=2% ramp=22.3x rangeATR=5.2 ⚡ O411.11 H414.09 L409.72 C411.04 ATR=16.13 SL=412.65/413.46 rawVol=191841 volSMA=13051 buf=0.806 prices=413.72
2026-02-18T09:50:00.000-05:00,[KLB] 9:50 ▼ ~ ~ Yest H vol=3.4x pos=v97 vwap=below ema=bear rs=-0.1% adx=26 body=35% ramp=2x rangeATR=2.2 ⚡ O411.31 H412.94 L410.3 C410.38 ATR=16.13 SL=411.99/412.8 rawVol=108347 volSMA=32075 buf=0.806 prices=413.72
2026-02-18T10:05:00.000-05:00,[KLB] 10:05 ▲ RNG range break vol=3.1x
2026-02-18T10:40:00.000-05:00,[KLB] 10:40 ▲ ~ ~ ORB H vol=0.9x pos=^94 vwap=above ema=bull rs=+0% adx=29 body=89% ramp=0.9x rangeATR=1.3 ⚠ O411.98 H413.74 L411.89 C413.62 ATR=16.13 SL=412.01/411.2 rawVol=69964 volSMA=78800 buf=0.806 prices=
2026-02-18T11:00:00.000-05:00,[KLB] 11:00 ▲ ~ ~ VWAP + ~ PM H vol=1.1x pos=^90 vwap=above ema=bull rs=+0.3% adx=25 body=89% ramp=1x rangeATR=1.1 ⚠ O413.88 H415.38 L413.86 C415.23 ATR=16.13 SL=413.62/412.81 rawVol=107030 volSMA=95407 buf=0.806 prices=
2026-02-18T11:35:00.000-05:00,[KLB] 11:35 ▲ ~ ~ PM H vol=0.7x pos=^58 vwap=above ema=bull rs=+0.3% adx=21 body=58% ramp=0.7x rangeATR=0.8 O414.37 H415.37 L414.37 C414.95 ATR=16.13 SL=413.34/412.53 rawVol=56428 volSMA=84773 buf=0.806 prices=
2026-02-18T14:15:00.000-05:00,[KLB] 14:15 ▼ ~ x~ ORB H vol=0.6x pos=v84 vwap=below ema=bear rs=+0.2% adx=22 body=25% ramp=0.8x rangeATR=0.8 O413.66 H414.04 L413.4 C413.5 ATR=16.13 SL=415.11/415.92 rawVol=25872 volSMA=44124 buf=0.806 prices=414.09
2026-02-18T14:35:00.000-05:00,"[KLB] 14:35 ▼ ~ ~ Yest H
~ VWAP vol=1.8x pos=v66 vwap=below ema=bear rs=0% adx=25 body=52% ramp=1.9x rangeATR=1.5 O412.66 H412.83 L411.61 C412.03 ATR=16.13 SL=413.64/414.45 rawVol=72625 volSMA=40253 buf=0.806 prices=413.72"
2026-02-19T09:30:00.000-05:00,[KLB] 9:30 ▼ ~ ~ Today O vol=0.5x pos=v63 vwap=above ema=bear rs=-0.3% adx=27 body=63% ramp=0.7x rangeATR=1.3 O407.6 H407.6 L407.03 C407.24 ATR=15.5 SL=408.79/409.56 rawVol=1287 volSMA=3267 buf=0.775 prices=
2026-02-19T09:35:00.000-05:00,[KLB] 9:35 ▼ RNG range break vol=16x
2026-02-19T09:35:00.000-05:00,[KLB] 9:35 ▼ BRK PM L + Week L vol=16x pos=v50 vwap=below ema=bear rs=-0.4% adx=29 body=47% ramp=27.9x rangeATR=4.7 ⚡ O407.28 H407.36 L404.43 C405.89 ATR=15.5 SL=407.44/408.21 rawVol=254847 volSMA=15918 buf=0.775 prices=406.97/407.29
2026-02-19T09:35:00.000-05:00,[KLB] CONF 9:35 ▼ BRK → ✓ (auto-R1: EMA)
2026-02-19T09:40:00.000-05:00,[KLB] 5m CHECK 9:40 ▼ pnl=0.04 SPY~ → HOLD
2026-02-19T10:25:00.000-05:00,[KLB] 10:25 ▲ ~ ~ VWAP vol=1.8x pos=^92 vwap=above ema=bull rs=+0.6% adx=27 body=54% ramp=0.9x rangeATR=1.3 O409.43 H410.5 L408.78 C410.36 ATR=15.5 SL=408.81/408.04 rawVol=99751 volSMA=80754 buf=0.775 prices=
2026-02-19T10:35:00.000-05:00,[KLB] 10:35 ▲ ~ ~ Yest L + ~ PD LH L + ~ PD Cls + ~ Yest H vol=1.5x pos=^98 vwap=above ema=bull rs=+0.7% adx=27 body=89% ramp=0.9x rangeATR=2.1 ⚡ ⚠ O408.72 H411.48 L408.45 C411.41 ATR=15.5 SL=409.86/409.09 rawVol=135505 volSMA=90886 buf=0.775 prices=409.58
2026-02-19T10:50:00.000-05:00,[KLB] 10:50 ▲ ~ ~ Yest L vol=0.8x pos=^69 vwap=above ema=bull rs=+0.7% adx=29 body=52% ramp=1x rangeATR=0.8 O410.69 H411.63 L410.5 C411.28 ATR=15.5 SL=409.73/408.96 rawVol=86191 volSMA=105340 buf=0.775 prices=409.58
2026-02-19T11:00:00.000-05:00,[KLB] 11:00 ▲ ~ ~ Yest L + ~ PM H + ~ Yest H vol=1.2x pos=^98 vwap=above ema=bull rs=+1.2% adx=30 body=95% ramp=0.8x rangeATR=1.5 ⚠ O410.85 H412.97 L410.79 C412.93 ATR=15.5 SL=411.38/410.61 rawVol=134249 volSMA=115390 buf=0.775 prices=409.58
2026-02-20T09:30:00.000-05:00,[KLB] 9:30 ▼ ~ ~ Today O vol=1.2x pos=v78 vwap=below ema=bear rs=-0.3% adx=31 body=65% ramp=1.1x rangeATR=1.3 O408.8 H408.9 L408.1 C408.28 ATR=15.19 SL=409.8/410.56 rawVol=1796 volSMA=4135 buf=0.759 prices=
2026-02-20T09:40:00.000-05:00,[KLB] 9:40 ▲ ~ ~ PM L + ~ ORB H vol=8.7x pos=^84 vwap=above ema=bear rs=+0.2% adx=33 body=62% ramp=26.7x rangeATR=2.7 ⚡ O408.35 H410.35 L407.8 C409.94 ATR=15.19 SL=408.42/407.66 rawVol=173517 volSMA=22503 buf=0.759 prices=408.1
2026-02-20T09:55:00.000-05:00,[KLB] 9:55 ▼ FADE at 408.1
2026-02-20T09:55:00.000-05:00,[KLB] 9:55 ▼ BRK PD LH L + Week O vol=3.5x pos=v82 vwap=below ema=bear rs=-0.3% adx=33 body=74% ramp=1.1x rangeATR=1.6 O409.27 H409.41 L407.67 C407.99 ATR=15.19 SL=409.51/410.27 rawVol=147055 volSMA=42008 buf=0.759 prices=
2026-02-20T09:55:00.000-05:00,[KLB] 9:55 ▼ ~ ~ ORB H vol=3.5x pos=v82 vwap=below ema=bear rs=-0.3% adx=33 body=74% ramp=1.1x rangeATR=1.6 O409.27 H409.41 L407.67 C407.99 ATR=15.19 SL=409.51/410.27 rawVol=147055 volSMA=42008 buf=0.759 prices=408.87
2026-02-20T09:55:00.000-05:00,[KLB] CONF 9:55 ▼ BRK → ✓ (auto-R1: EMA)
2026-02-20T10:00:00.000-05:00,[KLB] 5m CHECK 10:00 ▼ pnl=-0.03 SPY✗ → BAIL
2026-02-20T10:05:00.000-05:00,[KLB] 10:05 ▲ RNG range break vol=3.9x
2026-02-20T10:10:00.000-05:00,[KLB] 10:10 ▼ BRK PD LH L vol=2.6x pos=v44 vwap=below ema=bear rs=-0.5% adx=31 body=44% ramp=1.3x rangeATR=2.7 ⚡ O411.08 H411.08 L406.93 C409.24 ATR=15.19 SL=410.76/411.52 rawVol=174987 volSMA=67233 buf=0.759 prices=
2026-02-20T10:10:00.000-05:00,[KLB] CONF 10:10 ▼ BRK → ✓ (auto-R1: EMA)
2026-02-20T10:15:00.000-05:00,[KLB] 5m CHECK 10:15 ▼ pnl=0.05 SPY✗ → BAIL
2026-02-20T11:00:00.000-05:00,[KLB] 11:00 ▲ ~ ~ PM H vol=1x pos=^77 vwap=above ema=bull rs=+0.3% adx=21 body=50% ramp=1.3x rangeATR=0.6 O412.82 H413.58 L412.54 C413.34 ATR=15.19 SL=411.82/411.06 rawVol=126269 volSMA=130364 buf=0.759 prices=
2026-02-23T09:30:00.000-05:00,[KLB] 9:30 ▼ ~ ~ Today O vol=2.2x pos=v37 vwap=above ema=bear rs=-0.2% adx=35 body=30% ramp=1.2x rangeATR=2.8 ⚡ O407.61 H407.69 L406.54 C407.26 ATR=14.76 SL=408.74/409.47 rawVol=7166 volSMA=3217 buf=0.738 prices=
2026-02-23T09:35:00.000-05:00,[KLB] 9:35 ▼ RNG range break vol=16.9x
2026-02-23T09:40:00.000-05:00,[KLB] 9:40 ▼ BRK Yest L vol=10.4x pos=v79 vwap=below ema=bear rs=-0.8% adx=41 body=63% ramp=64.8x rangeATR=3.1 ⚡ O406.31 H406.68 L404.4 C404.88 ATR=14.76 SL=406.36/407.09 rawVol=254057 volSMA=32858 buf=0.738 prices=405.5
2026-02-23T09:40:00.000-05:00,[KLB] CONF 9:40 ▼ BRK → ✓ (auto-R1: EMA)
2026-02-23T09:45:00.000-05:00,[KLB] 9:45 ▼ BRK ORB L vol=5.6x pos=v92 vwap=below ema=bear rs=-1% adx=44 body=80% ramp=66.7x rangeATR=2.9 ⚡ O404.89 H405.19 L402.7 C402.91 ATR=14.76 SL=404.39/405.12 rawVol=247279 volSMA=45099 buf=0.738 prices=404.46
2026-02-23T09:45:00.000-05:00,[KLB] 9:45 ▼ ~ ~ VWAP vol=5.6x pos=v92 vwap=below ema=bear rs=-1% adx=44 body=80% ramp=66.7x rangeATR=2.9 ⚡ O404.89 H405.19 L402.7 C402.91 ATR=14.76 SL=404.39/405.12 rawVol=247279 volSMA=45099 buf=0.738 prices=
2026-02-23T09:45:00.000-05:00,[KLB] CONF 9:45 ▼ BRK → ✓ (auto-R1: EMA)
2026-02-23T09:50:00.000-05:00,[KLB] 5m CHECK 9:50 ▼ pnl=-0.01 SPY~ → HOLD
2026-02-23T11:10:00.000-05:00,[KLB] 11:10 ▼ BRK Week L vol=1.5x pos=v78 vwap=below ema=bear rs=-1.1% adx=43 body=76% ramp=1.5x rangeATR=1.7 O400.39 H400.44 L398.5 C398.92 ATR=14.76 SL=400.4/401.13 rawVol=208592 volSMA=143578 buf=0.738 prices=400.51
2026-02-23T11:10:00.000-05:00,[KLB] CONF 11:10 ▼ BRK → ✓ (auto-R1: EMA)
2026-02-23T11:15:00.000-05:00,[KLB] 5m CHECK 11:15 ▼ pnl=0.05 SPY✓ → HOLD
2026-02-24T09:35:00.000-05:00,[KLB] 9:35 ▲ RNG range break vol=15.8x
2026-02-24T09:35:00.000-05:00,[KLB] 9:35 ▲ ~ ~ Yest L + ~ Week L + ~ Today O + ~ PD Cls + ~ PM H vol=15.8x pos=^94 vwap=above ema=bull rs=+0.6% adx=22 body=45% ramp=24.9x rangeATR=4.5 ⚡ O399.55 H401.51 L397.65 C401.28 ATR=14.98 SL=399.78/399.03 rawVol=287965 volSMA=18178 buf=0.749 prices=394.04/400.51
2026-02-24T09:45:00.000-05:00,"[KLB] 9:45 ▲ ~ ~ Week L
~ VWAP + ~ ORB H vol=5.9x pos=^95 vwap=above ema=bull rs=+0.4% adx=27 body=33% ramp=34.3x rangeATR=1.8 O401.86 H402.58 L400.69 C402.49 ATR=14.98 SL=400.99/400.24 rawVol=149641 volSMA=36023 buf=0.749 prices=400.51"
2026-02-24T10:30:00.000-05:00,[KLB] 10:30 ▲ ~ ~ Yest H vol=2.2x pos=^95 vwap=above ema=bull rs=+1.3% adx=40 body=78% ramp=1.8x rangeATR=1.4 O405.93 H407.53 L405.61 C407.43 ATR=14.98 SL=405.93/405.18 rawVol=221333 volSMA=102249 buf=0.749 prices=
2026-02-24T14:05:00.000-05:00,[KLB] 14:05 ▲ ~ ~ Yest H vol=4.5x pos=^80 vwap=above ema=bull rs=+1.5% adx=26 body=78% ramp=2.8x rangeATR=2.9 ⚡ O406.6 H409.12 L406.53 C408.61 ATR=14.98 SL=407.11/406.36 rawVol=192741 volSMA=42677 buf=0.749 prices=
2026-02-25T09:35:00.000-05:00,[KLB] 9:35 ▲ RNG range break vol=18.2x
2026-02-25T09:35:00.000-05:00,[KLB] 9:35 ▲ BRK Week O vol=18.2x pos=^84 vwap=above ema=bull rs=+1.4% adx=35 body=84% ramp=48.5x rangeATR=7.5 ⚡ ⚠ O412.14 H419.58 L412.14 C418.4 ATR=14.85 SL=416.92/416.17 rawVol=631451 volSMA=34782 buf=0.742 prices=
2026-02-25T09:35:00.000-05:00,[KLB] 9:35 ▲ ~ ~ VWAP + ~ Today O + ~ Week H vol=18.2x pos=^84 vwap=above ema=bull rs=+1.4% adx=35 body=84% ramp=48.5x rangeATR=7.5 ⚡ ⚠ O412.14 H419.58 L412.14 C418.4 ATR=14.85 SL=416.92/416.17 rawVol=631451 volSMA=34782 buf=0.742 prices=
2026-02-25T09:35:00.000-05:00,[KLB] CONF 9:35 ▲ BRK → ✓ (auto-R1: EMA)
2026-02-25T09:40:00.000-05:00,[KLB] 5m CHECK 9:40 ▲ pnl=0.04 SPY~ → HOLD
2026-02-25T12:10:00.000-05:00,[KLB] 12:10 ▲ ~ ~ Week H vol=1.8x pos=^60 vwap=above ema=bull rs=+0.8% adx=22 body=60% ramp=1.6x rangeATR=0.7 O416.22 H416.9 L416.22 C416.63 ATR=14.85 SL=415.15/414.4 rawVol=118851 volSMA=76922 buf=0.742 prices=
2026-02-25T14:20:00.000-05:00,[KLB] 14:20 ▲ ~ ~ Week H vol=0.8x pos=^79 vwap=above ema=bull rs=+0.6% adx=23 body=47% ramp=0.8x rangeATR=0.6 O416.32 H416.55 L416.21 C416.48 ATR=14.85 SL=415/414.25 rawVol=29570 volSMA=45490 buf=0.742 prices=
2026-02-26T09:35:00.000-05:00,[KLB] 9:35 ▼ RNG range break vol=16.5x
2026-02-26T09:35:00.000-05:00,[KLB] 9:35 ▼ BRK PM L + Yest L + PD LH L + Week O vol=16.5x pos=v88 vwap=below ema=bear rs=-0.5% adx=21 body=48% ramp=34.7x rangeATR=7.9 ⚡ O414.49 H416.81 L410.97 C411.66 ATR=14.57 SL=413.12/413.85 rawVol=271234 volSMA=16472 buf=0.728 prices=414.19/412.15
2026-02-26T09:35:00.000-05:00,[KLB] 9:35 ▼ ~ ~ PM H + ~ Week H + ~ Today O vol=16.5x pos=v88 vwap=below ema=bear rs=-0.5% adx=21 body=48% ramp=34.7x rangeATR=7.9 ⚡ O414.49 H416.81 L410.97 C411.66 ATR=14.57 SL=413.12/413.85 rawVol=271234 volSMA=16472 buf=0.728 prices=415.7/416.9
2026-02-26T09:35:00.000-05:00,[KLB] CONF 9:35 ▼ BRK → ✓ (auto-R1: EMA)
2026-02-26T09:40:00.000-05:00,[KLB] 5m CHECK 9:40 ▼ pnl=0.03 SPY~ → HOLD
2026-02-26T10:15:00.000-05:00,[KLB] 10:15 ▼ BRK Yest L vol=1.5x pos=v97 vwap=below ema=bear rs=-0.1% adx=34 body=61% ramp=0.8x rangeATR=2 O412.61 H413.46 L411.14 C411.2 ATR=14.57 SL=412.66/413.39 rawVol=117511 volSMA=77264 buf=0.728 prices=412.15
2026-02-26T10:15:00.000-05:00,[KLB] CONF 10:15 ▼ BRK → ✓ (auto-R1: EMA)
2026-02-26T10:20:00.000-05:00,[KLB] 10:20 ▼ BRK ORB L vol=3.3x pos=v96 vwap=below ema=bear rs=-0.6% adx=37 body=96% ramp=1.5x rangeATR=2.6 ⚡ ⚠ O411.24 H411.24 L407.68 C407.84 ATR=14.57 SL=409.3/410.03 rawVol=300429 volSMA=91948 buf=0.728 prices=410.97
2026-02-26T10:20:00.000-05:00,[KLB] 10:20 ▼ ~ ~ VWAP vol=3.3x pos=v96 vwap=below ema=bear rs=-0.6% adx=37 body=96% ramp=1.5x rangeATR=2.6 ⚡ ⚠ O411.24 H411.24 L407.68 C407.84 ATR=14.57 SL=409.3/410.03 rawVol=300429 volSMA=91948 buf=0.728 prices=
2026-02-26T10:20:00.000-05:00,[KLB] CONF 10:20 ▼ BRK → ✓ (auto-R1: EMA)
2026-02-26T10:25:00.000-05:00,[KLB] 5m CHECK 10:25 ▼ pnl=0.04 SPY✓ → HOLD
2026-02-27T09:30:00.000-05:00,[KLB] 9:30 ▼ ~ ~ Today O vol=0.9x pos=v84 vwap=below ema=bear rs=-0.9% adx=48 body=49% ramp=1.2x rangeATR=2.5 ⚡ O403.71 H404.29 L402.59 C402.87 ATR=14.51 SL=404.32/405.05 rawVol=4122 volSMA=4792 buf=0.726 prices=
2026-02-27T09:40:00.000-05:00,[KLB] 9:40 ▲ RNG range break vol=9.8x
2026-02-27T09:40:00.000-05:00,[KLB] 9:40 ▲ ~ ~ ORB H vol=9.8x pos=^84 vwap=above ema=bear rs=+0.4% adx=49 body=57% ramp=38.6x rangeATR=2.2 ⚡ O403.95 H405.51 L403.38 C405.17 ATR=14.51 SL=403.72/402.99 rawVol=176853 volSMA=26081 buf=0.726 prices=
2026-02-27T09:45:00.000-05:00,[KLB] 9:45 ▼ ~ ~ ORB H vol=5x pos=v61 vwap=below ema=bear rs=+0% adx=50 body=61% ramp=45.9x rangeATR=3.2 ⚡ O405.14 H405.14 L401.41 C402.85 ATR=14.51 SL=404.3/405.03 rawVol=174030 volSMA=34715 buf=0.726 prices=404.49
2026-02-27T09:55:00.000-05:00,[KLB] 9:55 ▼ ~ ~ ORB H vol=1.9x pos=v81 vwap=below ema=bear rs=+0.1% adx=51 body=62% ramp=0.9x rangeATR=1.1 O404.07 H404.33 L403 C403.25 ATR=14.51 SL=404.7/405.43 rawVol=85543 volSMA=44507 buf=0.726 prices=404.49
2026-02-27T10:55:00.000-05:00,[KLB] 10:55 ▼ ~ ~ ORB H vol=1.1x pos=v92 vwap=below ema=bear rs=0% adx=30 body=89% ramp=0.9x rangeATR=1.2 ⚠ O405.1 H405.14 L403.66 C403.78 ATR=14.51 SL=405.23/405.96 rawVol=94206 volSMA=85217 buf=0.726 prices=404.49
2026-02-27T11:00:00.000-05:00,[KLB] 11:00 ▼ BRK Yest L vol=1.1x pos=v60 vwap=below ema=bear rs=-0.2% adx=30 body=57% ramp=1.2x rangeATR=0.9 O403.81 H403.84 L402.77 C403.2 ATR=14.51 SL=404.65/405.38 rawVol=94941 volSMA=89806 buf=0.726 prices=403.66
2026-02-27T11:00:00.000-05:00,[KLB] CONF 11:00 ▼ BRK → ✓ (auto-R1: EMA)
2026-02-27T11:05:00.000-05:00,[KLB] 5m CHECK 11:05 ▼ pnl=-0.02 SPY✗ → BAIL
2026-02-27T11:10:00.000-05:00,[KLB] 11:10 ▼ ~ ~ VWAP vol=0.8x pos=v92 vwap=below ema=bear rs=-0.5% adx=31 body=91% ramp=1.2x rangeATR=1.3 ⚠ O403.47 H403.49 L401.83 C401.96 ATR=14.51 SL=403.41/404.14 rawVol=75554 volSMA=96936 buf=0.726 prices=
2026-02-27T11:45:00.000-05:00,[KLB] 11:45 ▼ BRK PM L vol=1x pos=v98 vwap=below ema=bear rs=-0.7% adx=35 body=98% ramp=1x rangeATR=1.3 ⚠ O402.7 H402.7 L401.15 C401.18 ATR=14.51 SL=402.63/403.36 rawVol=69365 volSMA=66523 buf=0.726 prices=402.59
2026-02-27T11:45:00.000-05:00,[KLB] CONF 11:45 ▼ BRK → ✓ (auto-R1: EMA)
2026-02-27T11:50:00.000-05:00,[KLB] 5m CHECK 11:50 ▼ pnl=0.01 SPY~ → HOLD
2026-02-27T15:30:00.000-05:00,[KLB] 15:30 ▼ BRK ORB L vol=1.1x pos=v90 vwap=below ema=bear rs=-1.1% adx=20 body=64% ramp=1x rangeATR=1.2 O400.77 H401.02 L400.08 C400.17 ATR=14.51 SL=401.62/402.35 rawVol=59713 volSMA=56139 buf=0.726 prices=400.93
2026-02-27T15:30:00.000-05:00,[KLB] CONF 15:30 ▼ BRK → ✓ (auto-R1: EMA)
2026-02-27T15:35:00.000-05:00,[KLB] 5m CHECK 15:35 ▼ pnl=-0.01 SPY✗ → BAIL
2026-03-02T09:30:00.000-05:00,[KLB] 9:30 ▼ BRK Month O vol=3x pos=v57 vwap=below ema=bear rs=-1.2% adx=24 body=56% ramp=2.9x rangeATR=2.7 ⚡ O391.48 H391.5 L389.52 C390.37 ATR=14.22 SL=391.79/392.5 rawVol=23618 volSMA=7873 buf=0.711 prices=
2026-03-02T09:30:00.000-05:00,[KLB] 9:30 ▼ ~ ~ VWAP + ~ Today O vol=3x pos=v57 vwap=below ema=bear rs=-1.2% adx=24 body=56% ramp=2.9x rangeATR=2.7 ⚡ O391.48 H391.5 L389.52 C390.37 ATR=14.22 SL=391.79/392.5 rawVol=23618 volSMA=7873 buf=0.711 prices=
2026-03-02T09:30:00.000-05:00,[KLB] CONF 9:30 ▼ BRK → ✓ (auto-R1: EMA)
2026-03-02T09:35:00.000-05:00,[KLB] 9:35 ▲ RNG range break vol=12.9x
2026-03-02T09:35:00.000-05:00,[KLB] 9:35 ▲ ~ ~ PM L vol=12.9x pos=^96 vwap=above ema=bear rs=+0.4% adx=22 body=55% ramp=15x rangeATR=5.2 ⚡ O390.6 H393.95 L388.25 C393.75 ATR=14.22 SL=392.33/391.62 rawVol=274636 volSMA=21277 buf=0.711 prices=389.51
2026-03-02T09:35:00.000-05:00,[KLB] 5m CHECK 9:35 ▼ pnl=-0.24 SPY✗ → BAIL
2026-03-02T09:40:00.000-05:00,"[KLB] 9:40 ▲ ~ ~ Week L
~ VWAP + ~ PM H vol=8.6x pos=^88 vwap=above ema=bear rs=+0.9% adx=22 body=83% ramp=18.3x rangeATR=1.8 ⚠ O393.77 H395.8 L393.66 C395.54 ATR=14.22 SL=394.12/393.41 rawVol=214859 volSMA=31810 buf=0.711 prices=394.04"
2026-03-02T09:45:00.000-05:00,[KLB] 9:45 ▲ ~ ~ Week L vol=5.7x pos=^86 vwap=above ema=bear rs=+1% adx=23 body=40% ramp=13.2x rangeATR=2 O395.52 H396.87 L394.36 C396.53 ATR=14.22 SL=395.11/394.4 rawVol=130316 volSMA=37525 buf=0.711 prices=394.04
2026-03-02T10:40:00.000-05:00,[KLB] 10:40 ▲ ~ ~ PD LH L vol=1.3x pos=^99 vwap=above ema=bull rs=+1.8% adx=34 body=85% ramp=1x rangeATR=1.2 ⚠ O399.11 H400.78 L398.84 C400.76 ATR=14.22 SL=399.34/398.63 rawVol=118042 volSMA=89732 buf=0.711 prices=
2026-03-02T11:10:00.000-05:00,[KLB] 11:10 ▲ ~ ~ Yest L + ~ PD Cls + ~ Yest H vol=0.9x pos=^91 vwap=above ema=bull rs=+2.3% adx=46 body=88% ramp=1x rangeATR=1.3 ⚠ O401.73 H403.59 L401.66 C403.42 ATR=14.22 SL=402/401.29 rawVol=105232 volSMA=111501 buf=0.711 prices=398.11
2026-03-02T11:45:00.000-05:00,[KLB] 11:45 ▲ ~ ~ Yest L + ~ Yest H vol=1.2x pos=^88 vwap=above ema=bull rs=+2.2% adx=45 body=86% ramp=1.2x rangeATR=1.1 ⚠ O402.19 H403.78 L402.17 C403.58 ATR=14.22 SL=402.16/401.45 rawVol=97290 volSMA=84374 buf=0.711 prices=398.11
2026-03-02T12:05:00.000-05:00,[KLB] 12:05 ▲ ~ ~ Yest H vol=0.9x pos=^95 vwap=above ema=bull rs=+2.2% adx=44 body=51% ramp=0.7x rangeATR=0.8 O403.15 H403.72 L402.7 C403.67 ATR=14.22 SL=402.25/401.54 rawVol=72633 volSMA=81199 buf=0.711 prices=
2026-03-03T09:30:00.000-05:00,[KLB] 9:30 ▲ ~ ~ Week L vol=2x pos=^100 vwap=above ema=bear rs=-1.7% adx=23 body=85% ramp=1.6x rangeATR=2.2 ⚡ ⚠ O393.25 H395 L392.93 C395 ATR=14.37 SL=393.56/392.84 rawVol=14039 volSMA=6965 buf=0.718 prices=394.04
2026-03-03T09:35:00.000-05:00,[KLB] 9:35 ▼ FADE at 394.04
2026-03-03T09:35:00.000-05:00,[KLB] 9:35 ▼ BRK Week L vol=13.4x pos=v72 vwap=below ema=bear rs=-0.3% adx=23 body=38% ramp=11.5x rangeATR=3.3 ⚡ O395.09 H396.33 L392.63 C393.68 ATR=14.37 SL=395.12/395.84 rawVol=269802 volSMA=20196 buf=0.718 prices=394.04
2026-03-03T09:35:00.000-05:00,[KLB] 9:35 ▼ ~ ~ Today O vol=13.4x pos=v72 vwap=below ema=bear rs=-0.3% adx=23 body=38% ramp=11.5x rangeATR=3.3 ⚡ O395.09 H396.33 L392.63 C393.68 ATR=14.37 SL=395.12/395.84 rawVol=269802 volSMA=20196 buf=0.718 prices=
2026-03-03T09:35:00.000-05:00,[KLB] CONF 9:35 ▼ BRK → ✓ (auto-R1: EMA)
2026-03-03T09:40:00.000-05:00,[KLB] 5m CHECK 9:40 ▼ pnl=0.04 SPY~ → HOLD
2026-03-03T09:45:00.000-05:00,[KLB] 9:45 ▼ RNG range break vol=5.5x
2026-03-03T09:45:00.000-05:00,[KLB] 9:45 ▼ BRK ORB L vol=5.5x pos=v74 vwap=below ema=bear rs=-0.5% adx=21 body=61% ramp=23.8x rangeATR=1.5 O393.12 H393.36 L391.51 C392 ATR=14.37 SL=393.44/394.16 rawVol=227595 volSMA=41308 buf=0.718 prices=392.63
2026-03-03T09:45:00.000-05:00,[KLB] CONF 9:45 ▼ BRK → ✓ (auto-R1: EMA)
2026-03-03T09:50:00.000-05:00,[KLB] 9:50 ▼ ~ ~ VWAP vol=4.4x pos=v87 vwap=below ema=bear rs=-0.7% adx=21 body=37% ramp=2.2x rangeATR=2.2 ⚡ O392 H393.5 L390.48 C390.88 ATR=14.37 SL=392.32/393.04 rawVol=205303 volSMA=51330 buf=0.718 prices=
2026-03-03T09:50:00.000-05:00,[KLB] 5m CHECK 9:50 ▼ pnl=0.08 SPY✓ → HOLD
2026-03-03T10:25:00.000-05:00,[KLB] 10:25 ▼ BRK PM L vol=1.9x pos=v95 vwap=below ema=bear rs=-1.1% adx=21 body=80% ramp=1x rangeATR=1.3 ⚠ O389.93 H390.25 L388.08 C388.19 ATR=14.37 SL=389.63/390.35 rawVol=193945 volSMA=99475 buf=0.718 prices=390.05
2026-03-03T10:25:00.000-05:00,[KLB] CONF 10:25 ▼ BRK → ✓ (auto-R1: EMA)
2026-03-03T10:30:00.000-05:00,[KLB] 10:30 ▼ BRK Yest L vol=1.8x pos=v91 vwap=below ema=bear rs=-1.3% adx=23 body=91% ramp=1.6x rangeATR=1 ⚠ O388.16 H388.16 L386.57 C386.71 ATR=14.37 SL=388.15/388.87 rawVol=194376 volSMA=108588 buf=0.718 prices=388.25
2026-03-03T10:30:00.000-05:00,[KLB] CONF 10:30 ▼ BRK → ✓ (auto-R1: EMA)
2026-03-03T10:35:00.000-05:00,[KLB] 5m CHECK 10:35 ▼ pnl=-0.05 SPY✓ → HOLD
2026-03-04T09:30:00.000-05:00,[KLB] 9:30 ▼ ~ ~ VWAP + ~ Today O vol=2.2x pos=v85 vwap=below ema=bull rs=+0.2% adx=25 body=79% ramp=1.5x rangeATR=2.4 ⚡ O399.6 H399.73 L397.45 C397.8 ATR=14.62 SL=399.26/399.99 rawVol=15227 volSMA=7031 buf=0.731 prices=
2026-03-04T09:35:00.000-05:00,[KLB] 9:35 ▲ FADE at 397.85
2026-03-04T09:35:00.000-05:00,[KLB] 9:35 ▲ RNG range break vol=14.7x
2026-03-04T09:35:00.000-05:00,[KLB] 9:35 ▲ ~ ~ VWAP + ~ PM H + ~ Yest H vol=14.7x pos=^92 vwap=above ema=bull rs=+1.1% adx=25 body=55% ramp=31.3x rangeATR=5.9 ⚡ O397.85 H403.47 L394.55 C402.75 ATR=14.62 SL=401.29/400.56 rawVol=387680 volSMA=26290 buf=0.731 prices=
2026-03-05T09:30:00.000-05:00,[KLB] 9:30 ▼ ~ ~ VWAP + ~ Today O vol=1.7x pos=v77 vwap=below ema=bear rs=-0.6% adx=45 body=75% ramp=0.9x rangeATR=2.6 ⚡ O402.25 H402.29 L400.62 C401 ATR=14.71 SL=402.47/403.21 rawVol=9477 volSMA=5611 buf=0.736 prices=
2026-03-05T09:35:00.000-05:00,[KLB] 9:35 ▲ RNG range break vol=13.5x
2026-03-05T09:35:00.000-05:00,[KLB] 9:35 ▲ ~ ~ PM L vol=13.5x pos=^95 vwap=above ema=bear rs=+0.5% adx=42 body=68% ramp=13.9x rangeATR=4.9 ⚡ O401.53 H404.89 L400.3 C404.65 ATR=14.71 SL=403.18/402.44 rawVol=220461 volSMA=16383 buf=0.736 prices=400.62
2026-03-05T09:55:00.000-05:00,[KLB] 9:55 ▲ ~ ~ PD Cls vol=4x pos=^87 vwap=above ema=bear rs=+0.9% adx=39 body=62% ramp=1x rangeATR=1.7 O404.97 H406.57 L404.45 C406.29 ATR=14.71 SL=404.82/404.08 rawVol=120254 volSMA=43860 buf=0.736 prices=
2026-03-05T10:05:00.000-05:00,[KLB] 10:05 ▼ FADE at 405.94
2026-03-05T10:15:00.000-05:00,[KLB] 10:15 ▲ ~ ~ VWAP + ~ Yest H vol=1.3x pos=^83 vwap=above ema=bull rs=+0.9% adx=38 body=76% ramp=0.7x rangeATR=1 O405.3 H406.53 L405.2 C406.31 ATR=14.71 SL=404.84/404.1 rawVol=80892 volSMA=61449 buf=0.736 prices=
2026-03-05T10:55:00.000-05:00,[KLB] 10:55 ▲ ~ ~ PD LH L + ~ Yest H vol=1.2x pos=^69 vwap=above ema=bull rs=+1.1% adx=26 body=62% ramp=0.9x rangeATR=1.4 O404.82 H406.75 L404.68 C406.1 ATR=14.71 SL=404.63/403.89 rawVol=114939 volSMA=97861 buf=0.736 prices=
2026-03-05T11:25:00.000-05:00,[KLB] 11:25 ▲ ~ ~ Yest H vol=0.9x pos=^84 vwap=above ema=bull rs=+1.4% adx=25 body=79% ramp=1.5x rangeATR=1.2 O404.64 H406.28 L404.55 C406 ATR=14.71 SL=404.53/403.79 rawVol=87016 volSMA=93721 buf=0.736 prices=
2026-03-05T11:35:00.000-05:00,[KLB] 11:35 ▲ ~ ~ PM H + ~ Yest H vol=0.7x pos=^79 vwap=above ema=bull rs=+1.6% adx=26 body=61% ramp=1.1x rangeATR=1.4 O405.44 H407.19 L405.05 C406.74 ATR=14.71 SL=405.26/404.53 rawVol=62789 volSMA=85586 buf=0.736 prices=
2026-03-05T12:00:00.000-05:00,[KLB] 12:00 ▲ ~ ~ PM H + ~ Yest H vol=1x pos=^68 vwap=above ema=bull rs=+1.5% adx=25 body=68% ramp=1x rangeATR=1.2 O405.73 H407.5 L405.73 C406.94 ATR=14.71 SL=405.47/404.73 rawVol=77078 volSMA=75396 buf=0.736 prices=
2026-03-05T12:05:00.000-05:00,[KLB] 12:05 ▲ ~ ~ PM H vol=1.3x pos=^99 vwap=above ema=bull rs=+1.6% adx=26 body=58% ramp=1.7x rangeATR=1.4 O406.99 H408.2 L406.15 C408.18 ATR=14.71 SL=406.71/405.97 rawVol=101167 volSMA=76243 buf=0.736 prices=
2026-03-05T12:25:00.000-05:00,[KLB] 12:25 ▼ ~ x~ ORB H vol=1.4x pos=v13 vwap=below ema=bull rs=+1.1% adx=23 body=8% ramp=0.9x rangeATR=0.9 O404.38 H404.45 L403.09 C404.27 ATR=14.71 SL=405.74/406.48 rawVol=100742 volSMA=71276 buf=0.736 prices=404.89
2026-03-06T09:30:00.000-05:00,[KLB] 9:30 ▼ ~ ~ Today O vol=0.8x pos=v94 vwap=below ema=bear rs=-1.2% adx=46 body=91% ramp=0.6x rangeATR=1.3 ⚠ O399.12 H399.15 L398 C398.07 ATR=14.32 SL=399.5/400.22 rawVol=7210 volSMA=9451 buf=0.716 prices=
2026-03-06T09:35:00.000-05:00,[KLB] 9:35 ▼ RNG range break vol=13.3x
2026-03-06T09:35:00.000-05:00,[KLB] 9:35 ▼ BRK PM L vol=13.3x pos=v58 vwap=below ema=bear rs=-0.2% adx=48 body=54% ramp=13.3x rangeATR=2.9 ⚡ O398.19 H398.31 L395.4 C396.62 ATR=14.32 SL=398.05/398.77 rawVol=370866 volSMA=27791 buf=0.716 prices=397.77
2026-03-06T09:35:00.000-05:00,[KLB] CONF 9:35 ▼ BRK → ✓ (auto-R1: EMA)
2026-03-06T09:40:00.000-05:00,[KLB] 9:40 ▼ ~ ~ VWAP vol=8.7x pos=v60 vwap=below ema=bear rs=-0.3% adx=50 body=51% ramp=34.9x rangeATR=2 ⚡ O396.54 H396.75 L394.52 C395.41 ATR=14.32 SL=396.84/397.56 rawVol=299541 volSMA=42696 buf=0.716 prices=
2026-03-06T09:40:00.000-05:00,[KLB] 5m CHECK 9:40 ▼ pnl=0.08 SPY✓ → HOLD
2026-03-06T10:10:00.000-05:00,[KLB] 10:10 ▼ ~ ~ ORB H vol=1.8x pos=v94 vwap=below ema=bear rs=-0.1% adx=50 body=65% ramp=1x rangeATR=1.4 O397.72 H398.29 L396.35 C396.46 ATR=14.32 SL=397.89/398.61 rawVol=169145 volSMA=96327 buf=0.716 prices=398.31
2026-03-06T10:45:00.000-05:00,[KLB] 10:45 ▼ ~ ~ ORB H vol=1.4x pos=v74 vwap=below ema=bear rs=-0.5% adx=37 body=71% ramp=1.3x rangeATR=1.1 O398.08 H398.13 L396.64 C397.02 ATR=14.32 SL=398.45/399.17 rawVol=208525 volSMA=149934 buf=0.716 prices=398.31
2026-03-06T11:35:00.000-05:00,[KLB] 11:35 ▼ BRK Yest L + PD LH L vol=1.2x pos=v91 vwap=above ema=bear rs=-0.1% adx=26 body=83% ramp=0.8x rangeATR=1.3 ⚠ O399.58 H399.73 L397.87 C398.04 ATR=14.32 SL=399.47/400.19 rawVol=188855 volSMA=164094 buf=0.716 prices=399.42
2026-03-06T11:35:00.000-05:00,[KLB] CONF 11:35 ▼ BRK → ✓ (auto-R1: EMA)
2026-03-06T11:40:00.000-05:00,[KLB] 5m CHECK 11:40 ▼ pnl=-0.11 SPY~ → BAIL
