Date,Message
2025-09-29T09:30:00.000-04:00,"[KLB] 9:30 ▼ ~ ~ Week H
~ VWAP vol=1.2x pos=v86 vwap=below ema=bull rs=+0.4% adx=43 body=86% ramp=0.7x rangeATR=3.2 ⚡ ⚠ O446.55 H446.55 L444 C444.35 ATR=16.38 SL=445.99/446.81 rawVol=20418 volSMA=16716 buf=0.819 prices=444.98"
2025-09-29T09:35:00.000-04:00,[KLB] 9:35 ▲ 🔊 MC ramp=10.9x vol=12.6x pos=^78 vwap=above ema=bull adx=42 body=61% rangeATR=6.1 ⚡ O444.36 H450.98 L443 C449.19 ATR=16.38
2025-09-29T09:35:00.000-04:00,[KLB] 9:35 ▲ BRK PM H + Week H vol=12.6x pos=^78 vwap=above ema=bull rs=+1.1% adx=42 body=61% ramp=10.9x rangeATR=6.1 ⚡ 🔊 O444.36 H450.98 L443 C449.19 ATR=16.38 SL=447.55/446.73 rawVol=560754 volSMA=44591 buf=0.819 prices=447.47/444.98
2025-09-29T09:35:00.000-04:00,[KLB] 9:35 ▲ ~ ~ VWAP vol=12.6x pos=^78 vwap=above ema=bull rs=+1.1% adx=42 body=61% ramp=10.9x rangeATR=6.1 ⚡ 🔊 O444.36 H450.98 L443 C449.19 ATR=16.38 SL=447.55/446.73 rawVol=560754 volSMA=44591 buf=0.819 prices=
2025-09-29T09:40:00.000-04:00,[KLB] CONF 9:40 ▲ QBS/MC → ✗ (failed)
2025-09-29T09:40:00.000-04:00,"[KLB] 9:40 ▲ ◆ ◆² PM H 4x ^55
◆² Week H 4x ^55 vol= pos= vwap=above ema=bull rs=+1% adx=42 body=28% ramp=17.1x rangeATR=1.4 🔊 O449.22 H450.21 L448.3 C448.69 ATR=16.38 SL=447.05/446.23 rawVol=249096 volSMA=56936 buf=0.819 prices="
2025-09-29T09:45:00.000-04:00,[KLB] 9:45 ▼ 🔊 MC ramp=22.2x vol=3.7x pos=v45 vwap=above ema=bull adx=39 body=31% rangeATR=2.8 ⚡ O448.76 H449.39 L444.99 C447.4 ATR=16.38
2025-09-29T09:45:00.000-04:00,[KLB] CONF 9:45 ▲ BRK → ✗ (failed)
2025-09-29T09:50:00.000-04:00,[KLB] CONF 9:50 ▼ QBS/MC → ✓ (auto-promote)
2025-09-29T09:55:00.000-04:00,[KLB] 5m CHECK 9:55 ▼ pnl=0.13 → HOLD
2025-09-29T10:05:00.000-04:00,[KLB] 10:05 ▼ ~~ ~~ Week H vol=2.1x pos=v89 vwap=below ema=bull rs=-0.6% adx=33 body=70% ramp=0.9x rangeATR=2.1 ⚡ O444.45 H445.28 L440.97 C441.43 ATR=16.38 SL=443.07/443.89 rawVol=227209 volSMA=107452 buf=0.819 prices=444.98
2025-09-29T10:25:00.000-04:00,[KLB] 10:25 ▼ ~~ ~~ Week H vol=1x pos=v91 vwap=below ema=bull rs=-0.3% adx=29 body=69% ramp=0.6x rangeATR=0.9 O444.81 H445.26 L443.17 C443.36 ATR=16.38 SL=445/445.82 rawVol=108501 volSMA=129021 buf=0.819 prices=444.98
2025-09-29T10:40:00.000-04:00,[KLB] 10:40 ▼ ~~ ~~ Week H vol=0.6x pos=v91 vwap=below ema=bull rs=-0.3% adx=27 body=41% ramp=0.6x rangeATR=0.7 O443.8 H444.49 L443.1 C443.23 ATR=16.38 SL=444.87/445.69 rawVol=82680 volSMA=137297 buf=0.819 prices=444.98
2025-09-29T11:55:00.000-04:00,[KLB] 11:55 ▼ ~ ~ Yest H vol=1x pos=v93 vwap=below ema=bear rs=-0.8% adx=33 body=52% ramp=0.7x rangeATR=0.7 O440.7 H441.26 L439.91 C440 ATR=16.38 SL=441.64/442.46 rawVol=86288 volSMA=85834 buf=0.819 prices=440.47
2025-09-29T13:05:00.000-04:00,[KLB] 13:05 ▼ ~ ~ Yest H vol=1.3x pos=v73 vwap=below ema=bear rs=-0.7% adx=33 body=68% ramp=1.2x rangeATR=1.5 O441.62 H441.72 L439.68 C440.23 ATR=16.38 SL=441.87/442.69 rawVol=80488 volSMA=63904 buf=0.819 prices=440.47
2025-09-30T09:40:00.000-04:00,[KLB] 9:40 ▼ 🔊 MC ramp=20.4x vol=8.1x pos=v61 vwap=below ema=bull adx=23 body=50% rangeATR=3.2 ⚡ O440.1 H440.55 L436.71 C438.19 ATR=16.03
2025-09-30T09:40:00.000-04:00,[KLB] 9:40 ▼ ~ ~ VWAP vol=8.1x pos=v61 vwap=below ema=bull rs=-0.7% adx=23 body=50% ramp=20.4x rangeATR=3.2 ⚡ 🔊 O440.1 H440.55 L436.71 C438.19 ATR=16.03 SL=439.79/440.59 rawVol=190283 volSMA=24036 buf=0.802 prices=
2025-09-30T09:45:00.000-04:00,[KLB] 9:45 ▲ 🔊 MC ramp=21.9x vol=4.5x pos=^100 vwap=above ema=bull adx=21 body=89% rangeATR=1.9 O438.13 H440.39 L437.86 C440.39 ATR=16.03
2025-09-30T09:45:00.000-04:00,[KLB] 9:45 ▲ ~ ~ ORB L vol=4.5x pos=^100 vwap=above ema=bull rs=-0.3% adx=21 body=89% ramp=21.9x rangeATR=1.9 ⚠ 🔊 O438.13 H440.39 L437.86 C440.39 ATR=16.03 SL=438.79/437.99 rawVol=137743 volSMA=30673 buf=0.802 prices=439.12
2025-09-30T09:50:00.000-04:00,[KLB] CONF 9:50 ▲ QBS/MC → ✗ (failed)
2025-09-30T14:30:00.000-04:00,[KLB] 14:30 ▲ ~ ~ Yest L vol=2.2x pos=^34 vwap=above ema=bull rs=+0.3% adx=24 body=32% ramp=2x rangeATR=1.3 O442.87 H444.41 L442.84 C443.38 ATR=16.03 SL=441.78/440.98 rawVol=144772 volSMA=66516 buf=0.802 prices=439.5
2025-09-30T14:40:00.000-04:00,[KLB] 14:40 ▲ ~ ~ Yest L vol=0.9x pos=^50 vwap=above ema=bull rs=+0.3% adx=28 body=45% ramp=0.9x rangeATR=0.9 O442.9 H443.85 L442.84 C443.35 ATR=16.03 SL=441.75/440.95 rawVol=63143 volSMA=67100 buf=0.802 prices=439.5
2025-09-30T15:30:00.000-04:00,[KLB] 15:30 ▲ BRK PM H vol=1.5x pos=^86 vwap=above ema=bull rs=+0.2% adx=33 body=80% ramp=1.3x rangeATR=1.2 O442.95 H444.25 L442.87 C444.05 ATR=16.03 SL=442.45/441.65 rawVol=115897 volSMA=75898 buf=0.802 prices=443.39
2025-09-30T15:30:00.000-04:00,[KLB] 15:30 ▲ ~ ~ Yest L vol=1.5x pos=^86 vwap=above ema=bull rs=+0.2% adx=33 body=80% ramp=1.3x rangeATR=1.2 O442.95 H444.25 L442.87 C444.05 ATR=16.03 SL=442.45/441.65 rawVol=115897 volSMA=75898 buf=0.802 prices=439.5
2025-09-30T15:30:00.000-04:00,[KLB] 15:30 ▲ ◆ ◆¹ PM H 0.9x ^16 vol= pos= vwap=above ema=bull rs=+0.2% adx=33 body=80% ramp=1.3x rangeATR=1.2 O442.95 H444.25 L442.87 C444.05 ATR=16.03 SL=442.45/441.65 rawVol=115897 volSMA=75898 buf=0.802 prices=
2025-09-30T15:55:00.000-04:00,[KLB] 15:55 ▲ BRK ORB H vol=2.1x pos=^86 vwap=above ema=bull rs=+0.2% adx=35 body=77% ramp=1.4x rangeATR=1.4 O443.46 H444.87 L443.32 C444.65 ATR=16.03 SL=443.05/442.25 rawVol=180458 volSMA=84520 buf=0.802 prices=443.55
2025-09-30T15:55:00.000-04:00,[KLB] CONF 15:55 ▲ BRK → ✓ (auto-promote)
2025-09-30T16:00:00.000-04:00,[KLB] 5m CHECK 16:00 ▲ pnl=-0.01 → BAIL
2025-10-01T09:40:00.000-04:00,[KLB] 9:40 ▲ 🔊 MC ramp=79.7x vol=10.1x pos=^83 vwap=above ema=bull adx=25 body=79% rangeATR=5.2 ⚡ O442.58 H449.5 L442.32 C448.25 ATR=15.73
2025-10-01T09:40:00.000-04:00,[KLB] 9:40 ▲ BRK PM H + Yest H + Week H + ORB H vol=10.1x pos=^83 vwap=above ema=bull rs=+0.7% adx=25 body=79% ramp=79.7x rangeATR=5.2 ⚡ 🔊 O442.58 H449.5 L442.32 C448.25 ATR=15.73 SL=446.68/445.89 rawVol=309954 volSMA=30617 buf=0.787 prices=444/445/444.98/446.1
2025-10-01T09:40:00.000-04:00,[KLB] 9:40 ▲ ~ ~ VWAP vol=10.1x pos=^83 vwap=above ema=bull rs=+0.7% adx=25 body=79% ramp=79.7x rangeATR=5.2 ⚡ 🔊 O442.58 H449.5 L442.32 C448.25 ATR=15.73 SL=446.68/445.89 rawVol=309954 volSMA=30617 buf=0.787 prices=
2025-10-01T09:40:00.000-04:00,"[KLB] 9:40 ▲ ◆ ◆¹ Yest H 5x ^59
◆¹ Week H 5x ^59
◆¹ ORB H 5x ^59 vol= pos= vwap=above ema=bull rs=+0.7% adx=25 body=79% ramp=79.7x rangeATR=5.2 ⚡ 🔊 O442.58 H449.5 L442.32 C448.25 ATR=15.73 SL=446.68/445.89 rawVol=309954 volSMA=30617 buf=0.787 prices="
2025-10-01T09:45:00.000-04:00,[KLB] 9:45 ▼ 🔊 MC ramp=50.8x vol=4x pos=v41 vwap=above ema=bull adx=28 body=41% rangeATR=2.2 ⚡ O448.26 H448.29 L445.01 C446.93 ATR=15.73
2025-10-01T09:50:00.000-04:00,[KLB] CONF 9:50 ▼ QBS/MC → ✓ (auto-promote)
2025-10-01T09:55:00.000-04:00,[KLB] 5m CHECK 9:55 ▼ pnl=-0.03 → BAIL
2025-10-02T09:35:00.000-04:00,[KLB] 9:35 ▼ ~ ~ VWAP vol=4.8x pos=v86 vwap=below ema=bull rs=-0.9% adx=43 body=79% ramp=1.2x rangeATR=2.4 ⚡ O470.37 H470.76 L465.36 C466.13 ATR=16.15 SL=467.74/468.55 rawVol=398182 volSMA=82270 buf=0.807 prices=
2025-10-02T09:45:00.000-04:00,[KLB] 9:45 ▼ 🔊 MC ramp=6.4x vol=4x pos=v98 vwap=below ema=bull adx=42 body=85% rangeATR=3.1 ⚡ O462.46 H463.67 L454.63 C454.8 ATR=16.15
2025-10-02T09:45:00.000-04:00,[KLB] 9:45 ▼ ~ ~ Yest H vol=4x pos=v98 vwap=below ema=bull rs=-3.1% adx=42 body=85% ramp=6.4x rangeATR=3.1 ⚡ ⚠ 🔊 O462.46 H463.67 L454.63 C454.8 ATR=16.15 SL=456.41/457.22 rawVol=509840 volSMA=126264 buf=0.807 prices=462.29
2025-10-02T09:50:00.000-04:00,[KLB] CONF 9:50 ▼ QBS/MC → ✗ (failed)
2025-10-02T10:15:00.000-04:00,[KLB] 10:15 ▼ ~ ~ Yest H vol=1x pos=v89 vwap=below ema=bear rs=-2.7% adx=42 body=69% ramp=0.6x rangeATR=1 O458.86 H459.55 L456.14 C456.5 ATR=16.15 SL=458.11/458.92 rawVol=196358 volSMA=203515 buf=0.807 prices=462.29
2025-10-02T12:45:00.000-04:00,[KLB] 12:45 ▼ ~ ~ Week H vol=1.5x pos=v99 vwap=below ema=bear rs=-5.5% adx=52 body=99% ramp=1.7x rangeATR=1.5 ⚠ O446.16 H446.16 L442.9 C442.94 ATR=16.15 SL=444.55/445.36 rawVol=218028 volSMA=145466 buf=0.807 prices=444.98
2025-10-02T13:40:00.000-04:00,[KLB] 13:40 ▼ ~ ~ Week H vol=1.4x pos=v82 vwap=below ema=bear rs=-5.5% adx=47 body=81% ramp=1.5x rangeATR=1.9 ⚠ O446.32 H446.39 L442.64 C443.3 ATR=16.15 SL=444.91/445.72 rawVol=159153 volSMA=117273 buf=0.807 prices=444.98
2025-10-03T11:35:00.000-04:00,[KLB] 11:35 ▼ ~ ~ VWAP vol=0.8x pos=v71 vwap=below ema=bear rs=-3.3% adx=26 body=37% ramp=0.9x rangeATR=1.3 O430.81 H431.8 L428.85 C429.71 ATR=17.51 SL=431.46/432.34 rawVol=189943 volSMA=224857 buf=0.875 prices=
2025-10-03T13:55:00.000-04:00,[KLB] 13:55 ▼ BRK Week L vol=1.6x pos=v92 vwap=below ema=bear rs=-5.7% adx=45 body=85% ramp=1.9x rangeATR=1.7 ⚠ O419.65 H419.9 L416.58 C416.83 ATR=17.51 SL=418.58/419.46 rawVol=238049 volSMA=147931 buf=0.875 prices=419.08
2025-10-03T13:55:00.000-04:00,[KLB] 13:55 ▼ ◆ ◆¹ Week L 1.3x v6 vol= pos= vwap=below ema=bear rs=-5.7% adx=45 body=85% ramp=1.9x rangeATR=1.7 ⚠ O419.65 H419.9 L416.58 C416.83 ATR=17.51 SL=418.58/419.46 rawVol=238049 volSMA=147931 buf=0.875 prices=
2025-10-03T14:00:00.000-04:00,[KLB] CONF 14:00 ▼ BRK → ✗ (failed)
2025-10-06T09:35:00.000-04:00,[KLB] 9:35 ▲ 🔊 MC ramp=13.6x vol=13.6x pos=^80 vwap=above ema=bull adx=25 body=57% rangeATR=6.1 ⚡ O440.82 H447.09 L438.98 C445.44 ATR=18.42
2025-10-06T09:35:00.000-04:00,[KLB] 9:35 ▲ BRK PM H vol=13.6x pos=^80 vwap=above ema=bull rs=+1.2% adx=25 body=57% ramp=13.6x rangeATR=6.1 ⚡ 🔊 O440.82 H447.09 L438.98 C445.44 ATR=18.42 SL=443.6/442.68 rawVol=502120 volSMA=36835 buf=0.921 prices=441.41
2025-10-06T09:35:00.000-04:00,[KLB] 9:35 ▲ ~ ~ VWAP vol=13.6x pos=^80 vwap=above ema=bull rs=+1.2% adx=25 body=57% ramp=13.6x rangeATR=6.1 ⚡ 🔊 O440.82 H447.09 L438.98 C445.44 ATR=18.42 SL=443.6/442.68 rawVol=502120 volSMA=36835 buf=0.921 prices=
2025-10-06T09:35:00.000-04:00,[KLB] 9:35 ▲ ◆ ◆¹ PM H 8.8x ^70 vol= pos= vwap=above ema=bull rs=+1.2% adx=25 body=57% ramp=13.6x rangeATR=6.1 ⚡ 🔊 O440.82 H447.09 L438.98 C445.44 ATR=18.42 SL=443.6/442.68 rawVol=502120 volSMA=36835 buf=0.921 prices=
2025-10-06T09:40:00.000-04:00,[KLB] CONF 9:40 ▲ QBS/MC → ✗ (failed)
2025-10-06T09:50:00.000-04:00,[KLB] 9:50 ▼ ~ ~ Yest H vol=2.5x pos=v78 vwap=below ema=bull rs=+0.3% adx=30 body=71% ramp=1.4x rangeATR=2.4 ⚡ O444.55 H444.86 L440.4 C441.38 ATR=18.42 SL=443.22/444.14 rawVol=183196 volSMA=72013 buf=0.921 prices=446.77
2025-10-06T09:50:00.000-04:00,[KLB] CONF 9:50 ▲ BRK → ✗ (failed)
2025-10-06T09:55:00.000-04:00,"[KLB] 9:55 ▼ ~~ ~~ PM H
~ VWAP vol=2.4x pos=v93 vwap=below ema=bull rs=-0.5% adx=28 body=77% ramp=0.7x rangeATR=2.4 ⚡ O441.42 H442.2 L437.15 C437.52 ATR=18.42 SL=439.36/440.28 rawVol=197220 volSMA=81316 buf=0.921 prices=441.41"
2025-10-06T10:20:00.000-04:00,[KLB] 10:20 ▲ BRK PM H vol=2.1x pos=^82 vwap=above ema=bull rs=+0.9% adx=23 body=80% ramp=0.9x rangeATR=1.3 ⚠ O441.44 H444.33 L441.41 C443.79 ATR=18.42 SL=441.95/441.03 rawVol=245449 volSMA=117497 buf=0.921 prices=441.41
2025-10-06T12:25:00.000-04:00,[KLB] 12:25 ▲ BRK Yest H + ORB H vol=1.5x pos=^42 vwap=above ema=bull rs=+1.6% adx=29 body=41% ramp=1.5x rangeATR=0.7 O447.42 H448.56 L447.4 C447.89 ATR=18.42 SL=446.05/445.13 rawVol=126284 volSMA=83038 buf=0.921 prices=446.77/447.09
2025-10-06T12:25:00.000-04:00,[KLB] CONF 12:25 ▲ BRK → ✓ (auto-promote)
2025-10-06T12:30:00.000-04:00,[KLB] 5m CHECK 12:30 ▲ pnl=0.01 → BAIL
2025-10-06T12:30:00.000-04:00,[KLB] 12:30 ▲ ◆ ◆² ORB H 0.6x ^63 vol= pos= vwap=above ema=bull rs=+1.6% adx=30 body=13% ramp=1.6x rangeATR=0.6 O447.94 H448.87 L447.88 C448.07 ATR=18.42 SL=446.23/445.31 rawVol=83111 volSMA=82114 buf=0.921 prices=
2025-10-06T12:40:00.000-04:00,"[KLB] 12:40 ▲ ◆ ◆⁴ Yest H 0.6x ^91
◆² ORB H 0.6x ^63 vol= pos= vwap=above ema=bull rs=+1.6% adx=30 body=31% ramp=0.6x rangeATR=0.5 O448.1 H448.23 L447.55 C447.89 ATR=18.42 SL=446.05/445.13 rawVol=36696 volSMA=75680 buf=0.921 prices="
2025-10-07T09:40:00.000-04:00,[KLB] 9:40 ▲ 🔊 MC ramp=17.9x vol=4.7x pos=^94 vwap=above ema=bear adx=44 body=64% rangeATR=2.8 ⚡ O447.66 H450.8 L446.31 C450.55 ATR=18.79
2025-10-07T09:40:00.000-04:00,[KLB] 9:40 ▲ ~ ~ VWAP vol=4.7x pos=^94 vwap=above ema=bear rs=+0.6% adx=44 body=64% ramp=17.9x rangeATR=2.8 ⚡ 🔊 O447.66 H450.8 L446.31 C450.55 ATR=18.79 SL=448.67/447.73 rawVol=189440 volSMA=40220 buf=0.94 prices=
2025-10-07T09:45:00.000-04:00,[KLB] CONF 9:45 ▲ QBS/MC → ✗ (failed)
2025-10-07T10:25:00.000-04:00,"[KLB] 10:25 ▼ ~ ~ ORB H
~ VWAP vol=1.3x pos=v97 vwap=below ema=bear rs=-0.1% adx=40 body=90% ramp=0.8x rangeATR=1.4 ⚠ O449.19 H449.36 L446.63 C446.72 ATR=18.79 SL=448.6/449.54 rawVol=124523 volSMA=95095 buf=0.94 prices=448.07"
2025-10-07T11:00:00.000-04:00,[KLB] 11:00 ▼ ~ ~ ORB H vol=0.6x pos=v44 vwap=below ema=bear rs=+0.2% adx=39 body=44% ramp=0.7x rangeATR=0.6 O447.94 H447.94 L446.85 C447.46 ATR=18.79 SL=449.34/450.28 rawVol=77448 volSMA=119265 buf=0.94 prices=448.07
2025-10-07T11:05:00.000-04:00,[KLB] 11:05 ▼ ~ ~ ORB H vol=0.7x pos=v85 vwap=below ema=bear rs=-0.2% adx=40 body=64% ramp=0.7x rangeATR=1.6 O447.51 H448.15 L445.05 C445.52 ATR=18.79 SL=447.4/448.34 rawVol=87122 volSMA=123201 buf=0.94 prices=448.07
2025-10-07T11:10:00.000-04:00,[KLB] 11:10 ▼ BRK PM L + ORB L vol=2.1x pos=v85 vwap=below ema=bear rs=-1.1% adx=41 body=82% ramp=2.2x rangeATR=2.6 ⚡ ⚠ O445.48 H445.64 L439.8 C440.67 ATR=18.79 SL=442.55/443.49 rawVol=295182 volSMA=137417 buf=0.94 prices=445.2/442.29
2025-10-07T11:15:00.000-04:00,[KLB] CONF 11:15 ▼ BRK → ✗ (failed)
2025-10-07T12:45:00.000-04:00,[KLB] 12:45 ▲ ~~ ~~ PM L vol=0.9x pos=^93 vwap=above ema=bear rs=+0.2% adx=33 body=68% ramp=1.4x rangeATR=0.9 O445.28 H446.61 L444.84 C446.48 ATR=18.79 SL=444.6/443.66 rawVol=79442 volSMA=109472 buf=0.94 prices=445.2
2025-10-07T12:55:00.000-04:00,[KLB] 12:55 ▲ ~~ ~~ PM L vol=0.8x pos=^67 vwap=above ema=bear rs=+0.2% adx=29 body=67% ramp=0.7x rangeATR=1 O444.58 H446.7 L444.58 C446.01 ATR=18.79 SL=444.13/443.19 rawVol=75118 volSMA=92689 buf=0.94 prices=445.2
2025-10-07T13:05:00.000-04:00,[KLB] 13:05 ▲ ~~ ~~ PM L vol=0.8x pos=^93 vwap=above ema=bear rs=+0.5% adx=27 body=74% ramp=0.8x rangeATR=1.1 O446.15 H447.94 L445.73 C447.78 ATR=18.79 SL=445.9/444.96 rawVol=72989 volSMA=85920 buf=0.94 prices=445.2
2025-10-07T14:40:00.000-04:00,[KLB] 14:40 ▼ BRK ORB L vol=2.6x pos=v50 vwap=below ema=bear rs=-0.8% adx=21 body=33% ramp=1.8x rangeATR=1.3 O442.59 H443.08 L440.2 C441.64 ATR=18.79 SL=443.52/444.46 rawVol=153367 volSMA=89880 buf=0.94 prices=442.29
2025-10-07T14:40:00.000-04:00,[KLB] 14:40 ▼ ◆ ◆¹ ORB L 2.5x v84 vol= pos= vwap=below ema=bear rs=-0.8% adx=21 body=33% ramp=1.8x rangeATR=1.3 O442.59 H443.08 L440.2 C441.64 ATR=18.79 SL=443.52/444.46 rawVol=153367 volSMA=89880 buf=0.94 prices=
2025-10-07T15:15:00.000-04:00,[KLB] 15:15 ▼ BRK Yest L vol=2.5x pos=v86 vwap=below ema=bear rs=-2.3% adx=30 body=84% ramp=2x rangeATR=1.6 ⚠ O438.28 H438.36 L434.5 C435.03 ATR=18.79 SL=436.91/437.85 rawVol=314126 volSMA=126398 buf=0.94 prices=436.69
2025-10-07T15:15:00.000-04:00,[KLB] CONF 15:15 ▼ BRK → ✓ (auto-promote)
2025-10-07T15:20:00.000-04:00,[KLB] 5m CHECK 15:20 ▼ pnl=0.05 → BAIL
2025-10-07T15:35:00.000-04:00,[KLB] 15:35 ▼ ◆ ◆⁵ Yest L 0.8x v54 vol= pos= vwap=below ema=bear rs=-2.3% adx=38 body=14% ramp=0.6x rangeATR=0.6 O434.63 H435.13 L433.69 C434.83 ATR=18.79 SL=436.71/437.65 rawVol=116311 volSMA=140438 buf=0.94 prices=
2025-10-08T09:35:00.000-04:00,[KLB] 9:35 ▼ 🔊 MC ramp=27.5x vol=15.3x pos=v96 vwap=below ema=bear adx=27 body=94% rangeATR=7.2 ⚡ O437.57 H437.77 L428.07 C428.46 ATR=18.94
2025-10-08T09:35:00.000-04:00,[KLB] 9:35 ▼ BRK PM L + Yest L vol=15.3x pos=v96 vwap=below ema=bear rs=-2% adx=27 body=94% ramp=27.5x rangeATR=7.2 ⚡ ⚠ 🔊 O437.57 H437.77 L428.07 C428.46 ATR=18.94 SL=430.35/431.3 rawVol=470379 volSMA=30833 buf=0.947 prices=434.08/432.45
2025-10-08T09:35:00.000-04:00,[KLB] 9:35 ▼ ~ ~ VWAP vol=15.3x pos=v96 vwap=below ema=bear rs=-2% adx=27 body=94% ramp=27.5x rangeATR=7.2 ⚡ ⚠ 🔊 O437.57 H437.77 L428.07 C428.46 ATR=18.94 SL=430.35/431.3 rawVol=470379 volSMA=30833 buf=0.947 prices=
2025-10-08T09:40:00.000-04:00,[KLB] CONF 9:40 ▼ QBS/MC → ✗ (failed)
2025-10-08T09:40:00.000-04:00,[KLB] 9:40 ▼ ◆ ◆² Yest L 5x v36 vol= pos= vwap=below ema=bear rs=-1.9% adx=30 body=18% ramp=57.2x rangeATR=2.6 ⚡ 🔊 O428.45 H429.15 L425.23 C429.14 ATR=18.94 SL=431.03/431.98 rawVol=345712 volSMA=47960 buf=0.947 prices=
2025-10-08T09:45:00.000-04:00,[KLB] 9:45 ▲ 🔊 MC ramp=55.1x vol=5.8x pos=^64 vwap=below ema=bear adx=30 body=43% rangeATR=2.1 ⚡ O429.18 H432 L428.44 C430.71 ATR=18.94
2025-10-08T09:50:00.000-04:00,[KLB] CONF 9:50 ▲ QBS/MC → ✓ (auto-promote)
2025-10-08T09:55:00.000-04:00,[KLB] 5m CHECK 9:55 ▲ pnl=-0.06 → BAIL
2025-10-08T10:00:00.000-04:00,[KLB] 10:00 ▲ 🔇 QBS ramp=0.5x vol=2x pos=^84 vwap=above ema=bear adx=30 body=74% rangeATR=1.7 O429.88 H432.72 L429.55 C432.22 ATR=18.94
2025-10-08T10:00:00.000-04:00,"[KLB] 10:00 ▼ ◆ ◆⁶ PM L 2.6x v83
◆² Yest L 5x v36 vol= pos= vwap=above ema=bear rs=-1.2% adx=30 body=74% ramp=0.5x rangeATR=1.7 🔇 O429.88 H432.72 L429.55 C432.22 ATR=18.94 SL=434.11/435.06 rawVol=166130 volSMA=83179 buf=0.947 prices="
2025-10-08T10:05:00.000-04:00,[KLB] CONF 10:05 ▲ QBS/MC → ✗ (failed)
2025-10-08T10:20:00.000-04:00,[KLB] CONF 10:20 ▼ BRK → ✗ (failed)
2025-10-08T10:25:00.000-04:00,"[KLB] 10:25 ▲ ~~ ~~ Yest L
~ VWAP vol=0.9x pos=^91 vwap=above ema=bear rs=-0.9% adx=23 body=67% ramp=0.5x rangeATR=1.1 O432.94 H434.59 L432.42 C434.4 ATR=18.94 SL=432.51/431.56 rawVol=96484 volSMA=111786 buf=0.947 prices=432.45"
2025-10-08T14:25:00.000-04:00,[KLB] 14:25 ▲ BRK PM H vol=2.9x pos=^80 vwap=above ema=bull rs=+0.3% adx=23 body=58% ramp=2.9x rangeATR=1.7 O439.45 H441.3 L438.92 C440.82 ATR=18.94 SL=438.93/437.98 rawVol=166026 volSMA=57992 buf=0.947 prices=438.96
2025-10-08T14:30:00.000-04:00,[KLB] CONF 14:30 ▲ BRK → ✗ (failed)
2025-10-08T15:55:00.000-04:00,[KLB] 15:55 ▲ BRK PM H + ORB H vol=1.9x pos=^93 vwap=above ema=bull rs=+0.1% adx=21 body=92% ramp=1.6x rangeATR=1.5 ⚠ O438.16 H440.08 L438.14 C439.95 ATR=18.94 SL=438.06/437.11 rawVol=123628 volSMA=65404 buf=0.947 prices=438.96/437.77
2025-10-08T15:55:00.000-04:00,[KLB] 15:55 ▲ ◆ ◆¹ PM H 2x ^13 vol= pos= vwap=above ema=bull rs=+0.1% adx=21 body=92% ramp=1.6x rangeATR=1.5 ⚠ O438.16 H440.08 L438.14 C439.95 ATR=18.94 SL=438.06/437.11 rawVol=123628 volSMA=65404 buf=0.947 prices=
2025-10-09T09:40:00.000-04:00,[KLB] 9:40 ▲ 🔊 MC ramp=11.8x vol=6.6x pos=^35 vwap=above ema=bear adx=38 body=32% rangeATR=2.1 ⚡ O431.83 H434.31 L431.77 C432.65 ATR=18.73
2025-10-09T09:45:00.000-04:00,[KLB] 9:45 ▼ 🔊 MC ramp=24.3x vol=6.1x pos=v64 vwap=below ema=bear adx=39 body=61% rangeATR=3.5 ⚡ O432.62 H432.77 L427.51 C429.41 ATR=18.73
2025-10-09T09:45:00.000-04:00,[KLB] 9:45 ▼ BRK PM L vol=6.1x pos=v64 vwap=below ema=bear rs=-0.4% adx=39 body=61% ramp=24.3x rangeATR=3.5 ⚡ 🔊 O432.62 H432.77 L427.51 C429.41 ATR=18.73 SL=431.28/432.22 rawVol=250526 volSMA=41296 buf=0.937 prices=429.54
2025-10-09T09:45:00.000-04:00,"[KLB] 9:45 ▼ ~ ~ ORB H
~ VWAP vol=6.1x pos=v64 vwap=below ema=bear rs=-0.4% adx=39 body=61% ramp=24.3x rangeATR=3.5 ⚡ 🔊 O432.62 H432.77 L427.51 C429.41 ATR=18.73 SL=431.28/432.22 rawVol=250526 volSMA=41296 buf=0.937 prices=433"
2025-10-09T09:50:00.000-04:00,[KLB] CONF 9:50 ▼ QBS/MC → ✗ (failed)
2025-10-09T09:50:00.000-04:00,[KLB] 9:50 ▼ ◆ ◆² PM L 3.2x v98 vol= pos= vwap=below ema=bear rs=-0.1% adx=40 body=54% ramp=2.7x rangeATR=1.6 O429.45 H431.17 L428.54 C430.86 ATR=18.73 SL=432.73/433.67 rawVol=162810 volSMA=48865 buf=0.937 prices=
2025-10-09T09:55:00.000-04:00,[KLB] CONF 9:55 ▼ BRK → ✗ (failed)
2025-10-09T10:35:00.000-04:00,[KLB] 10:35 ▼ ~ ~ ORB H vol=1.7x pos=v76 vwap=below ema=bear rs=+0.1% adx=32 body=76% ramp=1.3x rangeATR=1.6 O432.53 H432.53 L429.68 C430.36 ATR=18.73 SL=432.23/433.17 rawVol=150653 volSMA=87429 buf=0.937 prices=433
2025-10-09T10:40:00.000-04:00,[KLB] 10:40 ▼ BRK PM L vol=1.6x pos=v47 vwap=below ema=bear rs=-0.1% adx=32 body=40% ramp=1.5x rangeATR=1.4 O430.4 H430.59 L428.02 C429.37 ATR=18.73 SL=431.24/432.18 rawVol=145266 volSMA=94452 buf=0.937 prices=429.54
2025-10-09T10:40:00.000-04:00,[KLB] 10:40 ▼ ◆ ◆¹ PM L 2.7x v84 vol= pos= vwap=below ema=bear rs=-0.1% adx=32 body=40% ramp=1.5x rangeATR=1.4 O430.4 H430.59 L428.02 C429.37 ATR=18.73 SL=431.24/432.18 rawVol=145266 volSMA=94452 buf=0.937 prices=
2025-10-09T10:45:00.000-04:00,[KLB] 10:45 ▼ BRK ORB L vol=2.4x pos=v84 vwap=below ema=bear rs=-0.7% adx=33 body=62% ramp=2.1x rangeATR=2.1 ⚡ O429.42 H430.33 L426.18 C426.86 ATR=18.73 SL=428.73/429.67 rawVol=259501 volSMA=107209 buf=0.937 prices=429.28
2025-10-09T10:45:00.000-04:00,[KLB] CONF 10:45 ▼ BRK → ✓ (auto-promote)
2025-10-09T10:50:00.000-04:00,[KLB] 5m CHECK 10:50 ▼ pnl=-0.08 → BAIL
2025-10-09T10:50:00.000-04:00,[KLB] 10:50 ▼ ◆ ◆² ORB L 0.9x v22 vol= pos= vwap=below ema=bear rs=-0.4% adx=34 body=63% ramp=1.6x rangeATR=1.1 O426.84 H428.69 L426.42 C428.27 ATR=18.73 SL=430.14/431.08 rawVol=150918 volSMA=114239 buf=0.937 prices=
2025-10-09T10:55:00.000-04:00,[KLB] CONF 10:55 ▼ BRK → ✗ (failed)
2025-10-09T11:20:00.000-04:00,[KLB] 11:20 ▲ ~~ ~~ PM L + ~~ ORB L vol=0.6x pos=^75 vwap=above ema=bear rs=+0.1% adx=30 body=75% ramp=0.8x rangeATR=1 O429.38 H431.27 L429.38 C430.8 ATR=18.73 SL=428.93/427.99 rawVol=66811 volSMA=115838 buf=0.937 prices=429.54/429.28
2025-10-09T12:10:00.000-04:00,[KLB] 12:10 ▲ ~~ ~~ PM L vol=0.6x pos=^78 vwap=above ema=bear rs=+0.1% adx=21 body=78% ramp=0.8x rangeATR=0.7 O429.91 H430.9 L429.91 C430.68 ATR=18.73 SL=428.81/427.87 rawVol=45761 volSMA=79570 buf=0.937 prices=429.54
2025-10-10T09:50:00.000-04:00,[KLB] 9:50 ▼ ~ ~ PM H + ~ ORB H vol=3.2x pos=v95 vwap=below ema=bull rs=-0.1% adx=25 body=74% ramp=2.5x rangeATR=3 ⚡ O440 H440.88 L436.7 C436.91 ATR=18.29 SL=438.74/439.65 rawVol=170371 volSMA=53042 buf=0.914 prices=438.3/440.34
2025-10-10T10:10:00.000-04:00,[KLB] 10:10 ▼ ~ ~ PM H vol=1.3x pos=v92 vwap=below ema=bull rs=-0.1% adx=29 body=53% ramp=0.6x rangeATR=0.8 O437.42 H437.9 L436.7 C436.79 ATR=18.29 SL=438.62/439.53 rawVol=93513 volSMA=74576 buf=0.914 prices=438.3
2025-10-10T10:15:00.000-04:00,"[KLB] 10:15 ▼ ~ ~ Yest H
~ VWAP vol=1.9x pos=v73 vwap=below ema=bull rs=-0.5% adx=27 body=54% ramp=0.8x rangeATR=2.6 ⚡ O436.76 H437.52 L433.33 C434.48 ATR=18.29 SL=436.31/437.22 rawVol=160047 volSMA=82274 buf=0.914 prices=436.35"
2025-10-10T10:50:00.000-04:00,[KLB] 10:50 ▲ ~ ~ VWAP vol=0.9x pos=^97 vwap=above ema=bull rs=+0.6% adx=23 body=77% ramp=1.3x rangeATR=1 O438.68 H439.93 L438.37 C439.88 ATR=18.29 SL=438.05/437.14 rawVol=99157 volSMA=113292 buf=0.914 prices=
2025-10-10T11:00:00.000-04:00,[KLB] 11:00 ▼ ~ ~ PM H + ~ Yest H vol=1.2x pos=v74 vwap=below ema=bull rs=+0.1% adx=23 body=70% ramp=1.5x rangeATR=3.4 ⚡ O439.47 H439.75 L433.37 C435.01 ATR=18.29 SL=436.84/437.75 rawVol=149482 volSMA=127055 buf=0.914 prices=438.3/436.35
2025-10-10T11:20:00.000-04:00,[KLB] 11:20 ▼ BRK Yest L vol=2.4x pos=v72 vwap=below ema=bear rs=-1.4% adx=28 body=68% ramp=1x rangeATR=2.7 ⚡ O430.89 H431.21 L424.01 C426.01 ATR=18.29 SL=427.84/428.75 rawVol=352227 volSMA=147268 buf=0.914 prices=426.18
2025-10-10T11:20:00.000-04:00,[KLB] 11:20 ▼ ◆ ◆¹ Yest L 1.6x v84 vol= pos= vwap=below ema=bear rs=-1.4% adx=28 body=68% ramp=1x rangeATR=2.7 ⚡ O430.89 H431.21 L424.01 C426.01 ATR=18.29 SL=427.84/428.75 rawVol=352227 volSMA=147268 buf=0.914 prices=
2025-10-14T09:45:00.000-04:00,[KLB] 9:45 ▼ 🔊 MC ramp=28.4x vol=6.1x pos=v80 vwap=below ema=bear adx=21 body=70% rangeATR=2.6 ⚡ O421.98 H422.39 L418.33 C419.15 ATR=19.54
2025-10-14T09:45:00.000-04:00,[KLB] 9:45 ▼ BRK PM L + Yest L + ORB L vol=6.1x pos=v80 vwap=below ema=bear rs=-1.3% adx=21 body=70% ramp=28.4x rangeATR=2.6 ⚡ 🔊 O421.98 H422.39 L418.33 C419.15 ATR=19.54 SL=421.1/422.08 rawVol=212206 volSMA=43137 buf=0.977 prices=421.85/419.7/421.53
2025-10-14T09:45:00.000-04:00,[KLB] 9:45 ▼ ~ ~ VWAP vol=6.1x pos=v80 vwap=below ema=bear rs=-1.3% adx=21 body=70% ramp=28.4x rangeATR=2.6 ⚡ 🔊 O421.98 H422.39 L418.33 C419.15 ATR=19.54 SL=421.1/422.08 rawVol=212206 volSMA=43137 buf=0.977 prices=
2025-10-14T09:45:00.000-04:00,[KLB] 9:45 ▼ ◆ ◆¹ Yest L 3.9x v50 vol= pos= vwap=below ema=bear rs=-1.3% adx=21 body=70% ramp=28.4x rangeATR=2.6 ⚡ 🔊 O421.98 H422.39 L418.33 C419.15 ATR=19.54 SL=421.1/422.08 rawVol=212206 volSMA=43137 buf=0.977 prices=
2025-10-14T09:50:00.000-04:00,[KLB] CONF 9:50 ▼ QBS/MC → ✗ (failed)
2025-10-14T09:50:00.000-04:00,[KLB] CONF 9:50 ▼ BRK → ✗ (failed)
2025-10-14T10:25:00.000-04:00,"[KLB] 10:25 ▲ ~~ ~~ PM L + ~~ Yest L + ~~ ORB L
~ VWAP vol=1.3x pos=^80 vwap=above ema=bear rs=-0.9% adx=24 body=76% ramp=1x rangeATR=1.4 O422.17 H424.91 L422.06 C424.34 ATR=19.54 SL=422.39/421.41 rawVol=98631 volSMA=90228 buf=0.977 prices=421.85/419.7/421.53"
2025-10-15T10:10:00.000-04:00,[KLB] 10:10 ▲ ~ ~ VWAP vol=1.3x pos=^69 vwap=above ema=bull rs=-0.2% adx=24 body=59% ramp=0.7x rangeATR=1.3 O434.83 H436.68 L434.62 C436.05 ATR=19.44 SL=434.11/433.13 rawVol=70410 volSMA=55306 buf=0.972 prices=
2025-10-15T10:15:00.000-04:00,[KLB] 10:15 ▲ BRK PM H vol=1.8x pos=^66 vwap=above ema=bull rs=+0.1% adx=26 body=63% ramp=0.9x rangeATR=0.7 O436.13 H437.28 L436.09 C436.88 ATR=19.44 SL=434.94/433.96 rawVol=108827 volSMA=60563 buf=0.972 prices=435.8
2025-10-15T10:15:00.000-04:00,[KLB] 10:15 ▲ ◆ ◆¹ PM H 1.4x ^43 vol= pos= vwap=above ema=bull rs=+0.1% adx=26 body=63% ramp=0.9x rangeATR=0.7 O436.13 H437.28 L436.09 C436.88 ATR=19.44 SL=434.94/433.96 rawVol=108827 volSMA=60563 buf=0.972 prices=
2025-10-15T10:30:00.000-04:00,[KLB] 10:30 ▲ BRK ORB H vol=3x pos=^67 vwap=above ema=bull rs=+0.6% adx=33 body=58% ramp=1.5x rangeATR=1.8 O437.76 H440.5 L437.51 C439.5 ATR=19.44 SL=437.56/436.58 rawVol=242542 volSMA=80383 buf=0.972 prices=438.8
2025-10-15T10:30:00.000-04:00,[KLB] CONF 10:30 ▲ BRK → ✓ (auto-promote)
2025-10-15T10:30:00.000-04:00,[KLB] 10:30 ▲ ◆ ◆¹ ORB H 1.6x ^41 vol= pos= vwap=above ema=bull rs=+0.6% adx=33 body=58% ramp=1.5x rangeATR=1.8 O437.76 H440.5 L437.51 C439.5 ATR=19.44 SL=437.56/436.58 rawVol=242542 volSMA=80383 buf=0.972 prices=
2025-10-15T10:35:00.000-04:00,[KLB] 5m CHECK 10:35 ▲ pnl=-0.02 → BAIL
2025-10-15T10:40:00.000-04:00,[KLB] CONF 10:40 ▲ BRK → ✗ (failed)
2025-10-15T11:15:00.000-04:00,[KLB] 11:15 ▼ ~~ ~~ PM H vol=0.9x pos=v62 vwap=below ema=bull rs=-0.3% adx=32 body=53% ramp=1.4x rangeATR=1.3 O435.76 H435.98 L433.57 C434.49 ATR=19.44 SL=436.43/437.41 rawVol=89181 volSMA=104122 buf=0.972 prices=435.8
2025-10-15T11:40:00.000-04:00,[KLB] 11:40 ▼ ~~ ~~ PM H vol=0.9x pos=v49 vwap=below ema=bull rs=+0% adx=25 body=49% ramp=1x rangeATR=1.1 O435.74 H435.75 L433.61 C434.7 ATR=19.44 SL=436.64/437.62 rawVol=90228 volSMA=96022 buf=0.972 prices=435.8
2025-10-15T11:45:00.000-04:00,[KLB] 11:45 ▼ ~ ~ VWAP vol=1x pos=v62 vwap=below ema=bull rs=-0.2% adx=25 body=62% ramp=1x rangeATR=1.4 O434.82 H434.82 L432 C433.06 ATR=19.44 SL=435/435.98 rawVol=97691 volSMA=95995 buf=0.972 prices=
2025-10-15T12:35:00.000-04:00,[KLB] 12:35 ▼ ~~ ~~ PM H vol=0.5x pos=v94 vwap=below ema=bear rs=-0.1% adx=22 body=64% ramp=0.9x rangeATR=1.2 O434.73 H435.34 L433.29 C433.42 ATR=19.44 SL=435.36/436.34 rawVol=33104 volSMA=70047 buf=0.972 prices=435.8
2025-10-15T13:05:00.000-04:00,[KLB] 13:05 ▼ BRK PM L vol=1.5x pos=v40 vwap=below ema=bear rs=0% adx=23 body=38% ramp=1.1x rangeATR=1.4 O433.19 H433.23 L430.99 C432.34 ATR=19.44 SL=434.28/435.26 rawVol=91377 volSMA=59824 buf=0.972 prices=432.75
2025-10-15T13:05:00.000-04:00,[KLB] 13:05 ▼ ◆ ◆¹ PM L 2.1x v81 vol= pos= vwap=below ema=bear rs=0% adx=23 body=38% ramp=1.1x rangeATR=1.4 O433.19 H433.23 L430.99 C432.34 ATR=19.44 SL=434.28/435.26 rawVol=91377 volSMA=59824 buf=0.972 prices=
2025-10-15T13:10:00.000-04:00,[KLB] 13:10 ▼ BRK ORB L vol=2x pos=v81 vwap=below ema=bear rs=-0.4% adx=25 body=76% ramp=1.9x rangeATR=1.8 O432.33 H432.49 L429.3 C429.9 ATR=19.44 SL=431.84/432.82 rawVol=122998 volSMA=61174 buf=0.972 prices=431.86
2025-10-15T13:10:00.000-04:00,[KLB] CONF 13:10 ▼ BRK → ✓ (auto-promote)
2025-10-15T13:15:00.000-04:00,[KLB] 13:15 ▼ ~~ ~~ Yest H vol=2x pos=v88 vwap=below ema=bear rs=-0.7% adx=27 body=83% ramp=3x rangeATR=1.7 ⚠ O429.89 H430.04 L427 C427.36 ATR=19.44 SL=429.3/430.28 rawVol=128566 volSMA=63412 buf=0.972 prices=434.2
2025-10-15T13:15:00.000-04:00,[KLB] 5m CHECK 13:15 ▼ pnl=0.13 → HOLD
2025-10-15T13:30:00.000-04:00,[KLB] 13:30 ▼ ~~ ~~ Yest H vol=1.2x pos=v80 vwap=below ema=bear rs=-0.5% adx=32 body=36% ramp=0.6x rangeATR=1.1 O429.48 H430.4 L428.28 C428.71 ATR=19.44 SL=430.65/431.63 rawVol=74335 volSMA=61125 buf=0.972 prices=434.2
2025-10-15T13:35:00.000-04:00,[KLB] 13:35 ▼ ◆ ◆⁶ ORB L 1.4x v40 vol= pos= vwap=below ema=bear rs=-0.4% adx=33 body=68% ramp=0.6x rangeATR=1 O428.76 H430.25 L428.44 C429.99 ATR=19.44 SL=431.93/432.91 rawVol=60206 volSMA=58887 buf=0.972 prices=
2025-10-15T13:50:00.000-04:00,[KLB] CONF 13:50 ▼ BRK → ✗ (failed)
2025-10-16T09:30:00.000-04:00,[KLB] 9:30 ▼ ~ ~ Yest H vol=2x pos=v100 vwap=below ema=bull rs=+0.3% adx=21 body=100% ramp=3x rangeATR=1.8 ⚠ O435.55 H435.55 L434.74 C434.74 ATR=19.06 SL=436.65/437.6 rawVol=9203 volSMA=5098 buf=0.953 prices=440.51
2025-10-16T09:40:00.000-04:00,[KLB] 9:40 ▲ 🔊 MC ramp=23.9x vol=8.5x pos=^62 vwap=above ema=bull adx=25 body=47% rangeATR=3.4 ⚡ O434.93 H437.23 L434.5 C436.2 ATR=19.06
2025-10-16T09:40:00.000-04:00,[KLB] 9:40 ▲ ~ ~ Yest L vol=8.5x pos=^62 vwap=above ema=bull rs=+0.3% adx=25 body=47% ramp=23.9x rangeATR=3.4 ⚡ 🔊 O434.93 H437.23 L434.5 C436.2 ATR=19.06 SL=434.29/433.34 rawVol=143128 volSMA=20537 buf=0.953 prices=426.33
2025-10-16T09:45:00.000-04:00,[KLB] 9:45 ▼ 🔊 MC ramp=21.9x vol=5.4x pos=v53 vwap=below ema=bull adx=27 body=48% rangeATR=3.3 ⚡ O436.07 H436.25 L432.94 C434.48 ATR=19.06
2025-10-16T09:45:00.000-04:00,[KLB] 9:45 ▼ ~ ~ Yest H + ~ ORB H vol=5.4x pos=v53 vwap=below ema=bull rs=-0.1% adx=27 body=48% ramp=21.9x rangeATR=3.3 ⚡ 🔊 O436.07 H436.25 L432.94 C434.48 ATR=19.06 SL=436.39/437.34 rawVol=148138 volSMA=27610 buf=0.953 prices=440.51/436.3
2025-10-16T09:50:00.000-04:00,[KLB] 9:50 ▼ BRK PM L vol=4.5x pos=v99 vwap=below ema=bear rs=-0.5% adx=28 body=65% ramp=2.1x rangeATR=2.6 ⚡ O434.48 H435.47 L432.56 C432.58 ATR=19.06 SL=434.49/435.44 rawVol=108843 volSMA=32563 buf=0.953 prices=433.7
2025-10-16T09:50:00.000-04:00,"[KLB] 9:50 ▼ ~ ~ Yest H
~ VWAP vol=4.5x pos=v99 vwap=below ema=bear rs=-0.5% adx=28 body=65% ramp=2.1x rangeATR=2.6 ⚡ O434.48 H435.47 L432.56 C432.58 ATR=19.06 SL=434.49/435.44 rawVol=108843 volSMA=32563 buf=0.953 prices=440.51"
2025-10-16T09:50:00.000-04:00,[KLB] CONF 9:50 ▼ QBS/MC → ✓ (auto-promote)
2025-10-16T09:55:00.000-04:00,[KLB] 5m CHECK 9:55 ▼ pnl=-0.12 → BAIL
2025-10-16T09:55:00.000-04:00,[KLB] CONF 9:55 ▼ BRK → ✗ (failed)
2025-10-16T10:10:00.000-04:00,[KLB] 10:10 ▲ ~ ~ Yest L vol=2.1x pos=^64 vwap=above ema=bear rs=+0.4% adx=31 body=41% ramp=0.7x rangeATR=1.1 O435.24 H436.47 L434.88 C435.89 ATR=19.06 SL=433.98/433.03 rawVol=62614 volSMA=52281 buf=0.953 prices=426.33
2025-10-16T10:35:00.000-04:00,[KLB] 10:35 ▲ BRK PM H + ORB H vol=1.9x pos=^65 vwap=above ema=bull rs=+0.6% adx=27 body=65% ramp=1.2x rangeATR=1.6 O435.86 H438.46 L435.85 C437.55 ATR=19.06 SL=435.64/434.69 rawVol=143380 volSMA=74736 buf=0.953 prices=436.84/436.3
2025-10-16T10:35:00.000-04:00,[KLB] 10:35 ▲ ~ ~ VWAP vol=1.9x pos=^65 vwap=above ema=bull rs=+0.6% adx=27 body=65% ramp=1.2x rangeATR=1.6 O435.86 H438.46 L435.85 C437.55 ATR=19.06 SL=435.64/434.69 rawVol=143380 volSMA=74736 buf=0.953 prices=
2025-10-16T10:35:00.000-04:00,[KLB] 10:35 ▲ ◆ ◆¹ PM H 1x ^73 vol= pos= vwap=above ema=bull rs=+0.6% adx=27 body=65% ramp=1.2x rangeATR=1.6 O435.86 H438.46 L435.85 C437.55 ATR=19.06 SL=435.64/434.69 rawVol=143380 volSMA=74736 buf=0.953 prices=
2025-10-16T10:55:00.000-04:00,"[KLB] 10:55 ▲ ◆ ◆¹ PM H 1x ^73
◆⁵ ORB H 0.9x ^23 vol= pos= vwap=above ema=bull rs=+0.5% adx=22 body=67% ramp=0.9x rangeATR=1 O438.76 H438.76 L437.1 C437.65 ATR=19.06 SL=435.74/434.79 rawVol=73417 volSMA=90229 buf=0.953 prices="
2025-10-16T11:25:00.000-04:00,[KLB] CONF 11:25 ▲ BRK → ✗ (failed)
2025-10-16T11:30:00.000-04:00,[KLB] 11:30 ▼ ~~ ~~ PM H + ~~ ORB H vol=1x pos=v65 vwap=below ema=bull rs=+0.3% adx=20 body=64% ramp=1x rangeATR=1.5 O437.11 H437.12 L434.7 C435.55 ATR=19.06 SL=437.46/438.41 rawVol=83212 volSMA=81660 buf=0.953 prices=436.84/436.3
2025-10-16T11:40:00.000-04:00,[KLB] 11:40 ▼ ~~ ~~ ORB H vol=0.7x pos=v79 vwap=below ema=bull rs=+0.2% adx=22 body=39% ramp=1.6x rangeATR=0.7 O435.77 H436.22 L435.11 C435.34 ATR=19.06 SL=437.25/438.2 rawVol=53132 volSMA=75783 buf=0.953 prices=436.3
2025-10-16T11:45:00.000-04:00,[KLB] 11:45 ▼ ~ ~ Yest H vol=1.7x pos=v56 vwap=below ema=bull rs=+0.1% adx=23 body=51% ramp=1.5x rangeATR=1.5 O435.31 H435.45 L432.92 C434.03 ATR=19.06 SL=435.94/436.89 rawVol=130175 volSMA=76880 buf=0.953 prices=440.51
2025-10-16T12:05:00.000-04:00,[KLB] 12:05 ▼ BRK PM L + ORB L vol=1.6x pos=v43 vwap=below ema=bear rs=-0.3% adx=29 body=38% ramp=0.9x rangeATR=1.7 O432.88 H433.05 L430.12 C431.78 ATR=19.06 SL=433.69/434.64 rawVol=117539 volSMA=73859 buf=0.953 prices=433.7/432.75
2025-10-16T12:05:00.000-04:00,[KLB] 12:05 ▼ ◆ ◆¹ ORB L 0.8x v69 vol= pos= vwap=below ema=bear rs=-0.3% adx=29 body=38% ramp=0.9x rangeATR=1.7 O432.88 H433.05 L430.12 C431.78 ATR=19.06 SL=433.69/434.64 rawVol=117539 volSMA=73859 buf=0.953 prices=
2025-10-17T09:35:00.000-04:00,[KLB] 9:35 ▲ 🔊 MC ramp=11.9x vol=9.3x pos=^84 vwap=above ema=bull adx=38 body=53% rangeATR=4.3 ⚡ O425.42 H429.48 L423.6 C428.56 ATR=18.99
2025-10-17T09:35:00.000-04:00,[KLB] 9:35 ▲ BRK PM H vol=9.3x pos=^84 vwap=above ema=bull rs=+0.6% adx=38 body=53% ramp=11.9x rangeATR=4.3 ⚡ 🔊 O425.42 H429.48 L423.6 C428.56 ATR=18.99 SL=426.66/425.71 rawVol=156427 volSMA=16904 buf=0.949 prices=427.51
2025-10-17T09:35:00.000-04:00,[KLB] 9:35 ▲ ~ ~ VWAP vol=9.3x pos=^84 vwap=above ema=bull rs=+0.6% adx=38 body=53% ramp=11.9x rangeATR=4.3 ⚡ 🔊 O425.42 H429.48 L423.6 C428.56 ATR=18.99 SL=426.66/425.71 rawVol=156427 volSMA=16904 buf=0.949 prices=
2025-10-17T09:35:00.000-04:00,[KLB] 9:35 ▲ ◆ ◆¹ PM H 12.7x ^27 vol= pos= vwap=above ema=bull rs=+0.6% adx=38 body=53% ramp=11.9x rangeATR=4.3 ⚡ 🔊 O425.42 H429.48 L423.6 C428.56 ATR=18.99 SL=426.66/425.71 rawVol=156427 volSMA=16904 buf=0.949 prices=
2025-10-17T09:40:00.000-04:00,[KLB] CONF 9:40 ▲ QBS/MC → ✗ (failed)
2025-10-17T09:40:00.000-04:00,[KLB] CONF 9:40 ▲ BRK → ✗ (failed)
2025-10-17T09:45:00.000-04:00,[KLB] 9:45 ▼ 🔊 MC ramp=29.9x vol=6.3x pos=v70 vwap=above ema=bull adx=37 body=50% rangeATR=2.2 ⚡ O428.3 H429 L425.5 C426.55 ATR=18.99
2025-10-17T09:50:00.000-04:00,[KLB] 9:50 ▲ BRK PM H vol=3.1x pos=^59 vwap=above ema=bull rs=+0.5% adx=35 body=47% ramp=2.9x rangeATR=1.8 O426.48 H429.13 L426.14 C427.89 ATR=18.99 SL=425.99/425.04 rawVol=121788 volSMA=39431 buf=0.949 prices=427.51
2025-10-17T09:50:00.000-04:00,[KLB] CONF 9:50 ▼ QBS/MC → ✗ (failed)
2025-10-17T09:50:00.000-04:00,[KLB] 9:50 ▲ ◆ ◆¹ PM H 6.2x ^84 vol= pos= vwap=above ema=bull rs=+0.5% adx=35 body=47% ramp=2.9x rangeATR=1.8 O426.48 H429.13 L426.14 C427.89 ATR=18.99 SL=425.99/425.04 rawVol=121788 volSMA=39431 buf=0.949 prices=
2025-10-17T09:55:00.000-04:00,[KLB] 9:55 ▲ BRK ORB H vol=4.8x pos=^84 vwap=above ema=bull rs=+1.3% adx=35 body=83% ramp=1.4x rangeATR=2.7 ⚡ ⚠ O428 H433.1 L427.97 C432.27 ATR=18.99 SL=430.37/429.42 rawVol=246088 volSMA=51215 buf=0.949 prices=429.48
2025-10-17T09:55:00.000-04:00,[KLB] 9:55 ▲ ~ ~ Yest L vol=4.8x pos=^84 vwap=above ema=bull rs=+1.3% adx=35 body=83% ramp=1.4x rangeATR=2.7 ⚡ ⚠ O428 H433.1 L427.97 C432.27 ATR=18.99 SL=430.37/429.42 rawVol=246088 volSMA=51215 buf=0.949 prices=421.31
2025-10-17T09:55:00.000-04:00,[KLB] CONF 9:55 ▲ BRK → ✓ (auto-promote)
2025-10-17T10:00:00.000-04:00,[KLB] 5m CHECK 10:00 ▲ pnl=0.03 → BAIL
2025-10-20T09:35:00.000-04:00,[KLB] 9:35 ▼ 🔊 MC ramp=13x vol=13.2x pos=v74 vwap=below ema=bull adx=22 body=34% rangeATR=6 ⚡ O443.94 H445.88 L441.12 C442.34 ATR=18.91
2025-10-20T09:35:00.000-04:00,[KLB] 9:35 ▼ ~ ~ PM H vol=13.2x pos=v74 vwap=below ema=bull rs=-0.5% adx=22 body=34% ramp=13x rangeATR=6 ⚡ 🔊 O443.94 H445.88 L441.12 C442.34 ATR=18.91 SL=444.23/445.18 rawVol=237780 volSMA=18005 buf=0.945 prices=446
2025-10-20T09:40:00.000-04:00,[KLB] 9:40 ▲ 🔊 MC ramp=20.5x vol=7.4x pos=^39 vwap=below ema=bull adx=24 body=35% rangeATR=3.7 ⚡ O442.28 H445.81 L442.15 C443.56 ATR=18.91
2025-10-20T09:45:00.000-04:00,[KLB] CONF 9:45 ▲ QBS/MC → ✓ (auto-promote)
2025-10-20T09:50:00.000-04:00,[KLB] 9:50 ▲ ~ ~ VWAP vol=4x pos=^95 vwap=above ema=bull rs=+0.3% adx=25 body=63% ramp=2x rangeATR=2.4 ⚡ O444.75 H446.8 L443.8 C446.65 ATR=18.91 SL=444.76/443.81 rawVol=171655 volSMA=42581 buf=0.945 prices=
2025-10-20T09:50:00.000-04:00,[KLB] 5m CHECK 9:50 ▲ pnl=0.1 → HOLD
2025-10-20T09:55:00.000-04:00,[KLB] 9:55 ▲ BRK PM H + ORB H vol=4.1x pos=^90 vwap=above ema=bull rs=+0.8% adx=24 body=64% ramp=1.1x rangeATR=2 ⚡ O446.7 H448.77 L446 C448.48 ATR=18.91 SL=446.59/445.64 rawVol=219263 volSMA=53422 buf=0.945 prices=446/445.88
2025-10-20T10:15:00.000-04:00,"[KLB] 10:15 ▲ ◆ ◆⁵ PM H 1.4x ^7
◆⁵ ORB H 1.4x ^7 vol= pos= vwap=above ema=bull rs=+0.7% adx=24 body=26% ramp=0.6x rangeATR=0.8 O448.7 H448.93 L447.67 C448.37 ATR=18.91 SL=446.48/445.53 rawVol=81985 volSMA=73427 buf=0.945 prices="
2025-10-20T10:20:00.000-04:00,[KLB] CONF 10:20 ▲ BRK → ✗ (failed)
2025-10-20T10:35:00.000-04:00,"[KLB] 10:35 ▼ ~~ ~~ PM H + ~~ ORB H
~ VWAP vol=1.3x pos=v82 vwap=below ema=bull rs=-0.5% adx=23 body=73% ramp=1x rangeATR=1.6 O445.47 H445.7 L443.06 C443.54 ATR=18.91 SL=445.43/446.38 rawVol=115864 volSMA=92437 buf=0.945 prices=446/445.88"
2025-10-20T12:15:00.000-04:00,[KLB] 12:15 ▼ ~~ ~~ PM H + ~~ ORB H vol=1.3x pos=v100 vwap=below ema=bull rs=-0.3% adx=28 body=47% ramp=1.9x rangeATR=0.8 O445.21 H445.82 L444.66 C444.66 ATR=18.91 SL=446.55/447.5 rawVol=42329 volSMA=60468 buf=0.945 prices=446/445.88
2025-10-20T15:35:00.000-04:00,[KLB] 15:35 ▲ BRK PM H + ORB H vol=1.6x pos=^71 vwap=above ema=bull rs=+0% adx=20 body=41% ramp=1.1x rangeATR=0.9 O446.6 H447.18 L446.36 C446.94 ATR=18.91 SL=445.05/444.1 rawVol=63159 volSMA=38704 buf=0.945 prices=446/445.88
2025-10-20T15:40:00.000-04:00,[KLB] 15:40 ▲ ◆ ◆² PM H 1.8x ^14 vol= pos= vwap=above ema=bull rs=+0.1% adx=22 body=41% ramp=1.3x rangeATR=0.8 O446.94 H447.37 L446.62 C447.25 ATR=18.91 SL=445.36/444.41 rawVol=53827 volSMA=38918 buf=0.945 prices=
2025-10-21T09:40:00.000-04:00,[KLB] 9:40 ▲ 🔊 MC ramp=13x vol=7.1x pos=^70 vwap=above ema=bull adx=20 body=60% rangeATR=4 ⚡ O444.75 H447.49 L444.46 C446.57 ATR=18.31
2025-10-21T09:40:00.000-04:00,[KLB] 9:40 ▲ BRK PM H vol=7.1x pos=^70 vwap=above ema=bull rs=+0.2% adx=20 body=60% ramp=13x rangeATR=4 ⚡ 🔊 O444.75 H447.49 L444.46 C446.57 ATR=18.31 SL=444.74/443.82 rawVol=140458 volSMA=19871 buf=0.915 prices=446.51
2025-10-21T09:40:00.000-04:00,[KLB] 9:40 ▲ ~ ~ ORB L vol=7.1x pos=^70 vwap=above ema=bull rs=+0.2% adx=20 body=60% ramp=13x rangeATR=4 ⚡ 🔊 O444.75 H447.49 L444.46 C446.57 ATR=18.31 SL=444.74/443.82 rawVol=140458 volSMA=19871 buf=0.915 prices=444.47
2025-10-21T09:45:00.000-04:00,[KLB] 9:45 ▼ 🔊 MC ramp=28.2x vol=7.3x pos=v94 vwap=below ema=bull adx=22 body=50% rangeATR=4.8 ⚡ O446.5 H448.75 L443.6 C443.93 ATR=18.31
2025-10-21T09:45:00.000-04:00,[KLB] 9:45 ▼ ~ ~ PM H + ~ Yest H + ~ ORB H vol=7.3x pos=v94 vwap=below ema=bull rs=-0.4% adx=22 body=50% ramp=28.2x rangeATR=4.8 ⚡ 🔊 O446.5 H448.75 L443.6 C443.93 ATR=18.31 SL=445.76/446.68 rawVol=221352 volSMA=30464 buf=0.915 prices=446.51/449.8/447.14
2025-10-21T09:45:00.000-04:00,[KLB] CONF 9:45 ▲ BRK → ✗ (failed)
2025-10-21T09:50:00.000-04:00,[KLB] CONF 9:50 ▼ QBS/MC → ✓★ (auto-promote)
2025-10-21T09:55:00.000-04:00,[KLB] 5m CHECK 9:55 ▼ pnl=-0.03 → BAIL
2025-10-21T10:30:00.000-04:00,[KLB] 10:30 ▼ ~~ ~~ PM H + ~ ORB H vol=0.9x pos=v97 vwap=below ema=bear rs=-0.1% adx=20 body=72% ramp=1x rangeATR=1.5 O446.15 H446.65 L444.65 C444.71 ATR=18.31 SL=446.54/447.46 rawVol=60509 volSMA=69900 buf=0.915 prices=446.51/447.14
2025-10-21T14:45:00.000-04:00,[KLB] 14:45 ▼ ~~ ~~ PM H vol=0.9x pos=v79 vwap=below ema=bear rs=-0.1% adx=21 body=69% ramp=1x rangeATR=1.1 O446.11 H446.21 L445.22 C445.43 ATR=18.31 SL=447.26/448.18 rawVol=28100 volSMA=32718 buf=0.915 prices=446.51
2025-10-21T14:55:00.000-04:00,[KLB] 14:55 ▼ ~~ ~~ PM H vol=0.8x pos=v81 vwap=below ema=bear rs=-0.1% adx=20 body=47% ramp=0.9x rangeATR=0.8 O445.78 H446.03 L445.3 C445.44 ATR=18.31 SL=447.27/448.19 rawVol=24059 volSMA=32073 buf=0.915 prices=446.51
2025-10-21T15:25:00.000-04:00,[KLB] 15:25 ▼ ~~ ~~ PM H vol=2.1x pos=v51 vwap=below ema=bear rs=-0.1% adx=20 body=51% ramp=2.3x rangeATR=1.4 O446.05 H446.05 L444.99 C445.51 ATR=18.31 SL=447.34/448.26 rawVol=60527 volSMA=29495 buf=0.915 prices=446.51
2025-10-22T09:45:00.000-04:00,[KLB] 9:45 ▼ 🔊 MC ramp=58.9x vol=4.7x pos=v67 vwap=below ema=bear adx=21 body=53% rangeATR=2.8 ⚡ O443.3 H443.7 L440.8 C441.77 ATR=17.52
2025-10-22T09:45:00.000-04:00,[KLB] 9:45 ▼ BRK Yest L vol=4.7x pos=v67 vwap=below ema=bear rs=-0.3% adx=21 body=53% ramp=58.9x rangeATR=2.8 ⚡ 🔊 O443.3 H443.7 L440.8 C441.77 ATR=17.52 SL=443.52/444.4 rawVol=123013 volSMA=25974 buf=0.876 prices=442.05
2025-10-22T09:45:00.000-04:00,[KLB] 9:45 ▼ ◆ ◆¹ Yest L 4.9x v32 vol= pos= vwap=below ema=bear rs=-0.3% adx=21 body=53% ramp=58.9x rangeATR=2.8 ⚡ 🔊 O443.3 H443.7 L440.8 C441.77 ATR=17.52 SL=443.52/444.4 rawVol=123013 volSMA=25974 buf=0.876 prices=
2025-10-22T09:50:00.000-04:00,[KLB] CONF 9:50 ▼ QBS/MC → ✓ (auto-promote)
2025-10-22T09:55:00.000-04:00,[KLB] 5m CHECK 9:55 ▼ pnl=-0.03 → BAIL
2025-10-22T10:25:00.000-04:00,[KLB] 10:25 ▼ ~ ~ VWAP vol=2.2x pos=v92 vwap=below ema=bear rs=-1.3% adx=23 body=75% ramp=1.4x rangeATR=2.2 ⚡ O439.07 H439.67 L436.28 C436.54 ATR=17.52 SL=438.29/439.17 rawVol=145615 volSMA=65633 buf=0.876 prices=
2025-10-22T15:40:00.000-04:00,[KLB] 15:40 ▲ ~ ~ VWAP vol=1.6x pos=^71 vwap=above ema=bull rs=-0.6% adx=31 body=41% ramp=1x rangeATR=0.8 O438.02 H438.75 L437.7 C438.45 ATR=17.52 SL=436.7/435.82 rawVol=103289 volSMA=63698 buf=0.876 prices=
2025-10-23T09:40:00.000-04:00,[KLB] 9:40 ▲ 🔊 MC ramp=26.7x vol=7.1x pos=^98 vwap=below ema=bear adx=22 body=48% rangeATR=2.6 ⚡ O416.55 H419.26 L413.91 C419.13 ATR=17.45
2025-10-23T09:45:00.000-04:00,[KLB] CONF 9:45 ▲ QBS/MC → ✓★ (auto-promote)
2025-10-23T09:50:00.000-04:00,[KLB] 5m CHECK 9:50 ▲ pnl=0.05 → HOLD
2025-10-23T09:55:00.000-04:00,[KLB] 9:55 ▲ ~ ~ VWAP vol=2.7x pos=^100 vwap=above ema=bear rs=+0.6% adx=22 body=100% ramp=0.7x rangeATR=1.5 ⚠ O420.33 H423.86 L420.33 C423.86 ATR=17.45 SL=422.12/421.24 rawVol=255995 volSMA=134976 buf=0.872 prices=
2025-10-23T12:45:00.000-04:00,[KLB] 12:45 ▲ ~ ~ Yest L vol=1.8x pos=^100 vwap=above ema=bull rs=+4.6% adx=40 body=85% ramp=1.6x rangeATR=1.3 ⚠ O438.93 H441.19 L438.54 C441.18 ATR=17.45 SL=439.44/438.56 rawVol=252461 volSMA=136899 buf=0.872 prices=429
2025-10-23T13:10:00.000-04:00,[KLB] 13:10 ▲ BRK Yest H vol=1.5x pos=^86 vwap=above ema=bull rs=+5.9% adx=50 body=76% ramp=1.1x rangeATR=1.4 O444.02 H446.88 L443.71 C446.44 ATR=17.45 SL=444.7/443.82 rawVol=225774 volSMA=148807 buf=0.872 prices=445.54
2025-10-23T13:20:00.000-04:00,[KLB] 13:20 ▲ ◆ ◆³ Yest H 0.9x ^99 vol= pos= vwap=above ema=bull rs=+5.8% adx=54 body=77% ramp=1x rangeATR=1 O447.92 H448.36 L446.11 C446.19 ATR=17.45 SL=444.45/443.57 rawVol=157622 volSMA=155847 buf=0.872 prices=
2025-10-23T14:00:00.000-04:00,[KLB] CONF 14:00 ▲ BRK → ✗ (failed)
2025-10-24T09:40:00.000-04:00,[KLB] 9:40 ▼ 🔊 MC ramp=28.8x vol=9x pos=v90 vwap=below ema=bear adx=30 body=52% rangeATR=1.9 O444.97 H446.17 L443.07 C443.37 ATR=18.74
2025-10-24T09:40:00.000-04:00,[KLB] 9:40 ▼ BRK PM L vol=9x pos=v90 vwap=below ema=bear rs=-0.9% adx=30 body=52% ramp=28.8x rangeATR=1.9 🔊 O444.97 H446.17 L443.07 C443.37 ATR=18.74 SL=445.24/446.18 rawVol=315755 volSMA=55361 buf=0.937 prices=444.84
2025-10-24T09:40:00.000-04:00,[KLB] 9:40 ▼ ~ ~ VWAP vol=9x pos=v90 vwap=below ema=bear rs=-0.9% adx=30 body=52% ramp=28.8x rangeATR=1.9 🔊 O444.97 H446.17 L443.07 C443.37 ATR=18.74 SL=445.24/446.18 rawVol=315755 volSMA=55361 buf=0.937 prices=
2025-10-24T09:40:00.000-04:00,[KLB] 9:40 ▼ ◆ ◆¹ PM L 6.5x v35 vol= pos= vwap=below ema=bear rs=-0.9% adx=30 body=52% ramp=28.8x rangeATR=1.9 🔊 O444.97 H446.17 L443.07 C443.37 ATR=18.74 SL=445.24/446.18 rawVol=315755 volSMA=55361 buf=0.937 prices=
2025-10-24T09:45:00.000-04:00,[KLB] CONF 9:45 ▼ QBS/MC → ✗ (failed)
2025-10-24T09:50:00.000-04:00,[KLB] 9:50 ▼ BRK ORB L vol=2x pos=v74 vwap=below ema=bear rs=-1% adx=30 body=38% ramp=1.6x rangeATR=1.4 O443.54 H444.48 L441.9 C442.57 ATR=18.74 SL=444.44/445.38 rawVol=163854 volSMA=80408 buf=0.937 prices=443.08
2025-10-24T09:50:00.000-04:00,[KLB] CONF 9:50 ▼ BRK → ✓★ (auto-promote)
2025-10-24T09:50:00.000-04:00,[KLB] 9:50 ▼ ◆ ◆¹ ORB L 3.6x v51 vol= pos= vwap=below ema=bear rs=-1% adx=30 body=38% ramp=1.6x rangeATR=1.4 O443.54 H444.48 L441.9 C442.57 ATR=18.74 SL=444.44/445.38 rawVol=163854 volSMA=80408 buf=0.937 prices=
2025-10-24T09:55:00.000-04:00,[KLB] 5m CHECK 9:55 ▼ pnl=0.05 → HOLD
2025-10-24T10:05:00.000-04:00,[KLB] 10:05 ▼ ~ ~ Week H vol=2.1x pos=v72 vwap=below ema=bear rs=-1.6% adx=34 body=37% ramp=0.9x rangeATR=1.1 O440.95 H441.7 L439.51 C440.13 ATR=18.74 SL=442/442.94 rawVol=242575 volSMA=116810 buf=0.937 prices=441.46
2025-10-24T10:35:00.000-04:00,[KLB] 10:35 ▼ ~ ~ Week H vol=1.5x pos=v56 vwap=below ema=bear rs=-1.7% adx=31 body=47% ramp=1.1x rangeATR=1.4 O440.92 H441.17 L438.28 C439.55 ATR=18.74 SL=441.42/442.36 rawVol=253039 volSMA=165996 buf=0.937 prices=441.46
2025-10-24T11:35:00.000-04:00,[KLB] 11:35 ▼ ~ ~ Week H vol=0.5x pos=v83 vwap=below ema=bear rs=-1.7% adx=31 body=75% ramp=1.1x rangeATR=0.8 O441.27 H441.38 L440.02 C440.25 ATR=18.74 SL=442.12/443.06 rawVol=73494 volSMA=147807 buf=0.937 prices=441.46
2025-10-27T09:35:00.000-04:00,[KLB] 9:35 ▲ 🔊 MC ramp=24.5x vol=15.7x pos=^68 vwap=above ema=bull adx=26 body=47% rangeATR=6.2 ⚡ O439.94 H444.45 L438.72 C442.64 ATR=18.93
2025-10-27T09:35:00.000-04:00,[KLB] 9:35 ▲ BRK PM H vol=15.7x pos=^68 vwap=above ema=bull rs=+0.6% adx=26 body=47% ramp=24.5x rangeATR=6.2 ⚡ 🔊 O439.94 H444.45 L438.72 C442.64 ATR=18.93 SL=440.75/439.8 rawVol=406738 volSMA=25982 buf=0.947 prices=441.33
2025-10-27T09:35:00.000-04:00,[KLB] 9:35 ▲ ◆ ◆¹ PM H 16.5x ^97 vol= pos= vwap=above ema=bull rs=+0.6% adx=26 body=47% ramp=24.5x rangeATR=6.2 ⚡ 🔊 O439.94 H444.45 L438.72 C442.64 ATR=18.93 SL=440.75/439.8 rawVol=406738 volSMA=25982 buf=0.947 prices=
2025-10-27T09:40:00.000-04:00,[KLB] 9:40 ▲ BRK ORB H vol=9x pos=^97 vwap=above ema=bull rs=+1.2% adx=29 body=55% ramp=53x rangeATR=4.3 ⚡ 🔊 O442.64 H445.68 L440.46 C445.5 ATR=18.93 SL=443.61/442.66 rawVol=428390 volSMA=47348 buf=0.947 prices=444.45
2025-10-27T09:40:00.000-04:00,[KLB] 9:40 ▲ ~ ~ VWAP vol=9x pos=^97 vwap=above ema=bull rs=+1.2% adx=29 body=55% ramp=53x rangeATR=4.3 ⚡ 🔊 O442.64 H445.68 L440.46 C445.5 ATR=18.93 SL=443.61/442.66 rawVol=428390 volSMA=47348 buf=0.947 prices=
2025-10-27T09:40:00.000-04:00,[KLB] CONF 9:40 ▲ BRK → ✓ (auto-promote)
2025-10-27T09:40:00.000-04:00,[KLB] CONF 9:40 ▲ QBS/MC → ✓ (auto-promote)
2025-10-27T09:40:00.000-04:00,[KLB] 9:40 ▲ ◆ ◆¹ ORB H 5.6x ^19 vol= pos= vwap=above ema=bull rs=+1.2% adx=29 body=55% ramp=53x rangeATR=4.3 ⚡ 🔊 O442.64 H445.68 L440.46 C445.5 ATR=18.93 SL=443.61/442.66 rawVol=428390 volSMA=47348 buf=0.947 prices=
2025-10-27T09:45:00.000-04:00,[KLB] 9:45 ▼ 🔊 MC ramp=52.2x vol=4.4x pos=v81 vwap=above ema=bull adx=32 body=41% rangeATR=2.4 ⚡ O445.54 H446.84 L443.56 C444.19 ATR=18.93
2025-10-27T09:45:00.000-04:00,[KLB] 5m CHECK 9:45 ▲ pnl=-0.07 → BAIL
2025-10-27T09:45:00.000-04:00,[KLB] CONF 9:45 ▲ BRK → ✗ (failed)
2025-10-27T09:50:00.000-04:00,[KLB] CONF 9:50 ▼ QBS/MC → ✓ (auto-promote)
2025-10-27T09:55:00.000-04:00,[KLB] 5m CHECK 9:55 ▼ pnl=-0.03 → BAIL
2025-10-27T10:00:00.000-04:00,[KLB] 10:00 ▲ 🔇 QBS ramp=0.4x vol=2.2x pos=^85 vwap=above ema=bull adx=39 body=58% rangeATR=2.1 ⚡ O444.1 H446.51 L443.2 C446.02 ATR=18.93
2025-10-27T10:00:00.000-04:00,[KLB] 10:00 ▲ BRK ORB H vol=2.2x pos=^85 vwap=above ema=bull rs=+1.3% adx=39 body=58% ramp=0.4x rangeATR=2.1 ⚡ 🔇 O444.1 H446.51 L443.2 C446.02 ATR=18.93 SL=444.13/443.18 rawVol=182135 volSMA=83334 buf=0.947 prices=444.45
2025-10-27T10:05:00.000-04:00,[KLB] CONF 10:05 ▲ QBS/MC → ✓ (auto-promote)
2025-10-27T10:10:00.000-04:00,[KLB] 5m CHECK 10:10 ▲ pnl=0.08 → HOLD
2025-10-27T11:20:00.000-04:00,[KLB] 11:20 ▲ BRK Yest H + Week H vol=2.4x pos=^86 vwap=above ema=bull rs=+3% adx=54 body=77% ramp=2.9x rangeATR=2.4 ⚡ O449.83 H454.17 L449.41 C453.51 ATR=18.93 SL=451.62/450.67 rawVol=379578 volSMA=156455 buf=0.947 prices=451.68/451.68
2025-10-27T11:20:00.000-04:00,[KLB] CONF 11:20 ▲ BRK → ✓ (auto-promote)
2025-10-27T11:25:00.000-04:00,[KLB] 5m CHECK 11:25 ▲ pnl=0.05 → HOLD
2025-10-27T15:15:00.000-04:00,[KLB] CONF 15:15 ▲ BRK → ✗ (failed)
2025-10-27T15:20:00.000-04:00,[KLB] 15:20 ▼ ~~ ~~ Week H vol=3.1x pos=v77 vwap=below ema=bull rs=+2.2% adx=31 body=77% ramp=1.7x rangeATR=3 ⚡ O454.56 H454.56 L449.47 C450.66 ATR=18.93 SL=452.55/453.5 rawVol=356678 volSMA=114206 buf=0.947 prices=451.68
2025-10-27T15:25:00.000-04:00,[KLB] 15:25 ▼ ~ ~ VWAP vol=2.9x pos=v41 vwap=below ema=bull rs=+2% adx=33 body=40% ramp=2.2x rangeATR=1.6 O450.66 H450.68 L447.8 C449.5 ATR=18.93 SL=451.39/452.34 rawVol=302135 volSMA=123909 buf=0.947 prices=
2025-10-27T15:45:00.000-04:00,[KLB] 15:45 ▼ ~~ ~~ Week H vol=0.7x pos=v93 vwap=below ema=bear rs=+1.9% adx=37 body=80% ramp=0.4x rangeATR=1.3 ⚠ 🔇 O451.49 H451.8 L449.4 C449.57 ATR=18.93 SL=451.46/452.41 rawVol=93368 volSMA=133155 buf=0.947 prices=451.68
2025-10-28T09:35:00.000-04:00,[KLB] 9:35 ▼ 🔊 MC ramp=15.1x vol=13.3x pos=v75 vwap=below ema=bull adx=26 body=73% rangeATR=3.8 ⚡ O454.78 H454.84 L451.62 C452.44 ATR=19.47
2025-10-28T09:35:00.000-04:00,[KLB] 9:35 ▼ ~ ~ VWAP vol=13.3x pos=v75 vwap=below ema=bull rs=-0.5% adx=26 body=73% ramp=15.1x rangeATR=3.8 ⚡ 🔊 O454.78 H454.84 L451.62 C452.44 ATR=19.47 SL=454.39/455.36 rawVol=248695 volSMA=18688 buf=0.973 prices=
2025-10-28T09:40:00.000-04:00,[KLB] 9:40 ▲ 🔊 MC ramp=28.2x vol=7.9x pos=^90 vwap=above ema=bull adx=24 body=81% rangeATR=5.3 ⚡ O452.39 H458.5 L451.83 C457.81 ATR=19.47
2025-10-28T09:40:00.000-04:00,[KLB] 9:40 ▲ BRK Week H + ORB H vol=7.9x pos=^90 vwap=above ema=bull rs=+0.8% adx=24 body=81% ramp=28.2x rangeATR=5.3 ⚡ ⚠ 🔊 O452.39 H458.5 L451.83 C457.81 ATR=19.47 SL=455.86/454.89 rawVol=238380 volSMA=30325 buf=0.973 prices=451.68/454.84
2025-10-28T09:40:00.000-04:00,"[KLB] 9:40 ▲ ~ ~ ORB L
~ VWAP vol=7.9x pos=^90 vwap=above ema=bull rs=+0.8% adx=24 body=81% ramp=28.2x rangeATR=5.3 ⚡ ⚠ 🔊 O452.39 H458.5 L451.83 C457.81 ATR=19.47 SL=455.86/454.89 rawVol=238380 volSMA=30325 buf=0.973 prices=451.62"
2025-10-28T09:45:00.000-04:00,[KLB] 9:45 ▲ BRK PM H + Yest H vol=6.5x pos=^84 vwap=above ema=bull rs=+1.4% adx=24 body=48% ramp=40.8x rangeATR=3.6 ⚡ 🔊 O457.79 H461.38 L455.8 C460.46 ATR=19.47 SL=458.51/457.54 rawVol=288409 volSMA=44430 buf=0.973 prices=457.8/460.16
2025-10-28T09:45:00.000-04:00,[KLB] CONF 9:45 ▲ BRK → ✓★ (auto-promote)
2025-10-28T09:45:00.000-04:00,[KLB] CONF 9:45 ▲ QBS/MC → ✓★ (auto-promote)
2025-10-28T09:45:00.000-04:00,[KLB] 9:45 ▲ ◆ ◆¹ PM H 3.4x ^22 vol= pos= vwap=above ema=bull rs=+1.4% adx=24 body=48% ramp=40.8x rangeATR=3.6 ⚡ 🔊 O457.79 H461.38 L455.8 C460.46 ATR=19.47 SL=458.51/457.54 rawVol=288409 volSMA=44430 buf=0.973 prices=
2025-10-28T09:50:00.000-04:00,[KLB] 5m CHECK 9:50 ▲ pnl=-0.13 → BAIL
2025-10-28T09:50:00.000-04:00,[KLB] CONF 9:50 ▲ BRK → ✗ (failed)
2025-10-28T09:55:00.000-04:00,[KLB] 9:55 ▼ ~~ ~~ PM H vol=2.6x pos=v79 vwap=below ema=bull rs=+0.5% adx=23 body=68% ramp=1.2x rangeATR=1.9 O458.06 H458.43 L455.04 C455.76 ATR=19.47 SL=457.71/458.68 rawVol=139050 volSMA=58638 buf=0.973 prices=457.8
2025-10-28T10:05:00.000-04:00,[KLB] 10:05 ▲ BRK PM H vol=2.2x pos=^100 vwap=above ema=bull rs=+1.3% adx=21 body=89% ramp=0.6x rangeATR=0.9 ⚠ O458.35 H459.78 L458.18 C459.78 ATR=19.47 SL=457.83/456.86 rawVol=160435 volSMA=71956 buf=0.973 prices=457.8
2025-10-28T10:10:00.000-04:00,[KLB] 10:10 ▲ BRK Yest H vol=3.6x pos=^93 vwap=above ema=bull rs=+1.9% adx=22 body=81% ramp=1x rangeATR=1.7 ⚠ O459.61 H462.64 L459.2 C462.39 ATR=19.47 SL=460.44/459.47 rawVol=309842 volSMA=87231 buf=0.973 prices=460.16
2025-10-28T10:10:00.000-04:00,[KLB] CONF 10:10 ▲ BRK → ✓ (auto-promote)
2025-10-28T10:10:00.000-04:00,[KLB] 10:10 ▲ ◆ ◆¹ Yest H 2.9x ^58 vol= pos= vwap=above ema=bull rs=+1.9% adx=22 body=81% ramp=1x rangeATR=1.7 ⚠ O459.61 H462.64 L459.2 C462.39 ATR=19.47 SL=460.44/459.47 rawVol=309842 volSMA=87231 buf=0.973 prices=
2025-10-28T10:15:00.000-04:00,[KLB] 5m CHECK 10:15 ▲ pnl=-0.01 → BAIL
2025-10-28T15:45:00.000-04:00,[KLB] CONF 15:45 ▲ BRK → ✗ (failed)
2025-10-29T09:40:00.000-04:00,[KLB] 9:40 ▼ 🔊 MC ramp=27.9x vol=9.4x pos=v84 vwap=below ema=bear adx=26 body=83% rangeATR=5 ⚡ O462.93 H462.96 L457.98 C458.78 ATR=19.18
2025-10-29T09:40:00.000-04:00,[KLB] 9:40 ▼ BRK PM L + ORB L vol=9.4x pos=v84 vwap=below ema=bear rs=-0.8% adx=26 body=83% ramp=27.9x rangeATR=5 ⚡ ⚠ 🔊 O462.93 H462.96 L457.98 C458.78 ATR=19.18 SL=460.7/461.66 rawVol=289835 volSMA=30745 buf=0.959 prices=461.78/461.4
2025-10-29T09:40:00.000-04:00,"[KLB] 9:40 ▼ ~ ~ Yest H
~ VWAP vol=9.4x pos=v84 vwap=below ema=bear rs=-0.8% adx=26 body=83% ramp=27.9x rangeATR=5 ⚡ ⚠ 🔊 O462.93 H462.96 L457.98 C458.78 ATR=19.18 SL=460.7/461.66 rawVol=289835 volSMA=30745 buf=0.959 prices=467"
2025-10-29T09:40:00.000-04:00,[KLB] 9:40 ▼ ◆ ◆¹ ORB L 4.6x v9 vol= pos= vwap=below ema=bear rs=-0.8% adx=26 body=83% ramp=27.9x rangeATR=5 ⚡ ⚠ 🔊 O462.93 H462.96 L457.98 C458.78 ATR=19.18 SL=460.7/461.66 rawVol=289835 volSMA=30745 buf=0.959 prices=
2025-10-29T09:45:00.000-04:00,[KLB] 9:45 ▲ 🔊 MC ramp=14.1x vol=3.8x pos=^91 vwap=below ema=bear adx=28 body=74% rangeATR=2.6 ⚡ O458.7 H461.2 L458.2 C460.93 ATR=19.18
2025-10-29T09:45:00.000-04:00,[KLB] CONF 9:45 ▼ BRK → ✗ (failed)
2025-10-29T09:50:00.000-04:00,[KLB] 9:50 ▲ ~~ ~~ PM L + ~~ ORB L vol=5.3x pos=^68 vwap=above ema=bear rs=0% adx=28 body=55% ramp=3.5x rangeATR=2.3 ⚡ O460.88 H463.4 L460.53 C462.47 ATR=19.18 SL=460.55/459.59 rawVol=266200 volSMA=50240 buf=0.959 prices=461.78/461.4
2025-10-29T09:50:00.000-04:00,[KLB] CONF 9:50 ▲ QBS/MC → ✓ (auto-promote)
2025-10-29T09:55:00.000-04:00,[KLB] 9:55 ▲ ~~ ~~ PM L + ~~ ORB L vol=4.7x pos=^86 vwap=above ema=bear rs=+0.1% adx=27 body=36% ramp=1.1x rangeATR=2 O462.48 H463.85 L461.15 C463.46 ATR=19.18 SL=461.54/460.58 rawVol=137615 volSMA=56728 buf=0.959 prices=461.78/461.4
2025-10-29T09:55:00.000-04:00,[KLB] 5m CHECK 9:55 ▲ pnl=0.05 → HOLD
2025-10-29T10:25:00.000-04:00,[KLB] 10:25 ▼ ~ ~ ORB H vol=1.1x pos=v95 vwap=below ema=bear rs=-0.3% adx=21 body=93% ramp=0.7x rangeATR=2 ⚠ O464.1 H464.14 L461.01 C461.18 ATR=19.18 SL=463.1/464.06 rawVol=98934 volSMA=87452 buf=0.959 prices=464.15
2025-10-29T10:45:00.000-04:00,[KLB] 10:45 ▼ ~ ~ Yest H vol=1.2x pos=v71 vwap=below ema=bear rs=-0.6% adx=23 body=66% ramp=0.9x rangeATR=1.6 O461.21 H461.35 L458.79 C459.53 ATR=19.18 SL=461.45/462.41 rawVol=125540 volSMA=103827 buf=0.959 prices=467
2025-10-29T13:20:00.000-04:00,[KLB] 13:20 ▼ ~ ~ Yest H vol=1.4x pos=v90 vwap=below ema=bear rs=-0.4% adx=22 body=90% ramp=1.3x rangeATR=0.5 ⚠ O460.82 H460.82 L460.24 C460.3 ATR=19.18 SL=462.22/463.18 rawVol=38145 volSMA=41816 buf=0.959 prices=467
2025-10-29T13:25:00.000-04:00,[KLB] 13:25 ▼ ~ ~ Yest H vol=1x pos=v82 vwap=below ema=bear rs=-0.5% adx=21 body=52% ramp=1.2x rangeATR=1.1 O460.34 H460.68 L459.56 C459.76 ATR=19.18 SL=461.68/462.64 rawVol=43860 volSMA=42473 buf=0.959 prices=467
2025-10-29T14:40:00.000-04:00,[KLB] 14:40 ▼ ~ ~ Yest H vol=4.1x pos=v100 vwap=below ema=bear rs=-1% adx=20 body=98% ramp=2.3x rangeATR=4.1 ⚡ ⚠ O461.18 H461.32 L454.36 C454.37 ATR=19.18 SL=456.29/457.25 rawVol=252845 volSMA=62356 buf=0.959 prices=467
2025-10-30T09:40:00.000-04:00,[KLB] 9:40 ▼ 🔊 MC ramp=6.3x vol=4.9x pos=v72 vwap=below ema=bear adx=51 body=47% rangeATR=3 ⚡ O452.59 H453.72 L449.12 C450.43 ATR=18.74
2025-10-30T09:40:00.000-04:00,"[KLB] 9:40 ▼ ~ ~ Week H
~ VWAP vol=4.9x pos=v72 vwap=below ema=bear rs=+0.2% adx=51 body=47% ramp=6.3x rangeATR=3 ⚡ 🔊 O452.59 H453.72 L449.12 C450.43 ATR=18.74 SL=452.3/453.24 rawVol=166076 volSMA=33661 buf=0.937 prices=451.68"
2025-10-30T09:45:00.000-04:00,[KLB] CONF 9:45 ▼ QBS/MC → ✗ (failed)
2025-10-30T09:50:00.000-04:00,[KLB] 9:50 ▲ ~ ~ PM L vol=3.3x pos=^60 vwap=above ema=bear rs=+0.5% adx=47 body=53% ramp=1.7x rangeATR=2.4 ⚡ O451.02 H455.07 L450.71 C453.33 ATR=18.74 SL=451.46/450.52 rawVol=165038 volSMA=49607 buf=0.937 prices=450.33
2025-10-30T10:00:00.000-04:00,[KLB] 10:00 ▼ BRK Yest L vol=1.9x pos=v65 vwap=below ema=bear rs=0% adx=42 body=55% ramp=0.6x rangeATR=1.5 O453.17 H453.46 L450.6 C451.59 ATR=18.74 SL=453.46/454.4 rawVol=90515 volSMA=59138 buf=0.937 prices=452.65
2025-10-30T10:00:00.000-04:00,[KLB] 10:00 ▼ ◆ ◆¹ Yest L 3.1x v95 vol= pos= vwap=below ema=bear rs=0% adx=42 body=55% ramp=0.6x rangeATR=1.5 O453.17 H453.46 L450.6 C451.59 ATR=18.74 SL=453.46/454.4 rawVol=90515 volSMA=59138 buf=0.937 prices=
2025-10-30T10:05:00.000-04:00,[KLB] 10:05 ▼ BRK PM L vol=2.7x pos=v95 vwap=below ema=bear rs=-0.6% adx=41 body=68% ramp=0.8x rangeATR=2.2 ⚡ O451.69 H452.94 L448.43 C448.64 ATR=18.74 SL=450.51/451.45 rawVol=186063 volSMA=68289 buf=0.937 prices=450.33
2025-10-30T10:05:00.000-04:00,[KLB] 10:05 ▼ ~ ~ Week H vol=2.7x pos=v95 vwap=below ema=bear rs=-0.6% adx=41 body=68% ramp=0.8x rangeATR=2.2 ⚡ O451.69 H452.94 L448.43 C448.64 ATR=18.74 SL=450.51/451.45 rawVol=186063 volSMA=68289 buf=0.937 prices=451.68
2025-10-30T10:05:00.000-04:00,[KLB] CONF 10:05 ▼ BRK → ✓ (auto-promote)
2025-10-30T10:05:00.000-04:00,[KLB] 10:05 ▼ ◆ ◆¹ PM L 2.1x v84 vol= pos= vwap=below ema=bear rs=-0.6% adx=41 body=68% ramp=0.8x rangeATR=2.2 ⚡ O451.69 H452.94 L448.43 C448.64 ATR=18.74 SL=450.51/451.45 rawVol=186063 volSMA=68289 buf=0.937 prices=
2025-10-30T10:10:00.000-04:00,[KLB] 5m CHECK 10:10 ▼ pnl=0.01 → BAIL
2025-10-31T09:55:00.000-04:00,[KLB] 9:55 ▲ ~ ~ ORB L vol=2.3x pos=^86 vwap=above ema=bull rs=+0.7% adx=25 body=42% ramp=0.9x rangeATR=2.2 ⚡ O447.73 H449.24 L446.55 C448.86 ATR=18.97 SL=446.96/446.01 rawVol=115834 volSMA=50465 buf=0.948 prices=446.41
2025-10-31T10:10:00.000-04:00,[KLB] 10:10 ▲ BRK Week H + ORB H vol=2.6x pos=^78 vwap=above ema=bull rs=+1.4% adx=30 body=71% ramp=1.3x rangeATR=2.4 ⚡ O449.39 H452.66 L449.13 C451.89 ATR=18.97 SL=449.99/449.04 rawVol=197647 volSMA=76905 buf=0.948 prices=451.68/449.75
2025-10-31T10:10:00.000-04:00,[KLB] 10:10 ▲ ~ ~ VWAP vol=2.6x pos=^78 vwap=above ema=bull rs=+1.4% adx=30 body=71% ramp=1.3x rangeATR=2.4 ⚡ O449.39 H452.66 L449.13 C451.89 ATR=18.97 SL=449.99/449.04 rawVol=197647 volSMA=76905 buf=0.948 prices=
2025-10-31T10:10:00.000-04:00,[KLB] 10:10 ▲ ◆ ◆¹ Week H 1.4x ^29 vol= pos= vwap=above ema=bull rs=+1.4% adx=30 body=71% ramp=1.3x rangeATR=2.4 ⚡ O449.39 H452.66 L449.13 C451.89 ATR=18.97 SL=449.99/449.04 rawVol=197647 volSMA=76905 buf=0.948 prices=
2025-10-31T12:15:00.000-04:00,[KLB] CONF 12:15 ▲ BRK → ✗ (failed)
2025-10-31T12:20:00.000-04:00,[KLB] 12:20 ▼ ~~ ~ Yest H + ~~ Week H vol=0.7x pos=v80 vwap=below ema=bull rs=+1.6% adx=33 body=78% ramp=0.7x rangeATR=1.1 O452.17 H452.2 L450.51 C450.85 ATR=18.97 SL=452.75/453.7 rawVol=66284 volSMA=90753 buf=0.948 prices=455.06/451.68
2025-10-31T12:55:00.000-04:00,"[KLB] 12:55 ▼ ~~ ~ Yest H + ~~ Week H
~ VWAP vol=0.8x pos=v90 vwap=below ema=bull rs=+1.4% adx=26 body=90% ramp=1.1x rangeATR=1 ⚠ O451.45 H451.45 L450.02 C450.17 ATR=18.97 SL=452.07/453.02 rawVol=65441 volSMA=82502 buf=0.948 prices=455.06/451.68"
2025-10-31T13:05:00.000-04:00,[KLB] 13:05 ▼ ~~ ~~ ORB H vol=1.7x pos=v88 vwap=below ema=bull rs=+1% adx=28 body=81% ramp=1.7x rangeATR=1 ⚠ O449.3 H449.42 L447.81 C448 ATR=18.97 SL=449.9/450.85 rawVol=104479 volSMA=85452 buf=0.948 prices=449.75
2025-10-31T13:15:00.000-04:00,[KLB] 13:15 ▼ ~~ ~~ PM H vol=1.4x pos=v82 vwap=below ema=bear rs=+0.6% adx=32 body=80% ramp=1.3x rangeATR=1.5 ⚠ O447.95 H447.99 L445.64 C446.07 ATR=18.97 SL=447.97/448.92 rawVol=125378 volSMA=89745 buf=0.948 prices=447.3
2025-10-31T13:20:00.000-04:00,[KLB] 13:20 ▼ ~~ ~~ PM H vol=1.4x pos=v81 vwap=below ema=bear rs=+0.5% adx=34 body=35% ramp=1.2x rangeATR=1.3 O446.01 H447.02 L444.85 C445.26 ATR=18.97 SL=447.16/448.11 rawVol=116332 volSMA=90418 buf=0.948 prices=447.3
2025-11-03T09:30:00.000-05:00,[KLB] 9:30 ▲ 🔇 QBS ramp=0.4x vol=0.8x pos=^96 vwap=below ema=bear adx=35 body=62% rangeATR=2.4 ⚡ O454.69 H456 L454.02 C455.92 ATR=18.89
2025-11-03T09:35:00.000-05:00,[KLB] CONF 9:35 ▲ QBS/MC → ✓ (auto-promote)
2025-11-03T09:40:00.000-05:00,[KLB] 9:40 ▲ 🔊 MC ramp=46.2x vol=9.3x pos=^90 vwap=above ema=bear adx=37 body=87% rangeATR=5.4 ⚡ O456.13 H464.3 L455.85 C463.46 ATR=18.89
2025-11-03T09:40:00.000-05:00,[KLB] 9:40 ▲ ~ ~ VWAP vol=9.3x pos=^90 vwap=above ema=bear rs=+1.9% adx=37 body=87% ramp=46.2x rangeATR=5.4 ⚡ ⚠ 🔊 O456.13 H464.3 L455.85 C463.46 ATR=18.89 SL=461.57/460.63 rawVol=340487 volSMA=36473 buf=0.945 prices=
2025-11-03T09:40:00.000-05:00,[KLB] 5m CHECK 9:40 ▲ pnl=0.38 → HOLD
2025-11-03T09:45:00.000-05:00,[KLB] CONF 9:45 ▲ QBS/MC → ✓★ (auto-promote)
2025-11-03T09:50:00.000-05:00,[KLB] 9:50 ▲ BRK Week H vol=6.7x pos=^84 vwap=above ema=bull rs=+3% adx=41 body=84% ramp=3.8x rangeATR=2.7 ⚡ ⚠ O463.6 H468.86 L463.6 C468 ATR=18.89 SL=466.11/465.17 rawVol=452251 volSMA=67622 buf=0.945 prices=467
2025-11-03T09:50:00.000-05:00,[KLB] 5m CHECK 9:50 ▲ pnl=0.23 → HOLD
2025-11-03T09:50:00.000-05:00,[KLB] 9:50 ▲ ◆ ◆¹ Week H 7x ^72 vol= pos= vwap=above ema=bull rs=+3% adx=41 body=84% ramp=3.8x rangeATR=2.7 ⚡ ⚠ O463.6 H468.86 L463.6 C468 ATR=18.89 SL=466.11/465.17 rawVol=452251 volSMA=67622 buf=0.945 prices=
2025-11-03T11:45:00.000-05:00,[KLB] CONF 11:45 ▲ BRK → ✗ (failed)
2025-11-03T11:50:00.000-05:00,[KLB] 11:50 ▼ ~~ ~~ Week H vol=1.2x pos=v82 vwap=below ema=bull rs=+2.7% adx=40 body=54% ramp=1.1x rangeATR=1.8 O468.41 H469.6 L465.33 C466.11 ATR=18.89 SL=468/468.94 rawVol=133409 volSMA=113726 buf=0.945 prices=467
2025-11-04T09:35:00.000-05:00,[KLB] 9:35 ▼ 🔊 MC ramp=19.7x vol=12.2x pos=v91 vwap=below ema=bear adx=41 body=76% rangeATR=4.8 ⚡ O454.37 H455.33 L448.8 C449.42 ATR=18.99
2025-11-04T09:35:00.000-05:00,[KLB] 9:35 ▼ BRK PM L + Yest L vol=12.2x pos=v91 vwap=below ema=bear rs=-0.9% adx=41 body=76% ramp=19.7x rangeATR=4.8 ⚡ 🔊 O454.37 H455.33 L448.8 C449.42 ATR=18.99 SL=451.32/452.27 rawVol=383142 volSMA=31332 buf=0.949 prices=452.41/453.8
2025-11-04T09:35:00.000-05:00,[KLB] 9:35 ▼ ~ ~ VWAP vol=12.2x pos=v91 vwap=below ema=bear rs=-0.9% adx=41 body=76% ramp=19.7x rangeATR=4.8 ⚡ 🔊 O454.37 H455.33 L448.8 C449.42 ATR=18.99 SL=451.32/452.27 rawVol=383142 volSMA=31332 buf=0.949 prices=
2025-11-04T09:40:00.000-05:00,[KLB] 9:40 ▲ 🔊 MC ramp=31.2x vol=7.4x pos=^94 vwap=below ema=bear adx=43 body=49% rangeATR=2.5 ⚡ O449.38 H451.5 L447.7 C451.26 ATR=18.99
2025-11-04T09:40:00.000-05:00,[KLB] 9:40 ▼ ◆ ◆² PM L 4.3x v6 vol= pos= vwap=below ema=bear rs=-0.6% adx=43 body=49% ramp=31.2x rangeATR=2.5 ⚡ 🔊 O449.38 H451.5 L447.7 C451.26 ATR=18.99 SL=453.16/454.11 rawVol=360509 volSMA=49044 buf=0.949 prices=
2025-11-04T09:45:00.000-05:00,[KLB] CONF 9:45 ▲ QBS/MC → ✓★ (auto-promote)
2025-11-04T09:45:00.000-05:00,[KLB] CONF 9:45 ▼ BRK → ✗ (failed)
2025-11-04T09:50:00.000-05:00,[KLB] 5m CHECK 9:50 ▲ pnl=0.01 → BAIL
2025-11-04T09:55:00.000-05:00,"[KLB] 9:55 ▲ ~~ ~~ PM L + ~~ Yest L
~ VWAP vol=3.1x pos=^93 vwap=above ema=bear rs=+0.2% adx=40 body=88% ramp=0.9x rangeATR=2.2 ⚡ ⚠ O453.1 H457.01 L452.87 C456.74 ATR=18.99 SL=454.84/453.89 rawVol=250151 volSMA=80630 buf=0.949 prices=452.41/453.8"
2025-11-04T10:15:00.000-05:00,[KLB] 10:15 ▲ ~~ ~~ Yest L vol=1.2x pos=^82 vwap=above ema=bear rs=+0.6% adx=31 body=78% ramp=0.6x rangeATR=1.8 O456 H459.56 L455.82 C458.9 ATR=18.99 SL=457/456.05 rawVol=130546 volSMA=105949 buf=0.949 prices=453.8
2025-11-04T10:55:00.000-05:00,[KLB] 10:55 ▼ ~ ~ ORB H vol=1x pos=v85 vwap=below ema=bear rs=-0.4% adx=21 body=77% ramp=1.6x rangeATR=1.3 O455.9 H456.1 L453.68 C454.04 ATR=18.99 SL=455.94/456.89 rawVol=127648 volSMA=131298 buf=0.949 prices=455.33
2025-11-04T11:10:00.000-05:00,[KLB] 11:10 ▼ ~ ~ ORB H vol=0.6x pos=v81 vwap=below ema=bear rs=-0.7% adx=21 body=75% ramp=1.1x rangeATR=1.3 O454.64 H454.78 L452.34 C452.8 ATR=18.99 SL=454.7/455.65 rawVol=90781 volSMA=143964 buf=0.949 prices=455.33
2025-11-04T13:20:00.000-05:00,[KLB] 13:20 ▼ BRK ORB L vol=2.3x pos=v86 vwap=below ema=bear rs=-1.5% adx=31 body=77% ramp=2.1x rangeATR=1.9 O449.37 H449.67 L446.5 C446.93 ATR=18.99 SL=448.83/449.78 rawVol=151783 volSMA=66104 buf=0.949 prices=448.8
2025-11-04T13:20:00.000-05:00,[KLB] 13:20 ▼ ◆ ◆¹ ORB L 2.2x v24 vol= pos= vwap=below ema=bear rs=-1.5% adx=31 body=77% ramp=2.1x rangeATR=1.9 O449.37 H449.67 L446.5 C446.93 ATR=18.99 SL=448.83/449.78 rawVol=151783 volSMA=66104 buf=0.949 prices=
2025-11-04T13:50:00.000-05:00,[KLB] CONF 13:50 ▼ BRK → ✗ (failed)
2025-11-05T09:30:00.000-05:00,[KLB] 9:30 ▲ ~ ~ VWAP vol=2.3x pos=^98 vwap=above ema=bull rs=0% adx=34 body=98% ramp=1.2x rangeATR=2.7 ⚡ ⚠ O450.01 H452.1 L450 C452.06 ATR=19.4 SL=450.12/449.15 rawVol=22214 volSMA=9710 buf=0.97 prices=
2025-11-05T09:35:00.000-05:00,[KLB] 9:35 ▼ 🔊 MC ramp=14.5x vol=12x pos=v92 vwap=below ema=bull adx=36 body=51% rangeATR=6.4 ⚡ O452.05 H455.4 L447.03 C447.74 ATR=19.4
2025-11-05T09:35:00.000-05:00,[KLB] 9:35 ▼ ~ ~ PM H + ~ Yest H vol=12x pos=v92 vwap=below ema=bull rs=-0.9% adx=36 body=51% ramp=14.5x rangeATR=6.4 ⚡ 🔊 O452.05 H455.4 L447.03 C447.74 ATR=19.4 SL=449.68/450.65 rawVol=281807 volSMA=23486 buf=0.97 prices=452.1/460.22
2025-11-05T09:40:00.000-05:00,[KLB] CONF 9:40 ▼ QBS/MC → ✓★ (auto-promote)
2025-11-05T09:45:00.000-05:00,[KLB] 9:45 ▼ ~ ~ VWAP vol=5.1x pos=v83 vwap=below ema=bull rs=-1.5% adx=35 body=55% ramp=20.5x rangeATR=2.1 ⚡ 🔊 O446.64 H447.58 L444.28 C444.84 ATR=19.4 SL=446.78/447.75 rawVol=146079 volSMA=40002 buf=0.97 prices=
2025-11-05T09:45:00.000-05:00,[KLB] 5m CHECK 9:45 ▼ pnl=0.1 → HOLD
2025-11-05T10:05:00.000-05:00,[KLB] 10:05 ▼ BRK PM L + Yest L + ORB L vol=2.9x pos=v89 vwap=below ema=bear rs=-2.4% adx=33 body=88% ramp=0.9x rangeATR=2.9 ⚡ ⚠ O447.75 H447.85 L441.78 C442.43 ATR=19.4 SL=444.37/445.34 rawVol=192024 volSMA=67099 buf=0.97 prices=445.32/443.6/447.03
2025-11-05T10:05:00.000-05:00,"[KLB] 10:05 ▼ ◆ ◆¹ PM L 3.5x v56
◆¹ Yest L 3.5x v56 vol= pos= vwap=below ema=bear rs=-2.4% adx=33 body=88% ramp=0.9x rangeATR=2.9 ⚡ ⚠ O447.75 H447.85 L441.78 C442.43 ATR=19.4 SL=444.37/445.34 rawVol=192024 volSMA=67099 buf=0.97 prices="
2025-11-05T10:10:00.000-05:00,[KLB] CONF 10:10 ▼ BRK → ✗ (failed)
2025-11-05T10:55:00.000-05:00,[KLB] 10:55 ▲ ~~ ~~ PM L vol=0.8x pos=^99 vwap=above ema=bear rs=-1.5% adx=23 body=76% ramp=1x rangeATR=0.8 O445.57 H447.02 L445.15 C447 ATR=19.4 SL=445.06/444.09 rawVol=67475 volSMA=114792 buf=0.97 prices=445.32
2025-11-05T11:25:00.000-05:00,[KLB] 11:25 ▲ ~~ ~~ ORB L vol=1.2x pos=^91 vwap=above ema=bear rs=-0.9% adx=21 body=82% ramp=1.2x rangeATR=1.6 ⚠ O446.96 H450.27 L446.63 C449.93 ATR=19.4 SL=447.99/447.02 rawVol=118749 volSMA=102480 buf=0.97 prices=447.03
2025-11-05T13:20:00.000-05:00,[KLB] 13:20 ▲ BRK ORB H vol=1.9x pos=^94 vwap=above ema=bull rs=+0.3% adx=44 body=82% ramp=2x rangeATR=1.4 ⚠ O455.5 H457.2 L455.27 C457.08 ATR=19.4 SL=455.14/454.17 rawVol=103273 volSMA=55382 buf=0.97 prices=455.4
2025-11-05T13:55:00.000-05:00,[KLB] 13:55 ▲ BRK Yest H vol=1.9x pos=^94 vwap=above ema=bull rs=+1.3% adx=56 body=92% ramp=1.4x rangeATR=1.6 ⚠ O459.77 H462.08 L459.72 C461.95 ATR=19.4 SL=460.01/459.04 rawVol=129323 volSMA=68364 buf=0.97 prices=460.22
2025-11-05T13:55:00.000-05:00,[KLB] CONF 13:55 ▲ BRK → ✓ (auto-promote)
2025-11-05T14:00:00.000-05:00,[KLB] 5m CHECK 14:00 ▲ pnl=0.1 → HOLD
2025-11-05T14:10:00.000-05:00,[KLB] 14:10 ▲ ◆ ◆⁴ Yest H 1x ^17 vol= pos= vwap=above ema=bull rs=+1.4% adx=60 body=51% ramp=1.4x rangeATR=1.4 O462.77 H463.33 L460.98 C461.58 ATR=19.4 SL=459.64/458.67 rawVol=90713 volSMA=81689 buf=0.97 prices=
2025-11-06T09:30:00.000-05:00,[KLB] 9:30 ▲ 🔇 QBS ramp=0.4x vol=0.9x pos=^48 vwap=below ema=bear adx=26 body=45% rangeATR=2.3 ⚡ O461.09 H463.05 L461.04 C462 ATR=19.85
2025-11-06T09:35:00.000-05:00,[KLB] CONF 9:35 ▲ QBS/MC → ✗ (failed)
2025-11-06T09:45:00.000-05:00,[KLB] 9:45 ▲ 🔊 MC ramp=38.4x vol=6.1x pos=^92 vwap=above ema=bear adx=25 body=52% rangeATR=2.8 ⚡ O461.53 H464.39 L459.62 C463.99 ATR=19.85
2025-11-06T09:45:00.000-05:00,[KLB] 9:45 ▲ ~ ~ PM L vol=6.1x pos=^92 vwap=above ema=bear rs=+0.5% adx=25 body=52% ramp=38.4x rangeATR=2.8 ⚡ 🔊 O461.53 H464.39 L459.62 C463.99 ATR=19.85 SL=462.01/461.01 rawVol=250518 volSMA=41171 buf=0.992 prices=460.12
2025-11-06T09:50:00.000-05:00,[KLB] CONF 9:50 ▲ QBS/MC → ✗ (failed)
2025-11-06T09:55:00.000-05:00,"[KLB] 9:55 ▼ ~ ~ Yest H + ~ ORB H
~ VWAP vol=4.2x pos=v86 vwap=below ema=bear rs=-0.2% adx=23 body=64% ramp=1.5x rangeATR=1.8 O462.35 H463.15 L459.4 C459.94 ATR=19.85 SL=461.92/462.92 rawVol=162935 volSMA=61837 buf=0.992 prices=466.33/462.27"
2025-11-06T10:05:00.000-05:00,[KLB] 10:05 ▼ BRK ORB L vol=3.1x pos=v62 vwap=below ema=bear rs=-0.7% adx=23 body=61% ramp=0.7x rangeATR=2.3 ⚡ O459.51 H459.54 L454.25 C456.28 ATR=19.85 SL=458.26/459.26 rawVol=249648 volSMA=81041 buf=0.992 prices=457.87
2025-11-06T10:05:00.000-05:00,[KLB] 10:05 ▼ ◆ ◆¹ ORB L 2.8x v94 vol= pos= vwap=below ema=bear rs=-0.7% adx=23 body=61% ramp=0.7x rangeATR=2.3 ⚡ O459.51 H459.54 L454.25 C456.28 ATR=19.85 SL=458.26/459.26 rawVol=249648 volSMA=81041 buf=0.992 prices=
2025-11-07T09:35:00.000-05:00,[KLB] 9:35 ▼ 🔊 MC ramp=8.4x vol=11.2x pos=v79 vwap=below ema=bear adx=52 body=79% rangeATR=4.9 ⚡ O438 H438 L427.55 C429.79 ATR=20.74
2025-11-07T09:35:00.000-05:00,[KLB] 9:35 ▼ BRK PM L + Yest L + Week L vol=11.2x pos=v79 vwap=below ema=bear rs=-1.6% adx=52 body=79% ramp=8.4x rangeATR=4.9 ⚡ 🔊 O438 H438 L427.55 C429.79 ATR=20.74 SL=431.86/432.9 rawVol=570005 volSMA=50941 buf=1.037 prices=437.8/435.09/438.69
2025-11-07T09:35:00.000-05:00,[KLB] 9:35 ▼ ~ ~ VWAP vol=11.2x pos=v79 vwap=below ema=bear rs=-1.6% adx=52 body=79% ramp=8.4x rangeATR=4.9 ⚡ 🔊 O438 H438 L427.55 C429.79 ATR=20.74 SL=431.86/432.9 rawVol=570005 volSMA=50941 buf=1.037 prices=
2025-11-07T09:40:00.000-05:00,[KLB] 9:40 ▼ BRK ORB L vol=8.1x pos=v79 vwap=below ema=bear rs=-2.2% adx=54 body=54% ramp=12x rangeATR=2.9 ⚡ 🔊 O429.77 H431.55 L424.48 C425.93 ATR=20.74 SL=428/429.04 rawVol=410724 volSMA=70331 buf=1.037 prices=427.55
2025-11-07T09:40:00.000-05:00,[KLB] CONF 9:40 ▼ BRK → ✓ (auto-promote)
2025-11-07T09:40:00.000-05:00,[KLB] CONF 9:40 ▼ QBS/MC → ✓ (auto-promote)
2025-11-07T09:45:00.000-05:00,[KLB] 9:45 ▲ 🔊 MC ramp=16.7x vol=3.2x pos=^61 vwap=below ema=bear adx=56 body=44% rangeATR=2.4 ⚡ O425.98 H431.5 L424.8 C428.9 ATR=20.74
2025-11-07T09:45:00.000-05:00,[KLB] 5m CHECK 9:45 ▼ pnl=-0.14 → BAIL
2025-11-07T09:45:00.000-05:00,[KLB] 9:45 ▼ ◆ ◆² ORB L 2.5x v73 vol= pos= vwap=below ema=bear rs=-1.7% adx=56 body=44% ramp=16.7x rangeATR=2.4 ⚡ 🔊 O425.98 H431.5 L424.8 C428.9 ATR=20.74 SL=430.97/432.01 rawVol=260381 volSMA=81903 buf=1.037 prices=
2025-11-07T09:50:00.000-05:00,[KLB] 9:50 ▼ BRK ORB L vol=2.2x pos=v73 vwap=below ema=bear rs=-2.1% adx=59 body=51% ramp=1.4x rangeATR=1.6 O428.83 H429.85 L425.35 C426.55 ATR=20.74 SL=428.62/429.66 rawVol=201311 volSMA=90850 buf=1.037 prices=427.55
2025-11-07T09:50:00.000-05:00,[KLB] CONF 9:50 ▼ BRK → ✓ (auto-promote)
2025-11-07T09:50:00.000-05:00,[KLB] CONF 9:50 ▲ QBS/MC → ✗ (failed)
2025-11-07T09:55:00.000-05:00,[KLB] 5m CHECK 9:55 ▼ pnl=-0.13 → BAIL
2025-11-07T09:55:00.000-05:00,[KLB] CONF 9:55 ▼ BRK → ✗ (failed)
2025-11-10T09:35:00.000-05:00,[KLB] 9:35 ▼ 🔊 MC ramp=9.5x vol=13.5x pos=v86 vwap=below ema=bull adx=20 body=38% rangeATR=6.4 ⚡ O439.6 H443.38 L435.48 C436.61 ATR=20.98
2025-11-10T09:35:00.000-05:00,[KLB] 9:35 ▼ ~ ~ PM H + ~ Yest H vol=13.5x pos=v86 vwap=below ema=bull rs=-0.8% adx=20 body=38% ramp=9.5x rangeATR=6.4 ⚡ 🔊 O439.6 H443.38 L435.48 C436.61 ATR=20.98 SL=438.71/439.76 rawVol=295985 volSMA=21952 buf=1.049 prices=441.91/439.36
2025-11-10T09:40:00.000-05:00,[KLB] 9:40 ▼ BRK ORB L vol=8.4x pos=v60 vwap=below ema=bear rs=-1.3% adx=20 body=44% ramp=23.2x rangeATR=2.8 ⚡ 🔊 O436.72 H437.38 L433.36 C434.97 ATR=20.98 SL=437.07/438.12 rawVol=317731 volSMA=37672 buf=1.049 prices=435.48
2025-11-10T09:40:00.000-05:00,[KLB] 9:40 ▼ ~ ~ VWAP vol=8.4x pos=v60 vwap=below ema=bear rs=-1.3% adx=20 body=44% ramp=23.2x rangeATR=2.8 ⚡ 🔊 O436.72 H437.38 L433.36 C434.97 ATR=20.98 SL=437.07/438.12 rawVol=317731 volSMA=37672 buf=1.049 prices=
2025-11-10T09:40:00.000-05:00,[KLB] CONF 9:40 ▼ QBS/MC → ✓★ (auto-promote)
2025-11-10T09:45:00.000-05:00,[KLB] 9:45 ▲ 🔊 MC ramp=29.7x vol=4.4x pos=^93 vwap=above ema=bear adx=21 body=85% rangeATR=2.4 ⚡ O435 H438.61 L434.69 C438.32 ATR=20.98
2025-11-10T09:45:00.000-05:00,[KLB] 9:45 ▲ ~ ~ PM L + ~ ORB L vol=4.4x pos=^93 vwap=above ema=bear rs=-0.5% adx=21 body=85% ramp=29.7x rangeATR=2.4 ⚡ ⚠ 🔊 O435 H438.61 L434.69 C438.32 ATR=20.98 SL=436.22/435.17 rawVol=208360 volSMA=47538 buf=1.049 prices=437.26/435.48
2025-11-10T09:45:00.000-05:00,[KLB] 5m CHECK 9:45 ▼ pnl=-0.16 → BAIL
2025-11-10T09:45:00.000-05:00,[KLB] CONF 9:45 ▼ BRK → ✗ (failed)
2025-11-10T09:50:00.000-05:00,[KLB] 9:50 ▼ BRK PM L vol=2.6x pos=v56 vwap=below ema=bear rs=-0.8% adx=21 body=39% ramp=2.1x rangeATR=2.1 ⚡ O438.36 H438.96 L435.37 C436.96 ATR=20.98 SL=439.06/440.11 rawVol=138953 volSMA=53849 buf=1.049 prices=437.26
2025-11-10T09:50:00.000-05:00,[KLB] 9:50 ▼ ~ ~ Yest H vol=2.6x pos=v56 vwap=below ema=bear rs=-0.8% adx=21 body=39% ramp=2.1x rangeATR=2.1 ⚡ O438.36 H438.96 L435.37 C436.96 ATR=20.98 SL=439.06/440.11 rawVol=138953 volSMA=53849 buf=1.049 prices=439.36
2025-11-10T09:50:00.000-05:00,[KLB] CONF 9:50 ▲ QBS/MC → ✗ (failed)
2025-11-10T09:50:00.000-05:00,[KLB] 9:50 ▼ ◆ ◆¹ PM L 2x v31 vol= pos= vwap=below ema=bear rs=-0.8% adx=21 body=39% ramp=2.1x rangeATR=2.1 ⚡ O438.36 H438.96 L435.37 C436.96 ATR=20.98 SL=439.06/440.11 rawVol=138953 volSMA=53849 buf=1.049 prices=
2025-11-10T09:55:00.000-05:00,[KLB] CONF 9:55 ▼ BRK → ✗ (failed)
2025-11-10T10:00:00.000-05:00,[KLB] 10:00 ▲ 🔇 QBS ramp=0.5x vol=2x pos=^99 vwap=above ema=bear adx=23 body=69% rangeATR=2.1 ⚡ O436.56 H439.5 L435.29 C439.46 ATR=20.98
2025-11-10T10:00:00.000-05:00,[KLB] 10:00 ▲ ~~ ~~ PM L + ~~ ORB L vol=2x pos=^99 vwap=above ema=bear rs=-0.2% adx=23 body=69% ramp=0.5x rangeATR=2.1 ⚡ 🔇 O436.56 H439.5 L435.29 C439.46 ATR=20.98 SL=437.36/436.31 rawVol=130755 volSMA=65080 buf=1.049 prices=437.26/435.48
2025-11-10T10:05:00.000-05:00,[KLB] 10:05 ▲ BRK Yest H vol=2.8x pos=^61 vwap=above ema=bull rs=+0% adx=25 body=38% ramp=0.7x rangeATR=1.6 O439.44 H441.91 L438.68 C440.66 ATR=20.98 SL=438.56/437.51 rawVol=210901 volSMA=75280 buf=1.049 prices=439.36
2025-11-10T10:05:00.000-05:00,[KLB] 10:05 ▲ ~ ~ VWAP vol=2.8x pos=^61 vwap=above ema=bull rs=+0% adx=25 body=38% ramp=0.7x rangeATR=1.6 O439.44 H441.91 L438.68 C440.66 ATR=20.98 SL=438.56/437.51 rawVol=210901 volSMA=75280 buf=1.049 prices=
2025-11-10T10:05:00.000-05:00,[KLB] CONF 10:05 ▲ QBS/MC → ✓ (auto-promote)
2025-11-10T10:10:00.000-05:00,[KLB] 5m CHECK 10:10 ▲ pnl=0.07 → HOLD
2025-11-10T10:30:00.000-05:00,[KLB] 10:30 ▲ BRK PM H + ORB H vol=1.8x pos=^74 vwap=above ema=bull rs=+0.9% adx=35 body=69% ramp=0.7x rangeATR=1.1 O442.93 H445.34 L442.81 C444.67 ATR=20.98 SL=442.57/441.52 rawVol=200336 volSMA=111360 buf=1.049 prices=441.91/443.38
2025-11-10T10:30:00.000-05:00,[KLB] CONF 10:30 ▲ BRK → ✓ (auto-promote)
2025-11-10T10:30:00.000-05:00,[KLB] 10:30 ▲ ◆ ◆¹ ORB H 1.4x ^88 vol= pos= vwap=above ema=bull rs=+0.9% adx=35 body=69% ramp=0.7x rangeATR=1.1 O442.93 H445.34 L442.81 C444.67 ATR=20.98 SL=442.57/441.52 rawVol=200336 volSMA=111360 buf=1.049 prices=
2025-11-10T10:35:00.000-05:00,[KLB] 5m CHECK 10:35 ▲ pnl=0.05 → HOLD
2025-11-10T11:00:00.000-05:00,"[KLB] 11:00 ▲ ◆ ◆⁷ PM H 0.6x ^91
◆¹ ORB H 1.4x ^88 vol= pos= vwap=above ema=bull rs=+1.2% adx=43 body=1% ramp=0.8x rangeATR=1.2 O444.1 H446.29 L443.57 C444.14 ATR=20.98 SL=442.04/440.99 rawVol=114037 volSMA=144763 buf=1.049 prices="
2025-11-10T13:55:00.000-05:00,[KLB] CONF 13:55 ▲ BRK → ✗ (failed)
2025-11-10T14:00:00.000-05:00,[KLB] 14:00 ▼ ~~ ~~ ORB H vol=2.1x pos=v86 vwap=below ema=bull rs=+0.3% adx=21 body=84% ramp=1.7x rangeATR=1.1 ⚠ O444.21 H444.25 L442.4 C442.66 ATR=20.98 SL=444.76/445.81 rawVol=104851 volSMA=50537 buf=1.049 prices=443.38
2025-11-10T14:10:00.000-05:00,[KLB] 14:10 ▲ BRK ORB H vol=1.8x pos=^88 vwap=above ema=bull rs=+0.8% adx=20 body=82% ramp=1.5x rangeATR=1.2 ⚠ O443.59 H445.58 L443.46 C445.33 ATR=20.98 SL=443.23/442.18 rawVol=71144 volSMA=53901 buf=1.049 prices=443.38
2025-11-10T15:20:00.000-05:00,[KLB] 15:20 ▲ ◆ ◆¹⁵ ORB H 1x ^93 vol= pos= vwap=above ema=bull rs=+0.6% adx=11 body=52% ramp=1.2x rangeATR=1.3 O446.02 H446.02 L444.3 C445.12 ATR=20.98 SL=443.02/441.97 rawVol=63454 volSMA=55367 buf=1.049 prices=
2025-11-11T09:40:00.000-05:00,[KLB] 9:40 ▲ 🔊 MC ramp=13.7x vol=8.4x pos=^77 vwap=above ema=bear adx=43 body=69% rangeATR=2.5 ⚡ O440.3 H442.48 L440.11 C441.94 ATR=20.92
2025-11-11T09:45:00.000-05:00,[KLB] 9:45 ▼ 🔊 MC ramp=14.9x vol=5.3x pos=v93 vwap=below ema=bear adx=43 body=79% rangeATR=2.9 ⚡ O441.94 H442.4 L439.21 C439.42 ATR=20.92
2025-11-11T09:45:00.000-05:00,[KLB] 9:45 ▼ ~ ~ ORB H vol=5.3x pos=v93 vwap=below ema=bear rs=0% adx=43 body=79% ramp=14.9x rangeATR=2.9 ⚡ 🔊 O441.94 H442.4 L439.21 C439.42 ATR=20.92 SL=441.51/442.56 rawVol=137518 volSMA=26026 buf=1.046 prices=441.56
2025-11-11T09:50:00.000-05:00,[KLB] 9:50 ▼ BRK PM L vol=4.9x pos=v66 vwap=below ema=bear rs=-0.2% adx=44 body=37% ramp=2.3x rangeATR=1.9 O439.3 H439.97 L437.69 C438.46 ATR=20.92 SL=440.55/441.6 rawVol=166163 volSMA=33985 buf=1.046 prices=439.32
2025-11-11T09:50:00.000-05:00,[KLB] CONF 9:50 ▼ QBS/MC → ✓★ (auto-promote)
2025-11-11T09:50:00.000-05:00,[KLB] 9:50 ▼ ◆ ◆¹ PM L 3.7x v12 vol= pos= vwap=below ema=bear rs=-0.2% adx=44 body=37% ramp=2.3x rangeATR=1.9 O439.3 H439.97 L437.69 C438.46 ATR=20.92 SL=440.55/441.6 rawVol=166163 volSMA=33985 buf=1.046 prices=
2025-11-11T09:55:00.000-05:00,[KLB] 5m CHECK 9:55 ▼ pnl=-0.01 → BAIL
2025-11-11T10:20:00.000-05:00,[KLB] 10:20 ▼ ~ ~ VWAP vol=1.2x pos=v77 vwap=below ema=bear rs=-0.6% adx=49 body=71% ramp=0.9x rangeATR=1.2 O437.25 H437.36 L435.61 C436.01 ATR=20.92 SL=438.1/439.15 rawVol=74054 volSMA=59269 buf=1.046 prices=
2025-11-11T10:30:00.000-05:00,[KLB] 10:30 ▼ BRK ORB L vol=1.8x pos=v82 vwap=below ema=bear rs=-0.9% adx=50 body=57% ramp=1.1x rangeATR=1.5 O436.56 H437.14 L434.82 C435.24 ATR=20.92 SL=437.33/438.38 rawVol=123054 volSMA=69562 buf=1.046 prices=437.1
2025-11-11T10:30:00.000-05:00,[KLB] CONF 10:30 ▼ BRK → ✓ (auto-promote)
2025-11-11T10:35:00.000-05:00,[KLB] 5m CHECK 10:35 ▼ pnl=0.03 → BAIL
2025-11-11T13:00:00.000-05:00,[KLB] 13:00 ▼ ◆ ◆³¹ ORB L 1.2x v14 vol= pos= vwap=below ema=bear rs=-1.3% adx=34 body=23% ramp=1.3x rangeATR=0.8 O434.97 H435.8 L434.8 C435.2 ATR=20.92 SL=437.29/438.34 rawVol=48356 volSMA=56924 buf=1.046 prices=
2025-11-11T15:35:00.000-05:00,[KLB] CONF 15:35 ▼ BRK → ✗ (failed)
2025-11-12T09:50:00.000-05:00,[KLB] 9:50 ▼ BRK ORB L vol=4.3x pos=v95 vwap=below ema=bear rs=-1.3% adx=27 body=79% ramp=2.3x rangeATR=2.9 ⚡ O438.34 H438.88 L435.4 C435.58 ATR=20.34 SL=437.61/438.63 rawVol=121165 volSMA=29115 buf=1.017 prices=437.16
2025-11-12T09:50:00.000-05:00,[KLB] 9:50 ▼ ~ ~ VWAP vol=4.3x pos=v95 vwap=below ema=bear rs=-1.3% adx=27 body=79% ramp=2.3x rangeATR=2.9 ⚡ O438.34 H438.88 L435.4 C435.58 ATR=20.34 SL=437.61/438.63 rawVol=121165 volSMA=29115 buf=1.017 prices=
2025-11-12T09:50:00.000-05:00,[KLB] 9:50 ▼ ◆ ◆¹ ORB L 4.2x v92 vol= pos= vwap=below ema=bear rs=-1.3% adx=27 body=79% ramp=2.3x rangeATR=2.9 ⚡ O438.34 H438.88 L435.4 C435.58 ATR=20.34 SL=437.61/438.63 rawVol=121165 volSMA=29115 buf=1.017 prices=
2025-11-12T10:20:00.000-05:00,[KLB] 10:20 ▼ BRK Yest L vol=2.3x pos=v40 vwap=below ema=bear rs=-2% adx=41 body=40% ramp=0.9x rangeATR=1.3 O432.94 H432.94 L430.91 C432.12 ATR=20.34 SL=434.15/435.17 rawVol=142121 volSMA=62935 buf=1.017 prices=432.36
2025-11-12T10:20:00.000-05:00,[KLB] CONF 10:20 ▼ BRK → ✓ (auto-promote)
2025-11-12T10:20:00.000-05:00,[KLB] 10:20 ▼ ◆ ◆¹ Yest L 1.2x v60 vol= pos= vwap=below ema=bear rs=-2% adx=41 body=40% ramp=0.9x rangeATR=1.3 O432.94 H432.94 L430.91 C432.12 ATR=20.34 SL=434.15/435.17 rawVol=142121 volSMA=62935 buf=1.017 prices=
2025-11-12T10:25:00.000-05:00,[KLB] 5m CHECK 10:25 ▼ pnl=-0.02 → BAIL
2025-11-12T10:25:00.000-05:00,[KLB] CONF 10:25 ▼ BRK → ✗ (failed)
2025-11-12T10:40:00.000-05:00,[KLB] 10:40 ▼ BRK Yest L vol=2x pos=v57 vwap=below ema=bear rs=-2.2% adx=46 body=37% ramp=1x rangeATR=1.8 O432.18 H432.79 L429.76 C431.05 ATR=20.34 SL=433.08/434.1 rawVol=166214 volSMA=81246 buf=1.017 prices=432.36
2025-11-12T11:30:00.000-05:00,[KLB] 11:30 ▼ ◆ ◆¹¹ Yest L 1.1x v44 vol= pos= vwap=below ema=bear rs=-2.4% adx=54 body=55% ramp=0.7x rangeATR=1 O429.21 H430.4 L428.73 C430.13 ATR=20.34 SL=432.16/433.18 rawVol=62761 volSMA=96615 buf=1.017 prices=
2025-11-13T09:40:00.000-05:00,[KLB] 9:40 ▼ 🔊 MC ramp=17.7x vol=7.7x pos=v74 vwap=below ema=bear adx=49 body=72% rangeATR=3.7 ⚡ O423.44 H423.53 L418.87 C420.07 ATR=20.01
2025-11-13T09:40:00.000-05:00,[KLB] 9:40 ▼ BRK PM L + Week L + ORB L vol=7.7x pos=v74 vwap=below ema=bear rs=-0.5% adx=49 body=72% ramp=17.7x rangeATR=3.7 ⚡ 🔊 O423.44 H423.53 L418.87 C420.07 ATR=20.01 SL=422.07/423.07 rawVol=325770 volSMA=42421 buf=1.001 prices=422.9/421.88/420.6
2025-11-13T09:40:00.000-05:00,[KLB] 9:40 ▼ ~ ~ VWAP vol=7.7x pos=v74 vwap=below ema=bear rs=-0.5% adx=49 body=72% ramp=17.7x rangeATR=3.7 ⚡ 🔊 O423.44 H423.53 L418.87 C420.07 ATR=20.01 SL=422.07/423.07 rawVol=325770 volSMA=42421 buf=1.001 prices=
2025-11-13T09:40:00.000-05:00,"[KLB] 9:40 ▼ ◆ ◆¹ Week L 4.2x v84
◆¹ ORB L 4.2x v84 vol= pos= vwap=below ema=bear rs=-0.5% adx=49 body=72% ramp=17.7x rangeATR=3.7 ⚡ 🔊 O423.44 H423.53 L418.87 C420.07 ATR=20.01 SL=422.07/423.07 rawVol=325770 volSMA=42421 buf=1.001 prices="
2025-11-13T09:45:00.000-05:00,[KLB] CONF 9:45 ▼ QBS/MC → ✓ (auto-promote)
2025-11-13T09:50:00.000-05:00,[KLB] 5m CHECK 9:50 ▼ pnl=0.04 → BAIL
2025-11-14T09:40:00.000-05:00,[KLB] 9:40 ▲ 🔊 MC ramp=9.7x vol=6.2x pos=^84 vwap=above ema=bear adx=32 body=80% rangeATR=3.3 ⚡ O386.96 H393.96 L386.66 C392.77 ATR=21.03
2025-11-14T09:40:00.000-05:00,[KLB] 9:40 ▲ ~ ~ VWAP vol=6.2x pos=^84 vwap=above ema=bear rs=+1.6% adx=32 body=80% ramp=9.7x rangeATR=3.3 ⚡ 🔊 O386.96 H393.96 L386.66 C392.77 ATR=21.03 SL=390.67/389.62 rawVol=362705 volSMA=72728 buf=1.052 prices=
2025-11-14T09:45:00.000-05:00,[KLB] 9:45 ▼ 🔊 MC ramp=9.9x vol=2.6x pos=v70 vwap=above ema=bear adx=34 body=39% rangeATR=1.8 O392.65 H394 L389.73 C391 ATR=21.03
2025-11-14T09:50:00.000-05:00,[KLB] CONF 9:50 ▼ QBS/MC → ✗ (failed)
2025-11-14T10:45:00.000-05:00,[KLB] 10:45 ▲ ~ ~ Yest L vol=1.1x pos=^78 vwap=above ema=bull rs=+3.5% adx=42 body=51% ramp=0.9x rangeATR=0.8 O401.68 H403.58 L400.97 C403 ATR=21.03 SL=400.9/399.85 rawVol=160424 volSMA=178090 buf=1.052 prices=396.34
2025-11-17T09:35:00.000-05:00,[KLB] 9:35 ▲ 🔊 MC ramp=8.8x vol=9.5x pos=^85 vwap=above ema=bear adx=49 body=84% rangeATR=5 ⚡ O398.84 H405.99 L398.74 C404.93 ATR=21.63
2025-11-17T09:40:00.000-05:00,[KLB] 9:40 ▲ ~ ~ VWAP vol=7.3x pos=^66 vwap=above ema=bear rs=+1.6% adx=49 body=66% ramp=14.5x rangeATR=1.8 🔊 O404.99 H407.77 L404.99 C406.82 ATR=21.63 SL=404.66/403.58 rawVol=225441 volSMA=30992 buf=1.082 prices=
2025-11-17T09:40:00.000-05:00,[KLB] CONF 9:40 ▲ QBS/MC → ✓★ (auto-promote)
2025-11-17T09:45:00.000-05:00,[KLB] 5m CHECK 9:45 ▲ pnl=0.1 → HOLD
2025-11-17T09:50:00.000-05:00,[KLB] 9:50 ▲ BRK PM H + Yest H vol=4.6x pos=^96 vwap=above ema=bull rs=+3.2% adx=51 body=88% ramp=3.2x rangeATR=2.7 ⚡ ⚠ O408.89 H413.69 L408.46 C413.5 ATR=21.63 SL=411.34/410.26 rawVol=239346 volSMA=52038 buf=1.082 prices=409.79/412.19
2025-11-17T10:05:00.000-05:00,[KLB] 10:05 ▲ ◆ ◆⁴ Yest H 2.2x ^28 vol= pos= vwap=above ema=bull rs=+3.7% adx=55 body=57% ramp=1x rangeATR=1.6 O416.65 H417.6 L414.05 C414.61 ATR=21.63 SL=412.45/411.37 rawVol=174275 volSMA=82599 buf=1.082 prices=
2025-11-17T13:30:00.000-05:00,[KLB] CONF 13:30 ▲ BRK → ✗ (failed)
2025-11-17T13:35:00.000-05:00,[KLB] 13:35 ▼ ~ ~ VWAP vol=0.9x pos=v93 vwap=below ema=bull rs=+3.3% adx=34 body=77% ramp=0.9x rangeATR=0.9 O412.27 H412.55 L410.87 C410.98 ATR=21.63 SL=413.14/414.22 rawVol=69920 volSMA=100590 buf=1.082 prices=
2025-11-17T14:00:00.000-05:00,[KLB] 14:00 ▼ ~~ ~~ PM H vol=1.4x pos=v75 vwap=below ema=bull rs=+3.1% adx=31 body=75% ramp=1.3x rangeATR=1.5 O411.21 H411.22 L408.35 C409.07 ATR=21.63 SL=411.23/412.31 rawVol=114110 volSMA=84390 buf=1.082 prices=409.79
2025-11-17T14:20:00.000-05:00,[KLB] 14:20 ▼ ~~ ~~ PM H vol=1.1x pos=v60 vwap=below ema=bear rs=+2.9% adx=33 body=56% ramp=0.8x rangeATR=1.1 O409.2 H409.28 L407.25 C408.07 ATR=21.63 SL=410.23/411.31 rawVol=98071 volSMA=86210 buf=1.082 prices=409.79
2025-11-17T14:35:00.000-05:00,[KLB] 14:35 ▼ ~~ ~~ PM H vol=0.8x pos=v77 vwap=below ema=bear rs=+2.9% adx=35 body=52% ramp=1x rangeATR=1.3 O408.89 H409.54 L406.93 C407.54 ATR=21.63 SL=409.7/410.78 rawVol=67952 volSMA=82353 buf=1.082 prices=409.79
2025-11-18T10:00:00.000-05:00,[KLB] 10:00 ▼ ~ ~ VWAP vol=2.6x pos=v99 vwap=below ema=bear rs=-1.7% adx=25 body=55% ramp=1x rangeATR=1.7 O398.34 H399.91 L396.34 C396.38 ATR=21.89 SL=398.57/399.66 rawVol=164079 volSMA=63470 buf=1.094 prices=
2025-11-18T11:10:00.000-05:00,"[KLB] 11:10 ▲ ~ ~ Yest L
~ VWAP vol=1.1x pos=^100 vwap=above ema=bear rs=-0.2% adx=29 body=83% ramp=1.5x rangeATR=1.6 ⚠ O398.97 H402.18 L398.31 C402.18 ATR=21.89 SL=399.99/398.9 rawVol=142999 volSMA=135647 buf=1.094 prices=398.74"
2025-11-18T11:30:00.000-05:00,[KLB] 11:30 ▲ ~ ~ ORB L vol=1.1x pos=^60 vwap=above ema=bear rs=-0.2% adx=23 body=53% ramp=1.1x rangeATR=1.1 O402.69 H405.12 L402.52 C404.07 ATR=21.89 SL=401.88/400.79 rawVol=129021 volSMA=120173 buf=1.094 prices=403.26
2025-11-19T09:35:00.000-05:00,[KLB] 9:35 ▼ 🔊 MC ramp=9.2x vol=10.4x pos=v90 vwap=below ema=bull adx=32 body=79% rangeATR=3.3 ⚡ O406.13 H406.53 L403.12 C403.45 ATR=21.41
2025-11-19T09:35:00.000-05:00,[KLB] 9:35 ▼ ~ ~ Yest H vol=10.4x pos=v90 vwap=below ema=bull rs=-0.8% adx=32 body=79% ramp=9.2x rangeATR=3.3 ⚡ 🔊 O406.13 H406.53 L403.12 C403.45 ATR=21.41 SL=405.59/406.66 rawVol=148979 volSMA=14362 buf=1.071 prices=408.9
2025-11-19T09:40:00.000-05:00,[KLB] 9:40 ▲ 🔊 MC ramp=22x vol=7.2x pos=^97 vwap=above ema=bull adx=30 body=62% rangeATR=2.3 ⚡ O403.41 H405.11 L402.5 C405.02 ATR=21.41
2025-11-19T09:40:00.000-05:00,[KLB] 9:40 ▲ ~ ~ ORB L vol=7.2x pos=^97 vwap=above ema=bull rs=-0.5% adx=30 body=62% ramp=22x rangeATR=2.3 ⚡ 🔊 O403.41 H405.11 L402.5 C405.02 ATR=21.41 SL=402.88/401.81 rawVol=158720 volSMA=22148 buf=1.071 prices=403.12
2025-11-19T09:45:00.000-05:00,[KLB] 9:45 ▼ ~ ~ VWAP vol=5x pos=v95 vwap=below ema=bull rs=-1.5% adx=29 body=90% ramp=27x rangeATR=2.9 ⚡ ⚠ 🔊 O405.02 H405.21 L401.21 C401.41 ATR=21.41 SL=403.55/404.62 rawVol=140469 volSMA=28281 buf=1.071 prices=
2025-11-19T09:45:00.000-05:00,[KLB] CONF 9:45 ▲ QBS/MC → ✗ (failed)
2025-11-19T09:50:00.000-05:00,[KLB] 9:50 ▲ ~ ~ PM L + ~ Yest L + ~ ORB L vol=4x pos=^95 vwap=above ema=bull rs=-0.9% adx=29 body=70% ramp=2.7x rangeATR=2.7 ⚡ O401.44 H404.56 L400.41 C404.35 ATR=21.41 SL=402.21/401.14 rawVol=142263 volSMA=35136 buf=1.071 prices=400.01/393.71/403.12
2025-11-19T09:55:00.000-05:00,[KLB] 9:55 ▲ ~ ~ ORB L vol=3.8x pos=^74 vwap=above ema=bull rs=-0.7% adx=27 body=34% ramp=1.4x rangeATR=2.2 ⚡ O404.26 H406.47 L402.77 C405.5 ATR=21.41 SL=403.36/402.29 rawVol=164344 volSMA=42942 buf=1.071 prices=403.12
2025-11-19T10:00:00.000-05:00,[KLB] 10:00 ▲ ~ ~ VWAP vol=3.3x pos=^94 vwap=above ema=bull rs=-0.2% adx=26 body=83% ramp=1x rangeATR=1.8 ⚠ O405.48 H408.41 L405.13 C408.2 ATR=21.41 SL=406.06/404.99 rawVol=153078 volSMA=49702 buf=1.071 prices=
2025-11-19T10:05:00.000-05:00,[KLB] 10:05 ▲ BRK PM H + Yest H vol=3.7x pos=^71 vwap=above ema=bull rs=+0.3% adx=27 body=55% ramp=1.2x rangeATR=2.1 ⚡ O408.28 H411.76 L407.59 C410.56 ATR=21.41 SL=408.42/407.35 rawVol=227912 volSMA=60790 buf=1.071 prices=407.45/408.9
2025-11-19T10:05:00.000-05:00,[KLB] 10:05 ▲ ◆ ◆¹ Yest H 1.7x ^24 vol= pos= vwap=above ema=bull rs=+0.3% adx=27 body=55% ramp=1.2x rangeATR=2.1 ⚡ O408.28 H411.76 L407.59 C410.56 ATR=21.41 SL=408.42/407.35 rawVol=227912 volSMA=60790 buf=1.071 prices=
2025-11-19T10:10:00.000-05:00,"[KLB] 10:10 ▲ ◆ ◆² PM H 2.2x ^69
◆¹ Yest H 1.7x ^24 vol= pos= vwap=above ema=bull rs=-0.1% adx=28 body=62% ramp=1.1x rangeATR=1.3 O410.55 H410.94 L408.27 C408.9 ATR=21.41 SL=406.76/405.69 rawVol=100603 volSMA=65587 buf=1.071 prices="
2025-11-19T10:35:00.000-05:00,[KLB] CONF 10:35 ▲ BRK → ✗ (failed)
2025-11-19T10:55:00.000-05:00,[KLB] 10:55 ▼ ~~ ~~ PM H + ~~ ORB H vol=1.3x pos=v72 vwap=below ema=bull rs=-0.6% adx=24 body=62% ramp=0.9x rangeATR=1 O406.91 H407.11 L405.04 C405.62 ATR=21.41 SL=407.76/408.83 rawVol=138925 volSMA=108795 buf=1.071 prices=407.45/406.53
2025-11-19T11:00:00.000-05:00,[KLB] 11:00 ▼ ~~ ~~ Yest H vol=1.5x pos=v36 vwap=below ema=bull rs=-0.6% adx=24 body=36% ramp=1.5x rangeATR=1 O405.62 H405.62 L403.6 C404.9 ATR=21.41 SL=407.04/408.11 rawVol=173197 volSMA=117219 buf=1.071 prices=408.9
2025-11-19T12:40:00.000-05:00,[KLB] 12:40 ▼ BRK PM L vol=1.7x pos=v65 vwap=below ema=bear rs=-1.4% adx=26 body=62% ramp=1.6x rangeATR=1.3 O400.94 H401 L398.5 C399.38 ATR=21.41 SL=401.52/402.59 rawVol=125406 volSMA=73888 buf=1.071 prices=400.01
2025-11-19T12:45:00.000-05:00,[KLB] CONF 12:45 ▼ BRK → ✗ (failed)
2025-11-19T15:50:00.000-05:00,[KLB] 15:50 ▼ BRK ORB L vol=1.6x pos=v99 vwap=below ema=bear rs=-1.2% adx=21 body=97% ramp=1.1x rangeATR=1.4 ⚠ O404.15 H404.18 L401.97 C402 ATR=21.41 SL=404.14/405.21 rawVol=76481 volSMA=48649 buf=1.071 prices=403.12
2025-11-19T15:55:00.000-05:00,[KLB] CONF 15:55 ▼ BRK → ✗ (failed)
2025-11-20T09:35:00.000-05:00,[KLB] 9:35 ▲ 🔊 MC ramp=23.7x vol=14.1x pos=^82 vwap=above ema=bull adx=32 body=80% rangeATR=5.1 ⚡ O414.63 H420.24 L414.53 C419.22 ATR=20.83
2025-11-20T09:35:00.000-05:00,[KLB] 9:35 ▲ BRK PM H vol=14.1x pos=^82 vwap=above ema=bull rs=+1% adx=32 body=80% ramp=23.7x rangeATR=5.1 ⚡ ⚠ 🔊 O414.63 H420.24 L414.53 C419.22 ATR=20.83 SL=417.14/416.1 rawVol=414533 volSMA=29415 buf=1.041 prices=415.26
2025-11-20T09:35:00.000-05:00,[KLB] 9:35 ▲ ~ ~ VWAP vol=14.1x pos=^82 vwap=above ema=bull rs=+1% adx=32 body=80% ramp=23.7x rangeATR=5.1 ⚡ ⚠ 🔊 O414.63 H420.24 L414.53 C419.22 ATR=20.83 SL=417.14/416.1 rawVol=414533 volSMA=29415 buf=1.041 prices=
2025-11-20T09:40:00.000-05:00,[KLB] CONF 9:40 ▲ QBS/MC → ✓★ (auto-promote)
2025-11-20T09:45:00.000-05:00,[KLB] 9:45 ▲ BRK ORB H vol=5.1x pos=^89 vwap=above ema=bull rs=+1.8% adx=38 body=37% ramp=46.2x rangeATR=3.1 ⚡ 🔊 O420.92 H423.14 L418.5 C422.63 ATR=20.83 SL=420.55/419.51 rawVol=292470 volSMA=57642 buf=1.041 prices=420.24
2025-11-20T09:45:00.000-05:00,[KLB] CONF 9:45 ▲ BRK → ✓★ (auto-promote)
2025-11-20T09:50:00.000-05:00,[KLB] 5m CHECK 9:50 ▲ pnl=0 → BAIL
2025-11-20T11:10:00.000-05:00,[KLB] CONF 11:10 ▲ BRK → ✗ (failed)
2025-11-20T11:15:00.000-05:00,"[KLB] 11:15 ▼ ~~ ~~ ORB H
~ VWAP vol=0.9x pos=v95 vwap=below ema=bull rs=+1.6% adx=43 body=79% ramp=1.4x rangeATR=1 O421.22 H421.54 L419.5 C419.6 ATR=20.83 SL=421.68/422.72 rawVol=168064 volSMA=192121 buf=1.041 prices=420.24"
2025-11-20T11:45:00.000-05:00,[KLB] 11:45 ▼ ~~ ~~ PM H vol=1.2x pos=v74 vwap=below ema=bull rs=+1.2% adx=36 body=56% ramp=1x rangeATR=1 O415.65 H416.08 L413.67 C414.29 ATR=20.83 SL=416.37/417.41 rawVol=123641 volSMA=153701 buf=1.041 prices=415.26
2025-11-20T11:55:00.000-05:00,[KLB] 11:55 ▼ ~~ ~~ PM H vol=1.1x pos=v89 vwap=below ema=bull rs=+0.8% adx=35 body=64% ramp=0.7x rangeATR=2.3 ⚡ O415.72 H417.2 L411.18 C411.84 ATR=20.83 SL=413.92/414.96 rawVol=159629 volSMA=146840 buf=1.041 prices=415.26
2025-11-20T12:15:00.000-05:00,[KLB] 12:15 ▼ ~ ~ Yest H vol=1.4x pos=v37 vwap=below ema=bear rs=-0.1% adx=40 body=32% ramp=0.9x rangeATR=1 O407.09 H407.22 L404.25 C406.13 ATR=20.83 SL=408.21/409.25 rawVol=203018 volSMA=145719 buf=1.041 prices=411.78
2025-11-20T13:20:00.000-05:00,[KLB] 13:20 ▼ ~ ~ Yest H vol=1x pos=v69 vwap=below ema=bear rs=-0.4% adx=44 body=64% ramp=1.1x rangeATR=1.5 O407.91 H408.15 L403.5 C404.94 ATR=20.83 SL=407.02/408.06 rawVol=129854 volSMA=131249 buf=1.041 prices=411.78
2025-11-21T09:30:00.000-05:00,[KLB] 9:30 ▲ ~ ~ VWAP vol=0.4x pos=^90 vwap=above ema=bull rs=+0.4% adx=22 body=81% ramp=0.8x rangeATR=1.4 ⚠ O400.75 H402.43 L400.57 C402.25 ATR=21.78 SL=400.07/398.98 rawVol=5105 volSMA=12050 buf=1.089 prices=
2025-11-21T09:35:00.000-05:00,[KLB] 9:35 ▼ 🔊 MC ramp=10.6x vol=9.8x pos=v40 vwap=above ema=bull adx=21 body=30% rangeATR=3.5 ⚡ O402.17 H402.72 L397 C400.45 ATR=21.78
2025-11-21T09:40:00.000-05:00,[KLB] CONF 9:40 ▼ QBS/MC → ✓ (auto-promote)
2025-11-21T09:45:00.000-05:00,[KLB] 5m CHECK 9:45 ▼ pnl=0.05 → HOLD
2025-11-21T09:55:00.000-05:00,[KLB] 9:55 ▲ ~ ~ ORB L vol=3.6x pos=^68 vwap=above ema=bull rs=-0.7% adx=20 body=51% ramp=1.3x rangeATR=2.3 ⚡ O397.47 H401.85 L396.58 C400.14 ATR=21.78 SL=397.96/396.87 rawVol=226714 volSMA=62185 buf=1.089 prices=397
2025-11-21T10:15:00.000-05:00,[KLB] 10:15 ▼ ~ ~ VWAP vol=1.4x pos=v61 vwap=below ema=bull rs=-1.7% adx=21 body=61% ramp=0.7x rangeATR=1.3 O396.62 H396.62 L393.2 C394.53 ATR=21.78 SL=396.71/397.8 rawVol=128609 volSMA=93082 buf=1.089 prices=
2025-11-21T10:20:00.000-05:00,[KLB] 10:20 ▼ BRK Yest L vol=1.7x pos=v63 vwap=below ema=bear rs=-2.2% adx=21 body=40% ramp=0.7x rangeATR=1.3 O394.67 H395.51 L391.8 C393.18 ATR=21.78 SL=395.36/396.45 rawVol=168711 volSMA=100632 buf=1.089 prices=394.74
2025-11-21T11:40:00.000-05:00,[KLB] 11:40 ▼ ◆ ◆¹⁷ Yest L 0.7x v25 vol= pos= vwap=below ema=bear rs=-2.8% adx=27 body=34% ramp=1.2x rangeATR=0.9 O391.26 H394.08 L391.25 C392.21 ATR=21.78 SL=394.39/395.48 rawVol=139983 volSMA=148503 buf=1.089 prices=
2025-11-21T11:45:00.000-05:00,[KLB] 11:45 ▲ ~ ~ PM L vol=1x pos=^75 vwap=above ema=bear rs=-2.4% adx=25 body=72% ramp=1.1x rangeATR=0.7 O392.34 H394.51 L392.27 C393.95 ATR=21.78 SL=391.77/390.68 rawVol=97363 volSMA=144805 buf=1.089 prices=392.9
2025-11-21T11:50:00.000-05:00,[KLB] 11:50 ▲ ~ ~ PM L vol=0.9x pos=^57 vwap=above ema=bear rs=-2.3% adx=25 body=31% ramp=1.1x rangeATR=0.8 O393.89 H395.71 L393.25 C394.65 ATR=21.78 SL=392.47/391.38 rawVol=129748 volSMA=143190 buf=1.089 prices=392.9
2025-11-21T11:50:00.000-05:00,[KLB] CONF 11:50 ▼ BRK → ✗ (failed)
2025-11-21T11:55:00.000-05:00,[KLB] 11:55 ▲ ~~ ~~ Yest L vol=0.9x pos=^78 vwap=above ema=bear rs=-2% adx=24 body=54% ramp=0.9x rangeATR=1.1 O394.65 H397.17 L393.85 C396.43 ATR=21.78 SL=394.25/393.16 rawVol=123754 volSMA=142947 buf=1.089 prices=394.74
2025-11-21T12:00:00.000-05:00,[KLB] 12:00 ▲ ~~ ~~ ORB L vol=0.9x pos=^78 vwap=above ema=bear rs=-1.7% adx=25 body=78% ramp=1.1x rangeATR=1 O396.46 H399.4 L396.44 C398.76 ATR=21.78 SL=396.58/395.49 rawVol=133710 volSMA=141197 buf=1.089 prices=397
2025-11-21T12:05:00.000-05:00,[KLB] 12:05 ▲ ~~ ~~ ORB L vol=1.1x pos=^88 vwap=above ema=bear rs=-1.5% adx=25 body=33% ramp=1.1x rangeATR=0.8 O398.79 H399.88 L397.45 C399.6 ATR=21.78 SL=397.42/396.33 rawVol=147587 volSMA=134781 buf=1.089 prices=397
2025-11-21T13:35:00.000-05:00,[KLB] 13:35 ▲ ~~ ~~ Yest L vol=1x pos=^66 vwap=above ema=bull rs=-2.2% adx=21 body=58% ramp=0.9x rangeATR=1.1 O394.6 H397 L394.41 C396.11 ATR=21.78 SL=393.93/392.84 rawVol=93845 volSMA=93635 buf=1.089 prices=394.74
2025-11-24T09:35:00.000-05:00,[KLB] 9:35 ▲ 🔊 MC ramp=19.5x vol=15.5x pos=^96 vwap=above ema=bull adx=29 body=84% rangeATR=6.6 ⚡ O402.17 H409.76 L401.12 C409.44 ATR=21.59
2025-11-24T09:35:00.000-05:00,[KLB] 9:35 ▲ BRK PM H + Yest H vol=15.5x pos=^96 vwap=above ema=bull rs=+1.5% adx=29 body=84% ramp=19.5x rangeATR=6.6 ⚡ ⚠ 🔊 O402.17 H409.76 L401.12 C409.44 ATR=21.59 SL=407.28/406.2 rawVol=519006 volSMA=33491 buf=1.079 prices=402.67/402.8
2025-11-24T09:35:00.000-05:00,[KLB] 9:35 ▲ ~ ~ VWAP vol=15.5x pos=^96 vwap=above ema=bull rs=+1.5% adx=29 body=84% ramp=19.5x rangeATR=6.6 ⚡ ⚠ 🔊 O402.17 H409.76 L401.12 C409.44 ATR=21.59 SL=407.28/406.2 rawVol=519006 volSMA=33491 buf=1.079 prices=
2025-11-24T09:40:00.000-05:00,[KLB] CONF 9:40 ▲ QBS/MC → ✗ (failed)
2025-11-24T09:45:00.000-05:00,[KLB] 9:45 ▼ 🔊 MC ramp=23.3x vol=5.5x pos=v65 vwap=above ema=bull adx=35 body=30% rangeATR=2.2 ⚡ O409.18 H410.34 L406.93 C408.14 ATR=21.59
2025-11-24T09:50:00.000-05:00,[KLB] CONF 9:50 ▼ QBS/MC → ✓ (auto-promote)
2025-11-24T09:55:00.000-05:00,[KLB] 9:55 ▲ BRK ORB H vol=2.9x pos=^71 vwap=above ema=bull rs=+1.9% adx=40 body=40% ramp=0.8x rangeATR=3 ⚡ O407.64 H411.7 L405.86 C410 ATR=21.59 SL=407.84/406.76 rawVol=242479 volSMA=84572 buf=1.079 prices=409.76
2025-11-24T09:55:00.000-05:00,[KLB] CONF 9:55 ▲ BRK → ✓★ (auto-promote)
2025-11-24T09:55:00.000-05:00,[KLB] 9:55 ▲ ◆ ◆¹ ORB H 2.2x ^86 vol= pos= vwap=above ema=bull rs=+1.9% adx=40 body=40% ramp=0.8x rangeATR=3 ⚡ O407.64 H411.7 L405.86 C410 ATR=21.59 SL=407.84/406.76 rawVol=242479 volSMA=84572 buf=1.079 prices=
2025-11-24T10:00:00.000-05:00,[KLB] 5m CHECK 10:00 ▲ pnl=0.08 → HOLD
2025-11-25T09:45:00.000-05:00,[KLB] 9:45 ▼ 🔊 MC ramp=33.2x vol=5.1x pos=v85 vwap=below ema=bear adx=25 body=83% rangeATR=2.5 ⚡ O413.65 H413.72 L410.07 C410.62 ATR=22.23
2025-11-25T09:45:00.000-05:00,[KLB] 9:45 ▼ BRK PM L vol=5.1x pos=v85 vwap=below ema=bear rs=-0.7% adx=25 body=83% ramp=33.2x rangeATR=2.5 ⚡ ⚠ 🔊 O413.65 H413.72 L410.07 C410.62 ATR=22.23 SL=412.84/413.96 rawVol=195437 volSMA=38679 buf=1.112 prices=412.01
2025-11-25T09:45:00.000-05:00,[KLB] 9:45 ▼ ~ ~ VWAP vol=5.1x pos=v85 vwap=below ema=bear rs=-0.7% adx=25 body=83% ramp=33.2x rangeATR=2.5 ⚡ ⚠ 🔊 O413.65 H413.72 L410.07 C410.62 ATR=22.23 SL=412.84/413.96 rawVol=195437 volSMA=38679 buf=1.112 prices=
2025-11-25T09:50:00.000-05:00,[KLB] 9:50 ▼ BRK ORB L vol=5.2x pos=v90 vwap=below ema=bear rs=-1.1% adx=28 body=83% ramp=2.5x rangeATR=2.1 ⚡ ⚠ O410.58 H410.8 L407.41 C407.75 ATR=22.23 SL=409.97/411.09 rawVol=264876 volSMA=51420 buf=1.112 prices=411.09
2025-11-25T09:50:00.000-05:00,[KLB] CONF 9:50 ▼ BRK → ✓★ (auto-promote)
2025-11-25T09:50:00.000-05:00,[KLB] CONF 9:50 ▼ QBS/MC → ✓★ (auto-promote)
2025-11-25T09:50:00.000-05:00,[KLB] 9:50 ▼ ◆ ◆¹ ORB L 4.1x v14 vol= pos= vwap=below ema=bear rs=-1.1% adx=28 body=83% ramp=2.5x rangeATR=2.1 ⚡ ⚠ O410.58 H410.8 L407.41 C407.75 ATR=22.23 SL=409.97/411.09 rawVol=264876 volSMA=51420 buf=1.112 prices=
2025-11-25T09:55:00.000-05:00,[KLB] 5m CHECK 9:55 ▼ pnl=-0.18 → BAIL
2025-11-25T09:55:00.000-05:00,[KLB] CONF 9:55 ▼ BRK → ✗ (failed)
2025-11-25T10:05:00.000-05:00,[KLB] 10:05 ▼ BRK ORB L vol=1.9x pos=v97 vwap=below ema=bear rs=-1.1% adx=30 body=96% ramp=0.8x rangeATR=2 ⚡ ⚠ O412.29 H412.34 L408.09 C408.22 ATR=22.23 SL=410.44/411.56 rawVol=144779 volSMA=75527 buf=1.112 prices=411.09
2025-11-25T10:05:00.000-05:00,[KLB] 10:05 ▼ ◆ ◆¹ ORB L 1.6x v28 vol= pos= vwap=below ema=bear rs=-1.1% adx=30 body=96% ramp=0.8x rangeATR=2 ⚡ ⚠ O412.29 H412.34 L408.09 C408.22 ATR=22.23 SL=410.44/411.56 rawVol=144779 volSMA=75527 buf=1.112 prices=
2025-11-25T11:25:00.000-05:00,[KLB] CONF 11:25 ▼ BRK → ✗ (failed)
2025-11-25T11:30:00.000-05:00,[KLB] 11:30 ▲ ~~ ~~ ORB L vol=0.8x pos=^92 vwap=above ema=bear rs=-0.7% adx=23 body=48% ramp=1.1x rangeATR=1 O411.53 H412.67 L410.64 C412.51 ATR=22.23 SL=410.29/409.17 rawVol=73498 volSMA=97742 buf=1.112 prices=411.09
2025-11-25T11:45:00.000-05:00,[KLB] 11:45 ▲ ~ ~ VWAP vol=1.2x pos=^85 vwap=above ema=bear rs=-0.3% adx=21 body=76% ramp=1.4x rangeATR=1 O413.16 H414.87 L413 C414.59 ATR=22.23 SL=412.37/411.25 rawVol=100059 volSMA=85411 buf=1.112 prices=
2025-11-26T09:40:00.000-05:00,[KLB] 9:40 ▼ 🔊 MC ramp=27x vol=9.3x pos=v56 vwap=below ema=bull adx=22 body=44% rangeATR=3.4 ⚡ O421.43 H421.85 L418.22 C419.82 ATR=21.68
2025-11-26T09:40:00.000-05:00,[KLB] 9:40 ▼ ~ ~ VWAP vol=9.3x pos=v56 vwap=below ema=bull rs=-1.1% adx=22 body=44% ramp=27x rangeATR=3.4 ⚡ 🔊 O421.43 H421.85 L418.22 C419.82 ATR=21.68 SL=421.99/423.07 rawVol=263493 volSMA=28261 buf=1.084 prices=
2025-11-26T09:45:00.000-05:00,[KLB] 9:45 ▲ 🔊 MC ramp=27.1x vol=3.8x pos=^99 vwap=below ema=bear adx=25 body=59% rangeATR=2.3 ⚡ O419.9 H421.53 L418.83 C421.5 ATR=21.68
2025-11-26T09:50:00.000-05:00,[KLB] 9:50 ▲ ~ ~ ORB L vol=4x pos=^44 vwap=above ema=bear rs=-0.7% adx=26 body=34% ramp=2.6x rangeATR=1.5 O421.59 H423.33 L421.4 C422.25 ATR=21.68 SL=420.08/419 rawVol=170367 volSMA=42428 buf=1.084 prices=421.07
2025-11-26T09:50:00.000-05:00,[KLB] CONF 9:50 ▲ QBS/MC → ✓ (auto-promote)
2025-11-26T09:55:00.000-05:00,[KLB] 5m CHECK 9:55 ▲ pnl=-0.1 → BAIL
2025-11-26T10:00:00.000-05:00,[KLB] 10:00 ▼ BRK PM L + ORB L vol=3x pos=v90 vwap=below ema=bear rs=-1.5% adx=29 body=72% ramp=0.7x rangeATR=2.4 ⚡ O420.06 H420.73 L417.05 C417.4 ATR=21.68 SL=419.57/420.65 rawVol=163731 volSMA=54875 buf=1.084 prices=420.35/421.07
2025-11-26T10:00:00.000-05:00,[KLB] 10:00 ▼ ~ ~ Yest H vol=3x pos=v90 vwap=below ema=bear rs=-1.5% adx=29 body=72% ramp=0.7x rangeATR=2.4 ⚡ O420.06 H420.73 L417.05 C417.4 ATR=21.68 SL=419.57/420.65 rawVol=163731 volSMA=54875 buf=1.084 prices=420.48
2025-11-26T10:25:00.000-05:00,[KLB] 10:25 ▼ ◆ ◆⁶ PM L 1.1x v32 vol= pos= vwap=below ema=bear rs=-1.3% adx=38 body=50% ramp=0.5x rangeATR=0.7 🔇 O418.7 H418.9 L417.75 C418.13 ATR=21.68 SL=420.3/421.38 rawVol=52247 volSMA=72447 buf=1.084 prices=
2025-11-26T10:30:00.000-05:00,"[KLB] 10:30 ▼ ◆ ◆⁶ PM L 1.1x v32
◆⁷ ORB L 0.9x v16 vol= pos= vwap=below ema=bear rs=-1.1% adx=37 body=55% ramp=0.8x rangeATR=1.4 O418.15 H420.18 L417.86 C419.43 ATR=21.68 SL=421.6/422.68 rawVol=77612 volSMA=76066 buf=1.084 prices="
2025-11-26T10:45:00.000-05:00,[KLB] 10:45 ▼ ~ ~ Yest H vol=0.9x pos=v92 vwap=below ema=bear rs=-1.5% adx=35 body=89% ramp=1.1x rangeATR=1.6 ⚠ O420.45 H420.54 L417.9 C418.1 ATR=21.68 SL=420.27/421.35 rawVol=78115 volSMA=86325 buf=1.084 prices=420.48
2025-11-26T11:15:00.000-05:00,[KLB] 11:15 ▼ ~ ~ Yest H vol=0.4x pos=v71 vwap=below ema=bear rs=-1.5% adx=33 body=71% ramp=0.6x rangeATR=0.5 O419.6 H419.6 L418.9 C419.1 ATR=21.68 SL=421.27/422.35 rawVol=35586 volSMA=91020 buf=1.084 prices=420.48
2025-11-26T11:30:00.000-05:00,[KLB] 11:30 ▼ ~ ~ Yest H vol=0.8x pos=v94 vwap=below ema=bear rs=-1.6% adx=29 body=78% ramp=1.4x rangeATR=1.2 O420.52 H420.8 L419.06 C419.17 ATR=21.68 SL=421.34/422.42 rawVol=56864 volSMA=71062 buf=1.084 prices=420.48
2025-11-26T12:10:00.000-05:00,[KLB] CONF 12:10 ▼ BRK → ✗ (failed)
2025-11-28T09:35:00.000-05:00,[KLB] 9:35 ▲ 🔊 MC ramp=12.5x vol=14.6x pos=^91 vwap=above ema=bull adx=41 body=90% rangeATR=6.7 ⚡ O426.48 H432.69 L426.45 C432.11 ATR=20.85
2025-11-28T09:35:00.000-05:00,[KLB] 9:35 ▲ BRK PM H + Yest H + Week H vol=14.6x pos=^91 vwap=above ema=bull rs=+1.2% adx=41 body=90% ramp=12.5x rangeATR=6.7 ⚡ ⚠ 🔊 O426.48 H432.69 L426.45 C432.11 ATR=20.85 SL=430.02/428.98 rawVol=228776 volSMA=15702 buf=1.043 prices=429.62/426.94/428.94
2025-11-28T09:40:00.000-05:00,[KLB] CONF 9:40 ▲ QBS/MC → ✗ (failed)
2025-11-28T09:40:00.000-05:00,[KLB] CONF 9:40 ▲ BRK → ✗ (failed)
2025-11-28T09:45:00.000-05:00,[KLB] 9:45 ▼ 🔊 MC ramp=25.9x vol=5.1x pos=v87 vwap=below ema=bull adx=38 body=75% rangeATR=3.5 ⚡ O431.89 H432.4 L428.1 C428.67 ATR=20.85
2025-11-28T09:45:00.000-05:00,[KLB] 9:45 ▼ ~~ ~~ PM H + ~ ORB H vol=5.1x pos=v87 vwap=below ema=bull rs=+0.4% adx=38 body=75% ramp=25.9x rangeATR=3.5 ⚡ 🔊 O431.89 H432.4 L428.1 C428.67 ATR=20.85 SL=430.76/431.8 rawVol=153220 volSMA=29981 buf=1.043 prices=429.62/432.69
2025-11-28T09:50:00.000-05:00,[KLB] CONF 9:50 ▼ QBS/MC → ✗ (failed)
2025-11-28T10:05:00.000-05:00,[KLB] 10:05 ▼ ~~ ~~ PM H + ~~ Week H vol=1.8x pos=v87 vwap=below ema=bull rs=+0.2% adx=30 body=69% ramp=0.6x rangeATR=1.4 O429.13 H429.47 L427.6 C427.84 ATR=20.85 SL=429.93/430.97 rawVol=86570 volSMA=48845 buf=1.043 prices=429.62/428.94
2025-11-28T10:25:00.000-05:00,[KLB] 10:25 ▼ ~~ ~~ PM H + ~~ Week H vol=1x pos=v90 vwap=below ema=bull rs=+0.1% adx=24 body=73% ramp=0.9x rangeATR=1.2 O428.74 H429.04 L427.29 C427.46 ATR=20.85 SL=429.55/430.59 rawVol=62546 volSMA=63858 buf=1.043 prices=429.62/428.94
2025-11-28T11:10:00.000-05:00,[KLB] 11:10 ▲ ~ ~ VWAP vol=1.3x pos=^100 vwap=above ema=bull rs=+0.9% adx=20 body=76% ramp=1.1x rangeATR=1.3 O430.22 H431.47 L429.82 C431.47 ATR=20.85 SL=429.38/428.34 rawVol=119571 volSMA=93132 buf=1.043 prices=
2025-12-01T09:35:00.000-05:00,[KLB] 9:35 ▲ 🔊 MC ramp=15.8x vol=15.3x pos=^89 vwap=above ema=bear adx=26 body=85% rangeATR=5.1 ⚡ O425.39 H429.32 L425.23 C428.87 ATR=19.84
2025-12-01T09:35:00.000-05:00,[KLB] 9:35 ▲ ~ ~ Yest L vol=15.3x pos=^89 vwap=above ema=bear rs=+0.7% adx=26 body=85% ramp=15.8x rangeATR=5.1 ⚡ ⚠ 🔊 O425.39 H429.32 L425.23 C428.87 ATR=19.84 SL=426.89/425.89 rawVol=251122 volSMA=16385 buf=0.992 prices=426.2
2025-12-01T09:40:00.000-05:00,[KLB] 9:40 ▼ 🔊 MC ramp=28x vol=8.1x pos=v100 vwap=above ema=bear adx=29 body=37% rangeATR=3.9 ⚡ O428.94 H431.45 L427.45 C427.45 ATR=19.84
2025-12-01T09:45:00.000-05:00,[KLB] CONF 9:45 ▼ QBS/MC → ✓★ (auto-promote)
2025-12-01T09:50:00.000-05:00,[KLB] 5m CHECK 9:50 ▼ pnl=0.03 → BAIL
2025-12-01T09:55:00.000-05:00,[KLB] 9:55 ▲ BRK PM H vol=2.1x pos=^99 vwap=above ema=bull rs=+0.4% adx=32 body=95% ramp=0.7x rangeATR=1.9 ⚠ O426.39 H428.66 L426.29 C428.64 ATR=19.84 SL=426.66/425.66 rawVol=91430 volSMA=42859 buf=0.992 prices=427.22
2025-12-01T09:55:00.000-05:00,[KLB] 9:55 ▲ ~ ~ Yest L vol=2.1x pos=^99 vwap=above ema=bull rs=+0.4% adx=32 body=95% ramp=0.7x rangeATR=1.9 ⚠ O426.39 H428.66 L426.29 C428.64 ATR=19.84 SL=426.66/425.66 rawVol=91430 volSMA=42859 buf=0.992 prices=426.2
2025-12-01T10:10:00.000-05:00,[KLB] 10:10 ▲ BRK ORB H vol=2x pos=^91 vwap=above ema=bull rs=+0.9% adx=37 body=71% ramp=0.9x rangeATR=2.1 ⚡ O428.42 H430.91 L427.83 C430.62 ATR=19.84 SL=428.64/427.64 rawVol=112203 volSMA=56515 buf=0.992 prices=429.32
2025-12-01T10:10:00.000-05:00,[KLB] 10:10 ▲ ~ ~ VWAP vol=2x pos=^91 vwap=above ema=bull rs=+0.9% adx=37 body=71% ramp=0.9x rangeATR=2.1 ⚡ O428.42 H430.91 L427.83 C430.62 ATR=19.84 SL=428.64/427.64 rawVol=112203 volSMA=56515 buf=0.992 prices=
2025-12-01T10:10:00.000-05:00,[KLB] CONF 10:10 ▲ BRK → ✓ (auto-promote)
2025-12-01T10:15:00.000-05:00,[KLB] 5m CHECK 10:15 ▲ pnl=0.02 → BAIL
2025-12-01T10:20:00.000-05:00,[KLB] 10:20 ▲ ◆ ◆³ ORB H 1x ^5 vol= pos= vwap=above ema=bull rs=+1.1% adx=42 body=20% ramp=1.7x rangeATR=1.2 O431 H432.08 L430.09 C431.4 ATR=19.84 SL=429.42/428.42 rawVol=120306 volSMA=72825 buf=0.992 prices=
2025-12-01T10:25:00.000-05:00,[KLB] CONF 10:25 ▲ BRK → ✗ (failed)
2025-12-01T10:30:00.000-05:00,[KLB] 10:30 ▼ ~~ ~~ ORB H vol=0.9x pos=v95 vwap=below ema=bull rs=+0.5% adx=42 body=94% ramp=0.6x rangeATR=0.9 ⚠ O429.61 H429.62 L428.18 C428.25 ATR=19.84 SL=430.23/431.23 rawVol=74475 volSMA=79880 buf=0.992 prices=429.32
2025-12-01T11:10:00.000-05:00,[KLB] 11:10 ▼ ~~ ~~ ORB H vol=0.6x pos=v78 vwap=below ema=bull rs=+0.2% adx=34 body=76% ramp=0.8x rangeATR=1.2 O428.83 H428.88 L426.89 C427.32 ATR=19.84 SL=429.3/430.3 rawVol=68954 volSMA=106570 buf=0.992 prices=429.32
2025-12-01T11:20:00.000-05:00,"[KLB] 11:20 ▼ ~~ ~~ PM H
~ VWAP vol=0.7x pos=v72 vwap=below ema=bull rs=-0.1% adx=30 body=65% ramp=1.1x rangeATR=0.7 O426.86 H426.94 L425.8 C426.12 ATR=19.84 SL=428.1/429.1 rawVol=64628 volSMA=88996 buf=0.992 prices=427.22"
2025-12-01T12:40:00.000-05:00,[KLB] 12:40 ▲ BRK ORB H vol=1.9x pos=^33 vwap=above ema=bull rs=+0.6% adx=22 body=31% ramp=1.6x rangeATR=0.9 O429.43 H430.4 L429.41 C429.74 ATR=19.84 SL=427.76/426.76 rawVol=81248 volSMA=43522 buf=0.992 prices=429.32
2025-12-01T12:40:00.000-05:00,[KLB] 12:40 ▲ ◆ ◆¹ ORB H 1.3x ^98 vol= pos= vwap=above ema=bull rs=+0.6% adx=22 body=31% ramp=1.6x rangeATR=0.9 O429.43 H430.4 L429.41 C429.74 ATR=19.84 SL=427.76/426.76 rawVol=81248 volSMA=43522 buf=0.992 prices=
2025-12-01T13:40:00.000-05:00,[KLB] CONF 13:40 ▲ BRK → ✗ (failed)
2025-12-02T09:40:00.000-05:00,[KLB] 9:40 ▲ 🔊 MC ramp=28.5x vol=8.4x pos=^63 vwap=above ema=bull adx=25 body=44% rangeATR=4.1 ⚡ O430.16 H433.5 L429.41 C431.98 ATR=19.02
2025-12-02T09:40:00.000-05:00,[KLB] 9:40 ▲ ~ ~ ORB L vol=8.4x pos=^63 vwap=above ema=bull rs=+0.2% adx=25 body=44% ramp=28.5x rangeATR=4.1 ⚡ 🔊 O430.16 H433.5 L429.41 C431.98 ATR=19.02 SL=430.08/429.13 rawVol=238814 volSMA=28370 buf=0.951 prices=428.86
2025-12-02T09:45:00.000-05:00,[KLB] 9:45 ▼ 🔊 MC ramp=26x vol=3.7x pos=v96 vwap=below ema=bull adx=25 body=73% rangeATR=2.5 ⚡ O432.08 H432.74 L429.84 C429.96 ATR=19.02
2025-12-02T09:45:00.000-05:00,[KLB] 9:45 ▼ ~ ~ PM H + ~ Yest H + ~ Week H + ~ ORB H vol=3.7x pos=v96 vwap=below ema=bull rs=-0.3% adx=25 body=73% ramp=26x rangeATR=2.5 ⚡ 🔊 O432.08 H432.74 L429.84 C429.96 ATR=19.02 SL=431.86/432.81 rawVol=127073 volSMA=34591 buf=0.951 prices=433.2/433.66/432.93/432.46
2025-12-02T09:50:00.000-05:00,[KLB] CONF 9:50 ▼ QBS/MC → ✓ (auto-promote)
2025-12-02T09:55:00.000-05:00,[KLB] 9:55 ▼ BRK ORB L vol=3.1x pos=v88 vwap=below ema=bear rs=-0.6% adx=27 body=57% ramp=0.8x rangeATR=2.2 ⚡ O429.69 H430.58 L427.74 C428.08 ATR=19.02 SL=429.98/430.93 rawVol=151908 volSMA=48273 buf=0.951 prices=428.86
2025-12-02T09:55:00.000-05:00,"[KLB] 9:55 ▼ ~ ~ Yest H
~ VWAP vol=3.1x pos=v88 vwap=below ema=bear rs=-0.6% adx=27 body=57% ramp=0.8x rangeATR=2.2 ⚡ O429.69 H430.58 L427.74 C428.08 ATR=19.02 SL=429.98/430.93 rawVol=151908 volSMA=48273 buf=0.951 prices=433.66"
2025-12-02T09:55:00.000-05:00,[KLB] 5m CHECK 9:55 ▼ pnl=0.08 → HOLD
2025-12-02T09:55:00.000-05:00,[KLB] 9:55 ▼ ◆ ◆¹ ORB L 2.4x v16 vol= pos= vwap=below ema=bear rs=-0.6% adx=27 body=57% ramp=0.8x rangeATR=2.2 ⚡ O429.69 H430.58 L427.74 C428.08 ATR=19.02 SL=429.98/430.93 rawVol=151908 volSMA=48273 buf=0.951 prices=
2025-12-02T10:00:00.000-05:00,[KLB] CONF 10:00 ▼ BRK → ✗ (failed)
2025-12-02T10:05:00.000-05:00,[KLB] 10:05 ▲ ~~ ~ PM L + ~~ ORB L vol=2.8x pos=^93 vwap=above ema=bear rs=0% adx=27 body=92% ramp=0.9x rangeATR=1.8 ⚠ O428.94 H431.51 L428.9 C431.34 ATR=19.02 SL=429.44/428.49 rawVol=176822 volSMA=62629 buf=0.951 prices=428.56/428.86
2025-12-02T10:10:00.000-05:00,[KLB] 10:10 ▲ BRK PM H + Yest H + Week H + ORB H vol=3.7x pos=^97 vwap=above ema=bull rs=+0.9% adx=27 body=95% ramp=1.4x rangeATR=2.6 ⚡ ⚠ O431.38 H435.51 L431.29 C435.37 ATR=19.02 SL=433.47/432.52 rawVol=279623 volSMA=76502 buf=0.951 prices=433.2/433.66/432.93/432.46
2025-12-02T10:10:00.000-05:00,[KLB] 10:10 ▲ ~ ~ VWAP vol=3.7x pos=^97 vwap=above ema=bull rs=+0.9% adx=27 body=95% ramp=1.4x rangeATR=2.6 ⚡ ⚠ O431.38 H435.51 L431.29 C435.37 ATR=19.02 SL=433.47/432.52 rawVol=279623 volSMA=76502 buf=0.951 prices=
2025-12-02T10:10:00.000-05:00,[KLB] 10:10 ▲ ◆ ◆¹ Yest H 4.3x ^15 vol= pos= vwap=above ema=bull rs=+0.9% adx=27 body=95% ramp=1.4x rangeATR=2.6 ⚡ ⚠ O431.38 H435.51 L431.29 C435.37 ATR=19.02 SL=433.47/432.52 rawVol=279623 volSMA=76502 buf=0.951 prices=
2025-12-02T10:15:00.000-05:00,"[KLB] 10:15 ▲ ◆ ◆² PM H 1.2x ^26
◆¹ Yest H 4.3x ^15
◆² Week H 1.2x ^26
◆² ORB H 1.2x ^26 vol= pos= vwap=above ema=bull rs=+0.7% adx=28 body=30% ramp=2x rangeATR=1.5 O435.4 H436.82 L434.22 C434.62 ATR=19.02 SL=432.72/431.77 rawVol=326110 volSMA=92706 buf=0.951 prices="
2025-12-02T10:25:00.000-05:00,[KLB] CONF 10:25 ▲ BRK → ✗ (failed)
2025-12-02T10:30:00.000-05:00,[KLB] 10:30 ▼ ~~ ~~ PM H + ~~ Yest H + ~~ Week H + ~~ ORB H vol=1.7x pos=v88 vwap=below ema=bull rs=-0.2% adx=25 body=82% ramp=0.5x rangeATR=2.4 ⚡ ⚠ O433.6 H433.87 L429.25 C429.8 ATR=19.02 SL=431.7/432.65 rawVol=195048 volSMA=112767 buf=0.951 prices=433.2/433.66/432.93/432.46
2025-12-02T15:00:00.000-05:00,[KLB] 15:00 ▲ ~ ~ PM L vol=1.4x pos=^74 vwap=above ema=bull rs=-0.4% adx=22 body=64% ramp=1.1x rangeATR=0.7 O428.74 H429.39 L428.67 C429.2 ATR=19.02 SL=427.3/426.35 rawVol=41870 volSMA=45471 buf=0.951 prices=428.56
2025-12-02T15:10:00.000-05:00,[KLB] 15:10 ▲ ~~ ~~ ORB L vol=1.9x pos=^100 vwap=above ema=bull rs=-0.2% adx=25 body=92% ramp=1.2x rangeATR=1 ⚠ O429.22 H430.16 L429.14 C430.16 ATR=19.02 SL=428.26/427.31 rawVol=93464 volSMA=48853 buf=0.951 prices=428.86
2025-12-02T15:50:00.000-05:00,[KLB] 15:50 ▲ ~~ ~ PM L + ~~ ORB L vol=1.1x pos=^100 vwap=above ema=bull rs=-0.3% adx=30 body=67% ramp=1.3x rangeATR=0.7 O429.26 H429.71 L429.04 C429.71 ATR=19.02 SL=427.81/426.86 rawVol=38997 volSMA=51406 buf=0.951 prices=428.56/428.86
2025-12-03T09:35:00.000-05:00,[KLB] 9:35 ▲ BRK Week H vol=9.8x pos=^69 vwap=above ema=bull rs=+0.8% adx=37 body=54% ramp=4.4x rangeATR=4.4 ⚡ O432.04 H437.45 L431.1 C435.48 ATR=18.71 SL=433.61/432.67 rawVol=401916 volSMA=40997 buf=0.936 prices=432.93
2025-12-03T09:35:00.000-05:00,[KLB] 9:35 ▲ ◆ ◆¹ Week H 6.2x ^11 vol= pos= vwap=above ema=bull rs=+0.8% adx=37 body=54% ramp=4.4x rangeATR=4.4 ⚡ O432.04 H437.45 L431.1 C435.48 ATR=18.71 SL=433.61/432.67 rawVol=401916 volSMA=40997 buf=0.936 prices=
2025-12-03T09:40:00.000-05:00,[KLB] 9:40 ▼ 🔊 MC ramp=11.3x vol=4.7x pos=v89 vwap=below ema=bull adx=37 body=42% rangeATR=2.4 ⚡ O435.37 H437.16 L433.37 C433.79 ATR=18.71
2025-12-03T09:40:00.000-05:00,[KLB] 9:40 ▼ ~ ~ PM H + ~ ORB H vol=4.7x pos=v89 vwap=below ema=bull rs=+0.4% adx=37 body=42% ramp=11.3x rangeATR=2.4 ⚡ 🔊 O435.37 H437.16 L433.37 C433.79 ATR=18.71 SL=435.66/436.6 rawVol=252294 volSMA=53519 buf=0.936 prices=435.7/437.45
2025-12-03T09:45:00.000-05:00,[KLB] 9:45 ▲ 🔊 MC ramp=25.1x vol=4.8x pos=^56 vwap=above ema=bull adx=37 body=56% rangeATR=2.6 ⚡ O433.69 H438.57 L433.69 C436.41 ATR=18.71
2025-12-03T09:45:00.000-05:00,[KLB] 9:45 ▲ BRK PM H vol=4.8x pos=^56 vwap=above ema=bull rs=+1% adx=37 body=56% ramp=25.1x rangeATR=2.6 ⚡ 🔊 O433.69 H438.57 L433.69 C436.41 ATR=18.71 SL=434.54/433.6 rawVol=330635 volSMA=68345 buf=0.936 prices=435.7
2025-12-03T09:45:00.000-05:00,[KLB] CONF 9:45 ▲ BRK → ✓ (auto-promote)
2025-12-03T09:45:00.000-05:00,[KLB] 9:45 ▲ ◆ ◆¹ PM H 2.9x ^49 vol= pos= vwap=above ema=bull rs=+1% adx=37 body=56% ramp=25.1x rangeATR=2.6 ⚡ 🔊 O433.69 H438.57 L433.69 C436.41 ATR=18.71 SL=434.54/433.6 rawVol=330635 volSMA=68345 buf=0.936 prices=
2025-12-03T09:50:00.000-05:00,[KLB] 5m CHECK 9:50 ▲ pnl=0.04 → BAIL
2025-12-03T09:50:00.000-05:00,[KLB] CONF 9:50 ▲ QBS/MC → ✓ (auto-promote)
2025-12-03T09:55:00.000-05:00,[KLB] 9:55 ▲ BRK ORB H vol=2.5x pos=^71 vwap=above ema=bull rs=+1.4% adx=38 body=52% ramp=1.1x rangeATR=1.2 O437.02 H438.89 L436.57 C438.22 ATR=18.71 SL=436.35/435.41 rawVol=217506 volSMA=86998 buf=0.936 prices=437.45
2025-12-03T09:55:00.000-05:00,[KLB] 9:55 ▲ ~ ~ VWAP vol=2.5x pos=^71 vwap=above ema=bull rs=+1.4% adx=38 body=52% ramp=1.1x rangeATR=1.2 O437.02 H438.89 L436.57 C438.22 ATR=18.71 SL=436.35/435.41 rawVol=217506 volSMA=86998 buf=0.936 prices=
2025-12-03T09:55:00.000-05:00,[KLB] CONF 9:55 ▲ BRK → ✓ (auto-promote)
2025-12-03T09:55:00.000-05:00,[KLB] 9:55 ▲ ◆ ◆¹ ORB H 1.6x ^18 vol= pos= vwap=above ema=bull rs=+1.4% adx=38 body=52% ramp=1.1x rangeATR=1.2 O437.02 H438.89 L436.57 C438.22 ATR=18.71 SL=436.35/435.41 rawVol=217506 volSMA=86998 buf=0.936 prices=
2025-12-03T10:00:00.000-05:00,[KLB] 5m CHECK 10:00 ▲ pnl=-0.04 → BAIL
2025-12-04T09:35:00.000-05:00,[KLB] 9:35 ▼ 🔊 MC ramp=11.9x vol=13.2x pos=v93 vwap=below ema=bear adx=21 body=74% rangeATR=5 ⚡ O449.9 H450.88 L445.82 C446.15 ATR=18.71
2025-12-04T09:35:00.000-05:00,[KLB] 9:35 ▼ BRK PM L vol=13.2x pos=v93 vwap=below ema=bear rs=-0.6% adx=21 body=74% ramp=11.9x rangeATR=5 ⚡ 🔊 O449.9 H450.88 L445.82 C446.15 ATR=18.71 SL=448.02/448.96 rawVol=373669 volSMA=28219 buf=0.936 prices=447.15
2025-12-04T09:35:00.000-05:00,"[KLB] 9:35 ▼ ~ ~ Yest H
~ VWAP vol=13.2x pos=v93 vwap=below ema=bear rs=-0.6% adx=21 body=74% ramp=11.9x rangeATR=5 ⚡ 🔊 O449.9 H450.88 L445.82 C446.15 ATR=18.71 SL=448.02/448.96 rawVol=373669 volSMA=28219 buf=0.936 prices=447.92"
2025-12-04T09:40:00.000-05:00,[KLB] 9:40 ▲ 🔊 MC ramp=19.2x vol=7.2x pos=^71 vwap=above ema=bear adx=20 body=67% rangeATR=4.1 ⚡ O446.19 H451.49 L445.97 C449.91 ATR=18.71
2025-12-04T09:40:00.000-05:00,[KLB] 9:40 ▲ ~ ~ PM L + ~ ORB L vol=7.2x pos=^71 vwap=above ema=bear rs=+0.1% adx=20 body=67% ramp=19.2x rangeATR=4.1 ⚡ 🔊 O446.19 H451.49 L445.97 C449.91 ATR=18.71 SL=448.04/447.1 rawVol=319520 volSMA=44105 buf=0.936 prices=447.15/445.82
2025-12-04T09:40:00.000-05:00,[KLB] CONF 9:40 ▼ BRK → ✗ (failed)
2025-12-04T09:45:00.000-05:00,[KLB] CONF 9:45 ▲ QBS/MC → ✓ (auto-promote)
2025-12-04T09:50:00.000-05:00,[KLB] 5m CHECK 9:50 ▲ pnl=0.06 → HOLD
2025-12-05T09:35:00.000-05:00,[KLB] 9:35 ▲ 🔊 MC ramp=13.1x vol=12.1x pos=^74 vwap=above ema=bear adx=41 body=71% rangeATR=3.7 ⚡ O453.03 H456.08 L452.94 C455.25 ATR=18.04
2025-12-05T09:40:00.000-05:00,[KLB] CONF 9:40 ▲ QBS/MC → ✓ (auto-promote)
2025-12-05T09:45:00.000-05:00,[KLB] 5m CHECK 9:45 ▲ pnl=0 → BAIL
2025-12-05T10:20:00.000-05:00,[KLB] 10:20 ▼ ~ ~ ORB H vol=0.9x pos=v85 vwap=below ema=bull rs=+0.1% adx=35 body=81% ramp=0.8x rangeATR=1.1 ⚠ O456.24 H456.29 L454.74 C454.98 ATR=18.04 SL=456.78/457.69 rawVol=64168 volSMA=72160 buf=0.902 prices=456.08
2025-12-05T10:40:00.000-05:00,[KLB] 10:40 ▲ ~ ~ VWAP vol=1.4x pos=^97 vwap=above ema=bull rs=+0.7% adx=32 body=75% ramp=0.8x rangeATR=1.6 O456.27 H457.98 L455.77 C457.92 ATR=18.04 SL=456.12/455.21 rawVol=114932 volSMA=85014 buf=0.902 prices=
2025-12-05T11:05:00.000-05:00,[KLB] 11:05 ▼ ~ ~ PM H vol=0.9x pos=v72 vwap=below ema=bull rs=+0.5% adx=31 body=30% ramp=0.7x rangeATR=1.1 O456.37 H457.1 L455.37 C455.85 ATR=18.04 SL=457.65/458.56 rawVol=75387 volSMA=109322 buf=0.902 prices=456.92
2025-12-05T11:15:00.000-05:00,[KLB] 11:15 ▼ ~ ~ Yest H + ~ ORB H vol=0.8x pos=v96 vwap=below ema=bull rs=+0.1% adx=28 body=82% ramp=0.7x rangeATR=1.2 ⚠ O455.58 H455.82 L454.06 C454.13 ATR=18.04 SL=455.93/456.84 rawVol=86110 volSMA=104262 buf=0.902 prices=454.63/456.08
2025-12-05T11:20:00.000-05:00,[KLB] 11:20 ▼ ~ ~ VWAP vol=1.5x pos=v99 vwap=below ema=bull rs=-0.2% adx=27 body=99% ramp=1.1x rangeATR=1 ⚠ O454.08 H454.08 L452.6 C452.61 ATR=18.04 SL=454.41/455.32 rawVol=152819 volSMA=100292 buf=0.902 prices=
2025-12-08T09:40:00.000-05:00,[KLB] 9:40 ▼ 🔊 MC ramp=46.7x vol=9x pos=v89 vwap=below ema=bear adx=25 body=86% rangeATR=2.8 ⚡ O446.45 H446.56 L443.8 C444.09 ATR=17.26
2025-12-08T09:40:00.000-05:00,[KLB] 9:40 ▼ BRK ORB L vol=9x pos=v89 vwap=below ema=bear rs=-0.6% adx=25 body=86% ramp=46.7x rangeATR=2.8 ⚡ ⚠ 🔊 O446.45 H446.56 L443.8 C444.09 ATR=17.26 SL=445.82/446.68 rawVol=305470 volSMA=39702 buf=0.863 prices=445.82
2025-12-08T09:40:00.000-05:00,[KLB] 9:40 ▼ ~ ~ VWAP vol=9x pos=v89 vwap=below ema=bear rs=-0.6% adx=25 body=86% ramp=46.7x rangeATR=2.8 ⚡ ⚠ 🔊 O446.45 H446.56 L443.8 C444.09 ATR=17.26 SL=445.82/446.68 rawVol=305470 volSMA=39702 buf=0.863 prices=
2025-12-08T09:45:00.000-05:00,[KLB] 9:45 ▲ 🔊 MC ramp=25.7x vol=3.1x pos=^98 vwap=below ema=bear adx=26 body=90% rangeATR=2.6 ⚡ O444.08 H446.73 L443.85 C446.68 ATR=17.26
2025-12-08T09:45:00.000-05:00,[KLB] CONF 9:45 ▼ BRK → ✗ (failed)
2025-12-08T09:50:00.000-05:00,[KLB] CONF 9:50 ▲ QBS/MC → ✓ (auto-promote)
2025-12-08T09:55:00.000-05:00,[KLB] 5m CHECK 9:55 ▲ pnl=-0.04 → BAIL
2025-12-08T10:00:00.000-05:00,[KLB] 10:00 ▼ BRK ORB L vol=1.6x pos=v76 vwap=below ema=bear rs=-0.4% adx=26 body=72% ramp=0.5x rangeATR=1.3 🔇 O446.36 H446.43 L444.68 C445.1 ATR=17.26 SL=446.83/447.69 rawVol=98124 volSMA=64516 buf=0.863 prices=445.82
2025-12-08T10:00:00.000-05:00,[KLB] 10:00 ▼ ◆ ◆¹ ORB L 2x v37 vol= pos= vwap=below ema=bear rs=-0.4% adx=26 body=72% ramp=0.5x rangeATR=1.3 🔇 O446.36 H446.43 L444.68 C445.1 ATR=17.26 SL=446.83/447.69 rawVol=98124 volSMA=64516 buf=0.863 prices=
2025-12-09T09:40:00.000-05:00,[KLB] 9:40 ▲ 🔊 MC ramp=20x vol=10.3x pos=^59 vwap=above ema=bull adx=26 body=50% rangeATR=4.1 ⚡ O438.43 H442.26 L438.08 C440.53 ATR=17.44
2025-12-09T09:40:00.000-05:00,[KLB] 9:40 ▲ BRK PM H + ORB H vol=10.3x pos=^59 vwap=above ema=bull rs=+0.6% adx=26 body=50% ramp=20x rangeATR=4.1 ⚡ 🔊 O438.43 H442.26 L438.08 C440.53 ATR=17.44 SL=438.79/437.91 rawVol=258235 volSMA=25142 buf=0.872 prices=438.62/439.23
2025-12-09T09:40:00.000-05:00,[KLB] 9:40 ▲ ~ ~ Yest L vol=10.3x pos=^59 vwap=above ema=bull rs=+0.6% adx=26 body=50% ramp=20x rangeATR=4.1 ⚡ 🔊 O438.43 H442.26 L438.08 C440.53 ATR=17.44 SL=438.79/437.91 rawVol=258235 volSMA=25142 buf=0.872 prices=435.25
2025-12-09T09:45:00.000-05:00,[KLB] CONF 9:45 ▲ QBS/MC → ✓ (auto-promote)
2025-12-09T09:50:00.000-05:00,[KLB] 9:50 ▲ ~ ~ VWAP vol=4.4x pos=^81 vwap=above ema=bull rs=+1.1% adx=32 body=78% ramp=3.3x rangeATR=2.1 ⚡ O440.95 H443.34 L440.87 C442.88 ATR=17.44 SL=441.14/440.26 rawVol=179288 volSMA=41080 buf=0.872 prices=
2025-12-09T09:50:00.000-05:00,[KLB] 5m CHECK 9:50 ▲ pnl=0.12 → HOLD
2025-12-09T12:35:00.000-05:00,[KLB] 12:35 ▲ BRK Yest H vol=1.9x pos=^55 vwap=above ema=bull rs=+2.7% adx=59 body=53% ramp=1.4x rangeATR=1.1 O449.75 H450.7 L449.73 C450.27 ATR=17.44 SL=448.52/447.65 rawVol=136445 volSMA=71326 buf=0.872 prices=449.75
2025-12-09T12:35:00.000-05:00,[KLB] CONF 12:35 ▲ BRK → ✓ (auto-promote)
2025-12-09T12:35:00.000-05:00,[KLB] 12:35 ▲ ◆ ◆¹ Yest H 0.8x ^79 vol= pos= vwap=above ema=bull rs=+2.7% adx=59 body=53% ramp=1.4x rangeATR=1.1 O449.75 H450.7 L449.73 C450.27 ATR=17.44 SL=448.52/447.65 rawVol=136445 volSMA=71326 buf=0.872 prices=
2025-12-09T12:40:00.000-05:00,[KLB] 5m CHECK 12:40 ▲ pnl=0.02 → BAIL
2025-12-09T13:35:00.000-05:00,[KLB] CONF 13:35 ▲ BRK → ✗ (failed)
2025-12-10T14:35:00.000-05:00,[KLB] 14:35 ▲ BRK PM H vol=3x pos=^91 vwap=above ema=bull rs=+0.3% adx=21 body=83% ramp=0.8x rangeATR=1.8 ⚠ O447.9 H450.03 L447.71 C449.83 ATR=17.39 SL=448.09/447.22 rawVol=160390 volSMA=53202 buf=0.869 prices=448.91
2025-12-10T14:35:00.000-05:00,[KLB] 14:35 ▲ ~ ~ VWAP vol=3x pos=^91 vwap=above ema=bull rs=+0.3% adx=21 body=83% ramp=0.8x rangeATR=1.8 ⚠ O447.9 H450.03 L447.71 C449.83 ATR=17.39 SL=448.09/447.22 rawVol=160390 volSMA=53202 buf=0.869 prices=
2025-12-10T14:35:00.000-05:00,[KLB] 14:35 ▲ ◆ ◆¹ PM H 2.9x ^28 vol= pos= vwap=above ema=bull rs=+0.3% adx=21 body=83% ramp=0.8x rangeATR=1.8 ⚠ O447.9 H450.03 L447.71 C449.83 ATR=17.39 SL=448.09/447.22 rawVol=160390 volSMA=53202 buf=0.869 prices=
2025-12-10T14:40:00.000-05:00,[KLB] CONF 14:40 ▲ BRK → ✗ (failed)
2025-12-10T14:55:00.000-05:00,[KLB] 14:55 ▲ BRK PM H + ORB H vol=1.6x pos=^81 vwap=above ema=bull rs=+0.3% adx=24 body=68% ramp=0.8x rangeATR=1.7 O448.24 H450.64 L447.9 C450.11 ATR=17.39 SL=448.37/447.5 rawVol=117090 volSMA=71727 buf=0.869 prices=448.91/449.71
2025-12-10T14:55:00.000-05:00,[KLB] 14:55 ▲ ◆ ◆¹ ORB H 1.8x ^88 vol= pos= vwap=above ema=bull rs=+0.3% adx=24 body=68% ramp=0.8x rangeATR=1.7 O448.24 H450.64 L447.9 C450.11 ATR=17.39 SL=448.37/447.5 rawVol=117090 volSMA=71727 buf=0.869 prices=
2025-12-11T09:40:00.000-05:00,[KLB] 9:40 ▼ 🔊 MC ramp=21.5x vol=8.8x pos=v91 vwap=below ema=bear adx=22 body=42% rangeATR=3.2 ⚡ O446.26 H447.7 L444.79 C445.05 ATR=17.09
2025-12-11T09:40:00.000-05:00,[KLB] 9:40 ▼ BRK PM L + ORB L vol=8.8x pos=v91 vwap=below ema=bear rs=-0.9% adx=22 body=42% ramp=21.5x rangeATR=3.2 ⚡ 🔊 O446.26 H447.7 L444.79 C445.05 ATR=17.09 SL=446.76/447.61 rawVol=198764 volSMA=22488 buf=0.855 prices=445.65/445.9
2025-12-11T09:40:00.000-05:00,"[KLB] 9:40 ▼ ◆ ◆¹ PM L 5.8x v11
◆¹ ORB L 5.8x v11 vol= pos= vwap=below ema=bear rs=-0.9% adx=22 body=42% ramp=21.5x rangeATR=3.2 ⚡ 🔊 O446.26 H447.7 L444.79 C445.05 ATR=17.09 SL=446.76/447.61 rawVol=198764 volSMA=22488 buf=0.855 prices="
2025-12-11T09:45:00.000-05:00,[KLB] 9:45 ▲ 🔊 MC ramp=35.7x vol=4.6x pos=^89 vwap=below ema=bear adx=24 body=43% rangeATR=1.6 O445 H445.82 L444.3 C445.65 ATR=17.09
2025-12-11T09:50:00.000-05:00,[KLB] 9:50 ▼ ~ ~ VWAP vol=5.3x pos=v96 vwap=below ema=bear rs=-1.1% adx=26 body=75% ramp=3.1x rangeATR=3 ⚡ O445.73 H446.45 L443.03 C443.17 ATR=17.09 SL=444.88/445.73 rawVol=206776 volSMA=38774 buf=0.855 prices=
2025-12-11T09:50:00.000-05:00,[KLB] CONF 9:50 ▲ QBS/MC → ✗ (failed)
2025-12-11T09:55:00.000-05:00,[KLB] 9:55 ▼ BRK Yest L vol=4.4x pos=v92 vwap=below ema=bear rs=-1.2% adx=29 body=67% ramp=1.4x rangeATR=1.7 O443.17 H443.69 L441.61 C441.78 ATR=17.09 SL=443.49/444.34 rawVol=159677 volSMA=46556 buf=0.855 prices=443.61
2025-12-11T09:55:00.000-05:00,[KLB] CONF 9:55 ▼ BRK → ✓★ (auto-promote)
2025-12-11T10:00:00.000-05:00,[KLB] 5m CHECK 10:00 ▼ pnl=0 → BAIL
2025-12-11T10:05:00.000-05:00,[KLB] 10:05 ▼ ◆ ◆³ Yest L 1.8x v4 vol= pos= vwap=below ema=bear rs=-1.1% adx=34 body=64% ramp=0.8x rangeATR=1.3 O441.57 H442.97 L441.34 C442.62 ATR=17.09 SL=444.33/445.18 rawVol=118297 volSMA=58590 buf=0.855 prices=
2025-12-11T10:15:00.000-05:00,[KLB] CONF 10:15 ▼ BRK → ✗ (failed)
2025-12-11T10:25:00.000-05:00,[KLB] 10:25 ▲ ~~ ~~ Yest L vol=1.8x pos=^82 vwap=above ema=bear rs=-0.8% adx=33 body=76% ramp=1x rangeATR=1.4 O444.57 H446.46 L444.45 C446.1 ATR=17.09 SL=444.39/443.54 rawVol=143531 volSMA=79549 buf=0.855 prices=443.61
2025-12-11T12:45:00.000-05:00,[KLB] 12:45 ▲ ~ ~ VWAP vol=1x pos=^87 vwap=above ema=bear rs=-1% adx=20 body=75% ramp=1x rangeATR=0.5 O445.61 H446.08 L445.55 C446.01 ATR=17.09 SL=444.3/443.45 rawVol=49116 volSMA=49662 buf=0.855 prices=
2025-12-11T12:55:00.000-05:00,[KLB] 12:55 ▲ ~~ ~~ PM L + ~~ Yest L + ~~ ORB L vol=1.3x pos=^100 vwap=above ema=bear rs=-0.8% adx=21 body=76% ramp=1.4x rangeATR=1.3 O445.66 H446.77 L445.31 C446.77 ATR=17.09 SL=445.06/444.21 rawVol=62943 volSMA=48864 buf=0.855 prices=445.65/443.61/445.9
2025-12-11T13:05:00.000-05:00,[KLB] 13:05 ▲ ~~ ~~ PM L + ~~ Yest L + ~~ ORB L vol=1.8x pos=^81 vwap=above ema=bull rs=-0.8% adx=23 body=61% ramp=1.7x rangeATR=1.1 O446.28 H447.27 L446.03 C447.04 ATR=17.09 SL=445.33/444.48 rawVol=93350 volSMA=50972 buf=0.855 prices=445.65/443.61/445.9
2025-12-11T13:40:00.000-05:00,[KLB] 13:40 ▲ ~~ ~~ PM L + ~~ ORB L vol=1x pos=^99 vwap=above ema=bull rs=-0.9% adx=23 body=97% ramp=1.1x rangeATR=0.9 ⚠ O446.13 H447.02 L446.11 C447.01 ATR=17.09 SL=445.3/444.45 rawVol=44847 volSMA=42785 buf=0.855 prices=445.65/445.9
2025-12-11T15:00:00.000-05:00,[KLB] 15:00 ▲ ~~ ~~ PM L + ~~ Yest L + ~~ ORB L vol=1.4x pos=^65 vwap=above ema=bull rs=-1.1% adx=22 body=52% ramp=1.5x rangeATR=1.4 O445.98 H447.05 L445.83 C446.62 ATR=17.09 SL=444.91/444.06 rawVol=49699 volSMA=36799 buf=0.855 prices=445.65/443.61/445.9
2025-12-12T09:35:00.000-05:00,[KLB] 9:35 ▲ 🔊 MC ramp=27.5x vol=15.1x pos=^90 vwap=below ema=bull adx=34 body=88% rangeATR=6.4 ⚡ O448.12 H453.38 L448.01 C452.85 ATR=16.67
2025-12-12T09:35:00.000-05:00,[KLB] 9:35 ▲ BRK PM H + Yest H vol=15.1x pos=^90 vwap=below ema=bull rs=+1% adx=34 body=88% ramp=27.5x rangeATR=6.4 ⚡ ⚠ 🔊 O448.12 H453.38 L448.01 C452.85 ATR=16.67 SL=451.18/450.35 rawVol=264225 volSMA=17452 buf=0.833 prices=448.48/449.27
2025-12-12T09:40:00.000-05:00,[KLB] 9:40 ▲ BRK ORB H vol=10.5x pos=^89 vwap=above ema=bull rs=+2.2% adx=38 body=86% ramp=63.4x rangeATR=5 ⚡ ⚠ 🔊 O452.87 H458.81 L452.71 C458.14 ATR=16.67 SL=456.47/455.64 rawVol=381474 volSMA=36427 buf=0.833 prices=453.38
2025-12-12T09:40:00.000-05:00,[KLB] 9:40 ▲ ~ ~ VWAP vol=10.5x pos=^89 vwap=above ema=bull rs=+2.2% adx=38 body=86% ramp=63.4x rangeATR=5 ⚡ ⚠ 🔊 O452.87 H458.81 L452.71 C458.14 ATR=16.67 SL=456.47/455.64 rawVol=381474 volSMA=36427 buf=0.833 prices=
2025-12-12T09:40:00.000-05:00,[KLB] CONF 9:40 ▲ BRK → ✓★ (auto-promote)
2025-12-12T09:40:00.000-05:00,[KLB] CONF 9:40 ▲ QBS/MC → ✓★ (auto-promote)
2025-12-12T09:45:00.000-05:00,[KLB] 5m CHECK 9:45 ▲ pnl=0 → BAIL
2025-12-12T09:55:00.000-05:00,[KLB] 9:55 ▲ BRK Week H vol=5.5x pos=^77 vwap=above ema=bull rs=+3.1% adx=48 body=68% ramp=1.3x rangeATR=3.1 ⚡ O458.39 H463.01 L457.92 C461.85 ATR=16.67 SL=460.18/459.35 rawVol=437072 volSMA=78806 buf=0.833 prices=458.87
2025-12-12T09:55:00.000-05:00,[KLB] CONF 9:55 ▲ BRK → ✓★ (auto-promote)
2025-12-12T10:00:00.000-05:00,[KLB] 5m CHECK 10:00 ▲ pnl=-0.07 → BAIL
2025-12-12T10:00:00.000-05:00,[KLB] CONF 10:00 ▲ BRK → ✗ (failed)
2025-12-12T10:15:00.000-05:00,[KLB] 10:15 ▼ ~ ~ VWAP vol=1.8x pos=v68 vwap=below ema=bull rs=+1.8% adx=49 body=50% ramp=0.7x rangeATR=1 O455.78 H456.14 L454.17 C454.8 ATR=16.67 SL=456.47/457.3 rawVol=151307 volSMA=116708 buf=0.833 prices=
2025-12-12T10:25:00.000-05:00,[KLB] 10:25 ▼ ~~ ~~ ORB H vol=1.3x pos=v88 vwap=below ema=bull rs=+1.5% adx=45 body=88% ramp=0.8x rangeATR=1.9 ⚠ O456.37 H456.39 L452.17 C452.67 ATR=16.67 SL=454.34/455.17 rawVol=168347 volSMA=134455 buf=0.833 prices=453.38
2025-12-12T11:00:00.000-05:00,[KLB] 11:00 ▼ ~~ ~~ Yest H vol=0.9x pos=v87 vwap=below ema=bull rs=+0.9% adx=30 body=51% ramp=0.7x rangeATR=1.7 O450.09 H451.52 L447.47 C448.01 ATR=16.67 SL=449.67/450.5 rawVol=155318 volSMA=180232 buf=0.833 prices=449.27
2025-12-12T11:05:00.000-05:00,[KLB] 11:05 ▼ ~~ ~~ PM H + ~~ Yest H vol=0.8x pos=v99 vwap=below ema=bull rs=+0.7% adx=30 body=48% ramp=1x rangeATR=1.5 O447.97 H449.81 L446.18 C446.23 ATR=16.67 SL=447.9/448.73 rawVol=143403 volSMA=187217 buf=0.833 prices=448.48/449.27
2025-12-12T12:25:00.000-05:00,[KLB] 12:25 ▼ ~~ ~~ Yest H vol=0.9x pos=v73 vwap=below ema=bear rs=+0.9% adx=29 body=44% ramp=1.2x rangeATR=0.5 O448.85 H449.16 L448.11 C448.39 ATR=16.67 SL=450.06/450.89 rawVol=89760 volSMA=100272 buf=0.833 prices=449.27
2025-12-12T13:15:00.000-05:00,[KLB] 13:15 ▲ BRK ORB H vol=1.7x pos=^89 vwap=above ema=bull rs=+2% adx=27 body=84% ramp=1.5x rangeATR=1.5 ⚠ O451.94 H454.37 L451.82 C454.08 ATR=16.67 SL=452.41/451.58 rawVol=145404 volSMA=90684 buf=0.833 prices=453.38
2025-12-12T13:20:00.000-05:00,[KLB] 13:20 ▲ ◆ ◆² ORB H 1.3x ^99 vol= pos= vwap=above ema=bull rs=+2% adx=28 body=28% ramp=1.9x rangeATR=0.7 O454.11 H455.12 L454.01 C454.42 ATR=16.67 SL=452.75/451.92 rawVol=127689 volSMA=90646 buf=0.833 prices=
2025-12-12T14:10:00.000-05:00,[KLB] CONF 14:10 ▲ BRK → ✗ (failed)
2025-12-15T09:35:00.000-05:00,[KLB] 9:35 ▲ 🔊 MC ramp=13.4x vol=12.7x pos=^68 vwap=above ema=bull adx=50 body=51% rangeATR=6.6 ⚡ O469.45 H478.19 L467.7 C474.81 ATR=17
2025-12-15T09:35:00.000-05:00,[KLB] 9:35 ▲ BRK PM H vol=12.7x pos=^68 vwap=above ema=bull rs=+1.4% adx=50 body=51% ramp=13.4x rangeATR=6.6 ⚡ 🔊 O469.45 H478.19 L467.7 C474.81 ATR=17 SL=473.11/472.26 rawVol=852659 volSMA=67042 buf=0.85 prices=470.45
2025-12-15T09:35:00.000-05:00,[KLB] 9:35 ▲ ~ ~ VWAP vol=12.7x pos=^68 vwap=above ema=bull rs=+1.4% adx=50 body=51% ramp=13.4x rangeATR=6.6 ⚡ 🔊 O469.45 H478.19 L467.7 C474.81 ATR=17 SL=473.11/472.26 rawVol=852659 volSMA=67042 buf=0.85 prices=
2025-12-15T09:40:00.000-05:00,[KLB] CONF 9:40 ▲ QBS/MC → ✓ (auto-promote)
2025-12-15T09:45:00.000-05:00,[KLB] 5m CHECK 9:45 ▲ pnl=-0.09 → BAIL
2025-12-15T09:50:00.000-05:00,[KLB] 9:50 ▲ BRK ORB H vol=2.7x pos=^99 vwap=above ema=bull rs=+2.6% adx=56 body=79% ramp=1.5x rangeATR=2.1 ⚡ O476.34 H480.44 L475.32 C480.4 ATR=17 SL=478.7/477.85 rawVol=371247 volSMA=136034 buf=0.85 prices=478.19
2025-12-15T09:50:00.000-05:00,[KLB] CONF 9:50 ▲ BRK → ✓ (auto-promote)
2025-12-15T09:50:00.000-05:00,[KLB] 9:50 ▲ ◆ ◆¹ ORB H 2.4x ^47 vol= pos= vwap=above ema=bull rs=+2.6% adx=56 body=79% ramp=1.5x rangeATR=2.1 ⚡ O476.34 H480.44 L475.32 C480.4 ATR=17 SL=478.7/477.85 rawVol=371247 volSMA=136034 buf=0.85 prices=
2025-12-15T09:55:00.000-05:00,[KLB] 5m CHECK 9:55 ▲ pnl=-0.06 → BAIL
2025-12-15T09:55:00.000-05:00,[KLB] CONF 9:55 ▲ BRK → ✗ (failed)
2025-12-15T10:05:00.000-05:00,[KLB] 10:05 ▼ ~~ ~~ ORB H vol=1.7x pos=v100 vwap=below ema=bull rs=+1.4% adx=57 body=95% ramp=0.6x rangeATR=1.7 ⚠ O477.58 H477.79 L473.15 C473.17 ATR=17 SL=474.87/475.72 rawVol=295634 volSMA=177164 buf=0.85 prices=478.19
2025-12-15T10:30:00.000-05:00,[KLB] 10:30 ▼ ~ ~ VWAP vol=0.9x pos=v54 vwap=below ema=bull rs=+1.4% adx=48 body=39% ramp=0.8x rangeATR=1 O473.3 H473.75 L470.71 C472.12 ATR=17 SL=473.82/474.67 rawVol=203247 volSMA=214302 buf=0.85 prices=
2025-12-17T09:35:00.000-05:00,[KLB] 9:35 ▲ 🔊 MC ramp=20.7x vol=12.7x pos=^73 vwap=above ema=bear adx=32 body=59% rangeATR=5.2 ⚡ O488.22 H495.25 L487.12 C493.02 ATR=18
2025-12-17T09:35:00.000-05:00,[KLB] 9:35 ▲ ~ ~ VWAP vol=12.7x pos=^73 vwap=above ema=bear rs=+1% adx=32 body=59% ramp=20.7x rangeATR=5.2 ⚡ 🔊 O488.22 H495.25 L487.12 C493.02 ATR=18 SL=491.22/490.32 rawVol=486188 volSMA=38376 buf=0.9 prices=
2025-12-17T09:40:00.000-05:00,[KLB] 9:40 ▼ 🔊 MC ramp=32.8x vol=5.4x pos=v63 vwap=above ema=bear adx=33 body=40% rangeATR=2.8 ⚡ O493.06 H494.18 L489.22 C491.06 ATR=18
2025-12-17T09:45:00.000-05:00,[KLB] CONF 9:45 ▼ QBS/MC → ✓ (auto-promote)
2025-12-17T09:50:00.000-05:00,[KLB] 5m CHECK 9:50 ▼ pnl=0.04 → BAIL
2025-12-17T10:25:00.000-05:00,[KLB] 10:25 ▼ ~ ~ Yest H vol=0.9x pos=v70 vwap=below ema=bull rs=+0.4% adx=26 body=68% ramp=0.8x rangeATR=1.2 O491.43 H491.49 L488.56 C489.44 ATR=18 SL=491.24/492.14 rawVol=104457 volSMA=115732 buf=0.9 prices=491.5
2025-12-17T10:30:00.000-05:00,[KLB] 10:30 ▲ ~ ~ ORB L vol=1.2x pos=^96 vwap=above ema=bull rs=+0.6% adx=25 body=41% ramp=0.8x rangeATR=1.3 O489.41 H490.79 L487.66 C490.68 ATR=18 SL=488.88/487.98 rawVol=147889 volSMA=122554 buf=0.9 prices=487.12
2025-12-17T10:35:00.000-05:00,[KLB] 10:35 ▼ ~ ~ Yest H vol=0.7x pos=v92 vwap=below ema=bull rs=+0.4% adx=24 body=71% ramp=1x rangeATR=1.1 O490.67 H491.25 L488.55 C488.76 ATR=18 SL=490.56/491.46 rawVol=86224 volSMA=126251 buf=0.9 prices=491.5
2025-12-17T10:40:00.000-05:00,[KLB] 10:40 ▼ ~ ~ VWAP vol=1.4x pos=v84 vwap=below ema=bull rs=0% adx=24 body=80% ramp=1.3x rangeATR=1.4 O488.71 H488.87 L485.46 C485.99 ATR=18 SL=487.79/488.69 rawVol=188154 volSMA=135179 buf=0.9 prices=
2025-12-18T09:40:00.000-05:00,[KLB] 9:40 ▼ 🔊 MC ramp=23.5x vol=8x pos=v37 vwap=below ema=bull adx=31 body=33% rangeATR=2.5 ⚡ O476.49 H476.62 L473.12 C475.32 ATR=18.8
2025-12-18T09:45:00.000-05:00,[KLB] 9:45 ▲ 🔊 MC ramp=27.3x vol=4.1x pos=^86 vwap=above ema=bull adx=31 body=58% rangeATR=3.3 ⚡ O475.5 H479.6 L473.9 C478.8 ATR=18.8
2025-12-18T09:45:00.000-05:00,"[KLB] 9:45 ▲ ~ ~ ORB L
~ VWAP vol=4.1x pos=^86 vwap=above ema=bull rs=+0.3% adx=31 body=58% ramp=27.3x rangeATR=3.3 ⚡ 🔊 O475.5 H479.6 L473.9 C478.8 ATR=18.8 SL=476.92/475.98 rawVol=225885 volSMA=55719 buf=0.94 prices=475.8"
2025-12-18T09:50:00.000-05:00,[KLB] CONF 9:50 ▲ QBS/MC → ✗ (failed)
2025-12-18T09:55:00.000-05:00,[KLB] 9:55 ▲ BRK PM H vol=2.9x pos=^95 vwap=above ema=bull rs=+0.6% adx=33 body=61% ramp=1.1x rangeATR=2.6 ⚡ O477.59 H481.22 L475.75 C480.93 ATR=18.8 SL=479.05/478.11 rawVol=226744 volSMA=77491 buf=0.94 prices=478.73
2025-12-18T09:55:00.000-05:00,[KLB] 9:55 ▲ ~ ~ ORB L vol=2.9x pos=^95 vwap=above ema=bull rs=+0.6% adx=33 body=61% ramp=1.1x rangeATR=2.6 ⚡ O477.59 H481.22 L475.75 C480.93 ATR=18.8 SL=479.05/478.11 rawVol=226744 volSMA=77491 buf=0.94 prices=475.8
2025-12-18T09:55:00.000-05:00,[KLB] 9:55 ▲ ◆ ◆¹ PM H 2.5x ^83 vol= pos= vwap=above ema=bull rs=+0.6% adx=33 body=61% ramp=1.1x rangeATR=2.6 ⚡ O477.59 H481.22 L475.75 C480.93 ATR=18.8 SL=479.05/478.11 rawVol=226744 volSMA=77491 buf=0.94 prices=
2025-12-18T10:30:00.000-05:00,[KLB] 10:30 ▲ BRK ORB H vol=1.7x pos=^99 vwap=above ema=bull rs=+0.9% adx=36 body=90% ramp=1.1x rangeATR=1.2 ⚠ O480.95 H483.52 L480.7 C483.5 ATR=18.8 SL=481.62/480.68 rawVol=222635 volSMA=127880 buf=0.94 prices=482.34
2025-12-18T10:30:00.000-05:00,[KLB] CONF 10:30 ▲ BRK → ✓ (auto-promote)
2025-12-18T10:35:00.000-05:00,[KLB] 5m CHECK 10:35 ▲ pnl=0.06 → HOLD
2025-12-19T09:35:00.000-05:00,[KLB] 9:35 ▼ 🔊 MC ramp=15.3x vol=14.4x pos=v87 vwap=below ema=bear adx=20 body=48% rangeATR=5.4 ⚡ O488.3 H490.49 L484.8 C485.56 ATR=19.14
2025-12-19T09:35:00.000-05:00,[KLB] 9:35 ▼ BRK PM L vol=14.4x pos=v87 vwap=below ema=bear rs=-0.8% adx=20 body=48% ramp=15.3x rangeATR=5.4 ⚡ 🔊 O488.3 H490.49 L484.8 C485.56 ATR=19.14 SL=487.47/488.43 rawVol=279551 volSMA=19480 buf=0.957 prices=486.07
2025-12-19T09:35:00.000-05:00,[KLB] 9:35 ▼ ~ ~ PM H vol=14.4x pos=v87 vwap=below ema=bear rs=-0.8% adx=20 body=48% ramp=15.3x rangeATR=5.4 ⚡ 🔊 O488.3 H490.49 L484.8 C485.56 ATR=19.14 SL=487.47/488.43 rawVol=279551 volSMA=19480 buf=0.957 prices=489.9
2025-12-19T09:35:00.000-05:00,[KLB] 9:35 ▼ ◆ ◆¹ PM L 12.4x v73 vol= pos= vwap=below ema=bear rs=-0.8% adx=20 body=48% ramp=15.3x rangeATR=5.4 ⚡ 🔊 O488.3 H490.49 L484.8 C485.56 ATR=19.14 SL=487.47/488.43 rawVol=279551 volSMA=19480 buf=0.957 prices=
2025-12-19T09:40:00.000-05:00,[KLB] 9:40 ▼ BRK ORB L vol=8.9x pos=v73 vwap=below ema=bear rs=-1% adx=21 body=48% ramp=20.5x rangeATR=2.4 ⚡ 🔊 O485.49 H486.19 L483.32 C484.1 ATR=19.14 SL=486.01/486.97 rawVol=242077 volSMA=31255 buf=0.957 prices=484.8
2025-12-19T09:40:00.000-05:00,[KLB] CONF 9:40 ▼ BRK → ✓★ (auto-promote)
2025-12-19T09:40:00.000-05:00,[KLB] CONF 9:40 ▼ QBS/MC → ✓★ (auto-promote)
2025-12-19T09:45:00.000-05:00,[KLB] 9:45 ▲ 🔊 MC ramp=22.7x vol=6x pos=^100 vwap=below ema=bear adx=23 body=34% rangeATR=2.9 ⚡ O484.17 H485.53 L481.55 C485.52 ATR=19.14
2025-12-19T09:45:00.000-05:00,[KLB] 5m CHECK 9:45 ▼ pnl=-0.07 → BAIL
2025-12-19T09:45:00.000-05:00,[KLB] 9:45 ▼ ◆ ◆² ORB L 4.1x v90 vol= pos= vwap=below ema=bear rs=-0.9% adx=23 body=34% ramp=22.7x rangeATR=2.9 ⚡ 🔊 O484.17 H485.53 L481.55 C485.52 ATR=19.14 SL=487.43/488.39 rawVol=263545 volSMA=44059 buf=0.957 prices=
2025-12-19T09:50:00.000-05:00,[KLB] 9:50 ▼ BRK ORB L vol=3.4x pos=v90 vwap=below ema=bear rs=-1.5% adx=24 body=83% ramp=2.2x rangeATR=2.2 ⚡ ⚠ O485.55 H485.78 L482.41 C482.76 ATR=19.14 SL=484.67/485.63 rawVol=179069 volSMA=52878 buf=0.957 prices=484.8
2025-12-19T09:50:00.000-05:00,"[KLB] 9:50 ▼ ~ ~ Yest H
~ VWAP vol=3.4x pos=v90 vwap=below ema=bear rs=-1.5% adx=24 body=83% ramp=2.2x rangeATR=2.2 ⚡ ⚠ O485.55 H485.78 L482.41 C482.76 ATR=19.14 SL=484.67/485.63 rawVol=179069 volSMA=52878 buf=0.957 prices=490.86"
2025-12-19T09:50:00.000-05:00,[KLB] CONF 9:50 ▼ BRK → ✓ (auto-promote)
2025-12-19T09:50:00.000-05:00,[KLB] CONF 9:50 ▲ QBS/MC → ✗ (failed)
2025-12-19T09:50:00.000-05:00,[KLB] 9:50 ▼ ◆ ◆¹ ORB L 2.8x v65 vol= pos= vwap=below ema=bear rs=-1.5% adx=24 body=83% ramp=2.2x rangeATR=2.2 ⚡ ⚠ O485.55 H485.78 L482.41 C482.76 ATR=19.14 SL=484.67/485.63 rawVol=179069 volSMA=52878 buf=0.957 prices=
2025-12-19T09:55:00.000-05:00,[KLB] 5m CHECK 9:55 ▼ pnl=-0.01 → BAIL
2025-12-19T10:20:00.000-05:00,[KLB] 10:20 ▼ ~ ~ Yest H vol=1.8x pos=v74 vwap=below ema=bear rs=-1.7% adx=25 body=58% ramp=0.7x rangeATR=1.3 O483.55 H483.93 L481.57 C482.19 ATR=19.14 SL=484.1/485.06 rawVol=155031 volSMA=87994 buf=0.957 prices=490.86
2025-12-19T14:30:00.000-05:00,[KLB] 14:30 ▲ ~ ~ VWAP vol=1.3x pos=^91 vwap=above ema=bull rs=-1.5% adx=25 body=76% ramp=0.9x rangeATR=0.9 O483.06 H483.89 L482.92 C483.8 ATR=19.14 SL=481.89/480.93 rawVol=83459 volSMA=62171 buf=0.957 prices=
2025-12-22T09:35:00.000-05:00,[KLB] 9:35 ▲ 🔊 MC ramp=29.1x vol=16.3x pos=^77 vwap=above ema=bull adx=23 body=51% rangeATR=7.8 ⚡ O489.99 H496.59 L487.7 C494.54 ATR=18.9
2025-12-22T09:35:00.000-05:00,[KLB] 9:35 ▲ BRK PM H + Yest H vol=16.3x pos=^77 vwap=above ema=bull rs=+1% adx=23 body=51% ramp=29.1x rangeATR=7.8 ⚡ 🔊 O489.99 H496.59 L487.7 C494.54 ATR=18.9 SL=492.65/491.71 rawVol=604109 volSMA=36997 buf=0.945 prices=490.35/490.49
2025-12-22T09:35:00.000-05:00,[KLB] 9:35 ▲ ~ ~ VWAP vol=16.3x pos=^77 vwap=above ema=bull rs=+1% adx=23 body=51% ramp=29.1x rangeATR=7.8 ⚡ 🔊 O489.99 H496.59 L487.7 C494.54 ATR=18.9 SL=492.65/491.71 rawVol=604109 volSMA=36997 buf=0.945 prices=
2025-12-22T09:40:00.000-05:00,[KLB] CONF 9:40 ▲ QBS/MC → ✓ (auto-promote)
2025-12-22T09:45:00.000-05:00,[KLB] 9:45 ▼ 🔊 MC ramp=26.5x vol=3.4x pos=v58 vwap=above ema=bull adx=30 body=45% rangeATR=1.8 O494.99 H495.31 L492.86 C493.89 ATR=18.9
2025-12-22T09:45:00.000-05:00,[KLB] 5m CHECK 9:45 ▲ pnl=-0.06 → BAIL
2025-12-22T09:50:00.000-05:00,[KLB] 9:50 ▲ BRK Week H + ORB H vol=4.3x pos=^98 vwap=above ema=bull rs=+1.7% adx=33 body=92% ramp=1.3x rangeATR=2.7 ⚡ ⚠ O493.85 H497.79 L493.57 C497.72 ATR=18.9 SL=495.83/494.89 rawVol=341306 volSMA=79137 buf=0.945 prices=495.28/496.59
2025-12-22T09:50:00.000-05:00,[KLB] CONF 9:50 ▲ BRK → ✓ (auto-promote)
2025-12-22T09:50:00.000-05:00,[KLB] CONF 9:50 ▼ QBS/MC → ✗ (failed)
2025-12-22T09:50:00.000-05:00,[KLB] 9:50 ▲ ◆ ◆¹ ORB H 4.5x ^0 vol= pos= vwap=above ema=bull rs=+1.7% adx=33 body=92% ramp=1.3x rangeATR=2.7 ⚡ ⚠ O493.85 H497.79 L493.57 C497.72 ATR=18.9 SL=495.83/494.89 rawVol=341306 volSMA=79137 buf=0.945 prices=
2025-12-22T09:55:00.000-05:00,[KLB] 5m CHECK 9:55 ▲ pnl=-0.05 → BAIL
2025-12-22T09:55:00.000-05:00,[KLB] CONF 9:55 ▲ BRK → ✗ (failed)
2025-12-22T10:00:00.000-05:00,[KLB] 10:00 ▼ ~~ ~~ Week H + ~~ ORB H vol=3.3x pos=v95 vwap=below ema=bull rs=+0.8% adx=37 body=92% ramp=0.8x rangeATR=1.8 ⚠ O496.69 H496.79 L493.62 C493.77 ATR=18.9 SL=495.66/496.6 rawVol=207296 volSMA=106882 buf=0.945 prices=495.28/496.59
2025-12-22T10:05:00.000-05:00,[KLB] 10:05 ▼ ~ ~ VWAP vol=1.8x pos=v98 vwap=below ema=bull rs=+0.2% adx=35 body=80% ramp=0.9x rangeATR=2 ⚡ ⚠ O493.76 H494.43 L490.65 C490.73 ATR=18.9 SL=492.62/493.56 rawVol=208130 volSMA=116934 buf=0.945 prices=
2025-12-22T10:10:00.000-05:00,[KLB] 10:10 ▼ ~~ ~~ PM H vol=1.7x pos=v73 vwap=below ema=bull rs=0% adx=33 body=48% ramp=0.7x rangeATR=1.4 O490.67 H491.33 L488.7 C489.4 ATR=18.9 SL=491.29/492.23 rawVol=214521 volSMA=127369 buf=0.945 prices=490.35
2025-12-22T10:15:00.000-05:00,[KLB] 10:15 ▼ ~~ ~~ Yest H vol=1.6x pos=v62 vwap=below ema=bull rs=-0.4% adx=31 body=60% ramp=0.7x rangeATR=1.7 O489.43 H489.5 L486.1 C487.4 ATR=18.9 SL=489.29/490.23 rawVol=184933 volSMA=136294 buf=0.945 prices=490.49
2025-12-22T10:30:00.000-05:00,[KLB] 10:30 ▼ ~~ ~~ PM H + ~~ Yest H vol=0.9x pos=v74 vwap=below ema=bull rs=-0.4% adx=26 body=69% ramp=0.7x rangeATR=1.5 O490.26 H490.44 L487.07 C487.95 ATR=18.9 SL=489.84/490.78 rawVol=136771 volSMA=158005 buf=0.945 prices=490.35/490.49
2025-12-22T10:50:00.000-05:00,[KLB] 10:50 ▼ ~~ ~~ Yest H vol=0.4x pos=v71 vwap=below ema=bull rs=-0.4% adx=20 body=61% ramp=0.9x rangeATR=1 O489.36 H489.58 L487.35 C488 ATR=18.9 SL=489.89/490.83 rawVol=78659 volSMA=178513 buf=0.945 prices=490.49
2025-12-22T15:15:00.000-05:00,[KLB] 15:15 ▼ ~~ ~~ PM H vol=2.1x pos=v97 vwap=below ema=bull rs=-0.2% adx=21 body=81% ramp=1.7x rangeATR=1.8 ⚠ O491.28 H491.59 L489.63 C489.69 ATR=18.9 SL=491.58/492.52 rawVol=120393 volSMA=58266 buf=0.945 prices=490.35
2025-12-22T15:20:00.000-05:00,[KLB] 15:20 ▼ ~~ ~~ PM H vol=2x pos=v70 vwap=below ema=bear rs=-0.4% adx=23 body=63% ramp=2.8x rangeATR=1.3 O489.75 H489.85 L488.36 C488.81 ATR=18.9 SL=490.7/491.64 rawVol=109831 volSMA=61451 buf=0.945 prices=490.35
2025-12-22T15:30:00.000-05:00,[KLB] 15:30 ▼ ~~ ~~ Yest H vol=1.5x pos=v100 vwap=below ema=bear rs=-0.6% adx=29 body=93% ramp=1.3x rangeATR=1.2 ⚠ O488.75 H488.85 L487.5 C487.5 ATR=18.9 SL=489.39/490.33 rawVol=99567 volSMA=66107 buf=0.945 prices=490.49
2025-12-23T09:30:00.000-05:00,[KLB] 9:30 ▲ ~ ~ Yest L vol=1.4x pos=^81 vwap=above ema=bear rs=-0.2% adx=41 body=81% ramp=0.8x rangeATR=2.8 ⚡ ⚠ O487.62 H489.66 L487.62 C489.27 ATR=18.81 SL=487.39/486.45 rawVol=11337 volSMA=8384 buf=0.94 prices=485.33
2025-12-23T09:40:00.000-05:00,[KLB] 9:40 ▼ 🔊 MC ramp=22.4x vol=8.1x pos=v84 vwap=below ema=bear adx=39 body=41% rangeATR=3.9 ⚡ O488.46 H490.63 L485.67 C486.45 ATR=18.81
2025-12-23T09:40:00.000-05:00,[KLB] 9:40 ▼ BRK ORB L vol=8.1x pos=v84 vwap=below ema=bear rs=-0.8% adx=39 body=41% ramp=22.4x rangeATR=3.9 ⚡ 🔊 O488.46 H490.63 L485.67 C486.45 ATR=18.81 SL=488.33/489.27 rawVol=257632 volSMA=31750 buf=0.94 prices=487.6
2025-12-23T09:40:00.000-05:00,[KLB] 9:40 ▼ ~ ~ PM H + ~ Yest H vol=8.1x pos=v84 vwap=below ema=bear rs=-0.8% adx=39 body=41% ramp=22.4x rangeATR=3.9 ⚡ 🔊 O488.46 H490.63 L485.67 C486.45 ATR=18.81 SL=488.33/489.27 rawVol=257632 volSMA=31750 buf=0.94 prices=490.96/498.83
2025-12-23T09:40:00.000-05:00,[KLB] 9:40 ▼ ◆ ◆¹ ORB L 5x v20 vol= pos= vwap=below ema=bear rs=-0.8% adx=39 body=41% ramp=22.4x rangeATR=3.9 ⚡ 🔊 O488.46 H490.63 L485.67 C486.45 ATR=18.81 SL=488.33/489.27 rawVol=257632 volSMA=31750 buf=0.94 prices=
2025-12-23T09:45:00.000-05:00,[KLB] 9:45 ▲ 🔊 MC ramp=29.1x vol=4x pos=^80 vwap=below ema=bear adx=36 body=51% rangeATR=2.1 ⚡ O486.46 H488.54 L485.64 C487.95 ATR=18.81
2025-12-23T09:45:00.000-05:00,[KLB] CONF 9:45 ▼ BRK → ✗ (failed)
2025-12-23T09:50:00.000-05:00,[KLB] 9:50 ▲ ~~ ~ PM L + ~ Yest L + ~~ ORB L vol=3.5x pos=^81 vwap=above ema=bear rs=-0.4% adx=35 body=32% ramp=2.3x rangeATR=1.9 O488.11 H489.6 L486.7 C489.04 ATR=18.81 SL=487.16/486.22 rawVol=110777 volSMA=44702 buf=0.94 prices=486.5/485.33/487.6
2025-12-23T09:50:00.000-05:00,[KLB] CONF 9:50 ▲ QBS/MC → ✓ (auto-promote)
2025-12-23T09:55:00.000-05:00,[KLB] 9:55 ▼ ~ ~ PM H + ~ Yest H vol=2.7x pos=v93 vwap=below ema=bear rs=-0.6% adx=35 body=40% ramp=0.9x rangeATR=1.9 O489.04 H490.69 L487.58 C487.81 ATR=18.81 SL=489.69/490.63 rawVol=140466 volSMA=51546 buf=0.94 prices=490.96/498.83
2025-12-23T09:55:00.000-05:00,[KLB] 5m CHECK 9:55 ▲ pnl=-0.07 → BAIL
2025-12-23T10:05:00.000-05:00,[KLB] 10:05 ▼ BRK PM L + ORB L vol=2.4x pos=v45 vwap=below ema=bear rs=-0.7% adx=31 body=45% ramp=0.8x rangeATR=1.5 O487.52 H487.52 L485.01 C486.4 ATR=18.81 SL=488.28/489.22 rawVol=156882 volSMA=64843 buf=0.94 prices=486.5/487.6
2025-12-23T10:05:00.000-05:00,[KLB] 10:05 ▼ ◆ ◆¹ ORB L 1.3x v31 vol= pos= vwap=below ema=bear rs=-0.7% adx=31 body=45% ramp=0.8x rangeATR=1.5 O487.52 H487.52 L485.01 C486.4 ATR=18.81 SL=488.28/489.22 rawVol=156882 volSMA=64843 buf=0.94 prices=
2025-12-23T10:10:00.000-05:00,"[KLB] 10:10 ▼ ◆ ◆² PM L 1.4x v68
◆¹ ORB L 1.3x v31 vol= pos= vwap=below ema=bear rs=-0.5% adx=29 body=69% ramp=0.9x rangeATR=0.9 O486.42 H487.99 L486.42 C487.5 ATR=18.81 SL=489.38/490.32 rawVol=83690 volSMA=68837 buf=0.94 prices="
2025-12-23T10:15:00.000-05:00,[KLB] CONF 10:15 ▼ BRK → ✗ (failed)
2025-12-23T15:20:00.000-05:00,[KLB] 15:20 ▲ ~~ ~~ PM L vol=1.3x pos=^79 vwap=above ema=bear rs=-1% adx=20 body=54% ramp=1x rangeATR=1 O486.76 H487.4 L486.55 C487.22 ATR=18.81 SL=485.34/484.4 rawVol=60001 volSMA=46082 buf=0.94 prices=486.5
2025-12-24T09:35:00.000-05:00,[KLB] 9:35 ▼ 🔊 MC ramp=7.4x vol=13.4x pos=v93 vwap=below ema=bull adx=36 body=50% rangeATR=7.5 ⚡ O488.42 H490.9 L485.22 C485.59 ATR=18.12
2025-12-24T09:35:00.000-05:00,[KLB] 9:35 ▼ ~ ~ PM H + ~ Yest H vol=13.4x pos=v93 vwap=below ema=bull rs=-0.6% adx=36 body=50% ramp=7.4x rangeATR=7.5 ⚡ 🔊 O488.42 H490.9 L485.22 C485.59 ATR=18.12 SL=487.4/488.31 rawVol=210351 volSMA=15680 buf=0.906 prices=488.56/491.97
2025-12-24T09:40:00.000-05:00,[KLB] 9:40 ▼ ~ ~ VWAP vol=8.5x pos=v88 vwap=below ema=bull rs=-1.3% adx=38 body=88% ramp=12.2x rangeATR=3.7 ⚡ ⚠ 🔊 O485.42 H485.43 L481.9 C482.32 ATR=18.12 SL=484.13/485.04 rawVol=230706 volSMA=27156 buf=0.906 prices=
2025-12-24T09:40:00.000-05:00,[KLB] CONF 9:40 ▼ QBS/MC → ✓★ (auto-promote)
2025-12-24T09:45:00.000-05:00,[KLB] 5m CHECK 9:45 ▼ pnl=0.06 → HOLD
2025-12-26T09:35:00.000-05:00,[KLB] 9:35 ▲ 🔊 MC ramp=17.9x vol=15.6x pos=^74 vwap=above ema=bull adx=24 body=60% rangeATR=6 ⚡ O485.14 H487.64 L484.7 C486.89 ATR=17.83
2025-12-26T09:35:00.000-05:00,[KLB] 9:35 ▲ BRK PM H vol=15.6x pos=^74 vwap=above ema=bull rs=+0.3% adx=24 body=60% ramp=17.9x rangeATR=6 ⚡ 🔊 O485.14 H487.64 L484.7 C486.89 ATR=17.83 SL=485.11/484.22 rawVol=177668 volSMA=11418 buf=0.891 prices=486.57
2025-12-26T09:35:00.000-05:00,[KLB] 9:35 ▲ ~ ~ PM L + ~ Yest L vol=15.6x pos=^74 vwap=above ema=bull rs=+0.3% adx=24 body=60% ramp=17.9x rangeATR=6 ⚡ 🔊 O485.14 H487.64 L484.7 C486.89 ATR=17.83 SL=485.11/484.22 rawVol=177668 volSMA=11418 buf=0.891 prices=484.35/476.8
2025-12-26T09:35:00.000-05:00,[KLB] 9:35 ▲ ◆ ◆¹ PM H 21.8x ^29 vol= pos= vwap=above ema=bull rs=+0.3% adx=24 body=60% ramp=17.9x rangeATR=6 ⚡ 🔊 O485.14 H487.64 L484.7 C486.89 ATR=17.83 SL=485.11/484.22 rawVol=177668 volSMA=11418 buf=0.891 prices=
2025-12-26T09:40:00.000-05:00,[KLB] CONF 9:40 ▲ QBS/MC → ✓ (auto-promote)
2025-12-26T09:40:00.000-05:00,[KLB] CONF 9:40 ▲ BRK → ✗ (failed)
2025-12-26T09:45:00.000-05:00,[KLB] 9:45 ▼ 🔊 MC ramp=51.5x vol=5.1x pos=v86 vwap=below ema=bull adx=25 body=85% rangeATR=4.5 ⚡ O487.22 H487.26 L483.36 C483.92 ATR=17.83
2025-12-26T09:45:00.000-05:00,"[KLB] 9:45 ▼ ~~ ~~ PM H + ~ ORB H
~ VWAP vol=5.1x pos=v86 vwap=below ema=bull rs=-0.4% adx=25 body=85% ramp=51.5x rangeATR=4.5 ⚡ ⚠ 🔊 O487.22 H487.26 L483.36 C483.92 ATR=17.83 SL=485.7/486.59 rawVol=164151 volSMA=31957 buf=0.891 prices=486.57/487.64"
2025-12-26T09:45:00.000-05:00,[KLB] 5m CHECK 9:45 ▲ pnl=-0.19 → BAIL
2025-12-26T09:50:00.000-05:00,[KLB] CONF 9:50 ▼ QBS/MC → ✓★ (auto-promote)
2025-12-26T09:55:00.000-05:00,[KLB] 5m CHECK 9:55 ▼ pnl=0.05 → HOLD
2025-12-26T10:40:00.000-05:00,[KLB] 10:40 ▼ BRK Yest L vol=1.8x pos=v89 vwap=below ema=bear rs=-2.2% adx=39 body=80% ramp=1.3x rangeATR=1.5 O476.11 H476.3 L474.28 C474.5 ATR=17.83 SL=476.28/477.17 rawVol=186342 volSMA=104333 buf=0.891 prices=476.8
2025-12-26T10:40:00.000-05:00,[KLB] 10:40 ▼ ◆ ◆¹ Yest L 1.8x v8 vol= pos= vwap=below ema=bear rs=-2.2% adx=39 body=80% ramp=1.3x rangeATR=1.5 O476.11 H476.3 L474.28 C474.5 ATR=17.83 SL=476.28/477.17 rawVol=186342 volSMA=104333 buf=0.891 prices=
2025-12-26T10:45:00.000-05:00,[KLB] CONF 10:45 ▼ BRK → ✗ (failed)
2025-12-29T09:30:00.000-05:00,[KLB] 9:30 ▲ ~ ~ PM L vol=1.2x pos=^96 vwap=above ema=bear rs=-0.4% adx=28 body=89% ramp=1.1x rangeATR=2.6 ⚡ ⚠ O467.6 H469.01 L467.49 C468.95 ATR=17.65 SL=467.19/466.3 rawVol=10525 volSMA=8766 buf=0.882 prices=467.23
2025-12-29T09:35:00.000-05:00,[KLB] 9:35 ▼ 🔊 MC ramp=8.4x vol=13.1x pos=v96 vwap=below ema=bear adx=29 body=89% rangeATR=6 ⚡ O468.95 H469.35 L463.7 C463.9 ATR=17.65
2025-12-29T09:35:00.000-05:00,[KLB] 9:35 ▼ BRK PM L vol=13.1x pos=v96 vwap=below ema=bear rs=-1.2% adx=29 body=89% ramp=8.4x rangeATR=6 ⚡ ⚠ 🔊 O468.95 H469.35 L463.7 C463.9 ATR=17.65 SL=465.66/466.55 rawVol=322919 volSMA=24582 buf=0.882 prices=467.23
2025-12-29T09:35:00.000-05:00,[KLB] 9:35 ▼ ~ ~ VWAP vol=13.1x pos=v96 vwap=below ema=bear rs=-1.2% adx=29 body=89% ramp=8.4x rangeATR=6 ⚡ ⚠ 🔊 O468.95 H469.35 L463.7 C463.9 ATR=17.65 SL=465.66/466.55 rawVol=322919 volSMA=24582 buf=0.882 prices=
2025-12-29T09:35:00.000-05:00,[KLB] 9:35 ▼ ◆ ◆¹ PM L 10.2x v61 vol= pos= vwap=below ema=bear rs=-1.2% adx=29 body=89% ramp=8.4x rangeATR=6 ⚡ ⚠ 🔊 O468.95 H469.35 L463.7 C463.9 ATR=17.65 SL=465.66/466.55 rawVol=322919 volSMA=24582 buf=0.882 prices=
2025-12-29T09:40:00.000-05:00,[KLB] CONF 9:40 ▼ QBS/MC → ✗ (failed)
2025-12-29T09:45:00.000-05:00,[KLB] 9:45 ▲ 🔊 MC ramp=21x vol=5.7x pos=^57 vwap=below ema=bear adx=33 body=34% rangeATR=2.1 ⚡ O464.8 H466.93 L464.14 C465.74 ATR=17.65
2025-12-29T09:50:00.000-05:00,[KLB] CONF 9:50 ▲ QBS/MC → ✗ (failed)
2025-12-29T10:00:00.000-05:00,[KLB] 10:00 ▼ BRK ORB L vol=2.4x pos=v87 vwap=below ema=bear rs=-1.3% adx=34 body=66% ramp=0.6x rangeATR=1.6 O464.39 H464.93 L462.38 C462.71 ATR=17.65 SL=464.47/465.36 rawVol=154616 volSMA=66231 buf=0.882 prices=463.7
2025-12-29T10:00:00.000-05:00,[KLB] CONF 10:00 ▼ BRK → ✓★ (auto-promote)
2025-12-29T10:00:00.000-05:00,[KLB] 10:00 ▼ ◆ ◆¹ ORB L 1.9x v96 vol= pos= vwap=below ema=bear rs=-1.3% adx=34 body=66% ramp=0.6x rangeATR=1.6 O464.39 H464.93 L462.38 C462.71 ATR=17.65 SL=464.47/465.36 rawVol=154616 volSMA=66231 buf=0.882 prices=
2025-12-29T10:05:00.000-05:00,[KLB] 5m CHECK 10:05 ▼ pnl=0.03 → BAIL
2025-12-29T10:20:00.000-05:00,[KLB] CONF 10:20 ▼ BRK → ✗ (failed)
2025-12-29T10:25:00.000-05:00,[KLB] 10:25 ▲ ~~ ~~ ORB L vol=1.2x pos=^86 vwap=above ema=bear rs=-0.8% adx=32 body=65% ramp=0.9x rangeATR=1.2 O464.04 H465.63 L463.62 C465.35 ATR=17.65 SL=463.59/462.7 rawVol=115732 volSMA=97454 buf=0.882 prices=463.7
2025-12-29T10:35:00.000-05:00,[KLB] 10:35 ▲ ~ ~ VWAP vol=1.4x pos=^100 vwap=above ema=bear rs=-0.4% adx=29 body=59% ramp=0.9x rangeATR=1.1 O466.2 H467.31 L465.43 C467.31 ATR=17.65 SL=465.55/464.66 rawVol=86447 volSMA=106917 buf=0.882 prices=
2025-12-29T13:45:00.000-05:00,[KLB] 13:45 ▼ BRK ORB L vol=2.2x pos=v71 vwap=below ema=bear rs=-1.2% adx=31 body=69% ramp=1.6x rangeATR=1.5 O464.02 H464.05 L462.74 C463.12 ATR=17.65 SL=464.88/465.77 rawVol=93579 volSMA=42920 buf=0.882 prices=463.7
2025-12-29T13:50:00.000-05:00,[KLB] 13:50 ▼ ◆ ◆² ORB L 1.1x v59 vol= pos= vwap=below ema=bear rs=-1.3% adx=33 body=49% ramp=1.6x rangeATR=0.5 O463.14 H463.14 L462.69 C462.92 ATR=17.65 SL=464.68/465.57 rawVol=36345 volSMA=41514 buf=0.882 prices=
2025-12-30T09:35:00.000-05:00,[KLB] 9:35 ▼ 🔊 MC ramp=18.6x vol=13.6x pos=v94 vwap=below ema=bear adx=23 body=79% rangeATR=6.4 ⚡ O461.09 H462 L456.01 C456.37 ATR=17.54
2025-12-30T09:35:00.000-05:00,[KLB] 9:35 ▼ BRK PM L + Yest L vol=13.6x pos=v94 vwap=below ema=bear rs=-1% adx=23 body=79% ramp=18.6x rangeATR=6.4 ⚡ 🔊 O461.09 H462 L456.01 C456.37 ATR=17.54 SL=458.12/459 rawVol=250345 volSMA=18369 buf=0.877 prices=461.05/459
2025-12-30T09:35:00.000-05:00,[KLB] 9:35 ▼ ~ ~ VWAP vol=13.6x pos=v94 vwap=below ema=bear rs=-1% adx=23 body=79% ramp=18.6x rangeATR=6.4 ⚡ 🔊 O461.09 H462 L456.01 C456.37 ATR=17.54 SL=458.12/459 rawVol=250345 volSMA=18369 buf=0.877 prices=
2025-12-30T09:40:00.000-05:00,[KLB] CONF 9:40 ▼ QBS/MC → ✓★ (auto-promote)
2025-12-30T09:45:00.000-05:00,[KLB] 5m CHECK 9:45 ▼ pnl=0.01 → BAIL
2025-12-30T09:50:00.000-05:00,[KLB] 9:50 ▼ ◆ ◆⁴ Yest L 3.1x v20 vol= pos= vwap=below ema=bear rs=-0.9% adx=32 body=63% ramp=2.2x rangeATR=2.5 ⚡ O455.44 H457.51 L454.25 C457.51 ATR=17.54 SL=459.26/460.14 rawVol=178850 volSMA=46730 buf=0.877 prices=
2025-12-30T10:05:00.000-05:00,[KLB] CONF 10:05 ▼ BRK → ✗ (failed)
2025-12-30T10:10:00.000-05:00,[KLB] 10:10 ▲ ~~ ~~ Yest L vol=1.5x pos=^53 vwap=above ema=bear rs=-0.3% adx=30 body=36% ramp=0.6x rangeATR=1.5 O459.14 H460.8 L458.8 C459.85 ATR=17.54 SL=458.1/457.22 rawVol=105325 volSMA=68480 buf=0.877 prices=459
2025-12-30T10:25:00.000-05:00,"[KLB] 10:25 ▲ ~~ ~~ Yest L
~ VWAP vol=1.2x pos=^73 vwap=above ema=bear rs=-0.1% adx=27 body=62% ramp=0.8x rangeATR=1.5 O458.9 H461.03 L458.66 C460.38 ATR=17.54 SL=458.63/457.75 rawVol=100188 volSMA=80451 buf=0.877 prices=459"
2025-12-30T10:40:00.000-05:00,[KLB] 10:40 ▲ ~~ ~~ Yest L vol=0.5x pos=^72 vwap=above ema=bear rs=-0.1% adx=24 body=61% ramp=0.6x rangeATR=1 O459.32 H460.71 L459.14 C460.27 ATR=17.54 SL=458.52/457.64 rawVol=42933 volSMA=87275 buf=0.877 prices=459
2025-12-30T15:55:00.000-05:00,[KLB] 15:55 ▼ BRK ORB L vol=3.8x pos=v66 vwap=below ema=bear rs=-1.3% adx=39 body=47% ramp=1.8x rangeATR=1.9 O455.8 H456.12 L454.39 C454.98 ATR=17.54 SL=456.73/457.61 rawVol=180874 volSMA=47647 buf=0.877 prices=456.01
2025-12-31T10:35:00.000-05:00,[KLB] 10:35 ▲ ~ ~ Yest L vol=1x pos=^56 vwap=above ema=bear rs=0% adx=42 body=38% ramp=0.7x rangeATR=1.1 O454.47 H455.49 L454.24 C454.94 ATR=16.95 SL=453.24/452.4 rawVol=61022 volSMA=62800 buf=0.848 prices=453.83
2025-12-31T10:50:00.000-05:00,[KLB] 10:50 ▲ ~ ~ Yest L vol=0.6x pos=^96 vwap=above ema=bear rs=+0.1% adx=38 body=42% ramp=0.7x rangeATR=0.7 O454.77 H455.13 L454.35 C455.1 ATR=16.95 SL=453.4/452.56 rawVol=38181 volSMA=67289 buf=0.848 prices=453.83
2025-12-31T12:30:00.000-05:00,[KLB] 12:30 ▲ ~ ~ Yest L vol=1.1x pos=^100 vwap=above ema=bear rs=0% adx=25 body=80% ramp=1.1x rangeATR=1.1 O453.94 H454.62 L453.77 C454.62 ATR=16.95 SL=452.92/452.08 rawVol=38204 volSMA=35391 buf=0.848 prices=453.83
2025-12-31T14:35:00.000-05:00,[KLB] 14:35 ▼ BRK Yest L vol=2x pos=v89 vwap=below ema=bear rs=-0.5% adx=22 body=82% ramp=1.8x rangeATR=2.1 ⚡ ⚠ O453.25 H453.35 L451.85 C452.02 ATR=16.95 SL=453.72/454.56 rawVol=65077 volSMA=32173 buf=0.848 prices=453.83
2025-12-31T14:35:00.000-05:00,[KLB] 14:35 ▼ ~ ~ VWAP vol=2x pos=v89 vwap=below ema=bear rs=-0.5% adx=22 body=82% ramp=1.8x rangeATR=2.1 ⚡ ⚠ O453.25 H453.35 L451.85 C452.02 ATR=16.95 SL=453.72/454.56 rawVol=65077 volSMA=32173 buf=0.848 prices=
2025-12-31T15:05:00.000-05:00,[KLB] 15:05 ▼ BRK PM L vol=2x pos=v98 vwap=below ema=bear rs=-0.7% adx=34 body=90% ramp=1.3x rangeATR=1.6 ⚠ O451.78 H451.88 L450.64 C450.67 ATR=16.95 SL=452.37/453.21 rawVol=76544 volSMA=38029 buf=0.848 prices=452.5
2025-12-31T15:05:00.000-05:00,[KLB] CONF 15:05 ▼ BRK → ✓ (auto-promote)
2025-12-31T15:10:00.000-05:00,[KLB] 5m CHECK 15:10 ▼ pnl=0.04 → BAIL
2026-01-02T09:30:00.000-05:00,[KLB] 9:30 ▲ 🔇 QBS ramp=0.5x vol=1.3x pos=^59 vwap=above ema=bear adx=26 body=57% rangeATR=2.3 ⚡ O455.8 H459.19 L455.74 C457.78 ATR=16.26
2026-01-02T09:35:00.000-05:00,[KLB] 9:35 ▼ BRK PM L vol=10.3x pos=v88 vwap=below ema=bear rs=-0.7% adx=24 body=79% ramp=3.2x rangeATR=2.8 ⚡ O457.9 H458.34 L453.33 C453.93 ATR=16.26 SL=455.56/456.37 rawVol=377036 volSMA=36662 buf=0.813 prices=454.5
2026-01-02T09:35:00.000-05:00,"[KLB] 9:35 ▼ ~ ~ Yest H
~ VWAP vol=10.3x pos=v88 vwap=below ema=bear rs=-0.7% adx=24 body=79% ramp=3.2x rangeATR=2.8 ⚡ O457.9 H458.34 L453.33 C453.93 ATR=16.26 SL=455.56/456.37 rawVol=377036 volSMA=36662 buf=0.813 prices=456.55"
2026-01-02T09:35:00.000-05:00,[KLB] CONF 9:35 ▲ QBS/MC → ✗ (failed)
2026-01-02T09:35:00.000-05:00,[KLB] 9:35 ▼ ◆ ◆¹ PM L 6.2x v81 vol= pos= vwap=below ema=bear rs=-0.7% adx=24 body=79% ramp=3.2x rangeATR=2.8 ⚡ O457.9 H458.34 L453.33 C453.93 ATR=16.26 SL=455.56/456.37 rawVol=377036 volSMA=36662 buf=0.813 prices=
2026-01-02T09:40:00.000-05:00,[KLB] 9:40 ▼ BRK ORB L vol=7.9x pos=v81 vwap=below ema=bear rs=-1.1% adx=24 body=76% ramp=5.7x rangeATR=1.5 🔊 O453.95 H454.07 L451.39 C451.9 ATR=16.26 SL=453.53/454.34 rawVol=227182 volSMA=47863 buf=0.813 prices=453.33
2026-01-02T09:40:00.000-05:00,[KLB] CONF 9:40 ▼ BRK → ✓★ (auto-promote)
2026-01-02T09:45:00.000-05:00,[KLB] 5m CHECK 9:45 ▼ pnl=0.09 → HOLD
2026-01-02T09:50:00.000-05:00,[KLB] 9:50 ▼ ◆ ◆³ ORB L 3.1x v61 vol= pos= vwap=below ema=bear rs=-1.2% adx=24 body=60% ramp=1.6x rangeATR=1.6 O450.56 H452.68 L449.49 C452.48 ATR=16.26 SL=454.11/454.92 rawVol=251568 volSMA=68790 buf=0.813 prices=
2026-01-02T10:20:00.000-05:00,[KLB] 10:20 ▼ BRK Yest L vol=1.8x pos=v79 vwap=below ema=bear rs=-2% adx=23 body=59% ramp=1.1x rangeATR=1.3 O449 H449.55 L446.75 C447.34 ATR=16.26 SL=448.97/449.78 rawVol=194292 volSMA=113693 buf=0.813 prices=449.3
2026-01-02T10:20:00.000-05:00,[KLB] CONF 10:20 ▼ BRK → ✓★ (auto-promote)
2026-01-02T10:25:00.000-05:00,[KLB] 5m CHECK 10:25 ▼ pnl=0.1 → HOLD
2026-01-05T09:35:00.000-05:00,[KLB] 9:35 ▲ 🔊 MC ramp=12.9x vol=12.9x pos=^95 vwap=above ema=bull adx=26 body=46% rangeATR=5.3 ⚡ O447.79 H451.06 L444.57 C450.76 ATR=16.74
2026-01-05T09:35:00.000-05:00,[KLB] 9:35 ▲ BRK PM H vol=12.9x pos=^95 vwap=above ema=bull rs=+0.5% adx=26 body=46% ramp=12.9x rangeATR=5.3 ⚡ 🔊 O447.79 H451.06 L444.57 C450.76 ATR=16.74 SL=449.09/448.25 rawVol=360438 volSMA=27934 buf=0.837 prices=448.66
2026-01-05T09:35:00.000-05:00,[KLB] 9:35 ▲ ~ ~ VWAP vol=12.9x pos=^95 vwap=above ema=bull rs=+0.5% adx=26 body=46% ramp=12.9x rangeATR=5.3 ⚡ 🔊 O447.79 H451.06 L444.57 C450.76 ATR=16.74 SL=449.09/448.25 rawVol=360438 volSMA=27934 buf=0.837 prices=
2026-01-05T09:40:00.000-05:00,[KLB] CONF 9:40 ▲ QBS/MC → ✓★ (auto-promote)
2026-01-05T09:45:00.000-05:00,[KLB] 9:45 ▲ BRK ORB H vol=5.1x pos=^73 vwap=above ema=bull rs=+0.9% adx=34 body=33% ramp=16.4x rangeATR=2.1 ⚡ 🔊 O451.5 H453.3 L450.34 C452.49 ATR=16.74 SL=450.82/449.98 rawVol=237861 volSMA=51655 buf=0.837 prices=451.06
2026-01-05T09:45:00.000-05:00,[KLB] CONF 9:45 ▲ BRK → ✓★ (auto-promote)
2026-01-05T09:50:00.000-05:00,[KLB] 5m CHECK 9:50 ▲ pnl=0.06 → HOLD
2026-01-05T09:50:00.000-05:00,[KLB] 9:50 ▲ ◆ ◆² ORB H 2.1x ^31 vol= pos= vwap=above ema=bull rs=+1.2% adx=37 body=41% ramp=1.7x rangeATR=1.7 O452.49 H454.48 L451.9 C453.56 ATR=16.74 SL=451.89/451.05 rawVol=195221 volSMA=61134 buf=0.837 prices=
2026-01-06T09:35:00.000-05:00,[KLB] 9:35 ▼ 🔊 MC ramp=17.6x vol=14.3x pos=v94 vwap=below ema=bear adx=39 body=73% rangeATR=6.9 ⚡ O446.37 H448.25 L439.46 C439.98 ATR=16.94
2026-01-06T09:35:00.000-05:00,[KLB] 9:35 ▼ BRK PM L + Yest L vol=14.3x pos=v94 vwap=below ema=bear rs=-1.5% adx=39 body=73% ramp=17.6x rangeATR=6.9 ⚡ 🔊 O446.37 H448.25 L439.46 C439.98 ATR=16.94 SL=441.67/442.52 rawVol=403177 volSMA=28111 buf=0.847 prices=446.06/444.57
2026-01-06T09:35:00.000-05:00,[KLB] 9:35 ▼ ~ ~ VWAP vol=14.3x pos=v94 vwap=below ema=bear rs=-1.5% adx=39 body=73% ramp=17.6x rangeATR=6.9 ⚡ 🔊 O446.37 H448.25 L439.46 C439.98 ATR=16.94 SL=441.67/442.52 rawVol=403177 volSMA=28111 buf=0.847 prices=
2026-01-06T09:40:00.000-05:00,[KLB] CONF 9:40 ▼ QBS/MC → ✓★ (auto-promote)
2026-01-06T09:45:00.000-05:00,[KLB] 5m CHECK 9:45 ▼ pnl=0.04 → BAIL
2026-01-06T11:00:00.000-05:00,[KLB] 11:00 ▼ BRK Week L vol=1.5x pos=v66 vwap=below ema=bear rs=-2.8% adx=56 body=34% ramp=1.2x rangeATR=0.6 O434.98 H435.25 L434.42 C434.7 ATR=16.94 SL=436.39/437.24 rawVol=113086 volSMA=168487 buf=0.847 prices=435.3
2026-01-06T11:00:00.000-05:00,[KLB] CONF 11:00 ▼ BRK → ✓★ (auto-promote)
2026-01-06T11:05:00.000-05:00,[KLB] 5m CHECK 11:05 ▼ pnl=0.06 → HOLD
2026-01-07T09:35:00.000-05:00,[KLB] 9:35 ▼ 🔊 MC ramp=7.7x vol=12.1x pos=v73 vwap=below ema=bull adx=21 body=71% rangeATR=5.1 ⚡ O435.91 H435.97 L431.62 C432.81 ATR=17.36
2026-01-07T09:35:00.000-05:00,[KLB] 9:35 ▼ ~ ~ PM H vol=12.1x pos=v73 vwap=below ema=bull rs=-0.7% adx=21 body=71% ramp=7.7x rangeATR=5.1 ⚡ 🔊 O435.91 H435.97 L431.62 C432.81 ATR=17.36 SL=434.55/435.41 rawVol=235873 volSMA=19458 buf=0.868 prices=436.32
2026-01-07T09:40:00.000-05:00,[KLB] 9:40 ▲ 🔊 MC ramp=11.6x vol=5.6x pos=^82 vwap=below ema=bull adx=22 body=78% rangeATR=2.2 ⚡ O432.89 H434.84 L432.81 C434.48 ATR=17.36
2026-01-07T09:45:00.000-05:00,[KLB] 9:45 ▲ BRK PM H + ORB H vol=6.6x pos=^80 vwap=above ema=bull rs=+0.2% adx=21 body=71% ramp=23.5x rangeATR=3.5 ⚡ 🔊 O434.41 H438.12 L434.03 C437.3 ATR=17.36 SL=435.56/434.7 rawVol=256874 volSMA=39102 buf=0.868 prices=436.32/435.97
2026-01-07T09:45:00.000-05:00,"[KLB] 9:45 ▲ ~ ~ Week L
~ VWAP vol=6.6x pos=^80 vwap=above ema=bull rs=+0.2% adx=21 body=71% ramp=23.5x rangeATR=3.5 ⚡ 🔊 O434.41 H438.12 L434.03 C437.3 ATR=17.36 SL=435.56/434.7 rawVol=256874 volSMA=39102 buf=0.868 prices=435.3"
2026-01-07T09:45:00.000-05:00,[KLB] CONF 9:45 ▲ QBS/MC → ✓★ (auto-promote)
2026-01-07T09:50:00.000-05:00,[KLB] 5m CHECK 9:50 ▲ pnl=-0.11 → BAIL
2026-01-07T09:50:00.000-05:00,[KLB] CONF 9:50 ▲ BRK → ✗ (failed)
2026-01-08T09:45:00.000-05:00,[KLB] 9:45 ▼ 🔊 MC ramp=34.2x vol=4x pos=v93 vwap=below ema=bear adx=22 body=80% rangeATR=2.5 ⚡ O428.73 H429.12 L426.04 C426.26 ATR=16.63
2026-01-08T09:45:00.000-05:00,[KLB] 9:45 ▼ ~ ~ VWAP vol=4x pos=v93 vwap=below ema=bear rs=-0.2% adx=22 body=80% ramp=34.2x rangeATR=2.5 ⚡ ⚠ 🔊 O428.73 H429.12 L426.04 C426.26 ATR=16.63 SL=427.92/428.75 rawVol=138679 volSMA=46786 buf=0.831 prices=
2026-01-08T09:50:00.000-05:00,"[KLB] 9:50 ▲ ~ ~ PM L
~ VWAP vol=3.4x pos=^99 vwap=above ema=bear rs=+0.8% adx=21 body=90% ramp=1x rangeATR=3.6 ⚡ ⚠ O426.27 H431.33 L425.75 C431.28 ATR=16.63 SL=429.62/428.79 rawVol=188198 volSMA=55888 buf=0.831 prices=426.75"
2026-01-08T09:50:00.000-05:00,[KLB] CONF 9:50 ▼ QBS/MC → ✗ (failed)
2026-01-09T09:35:00.000-05:00,[KLB] 9:35 ▼ 🔊 MC ramp=19.7x vol=15.1x pos=v50 vwap=below ema=bear adx=28 body=46% rangeATR=6 ⚡ O435.82 H436.01 L430.4 C433.23 ATR=16.34
2026-01-09T09:35:00.000-05:00,[KLB] 9:35 ▼ BRK PM L + Week L vol=15.1x pos=v50 vwap=below ema=bear rs=-0.7% adx=28 body=46% ramp=19.7x rangeATR=6 ⚡ 🔊 O435.82 H436.01 L430.4 C433.23 ATR=16.34 SL=434.86/435.68 rawVol=362313 volSMA=24066 buf=0.817 prices=435.61/435.3
2026-01-09T09:35:00.000-05:00,[KLB] 9:35 ▼ ~ ~ Yest H vol=15.1x pos=v50 vwap=below ema=bear rs=-0.7% adx=28 body=46% ramp=19.7x rangeATR=6 ⚡ 🔊 O435.82 H436.01 L430.4 C433.23 ATR=16.34 SL=434.86/435.68 rawVol=362313 volSMA=24066 buf=0.817 prices=436.89
2026-01-09T09:35:00.000-05:00,"[KLB] 9:35 ▼ ◆ ◆¹ PM L 9.5x v44
◆¹ Week L 9.5x v44 vol= pos= vwap=below ema=bear rs=-0.7% adx=28 body=46% ramp=19.7x rangeATR=6 ⚡ 🔊 O435.82 H436.01 L430.4 C433.23 ATR=16.34 SL=434.86/435.68 rawVol=362313 volSMA=24066 buf=0.817 prices="
2026-01-09T09:40:00.000-05:00,[KLB] CONF 9:40 ▼ QBS/MC → ✗ (failed)
2026-01-09T09:45:00.000-05:00,[KLB] 9:45 ▲ 🔊 MC ramp=26x vol=5.4x pos=^81 vwap=above ema=bear adx=34 body=62% rangeATR=1.6 O433.79 H435.25 L433.43 C434.91 ATR=16.34
2026-01-09T09:50:00.000-05:00,[KLB] CONF 9:50 ▲ QBS/MC → ✗ (failed)
2026-01-09T09:50:00.000-05:00,[KLB] CONF 9:50 ▼ BRK → ✗ (failed)
2026-01-09T09:55:00.000-05:00,"[KLB] 9:55 ▲ ~~ ~~ PM L + ~~ Week L
~ VWAP vol=2.4x pos=^92 vwap=above ema=bear rs=+0.1% adx=36 body=85% ramp=0.8x rangeATR=2.1 ⚡ ⚠ O434.5 H437.17 L434.31 C436.93 ATR=16.34 SL=435.3/434.48 rawVol=136119 volSMA=57300 buf=0.817 prices=435.61/435.3"
2026-01-12T09:45:00.000-05:00,[KLB] 9:45 ▼ 🔊 MC ramp=14.6x vol=5x pos=v85 vwap=below ema=bear adx=23 body=38% rangeATR=1.6 O443 H443.87 L442.04 C442.31 ATR=16.5
2026-01-12T09:45:00.000-05:00,[KLB] 9:45 ▼ ~ ~ PM H + ~ ORB H vol=5x pos=v85 vwap=below ema=bear rs=-0.1% adx=23 body=38% ramp=14.6x rangeATR=1.6 🔊 O443 H443.87 L442.04 C442.31 ATR=16.5 SL=443.96/444.79 rawVol=122947 volSMA=33984 buf=0.825 prices=443.77/443.58
2026-01-12T09:50:00.000-05:00,[KLB] 9:50 ▲ BRK PM H + ORB H vol=4.5x pos=^97 vwap=above ema=bull rs=+0.8% adx=26 body=85% ramp=1.6x rangeATR=3.4 ⚡ ⚠ O442.37 H446.55 L441.81 C446.39 ATR=16.5 SL=444.74/443.91 rawVol=196647 volSMA=43573 buf=0.825 prices=443.77/443.58
2026-01-12T09:50:00.000-05:00,[KLB] 9:50 ▲ ~ ~ VWAP vol=4.5x pos=^97 vwap=above ema=bull rs=+0.8% adx=26 body=85% ramp=1.6x rangeATR=3.4 ⚡ ⚠ O442.37 H446.55 L441.81 C446.39 ATR=16.5 SL=444.74/443.91 rawVol=196647 volSMA=43573 buf=0.825 prices=
2026-01-12T09:50:00.000-05:00,[KLB] CONF 9:50 ▼ QBS/MC → ✗ (failed)
2026-01-12T11:40:00.000-05:00,[KLB] 11:40 ▲ BRK Yest H vol=2.3x pos=^74 vwap=above ema=bull rs=+1.6% adx=39 body=70% ramp=1.7x rangeATR=1.5 O449.46 H451.33 L449.38 C450.82 ATR=16.5 SL=449.17/448.34 rawVol=159310 volSMA=70146 buf=0.825 prices=449.05
2026-01-12T11:40:00.000-05:00,[KLB] CONF 11:40 ▲ BRK → ✓ (auto-promote)
2026-01-12T11:45:00.000-05:00,[KLB] 5m CHECK 11:45 ▲ pnl=-0.03 → BAIL
2026-01-12T11:45:00.000-05:00,[KLB] 11:45 ▲ ◆ ◆² Yest H 0.9x ^22 vol= pos= vwap=above ema=bull rs=+1.5% adx=40 body=43% ramp=2.3x rangeATR=0.8 O450.82 H451.34 L450.28 C450.36 ATR=16.5 SL=448.71/447.88 rawVol=67977 volSMA=67580 buf=0.825 prices=
2026-01-13T09:45:00.000-05:00,[KLB] 9:45 ▼ 🔊 MC ramp=23.8x vol=5.3x pos=v60 vwap=below ema=bull adx=27 body=36% rangeATR=3 ⚡ O449.63 H450.5 L446.9 C448.34 ATR=16.49
2026-01-13T09:45:00.000-05:00,[KLB] 9:45 ▼ ~ ~ Yest H vol=5.3x pos=v60 vwap=below ema=bull rs=-0.4% adx=27 body=36% ramp=23.8x rangeATR=3 ⚡ 🔊 O449.63 H450.5 L446.9 C448.34 ATR=16.49 SL=449.99/450.81 rawVol=211757 volSMA=39881 buf=0.824 prices=454.3
2026-01-13T09:50:00.000-05:00,[KLB] CONF 9:50 ▼ QBS/MC → ✓ (auto-promote)
2026-01-13T09:55:00.000-05:00,[KLB] 5m CHECK 9:55 ▼ pnl=-0.03 → BAIL
2026-01-13T10:10:00.000-05:00,[KLB] 10:10 ▲ ~ ~ ORB L vol=2.1x pos=^91 vwap=above ema=bull rs=+0.3% adx=24 body=88% ramp=0.8x rangeATR=1.9 ⚠ O448.11 H450.75 L448.02 C450.5 ATR=16.49 SL=448.85/448.03 rawVol=142828 volSMA=66456 buf=0.824 prices=448.19
2026-01-13T10:25:00.000-05:00,"[KLB] 10:25 ▼ ~ ~ Yest H
~ VWAP vol=1.3x pos=v100 vwap=below ema=bear rs=-0.2% adx=21 body=91% ramp=0.8x rangeATR=1.8 ⚠ O449.56 H449.8 L447.16 C447.16 ATR=16.49 SL=448.81/449.63 rawVol=105425 volSMA=78137 buf=0.824 prices=454.3"
2026-01-14T10:00:00.000-05:00,[KLB] 10:00 ▼ ~ ~ VWAP vol=1.8x pos=v93 vwap=below ema=bear rs=-0.6% adx=27 body=84% ramp=0.5x rangeATR=1.4 ⚠ O440.1 H440.24 L438.62 C438.74 ATR=15.87 SL=440.33/441.12 rawVol=93153 volSMA=52226 buf=0.794 prices=
2026-01-14T10:10:00.000-05:00,[KLB] 10:10 ▲ ~ ~ ORB L vol=2.4x pos=^95 vwap=above ema=bear rs=-0.1% adx=29 body=90% ramp=0.9x rangeATR=1.9 ⚠ O438.8 H441.08 L438.69 C440.95 ATR=15.87 SL=439.36/438.57 rawVol=128126 volSMA=66460 buf=0.794 prices=439.01
2026-01-14T10:15:00.000-05:00,[KLB] 10:15 ▲ ~ ~ VWAP vol=2x pos=^93 vwap=above ema=bear rs=+0.1% adx=27 body=82% ramp=1.3x rangeATR=2 ⚠ O440.92 H443.33 L440.6 C443.15 ATR=15.87 SL=441.56/440.77 rawVol=149657 volSMA=73695 buf=0.794 prices=
2026-01-15T14:55:00.000-05:00,[KLB] 14:55 ▼ ~ ~ VWAP vol=1x pos=v86 vwap=below ema=bear rs=+0% adx=23 body=53% ramp=1x rangeATR=1.1 O440.74 H441.06 L440.11 C440.24 ATR=15.67 SL=441.81/442.59 rawVol=39935 volSMA=38172 buf=0.783 prices=
2026-01-15T15:20:00.000-05:00,[KLB] 15:20 ▼ BRK PM L vol=1.6x pos=v95 vwap=below ema=bear rs=-0.1% adx=32 body=70% ramp=0.9x rangeATR=1.5 O439.8 H440.12 L438.82 C438.89 ATR=15.67 SL=440.46/441.24 rawVol=63792 volSMA=41062 buf=0.783 prices=439.65
2026-01-15T15:20:00.000-05:00,[KLB] 15:20 ▼ ◆ ◆¹ PM L 1.6x v88 vol= pos= vwap=below ema=bear rs=-0.1% adx=32 body=70% ramp=0.9x rangeATR=1.5 O439.8 H440.12 L438.82 C438.89 ATR=15.67 SL=440.46/441.24 rawVol=63792 volSMA=41062 buf=0.783 prices=
2026-01-16T09:30:00.000-05:00,[KLB] 9:30 ▼ ~ ~ VWAP vol=2.4x pos=v100 vwap=below ema=bear rs=+0.2% adx=24 body=51% ramp=1.2x rangeATR=2.9 ⚡ O440.04 H440.55 L439.5 C439.5 ATR=15.1 SL=441.01/441.76 rawVol=9364 volSMA=3900 buf=0.755 prices=
2026-01-16T09:35:00.000-05:00,[KLB] 9:35 ▲ 🔊 MC ramp=22x vol=15.6x pos=^100 vwap=above ema=bull adx=26 body=93% rangeATR=6.9 ⚡ O439.51 H443.84 L439.18 C443.84 ATR=15.1
2026-01-16T09:35:00.000-05:00,[KLB] 9:35 ▲ BRK PM H vol=15.6x pos=^100 vwap=above ema=bull rs=+0.9% adx=26 body=93% ramp=22x rangeATR=6.9 ⚡ ⚠ 🔊 O439.51 H443.84 L439.18 C443.84 ATR=15.1 SL=442.33/441.58 rawVol=262436 volSMA=16798 buf=0.755 prices=441.91
2026-01-16T09:35:00.000-05:00,[KLB] 9:35 ▲ ~ ~ PM L vol=15.6x pos=^100 vwap=above ema=bull rs=+0.9% adx=26 body=93% ramp=22x rangeATR=6.9 ⚡ ⚠ 🔊 O439.51 H443.84 L439.18 C443.84 ATR=15.1 SL=442.33/441.58 rawVol=262436 volSMA=16798 buf=0.755 prices=439.5
2026-01-16T09:35:00.000-05:00,[KLB] 9:35 ▲ ◆ ◆¹ PM H 19.8x ^66 vol= pos= vwap=above ema=bull rs=+0.9% adx=26 body=93% ramp=22x rangeATR=6.9 ⚡ ⚠ 🔊 O439.51 H443.84 L439.18 C443.84 ATR=15.1 SL=442.33/441.58 rawVol=262436 volSMA=16798 buf=0.755 prices=
2026-01-16T09:40:00.000-05:00,[KLB] CONF 9:40 ▲ QBS/MC → ✓★ (auto-promote)
2026-01-16T09:45:00.000-05:00,[KLB] 9:45 ▲ ~ ~ VWAP vol=7.5x pos=^61 vwap=above ema=bull rs=+1.5% adx=31 body=37% ramp=53.6x rangeATR=1.5 🔊 O445.4 H446.6 L445.03 C445.98 ATR=15.1 SL=444.47/443.72 rawVol=220996 volSMA=44041 buf=0.755 prices=
2026-01-16T09:45:00.000-05:00,[KLB] 5m CHECK 9:45 ▲ pnl=0.04 → BAIL
2026-01-16T10:00:00.000-05:00,[KLB] 10:00 ▼ ~ ~ ORB H vol=1.9x pos=v87 vwap=below ema=bull rs=+1.1% adx=34 body=76% ramp=0.5x rangeATR=1.4 O444.63 H444.82 L443.14 C443.35 ATR=15.1 SL=444.86/445.61 rawVol=122236 volSMA=65834 buf=0.755 prices=443.84
2026-01-16T10:05:00.000-05:00,[KLB] 10:05 ▼ ~ ~ ORB H vol=1.9x pos=v97 vwap=below ema=bull rs=+0.8% adx=33 body=74% ramp=0.5x rangeATR=1.1 O443.28 H443.61 L442.21 C442.25 ATR=15.1 SL=443.76/444.51 rawVol=134808 volSMA=72466 buf=0.755 prices=443.84
2026-01-16T10:10:00.000-05:00,[KLB] CONF 10:10 ▲ BRK → ✗ (failed)
2026-01-16T10:15:00.000-05:00,[KLB] 10:15 ▼ ~~ ~~ PM H + ~~ Yest H vol=1.6x pos=v100 vwap=below ema=bull rs=+0.4% adx=29 body=79% ramp=0.9x rangeATR=1.5 O442 H442.4 L440.5 C440.5 ATR=15.1 SL=442.01/442.76 rawVol=141054 volSMA=85563 buf=0.755 prices=441.91/445.36
2026-01-16T10:30:00.000-05:00,[KLB] 10:30 ▼ BRK Yest L vol=1.7x pos=v72 vwap=below ema=bear rs=-0.3% adx=29 body=72% ramp=1.4x rangeATR=1.2 O438.09 H438.09 L436.4 C436.87 ATR=15.1 SL=438.38/439.13 rawVol=158182 volSMA=112641 buf=0.755 prices=437.65
2026-01-16T10:35:00.000-05:00,[KLB] 10:35 ▼ ◆ ◆² Yest L 1x v38 vol= pos= vwap=below ema=bear rs=-0.2% adx=30 body=2% ramp=1x rangeATR=0.6 O436.8 H437.12 L436.29 C436.78 ATR=15.1 SL=438.29/439.04 rawVol=112691 volSMA=118168 buf=0.755 prices=
2026-01-16T11:15:00.000-05:00,[KLB] CONF 11:15 ▼ BRK → ✗ (failed)
2026-01-20T09:30:00.000-05:00,[KLB] 9:30 ▲ ~ ~ VWAP vol=4.5x pos=^91 vwap=above ema=bear rs=-1.5% adx=21 body=85% ramp=4.2x rangeATR=3.5 ⚡ ⚠ O426.35 H429.69 L426.14 C429.38 ATR=14.88 SL=427.89/427.15 rawVol=47492 volSMA=10512 buf=0.744 prices=
2026-01-21T10:00:00.000-05:00,[KLB] 10:00 ▲ BRK ORB H vol=2.1x pos=^79 vwap=above ema=bull rs=+0.1% adx=24 body=63% ramp=0.7x rangeATR=0.9 O423.12 H424.11 L422.94 C423.86 ATR=15.25 SL=422.34/421.57 rawVol=104343 volSMA=49881 buf=0.762 prices=423.23
2026-01-21T10:00:00.000-05:00,[KLB] 10:00 ▲ ~ ~ VWAP vol=2.1x pos=^79 vwap=above ema=bull rs=+0.1% adx=24 body=63% ramp=0.7x rangeATR=0.9 O423.12 H424.11 L422.94 C423.86 ATR=15.25 SL=422.34/421.57 rawVol=104343 volSMA=49881 buf=0.762 prices=
2026-01-21T10:20:00.000-05:00,[KLB] 10:20 ▲ BRK PM H vol=1.9x pos=^70 vwap=above ema=bull rs=+0.5% adx=26 body=55% ramp=0.8x rangeATR=1.1 O424.99 H426.2 L424.77 C425.77 ATR=15.25 SL=424.25/423.48 rawVol=133058 volSMA=69741 buf=0.762 prices=424.25
2026-01-21T10:20:00.000-05:00,[KLB] CONF 10:20 ▲ BRK → ✓ (auto-promote)
2026-01-21T10:25:00.000-05:00,[KLB] 5m CHECK 10:25 ▲ pnl=0.02 → BAIL
2026-01-21T11:40:00.000-05:00,[KLB] 11:40 ▲ ◆ ◆¹⁷ PM H 1.2x ^11 vol= pos= vwap=above ema=bull rs=+0.5% adx=37 body=61% ramp=0.9x rangeATR=1.5 O426.4 H426.97 L425.1 C425.25 ATR=15.25 SL=423.73/422.96 rawVol=82473 volSMA=87986 buf=0.762 prices=
2026-01-21T11:50:00.000-05:00,[KLB] CONF 11:50 ▲ BRK → ✗ (failed)
2026-01-21T11:55:00.000-05:00,[KLB] 11:55 ▼ ~~ ~~ PM H vol=0.7x pos=v84 vwap=below ema=bull rs=+0.2% adx=35 body=69% ramp=1.1x rangeATR=1.1 O424.3 H424.52 L423.11 C423.33 ATR=15.25 SL=424.85/425.62 rawVol=63768 volSMA=85240 buf=0.762 prices=424.25
2026-01-21T12:00:00.000-05:00,[KLB] 12:00 ▼ ~ ~ VWAP vol=0.8x pos=v41 vwap=below ema=bull rs=+0.2% adx=36 body=30% ramp=0.7x rangeATR=0.9 O423.3 H423.42 L422.3 C422.96 ATR=15.25 SL=424.48/425.25 rawVol=69725 volSMA=82074 buf=0.762 prices=
2026-01-21T12:05:00.000-05:00,[KLB] 12:05 ▼ ~~ ~~ PM H + ~~ ORB H vol=1.2x pos=v99 vwap=below ema=bull rs=+0.1% adx=35 body=33% ramp=0.9x rangeATR=1.2 O422.91 H423.94 L422.39 C422.4 ATR=15.25 SL=423.92/424.69 rawVol=103912 volSMA=83161 buf=0.762 prices=424.25/423.23
2026-01-21T13:05:00.000-05:00,[KLB] 13:05 ▼ ~~ ~~ PM H vol=0.7x pos=v87 vwap=below ema=bull rs=+0.4% adx=25 body=86% ramp=0.8x rangeATR=1.4 ⚠ O424.65 H424.67 L422.83 C423.07 ATR=15.25 SL=424.59/425.36 rawVol=41927 volSMA=63343 buf=0.762 prices=424.25
2026-01-21T14:30:00.000-05:00,[KLB] 14:30 ▲ BRK Yest H vol=4.9x pos=^92 vwap=above ema=bull rs=+1.9% adx=23 body=88% ramp=2.9x rangeATR=4.6 ⚡ ⚠ O427.01 H433.07 L426.74 C432.58 ATR=15.25 SL=431.06/430.29 rawVol=233293 volSMA=47613 buf=0.762 prices=430.73
2026-01-21T14:35:00.000-05:00,[KLB] 14:35 ▲ 🔊 MC ramp=5.9x vol=4.3x pos=^99 vwap=above ema=bull adx=26 body=97% rangeATR=2.1 ⚡ O432.52 H435.58 L432.43 C435.56 ATR=15.25
2026-01-21T14:35:00.000-05:00,[KLB] 14:35 ▲ ~ ~ Week L vol=4.3x pos=^99 vwap=above ema=bull rs=+2.4% adx=26 body=97% ramp=5.9x rangeATR=2.1 ⚡ ⚠ 🔊 O432.52 H435.58 L432.43 C435.56 ATR=15.25 SL=434.04/433.27 rawVol=250048 volSMA=58311 buf=0.762 prices=434.22
2026-01-21T14:40:00.000-05:00,[KLB] CONF 14:40 ▲ QBS/MC → ✓ (auto-promote)
2026-01-21T14:45:00.000-05:00,[KLB] 5m CHECK 14:45 ▲ pnl=0.09 → HOLD
2026-01-21T15:50:00.000-05:00,[KLB] 15:50 ▲ ◆ ◆¹⁷ Yest H 1.2x ^38 vol= pos= vwap=above ema=bull rs=+1.6% adx=29 body=32% ramp=0.9x rangeATR=0.6 O432.4 H432.51 L431.6 C432.11 ATR=15.25 SL=430.59/429.82 rawVol=96946 volSMA=106144 buf=0.762 prices=
2026-01-22T09:35:00.000-05:00,[KLB] 9:35 ▼ 🔊 MC ramp=19.1x vol=12.8x pos=v95 vwap=below ema=bull adx=23 body=80% rangeATR=3.2 ⚡ O435.16 H435.5 L433.3 C433.4 ATR=15.51
2026-01-22T09:40:00.000-05:00,[KLB] 9:40 ▲ 🔊 MC ramp=30.9x vol=7.9x pos=^68 vwap=below ema=bear adx=25 body=35% rangeATR=2.9 ⚡ O433.4 H435.01 L432.63 C434.24 ATR=15.51
2026-01-22T09:45:00.000-05:00,[KLB] CONF 9:45 ▲ QBS/MC → ✓ (auto-promote)
2026-01-22T09:50:00.000-05:00,[KLB] 5m CHECK 9:50 ▲ pnl=-0.03 → BAIL
2026-01-22T09:55:00.000-05:00,[KLB] 9:55 ▲ ~ ~ PM L + ~ Week L + ~ ORB L vol=3.1x pos=^72 vwap=above ema=bear rs=+0.2% adx=28 body=52% ramp=0.9x rangeATR=2.7 ⚡ O433.83 H436.2 L433.24 C435.38 ATR=15.51 SL=433.83/433.05 rawVol=138130 volSMA=44201 buf=0.776 prices=434.35/434.22/433.3
2026-01-22T10:00:00.000-05:00,[KLB] 10:00 ▼ ~ ~ ORB H vol=2.2x pos=v74 vwap=below ema=bear rs=+0% adx=27 body=61% ramp=0.7x rangeATR=1.9 O435.39 H435.67 L433.4 C434 ATR=15.51 SL=435.55/436.33 rawVol=106135 volSMA=49032 buf=0.776 prices=435.5
2026-01-22T10:05:00.000-05:00,[KLB] 10:05 ▲ ~ ~ PM L + ~ Week L + ~ ORB L vol=2.2x pos=^99 vwap=above ema=bear rs=+0.3% adx=27 body=38% ramp=0.8x rangeATR=1.7 O434.05 H434.9 L432.73 C434.87 ATR=15.51 SL=433.32/432.54 rawVol=118438 volSMA=54785 buf=0.776 prices=434.35/434.22/433.3
2026-01-22T10:20:00.000-05:00,[KLB] 10:20 ▲ ~ ~ PM L vol=1.4x pos=^61 vwap=above ema=bear rs=+0.4% adx=24 body=59% ramp=0.7x rangeATR=1 O434.82 H435.98 L434.8 C435.52 ATR=15.51 SL=433.97/433.19 rawVol=81528 volSMA=65786 buf=0.776 prices=434.35
2026-01-22T10:30:00.000-05:00,[KLB] 10:30 ▲ ~ ~ PM L + ~ Week L vol=0.9x pos=^85 vwap=above ema=bear rs=+0.3% adx=21 body=73% ramp=1x rangeATR=1.1 O434.68 H435.91 L434.51 C435.7 ATR=15.51 SL=434.15/433.37 rawVol=64736 volSMA=74405 buf=0.776 prices=434.35/434.22
2026-01-22T11:10:00.000-05:00,[KLB] 11:10 ▲ ~ ~ VWAP vol=0.6x pos=^94 vwap=above ema=bull rs=+0.7% adx=23 body=72% ramp=0.7x rangeATR=0.7 O437.06 H437.75 L436.86 C437.7 ATR=15.51 SL=436.15/435.37 rawVol=64442 volSMA=106655 buf=0.776 prices=
2026-01-22T12:50:00.000-05:00,[KLB] 12:50 ▲ BRK PM H + Yest H vol=2.5x pos=^93 vwap=above ema=bull rs=+1.2% adx=32 body=90% ramp=1.6x rangeATR=2.4 ⚡ ⚠ O438.75 H441.22 L438.68 C441.03 ATR=15.51 SL=439.48/438.7 rawVol=148618 volSMA=60097 buf=0.776 prices=438.2/438.2
2026-01-23T09:35:00.000-05:00,[KLB] 9:35 ▼ 🔊 MC ramp=13x vol=12.5x pos=v88 vwap=below ema=bear adx=22 body=41% rangeATR=5.1 ⚡ O447.43 H449.98 L444.56 C445.22 ATR=15.69
2026-01-23T09:35:00.000-05:00,[KLB] 9:35 ▼ BRK PM L vol=12.5x pos=v88 vwap=below ema=bear rs=-0.4% adx=22 body=41% ramp=13x rangeATR=5.1 ⚡ 🔊 O447.43 H449.98 L444.56 C445.22 ATR=15.69 SL=446.79/447.57 rawVol=278658 volSMA=22253 buf=0.785 prices=446.08
2026-01-23T09:35:00.000-05:00,"[KLB] 9:35 ▼ ~ ~ Yest H
~ VWAP vol=12.5x pos=v88 vwap=below ema=bear rs=-0.4% adx=22 body=41% ramp=13x rangeATR=5.1 ⚡ 🔊 O447.43 H449.98 L444.56 C445.22 ATR=15.69 SL=446.79/447.57 rawVol=278658 volSMA=22253 buf=0.785 prices=449.5"
2026-01-23T09:35:00.000-05:00,[KLB] 9:35 ▼ ◆ ◆¹ PM L 9.8x v38 vol= pos= vwap=below ema=bear rs=-0.4% adx=22 body=41% ramp=13x rangeATR=5.1 ⚡ 🔊 O447.43 H449.98 L444.56 C445.22 ATR=15.69 SL=446.79/447.57 rawVol=278658 volSMA=22253 buf=0.785 prices=
2026-01-23T09:40:00.000-05:00,[KLB] CONF 9:40 ▼ QBS/MC → ✗ (failed)
2026-01-23T09:45:00.000-05:00,[KLB] CONF 9:45 ▼ BRK → ✗ (failed)
2026-01-23T09:50:00.000-05:00,[KLB] 9:50 ▲ ~~ ~~ PM L + ~ ORB L vol=3.5x pos=^97 vwap=above ema=bear rs=0% adx=22 body=31% ramp=1.7x rangeATR=2.2 ⚡ O445.97 H446.96 L444.04 C446.87 ATR=15.69 SL=445.3/444.52 rawVol=164279 volSMA=46543 buf=0.785 prices=446.08/444.56
2026-01-23T09:55:00.000-05:00,[KLB] 9:55 ▲ ~~ ~~ PM L vol=3.3x pos=^91 vwap=above ema=bear rs=+0.3% adx=22 body=65% ramp=1x rangeATR=1.9 O446.95 H449 L446.22 C448.75 ATR=15.69 SL=447.18/446.4 rawVol=183764 volSMA=55613 buf=0.785 prices=446.08
2026-01-23T10:00:00.000-05:00,[KLB] 10:00 ▲ ~ ~ VWAP vol=3.4x pos=^68 vwap=above ema=bear rs=+0.4% adx=24 body=38% ramp=0.9x rangeATR=1.6 O448.79 H450.51 L448.04 C449.72 ATR=15.69 SL=448.15/447.37 rawVol=227834 volSMA=66673 buf=0.785 prices=
2026-01-26T09:35:00.000-05:00,[KLB] 9:35 ▼ 🔊 MC ramp=28.1x vol=15.6x pos=v98 vwap=below ema=bear adx=21 body=98% rangeATR=7.1 ⚡ O445.03 H445.06 L439.6 C439.69 ATR=15.17
2026-01-26T09:35:00.000-05:00,[KLB] 9:35 ▼ BRK PM L + Yest L vol=15.6x pos=v98 vwap=below ema=bear rs=-1.3% adx=21 body=98% ramp=28.1x rangeATR=7.1 ⚡ ⚠ 🔊 O445.03 H445.06 L439.6 C439.69 ATR=15.17 SL=441.21/441.97 rawVol=309104 volSMA=19847 buf=0.759 prices=443/444.04
2026-01-26T09:35:00.000-05:00,[KLB] 9:35 ▼ ~ ~ VWAP vol=15.6x pos=v98 vwap=below ema=bear rs=-1.3% adx=21 body=98% ramp=28.1x rangeATR=7.1 ⚡ ⚠ 🔊 O445.03 H445.06 L439.6 C439.69 ATR=15.17 SL=441.21/441.97 rawVol=309104 volSMA=19847 buf=0.759 prices=
2026-01-26T09:40:00.000-05:00,[KLB] CONF 9:40 ▼ QBS/MC → ✗ (failed)
2026-01-26T09:45:00.000-05:00,[KLB] 9:45 ▼ BRK ORB L vol=4.5x pos=v67 vwap=below ema=bear rs=-1.7% adx=28 body=67% ramp=68.4x rangeATR=2.3 ⚡ 🔊 O440.22 H440.23 L438 C438.73 ATR=15.17 SL=440.25/441.01 rawVol=154909 volSMA=34439 buf=0.759 prices=439.6
2026-01-26T09:45:00.000-05:00,[KLB] CONF 9:45 ▼ BRK → ✓★ (auto-promote)
2026-01-26T09:45:00.000-05:00,[KLB] 9:45 ▼ ◆ ◆¹ ORB L 4x v98 vol= pos= vwap=below ema=bear rs=-1.7% adx=28 body=67% ramp=68.4x rangeATR=2.3 ⚡ 🔊 O440.22 H440.23 L438 C438.73 ATR=15.17 SL=440.25/441.01 rawVol=154909 volSMA=34439 buf=0.759 prices=
2026-01-26T09:50:00.000-05:00,[KLB] 5m CHECK 9:50 ▼ pnl=0.07 → HOLD
2026-01-26T10:10:00.000-05:00,[KLB] CONF 10:10 ▼ BRK → ✗ (failed)
2026-01-27T10:05:00.000-05:00,[KLB] 10:05 ▲ ~ ~ Yest L + ~ ORB L vol=2.3x pos=^90 vwap=above ema=bear rs=-0.5% adx=24 body=54% ramp=0.8x rangeATR=2.4 ⚡ O434.41 H436 L433.52 C435.75 ATR=15.14 SL=434.24/433.48 rawVol=83286 volSMA=35876 buf=0.757 prices=434.28/433.15
2026-01-27T10:25:00.000-05:00,[KLB] 10:25 ▲ ~ ~ PM L + ~ Yest L vol=0.7x pos=^100 vwap=above ema=bear rs=-0.5% adx=21 body=70% ramp=0.6x rangeATR=0.9 O435.11 H435.8 L434.81 C435.8 ATR=15.14 SL=434.29/433.53 rawVol=32078 volSMA=43911 buf=0.757 prices=435.3/434.28
2026-01-27T13:30:00.000-05:00,[KLB] 13:30 ▼ ~ ~ VWAP vol=0.5x pos=v87 vwap=below ema=bear rs=-1.3% adx=31 body=81% ramp=0.5x rangeATR=0.8 ⚠ 🔇 O433.23 H433.26 L432.72 C432.79 ATR=15.14 SL=434.3/435.06 rawVol=11144 volSMA=22647 buf=0.757 prices=
2026-01-27T15:55:00.000-05:00,[KLB] 15:55 ▼ BRK ORB L vol=2.7x pos=v78 vwap=below ema=bear rs=-1.5% adx=26 body=69% ramp=1.7x rangeATR=1.7 O432.53 H432.63 L431.53 C431.77 ATR=15.14 SL=433.28/434.04 rawVol=83791 volSMA=30979 buf=0.757 prices=433.15
2026-01-28T09:35:00.000-05:00,[KLB] 9:35 ▲ 🔊 MC ramp=10.5x vol=10.2x pos=^69 vwap=above ema=bull adx=34 body=47% rangeATR=4.1 ⚡ O431.91 H434.45 L431.2 C433.43 ATR=14.55
2026-01-28T09:35:00.000-05:00,[KLB] 9:35 ▲ ~ ~ PM L vol=10.2x pos=^69 vwap=above ema=bull rs=+0.3% adx=34 body=47% ramp=10.5x rangeATR=4.1 ⚡ 🔊 O431.91 H434.45 L431.2 C433.43 ATR=14.55 SL=431.98/431.25 rawVol=118083 volSMA=11554 buf=0.727 prices=431
2026-01-28T09:40:00.000-05:00,[KLB] 9:40 ▲ BRK ORB H vol=8.1x pos=^57 vwap=above ema=bull rs=+0.6% adx=33 body=36% ramp=22.2x rangeATR=3.2 ⚡ 🔊 O433.43 H435.85 L432.81 C434.54 ATR=14.55 SL=433.08/432.35 rawVol=152604 volSMA=18891 buf=0.727 prices=434.45
2026-01-28T09:40:00.000-05:00,[KLB] CONF 9:40 ▲ QBS/MC → ✓ (auto-promote)
2026-01-28T09:40:00.000-05:00,[KLB] 9:40 ▲ ◆ ◆¹ ORB H 9.4x ^80 vol= pos= vwap=above ema=bull rs=+0.6% adx=33 body=36% ramp=22.2x rangeATR=3.2 ⚡ 🔊 O433.43 H435.85 L432.81 C434.54 ATR=14.55 SL=433.08/432.35 rawVol=152604 volSMA=18891 buf=0.727 prices=
2026-01-28T09:45:00.000-05:00,[KLB] 9:45 ▲ BRK PM H vol=6.5x pos=^80 vwap=above ema=bull rs=+1.1% adx=34 body=80% ramp=28.4x rangeATR=3 ⚡ 🔊 O434.51 H437.89 L434.51 C437.21 ATR=14.55 SL=435.76/435.03 rawVol=176848 volSMA=27407 buf=0.727 prices=434.73
2026-01-28T09:45:00.000-05:00,[KLB] 9:45 ▲ ~ ~ VWAP vol=6.5x pos=^80 vwap=above ema=bull rs=+1.1% adx=34 body=80% ramp=28.4x rangeATR=3 ⚡ 🔊 O434.51 H437.89 L434.51 C437.21 ATR=14.55 SL=435.76/435.03 rawVol=176848 volSMA=27407 buf=0.727 prices=
2026-01-28T09:45:00.000-05:00,[KLB] CONF 9:45 ▲ BRK → ✓ (auto-promote)
2026-01-28T09:50:00.000-05:00,[KLB] 5m CHECK 9:50 ▲ pnl=-0.04 → BAIL
2026-01-28T10:10:00.000-05:00,[KLB] 10:10 ▲ ◆ ◆⁶ PM H 1.3x ^14 vol= pos= vwap=above ema=bull rs=+1.1% adx=34 body=23% ramp=0.7x rangeATR=0.9 O436.22 H436.82 L435.61 C436.5 ATR=14.55 SL=435.05/434.32 rawVol=68541 volSMA=48255 buf=0.727 prices=
2026-01-28T10:30:00.000-05:00,[KLB] CONF 10:30 ▲ BRK → ✗ (failed)
2026-01-28T10:35:00.000-05:00,[KLB] 10:35 ▼ ~~ ~~ PM H + ~~ ORB H vol=0.9x pos=v76 vwap=below ema=bull rs=+0.6% adx=25 body=74% ramp=0.7x rangeATR=0.7 O434.67 H434.68 L433.78 C434 ATR=14.55 SL=435.45/436.18 rawVol=55141 volSMA=59666 buf=0.727 prices=434.73/434.45
2026-01-28T10:45:00.000-05:00,"[KLB] 10:45 ▼ ~~ ~~ PM H + ~~ ORB H
~ VWAP vol=1.2x pos=v71 vwap=below ema=bull rs=+0.4% adx=24 body=70% ramp=1.3x rangeATR=1.6 O434.48 H434.5 L432.38 C433 ATR=14.55 SL=434.45/435.18 rawVol=77579 volSMA=65066 buf=0.727 prices=434.73/434.45"
2026-01-29T09:35:00.000-05:00,[KLB] 9:35 ▼ 🔊 MC ramp=14.2x vol=14.9x pos=v87 vwap=below ema=bear adx=41 body=64% rangeATR=6.5 ⚡ O437.61 H440.2 L428.79 C430.3 ATR=14.09
2026-01-29T09:35:00.000-05:00,[KLB] 9:35 ▼ BRK PM L vol=14.9x pos=v87 vwap=below ema=bear rs=-1.6% adx=41 body=64% ramp=14.2x rangeATR=6.5 ⚡ 🔊 O437.61 H440.2 L428.79 C430.3 ATR=14.09 SL=431.71/432.41 rawVol=458957 volSMA=30876 buf=0.705 prices=436.43
2026-01-29T09:35:00.000-05:00,"[KLB] 9:35 ▼ ~ ~ Yest H
~ VWAP vol=14.9x pos=v87 vwap=below ema=bear rs=-1.6% adx=41 body=64% ramp=14.2x rangeATR=6.5 ⚡ 🔊 O437.61 H440.2 L428.79 C430.3 ATR=14.09 SL=431.71/432.41 rawVol=458957 volSMA=30876 buf=0.705 prices=438.26"
2026-01-29T09:40:00.000-05:00,[KLB] 9:40 ▼ BRK Yest L + ORB L vol=9.6x pos=v95 vwap=below ema=bear rs=-2.6% adx=44 body=89% ramp=24.9x rangeATR=2.6 ⚡ ⚠ 🔊 O430.42 H430.7 L425.57 C425.85 ATR=14.09 SL=427.26/427.96 rawVol=341781 volSMA=47823 buf=0.705 prices=430.1/428.79
2026-01-29T09:40:00.000-05:00,[KLB] CONF 9:40 ▼ BRK → ✓★ (auto-promote)
2026-01-29T09:40:00.000-05:00,[KLB] CONF 9:40 ▼ QBS/MC → ✓★ (auto-promote)
2026-01-29T09:45:00.000-05:00,[KLB] 9:45 ▲ 🔊 MC ramp=34.8x vol=4.1x pos=^74 vwap=below ema=bear adx=46 body=36% rangeATR=1.7 O425.79 H428 L424.46 C427.07 ATR=14.09
2026-01-29T09:45:00.000-05:00,[KLB] 5m CHECK 9:45 ▼ pnl=-0.09 → BAIL
2026-01-29T09:45:00.000-05:00,[KLB] 9:45 ▼ ◆ ◆² ORB L 2.9x v20 vol= pos= vwap=below ema=bear rs=-2% adx=46 body=36% ramp=34.8x rangeATR=1.7 🔊 O425.79 H428 L424.46 C427.07 ATR=14.09 SL=428.48/429.18 rawVol=244678 volSMA=59690 buf=0.705 prices=
2026-01-29T09:50:00.000-05:00,[KLB] CONF 9:50 ▲ QBS/MC → ✓ (auto-promote)
2026-01-29T09:55:00.000-05:00,[KLB] 5m CHECK 9:55 ▲ pnl=-0.18 → BAIL
2026-01-29T15:25:00.000-05:00,[KLB] 15:25 ▼ BRK Week L vol=1.6x pos=v90 vwap=below ema=bear rs=-4.3% adx=26 body=87% ramp=0.9x rangeATR=0.9 ⚠ O417.21 H417.24 L416.17 C416.28 ATR=14.09 SL=417.69/418.39 rawVol=68675 volSMA=44097 buf=0.705 prices=417.44
2026-01-29T15:25:00.000-05:00,[KLB] CONF 15:25 ▼ BRK → ✓★ (auto-promote)
2026-01-29T15:30:00.000-05:00,[KLB] 5m CHECK 15:30 ▼ pnl=0.05 → HOLD
2026-01-29T15:35:00.000-05:00,[KLB] 15:35 ▼ ◆ ◆³ Week L 0.8x v27 vol= pos= vwap=below ema=bear rs=-4.3% adx=29 body=47% ramp=2.1x rangeATR=1.2 O415.5 H416.36 L414.95 C416.16 ATR=14.09 SL=417.57/418.27 rawVol=119312 volSMA=51028 buf=0.705 prices=
2026-01-30T09:45:00.000-05:00,[KLB] 9:45 ▼ 🔊 MC ramp=21.1x vol=5.1x pos=v65 vwap=below ema=bear adx=26 body=35% rangeATR=1.8 O425.4 H426.37 L423.16 C424.29 ATR=14.92
2026-01-30T09:50:00.000-05:00,[KLB] CONF 9:50 ▼ QBS/MC → ✗ (failed)
2026-01-30T10:10:00.000-05:00,[KLB] 10:10 ▲ BRK PM H vol=2.9x pos=^66 vwap=above ema=bull rs=+0.7% adx=28 body=63% ramp=1x rangeATR=2.4 ⚡ O425.89 H430.94 L425.74 C429.17 ATR=14.92 SL=427.68/426.93 rawVol=240278 volSMA=81861 buf=0.746 prices=428.24
2026-01-30T10:10:00.000-05:00,[KLB] 10:10 ▲ ~ ~ VWAP vol=2.9x pos=^66 vwap=above ema=bull rs=+0.7% adx=28 body=63% ramp=1x rangeATR=2.4 ⚡ O425.89 H430.94 L425.74 C429.17 ATR=14.92 SL=427.68/426.93 rawVol=240278 volSMA=81861 buf=0.746 prices=
2026-01-30T10:10:00.000-05:00,[KLB] 10:10 ▲ ◆ ◆¹ PM H 2x ^66 vol= pos= vwap=above ema=bull rs=+0.7% adx=28 body=63% ramp=1x rangeATR=2.4 ⚡ O425.89 H430.94 L425.74 C429.17 ATR=14.92 SL=427.68/426.93 rawVol=240278 volSMA=81861 buf=0.746 prices=
2026-01-30T10:20:00.000-05:00,[KLB] 10:20 ▲ BRK ORB H vol=2.1x pos=^56 vwap=above ema=bull rs=+1.1% adx=32 body=52% ramp=1.4x rangeATR=0.8 O429.84 H431.48 L429.76 C430.73 ATR=14.92 SL=429.24/428.49 rawVol=209595 volSMA=99316 buf=0.746 prices=430
2026-01-30T10:20:00.000-05:00,[KLB] CONF 10:20 ▲ BRK → ✓ (auto-promote)
2026-01-30T10:25:00.000-05:00,[KLB] 5m CHECK 10:25 ▲ pnl=0.11 → HOLD
2026-01-30T15:20:00.000-05:00,[KLB] 15:20 ▲ ◆ ◆⁶¹ ORB H 1.3x ^51 vol= pos= vwap=below ema=bear rs=+1.8% adx=14 body=66% ramp=1.6x rangeATR=0.7 O431.03 H431.82 L430.77 C431.72 ATR=14.92 SL=430.23/429.48 rawVol=86126 volSMA=63110 buf=0.746 prices=
2026-02-02T09:30:00.000-05:00,[KLB] 9:30 ▼ BRK Yest L vol=3.3x pos=v61 vwap=above ema=bear rs=-0.4% adx=20 body=61% ramp=1.8x rangeATR=3.4 ⚡ O422.9 H422.9 L419.82 C421.01 ATR=15.52 SL=422.56/423.34 rawVol=19222 volSMA=5825 buf=0.776 prices=422.7
2026-02-02T09:35:00.000-05:00,[KLB] 9:35 ▼ 🔊 MC ramp=37.9x vol=16.4x pos=v89 vwap=below ema=bear adx=24 body=81% rangeATR=5.3 ⚡ O421.13 H421.68 L414.51 C415.32 ATR=15.52
2026-02-02T09:35:00.000-05:00,[KLB] 9:35 ▼ BRK PM L vol=16.4x pos=v89 vwap=below ema=bear rs=-1.7% adx=24 body=81% ramp=37.9x rangeATR=5.3 ⚡ ⚠ 🔊 O421.13 H421.68 L414.51 C415.32 ATR=15.52 SL=416.87/417.65 rawVol=506177 volSMA=30921 buf=0.776 prices=419.21
2026-02-02T09:35:00.000-05:00,[KLB] 9:35 ▼ ~ ~ VWAP vol=16.4x pos=v89 vwap=below ema=bear rs=-1.7% adx=24 body=81% ramp=37.9x rangeATR=5.3 ⚡ ⚠ 🔊 O421.13 H421.68 L414.51 C415.32 ATR=15.52 SL=416.87/417.65 rawVol=506177 volSMA=30921 buf=0.776 prices=
2026-02-02T09:35:00.000-05:00,[KLB] CONF 9:35 ▼ BRK → ✓ (auto-promote)
2026-02-02T09:40:00.000-05:00,[KLB] 9:40 ▲ 🔊 MC ramp=53.3x vol=6.1x pos=^78 vwap=below ema=bear adx=28 body=68% rangeATR=2 O415.3 H417.95 L415 C417.3 ATR=15.52
2026-02-02T09:40:00.000-05:00,[KLB] 5m CHECK 9:40 ▼ pnl=-0.13 → BAIL
2026-02-02T09:40:00.000-05:00,[KLB] 9:40 ▼ ◆ ◆² PM L 5.1x v2 vol= pos= vwap=below ema=bear rs=-1.3% adx=28 body=68% ramp=53.3x rangeATR=2 🔊 O415.3 H417.95 L415 C417.3 ATR=15.52 SL=418.85/419.63 rawVol=269978 volSMA=44123 buf=0.776 prices=
2026-02-02T09:45:00.000-05:00,[KLB] CONF 9:45 ▲ QBS/MC → ✓ (auto-promote)
2026-02-02T09:45:00.000-05:00,[KLB] CONF 9:45 ▼ BRK → ✗ (failed)
2026-02-02T09:50:00.000-05:00,[KLB] 9:50 ▲ ~~ ~~ PM L vol=3.5x pos=^95 vwap=above ema=bear rs=-0.8% adx=31 body=52% ramp=1.3x rangeATR=1.2 O418.82 H419.9 L417.98 C419.81 ATR=15.52 SL=418.26/417.48 rawVol=194419 volSMA=64534 buf=0.776 prices=419.21
2026-02-02T09:50:00.000-05:00,[KLB] 5m CHECK 9:50 ▲ pnl=0.07 → HOLD
2026-02-02T10:00:00.000-05:00,[KLB] 10:00 ▼ BRK PM L vol=2.1x pos=v96 vwap=below ema=bear rs=-1.4% adx=32 body=93% ramp=0.5x rangeATR=1.5 ⚠ O419.66 H419.75 L417.25 C417.34 ATR=15.52 SL=418.89/419.67 rawVol=168224 volSMA=79686 buf=0.776 prices=419.21
2026-02-02T10:00:00.000-05:00,[KLB] 10:00 ▼ ◆ ◆¹ PM L 2.3x v10 vol= pos= vwap=below ema=bear rs=-1.4% adx=32 body=93% ramp=0.5x rangeATR=1.5 ⚠ O419.66 H419.75 L417.25 C417.34 ATR=15.52 SL=418.89/419.67 rawVol=168224 volSMA=79686 buf=0.776 prices=
2026-02-02T10:20:00.000-05:00,[KLB] CONF 10:20 ▼ BRK → ✗ (failed)
2026-02-02T10:25:00.000-05:00,[KLB] 10:25 ▲ ~~ ~~ PM L vol=0.9x pos=^87 vwap=above ema=bear rs=-1.2% adx=36 body=67% ramp=0.6x rangeATR=0.7 O419.09 H420 L418.87 C419.85 ATR=15.52 SL=418.3/417.52 rawVol=70883 volSMA=104260 buf=0.776 prices=419.21
2026-02-02T10:40:00.000-05:00,"[KLB] 10:40 ▲ ~~ ~~ PM L
~ VWAP vol=0.9x pos=^90 vwap=above ema=bear rs=-0.8% adx=37 body=86% ramp=1x rangeATR=1.2 ⚠ O419.62 H421.67 L419.53 C421.46 ATR=15.52 SL=419.91/419.13 rawVol=103905 volSMA=116219 buf=0.776 prices=419.21"
2026-02-02T11:10:00.000-05:00,[KLB] 11:10 ▲ ~~ ~~ PM L vol=0.6x pos=^96 vwap=above ema=bear rs=-1.1% adx=34 body=39% ramp=1.2x rangeATR=0.9 O419.4 H420.03 L418.56 C419.97 ATR=15.52 SL=418.42/417.64 rawVol=89884 volSMA=138287 buf=0.776 prices=419.21
2026-02-02T11:55:00.000-05:00,[KLB] 11:55 ▲ ~~ ~~ PM L vol=0.8x pos=^97 vwap=above ema=bear rs=-1.1% adx=38 body=95% ramp=1x rangeATR=1 ⚠ O418.75 H420.01 L418.72 C419.97 ATR=15.52 SL=418.42/417.64 rawVol=59861 volSMA=70653 buf=0.776 prices=419.21
2026-02-02T13:15:00.000-05:00,[KLB] 13:15 ▲ ~~ ~~ Yest L vol=1.8x pos=^62 vwap=above ema=bull rs=+0.1% adx=33 body=43% ramp=1.3x rangeATR=1.7 O425.18 H426.6 L424.84 C425.93 ATR=15.52 SL=424.38/423.6 rawVol=113645 volSMA=61526 buf=0.776 prices=422.7
2026-02-03T09:40:00.000-05:00,[KLB] 9:40 ▼ 🔊 MC ramp=17.8x vol=7.3x pos=v90 vwap=below ema=bear adx=43 body=57% rangeATR=3 ⚡ O424.55 H425.51 L422.68 C422.95 ATR=15.54
2026-02-03T09:40:00.000-05:00,[KLB] 9:40 ▼ BRK PM L vol=7.3x pos=v90 vwap=below ema=bear rs=-0.2% adx=43 body=57% ramp=17.8x rangeATR=3 ⚡ 🔊 O424.55 H425.51 L422.68 C422.95 ATR=15.54 SL=424.5/425.28 rawVol=162384 volSMA=22379 buf=0.777 prices=424.18
2026-02-03T09:40:00.000-05:00,[KLB] 9:40 ▼ ~ ~ ORB H vol=7.3x pos=v90 vwap=below ema=bear rs=-0.2% adx=43 body=57% ramp=17.8x rangeATR=3 ⚡ 🔊 O424.55 H425.51 L422.68 C422.95 ATR=15.54 SL=424.5/425.28 rawVol=162384 volSMA=22379 buf=0.777 prices=425.19
2026-02-03T09:45:00.000-05:00,[KLB] CONF 9:45 ▼ QBS/MC → ✓★ (auto-promote)
2026-02-03T09:45:00.000-05:00,[KLB] 9:45 ▼ ◆ ◆² PM L 4.3x v19 vol= pos= vwap=below ema=bear rs=-0.3% adx=45 body=15% ramp=22.7x rangeATR=3 ⚡ 🔊 O423.04 H423.71 L420.31 C422.53 ATR=15.54 SL=424.08/424.86 rawVol=160336 volSMA=29999 buf=0.777 prices=
2026-02-03T09:50:00.000-05:00,[KLB] 5m CHECK 9:50 ▼ pnl=-0.11 → BAIL
2026-02-03T09:55:00.000-05:00,[KLB] 9:55 ▼ ~ ~ VWAP vol=1.9x pos=v100 vwap=below ema=bear rs=-0.4% adx=47 body=100% ramp=1x rangeATR=1.7 ⚠ O424.15 H424.15 L421.86 C421.86 ATR=15.54 SL=423.41/424.19 rawVol=77574 volSMA=39919 buf=0.777 prices=
2026-02-03T10:00:00.000-05:00,[KLB] 10:00 ▼ ~ ~ Yest H vol=2.3x pos=v78 vwap=below ema=bear rs=-0.5% adx=49 body=73% ramp=0.6x rangeATR=1.4 O421.86 H421.96 L420.06 C420.48 ATR=15.54 SL=422.03/422.81 rawVol=102994 volSMA=44965 buf=0.777 prices=427.15
2026-02-03T10:30:00.000-05:00,[KLB] CONF 10:30 ▼ BRK → ✗ (failed)
2026-02-03T10:35:00.000-05:00,"[KLB] 10:35 ▲ ~~ ~~ PM L
~ VWAP vol=1.7x pos=^91 vwap=above ema=bear rs=+0.9% adx=45 body=91% ramp=1.4x rangeATR=1.5 ⚠ O422.87 H425.31 L422.87 C425.1 ATR=15.54 SL=423.55/422.77 rawVol=131572 volSMA=76078 buf=0.777 prices=424.18"
2026-02-03T10:40:00.000-05:00,[KLB] 10:40 ▲ ~~ ~~ PM L vol=1.6x pos=^96 vwap=above ema=bear rs=+1% adx=42 body=41% ramp=1.6x rangeATR=1.5 O425.12 H426.28 L423.69 C426.17 ATR=15.54 SL=424.62/423.84 rawVol=132283 volSMA=82600 buf=0.777 prices=424.18
2026-02-03T11:40:00.000-05:00,[KLB] 11:40 ▲ ~~ ~~ PM L vol=0.8x pos=^91 vwap=above ema=bear rs=+0.9% adx=23 body=32% ramp=1x rangeATR=0.9 O424.5 H425.06 L423.7 C424.94 ATR=15.54 SL=423.39/422.61 rawVol=60567 volSMA=78514 buf=0.777 prices=424.18
2026-02-03T12:30:00.000-05:00,[KLB] 12:30 ▼ ~ ~ Yest H vol=1.2x pos=v88 vwap=below ema=bear rs=+0.3% adx=21 body=67% ramp=1.6x rangeATR=0.8 O421.64 H421.9 L420.7 C420.84 ATR=15.54 SL=422.39/423.17 rawVol=71378 volSMA=60743 buf=0.777 prices=427.15
2026-02-03T14:10:00.000-05:00,[KLB] 14:10 ▼ BRK Yest L + Week L vol=2.8x pos=v95 vwap=below ema=bear rs=-0.8% adx=37 body=46% ramp=2.5x rangeATR=0.8 O414.22 H414.74 L413.69 C413.74 ATR=15.54 SL=415.29/416.07 rawVol=102967 volSMA=63241 buf=0.777 prices=414.5/414.62
2026-02-03T14:15:00.000-05:00,[KLB] CONF 14:15 ▼ BRK → ✗ (failed)
2026-02-04T10:35:00.000-05:00,[KLB] 10:35 ▼ BRK Week L vol=1.8x pos=v98 vwap=below ema=bear rs=-1.4% adx=26 body=86% ramp=1x rangeATR=2.2 ⚡ ⚠ O416.69 H417.2 L413.05 C413.13 ATR=15.5 SL=414.68/415.45 rawVol=167580 volSMA=94292 buf=0.775 prices=414.62
2026-02-04T10:35:00.000-05:00,[KLB] 10:35 ▼ ◆ ◆¹ Week L 1.6x v24 vol= pos= vwap=below ema=bear rs=-1.4% adx=26 body=86% ramp=1x rangeATR=2.2 ⚡ ⚠ O416.69 H417.2 L413.05 C413.13 ATR=15.5 SL=414.68/415.45 rawVol=167580 volSMA=94292 buf=0.775 prices=
2026-02-04T15:05:00.000-05:00,[KLB] 15:05 ▼ ~ ~ VWAP vol=1x pos=v65 vwap=below ema=bear rs=-2.5% adx=20 body=50% ramp=1.1x rangeATR=0.8 O409.04 H409.23 L407.95 C408.4 ATR=15.5 SL=409.95/410.72 rawVol=68211 volSMA=67778 buf=0.775 prices=
2026-02-05T09:40:00.000-05:00,[KLB] 9:40 ▲ 🔊 MC ramp=13.5x vol=7x pos=^70 vwap=above ema=bear adx=51 body=37% rangeATR=2.3 ⚡ O398.52 H401.15 L397.26 C399.97 ATR=16.15
2026-02-05T09:45:00.000-05:00,[KLB] CONF 9:45 ▲ QBS/MC → ✗ (failed)
2026-02-05T09:55:00.000-05:00,[KLB] 9:55 ▼ BRK Yest L vol=2.2x pos=v88 vwap=below ema=bear rs=-0.3% adx=46 body=72% ramp=0.8x rangeATR=2.1 ⚡ O399.35 H400.02 L396.02 C396.48 ATR=16.15 SL=398.1/398.9 rawVol=114064 volSMA=52206 buf=0.808 prices=399.18
2026-02-05T09:55:00.000-05:00,"[KLB] 9:55 ▼ ~ ~ ORB H
~ VWAP vol=2.2x pos=v88 vwap=below ema=bear rs=-0.3% adx=46 body=72% ramp=0.8x rangeATR=2.1 ⚡ O399.35 H400.02 L396.02 C396.48 ATR=16.15 SL=398.1/398.9 rawVol=114064 volSMA=52206 buf=0.808 prices=398.55"
2026-02-05T10:05:00.000-05:00,[KLB] 10:05 ▼ BRK PM L vol=2.3x pos=v75 vwap=below ema=bear rs=-0.7% adx=46 body=60% ramp=0.9x rangeATR=1.8 O395.47 H396.03 L392.32 C393.25 ATR=16.15 SL=394.87/395.67 rawVol=148237 volSMA=65103 buf=0.808 prices=394.51
2026-02-05T10:05:00.000-05:00,[KLB] CONF 10:05 ▼ BRK → ✓ (auto-promote)
2026-02-05T10:10:00.000-05:00,[KLB] 10:10 ▼ BRK ORB L vol=3.6x pos=v75 vwap=below ema=bear rs=-1.2% adx=47 body=70% ramp=1.5x rangeATR=1.5 O393.29 H393.46 L390.13 C390.95 ATR=16.15 SL=392.57/393.37 rawVol=287225 volSMA=78782 buf=0.808 prices=392.87
2026-02-05T10:10:00.000-05:00,[KLB] CONF 10:10 ▼ BRK → ✓ (auto-promote)
2026-02-05T10:15:00.000-05:00,[KLB] 5m CHECK 10:15 ▼ pnl=0.19 → HOLD
2026-02-05T10:45:00.000-05:00,[KLB] 10:45 ▼ ◆ ◆⁸ ORB L 0.5x v71 vol= pos= vwap=below ema=bear rs=-0.8% adx=52 body=64% ramp=0.8x rangeATR=1.2 O390.17 H392.3 L389.23 C392.13 ATR=16.15 SL=393.75/394.55 rawVol=95061 volSMA=119229 buf=0.808 prices=
2026-02-05T11:15:00.000-05:00,[KLB] CONF 11:15 ▼ BRK → ✗ (failed)
2026-02-05T11:30:00.000-05:00,"[KLB] 11:30 ▲ ~~ ~~ PM L
~ VWAP vol=0.9x pos=^95 vwap=above ema=bear rs=+0.1% adx=40 body=72% ramp=1.3x rangeATR=1.1 O394.99 H396.95 L394.4 C396.83 ATR=16.15 SL=395.21/394.41 rawVol=98507 volSMA=115464 buf=0.808 prices=394.51"
2026-02-09T09:40:00.000-05:00,[KLB] 9:40 ▲ 🔊 MC ramp=27.9x vol=7.4x pos=^71 vwap=above ema=bear adx=20 body=41% rangeATR=1.8 O409.79 H411.14 L409.21 C410.58 ATR=16.39
2026-02-09T09:45:00.000-05:00,[KLB] CONF 9:45 ▲ QBS/MC → ✓ (auto-promote)
2026-02-09T09:50:00.000-05:00,[KLB] 5m CHECK 9:50 ▲ pnl=0.02 → BAIL
2026-02-10T09:50:00.000-05:00,[KLB] 9:50 ▼ ~ ~ ORB H vol=3.5x pos=v76 vwap=below ema=bull rs=+1% adx=24 body=38% ramp=2.2x rangeATR=2 O422.71 H423.84 L420.91 C421.61 ATR=16.22 SL=423.23/424.04 rawVol=139823 volSMA=39494 buf=0.811 prices=423.93
2026-02-10T10:05:00.000-05:00,[KLB] 10:05 ▼ ~ ~ PM H vol=2.3x pos=v85 vwap=below ema=bull rs=+0.4% adx=27 body=76% ramp=0.7x rangeATR=1.6 O422.32 H422.57 L419.98 C420.36 ATR=16.22 SL=421.98/422.79 rawVol=132299 volSMA=57332 buf=0.811 prices=420.95
2026-02-10T10:10:00.000-05:00,[KLB] 10:10 ▲ BRK PM H + Yest H vol=1.7x pos=^78 vwap=below ema=bull rs=+0.7% adx=27 body=72% ramp=1x rangeATR=1.2 O420.26 H422.14 L420.14 C421.69 ATR=16.22 SL=420.07/419.26 rawVol=109103 volSMA=62694 buf=0.811 prices=420.95/421.25
2026-02-10T10:10:00.000-05:00,[KLB] 10:10 ▲ ◆ ◆¹ Yest H 2.1x ^75 vol= pos= vwap=below ema=bull rs=+0.7% adx=27 body=72% ramp=1x rangeATR=1.2 O420.26 H422.14 L420.14 C421.69 ATR=16.22 SL=420.07/419.26 rawVol=109103 volSMA=62694 buf=0.811 prices=
2026-02-10T10:35:00.000-05:00,[KLB] 10:35 ▲ ~ ~ VWAP vol=1.5x pos=^64 vwap=above ema=bull rs=+1.3% adx=31 body=49% ramp=1.1x rangeATR=0.9 O423.34 H424.59 L423.13 C424.06 ATR=16.22 SL=422.44/421.63 rawVol=133357 volSMA=91386 buf=0.811 prices=
2026-02-10T11:10:00.000-05:00,[KLB] 11:10 ▼ ~ ~ ORB H vol=0.8x pos=v100 vwap=below ema=bull rs=+1% adx=36 body=98% ramp=0.9x rangeATR=1.3 ⚠ O424.1 H424.15 L422.1 C422.1 ATR=16.22 SL=423.72/424.53 rawVol=93731 volSMA=123404 buf=0.811 prices=423.93
2026-02-10T11:20:00.000-05:00,"[KLB] 11:20 ▲ ◆ ◆¹⁵ PM H 0.6x ^13
◆¹ Yest H 2.1x ^75 vol= pos= vwap=below ema=bull rs=+1.1% adx=32 body=21% ramp=0.7x rangeATR=0.8 O422.79 H422.93 L421.71 C422.53 ATR=16.22 SL=420.91/420.1 rawVol=53288 volSMA=105708 buf=0.811 prices="
2026-02-10T12:20:00.000-05:00,[KLB] 12:20 ▲ BRK ORB H vol=2x pos=^96 vwap=above ema=bull rs=+2% adx=24 body=89% ramp=1.9x rangeATR=1.9 ⚠ O424.5 H426.99 L424.32 C426.87 ATR=16.22 SL=425.25/424.44 rawVol=149219 volSMA=73392 buf=0.811 prices=423.93
2026-02-10T12:20:00.000-05:00,[KLB] CONF 12:20 ▲ BRK → ✓ (auto-promote)
2026-02-10T12:25:00.000-05:00,[KLB] 5m CHECK 12:25 ▲ pnl=-0.05 → BAIL
2026-02-10T12:30:00.000-05:00,[KLB] 12:30 ▲ ◆ ◆³ ORB H 0.6x ^52 vol= pos= vwap=above ema=bull rs=+1.6% adx=25 body=66% ramp=2.6x rangeATR=1.2 O426.08 H426.58 L424.84 C424.94 ATR=16.22 SL=423.32/422.51 rawVol=58410 volSMA=71123 buf=0.811 prices=
2026-02-10T13:25:00.000-05:00,[KLB] CONF 13:25 ▲ BRK → ✗ (failed)
2026-02-11T09:35:00.000-05:00,[KLB] 9:35 ▲ 🔊 MC ramp=17.8x vol=14.6x pos=^80 vwap=above ema=bull adx=42 body=80% rangeATR=6.2 ⚡ O427.96 H435.84 L427.93 C434.25 ATR=15.79
2026-02-11T09:35:00.000-05:00,[KLB] 9:35 ▲ BRK PM H + Yest H + Week H vol=14.6x pos=^80 vwap=above ema=bull rs=+1.5% adx=42 body=80% ramp=17.8x rangeATR=6.2 ⚡ 🔊 O427.96 H435.84 L427.93 C434.25 ATR=15.79 SL=432.67/431.88 rawVol=333018 volSMA=22791 buf=0.79 prices=428.19/427.25/428.56
2026-02-11T09:35:00.000-05:00,[KLB] 9:35 ▲ ~ ~ VWAP vol=14.6x pos=^80 vwap=above ema=bull rs=+1.5% adx=42 body=80% ramp=17.8x rangeATR=6.2 ⚡ 🔊 O427.96 H435.84 L427.93 C434.25 ATR=15.79 SL=432.67/431.88 rawVol=333018 volSMA=22791 buf=0.79 prices=
2026-02-11T09:40:00.000-05:00,[KLB] CONF 9:40 ▲ QBS/MC → ✗ (failed)
2026-02-11T10:00:00.000-05:00,"[KLB] 10:00 ▲ ◆ ◆⁶ PM H 2.5x ^1
◆⁶ Week H 2.5x ^1 vol= pos= vwap=below ema=bull rs=+1.1% adx=50 body=71% ramp=0.5x rangeATR=1.7 O433.46 H434 L430.95 C431.3 ATR=15.79 SL=429.72/428.93 rawVol=141021 volSMA=65290 buf=0.79 prices="
2026-02-11T10:05:00.000-05:00,[KLB] 10:05 ▼ ~ ~ VWAP vol=2.2x pos=v99 vwap=below ema=bull rs=+0.5% adx=47 body=80% ramp=0.7x rangeATR=2 ⚡ O431.34 H432.1 L428.25 C428.27 ATR=15.79 SL=429.85/430.64 rawVol=162498 volSMA=73368 buf=0.79 prices=
2026-02-11T10:05:00.000-05:00,[KLB] CONF 10:05 ▲ BRK → ✗ (failed)
2026-02-11T10:10:00.000-05:00,[KLB] 10:10 ▼ ~~ ~~ PM H + ~~ Week H vol=2x pos=v99 vwap=below ema=bull rs=+0.2% adx=44 body=94% ramp=1x rangeATR=1.1 ⚠ O428.25 H428.34 L426.33 C426.36 ATR=15.79 SL=427.94/428.73 rawVol=145591 volSMA=80513 buf=0.79 prices=428.19/428.56
2026-02-11T10:15:00.000-05:00,[KLB] 10:15 ▼ ~~ ~~ Yest H vol=2x pos=v60 vwap=below ema=bull rs=-0.1% adx=42 body=43% ramp=1.2x rangeATR=1.8 O426.35 H427.01 L423.27 C424.76 ATR=15.79 SL=426.34/427.13 rawVol=179951 volSMA=88336 buf=0.79 prices=427.25
2026-02-11T11:10:00.000-05:00,[KLB] 11:10 ▼ ~~ ~~ Yest H vol=0.4x pos=v76 vwap=below ema=bear rs=-0.2% adx=30 body=60% ramp=0.8x rangeATR=0.9 O424.98 H425.25 L423.53 C423.95 ATR=15.79 SL=425.53/426.32 rawVol=56983 volSMA=138944 buf=0.79 prices=427.25
2026-02-11T11:45:00.000-05:00,[KLB] 11:45 ▼ ~~ ~~ Yest H vol=0.6x pos=v80 vwap=below ema=bear rs=-0.3% adx=20 body=61% ramp=1x rangeATR=1.2 O426.04 H426.43 L424.35 C424.77 ATR=15.79 SL=426.35/427.14 rawVol=55966 volSMA=93649 buf=0.79 prices=427.25
2026-02-12T09:30:00.000-05:00,"[KLB] 9:30 ▼ ~ ~ PM H
~ VWAP vol=2.1x pos=v95 vwap=below ema=bull rs=+0.4% adx=31 body=90% ramp=2.1x rangeATR=2.7 ⚡ ⚠ O431.74 H431.81 L430.35 C430.43 ATR=15.83 SL=432.01/432.8 rawVol=8347 volSMA=4034 buf=0.792 prices=432.08"
2026-02-12T09:35:00.000-05:00,[KLB] 9:35 ▲ 🔊 MC ramp=37x vol=15.9x pos=^75 vwap=above ema=bull adx=33 body=63% rangeATR=5.9 ⚡ O430.34 H434.85 L429.7 C433.57 ATR=15.83
2026-02-12T09:35:00.000-05:00,[KLB] 9:35 ▲ BRK PM H vol=15.9x pos=^75 vwap=above ema=bull rs=+0.7% adx=33 body=63% ramp=37x rangeATR=5.9 ⚡ 🔊 O430.34 H434.85 L429.7 C433.57 ATR=15.83 SL=431.99/431.2 rawVol=297845 volSMA=18730 buf=0.792 prices=432.08
2026-02-12T09:40:00.000-05:00,[KLB] CONF 9:40 ▲ QBS/MC → ✓ (auto-promote)
2026-02-12T09:45:00.000-05:00,[KLB] 5m CHECK 9:45 ▲ pnl=-0.02 → BAIL
2026-02-12T09:45:00.000-05:00,[KLB] CONF 9:45 ▲ BRK → ✗ (failed)
2026-02-12T09:50:00.000-05:00,[KLB] 9:50 ▼ ~~ ~~ PM H + ~ ORB H vol=3.6x pos=v96 vwap=below ema=bull rs=+0.1% adx=35 body=85% ramp=2.1x rangeATR=3.5 ⚡ ⚠ O434.09 H434.6 L429.86 C430.07 ATR=15.83 SL=431.65/432.44 rawVol=183605 volSMA=51465 buf=0.792 prices=432.08/434.85
2026-02-12T10:05:00.000-05:00,[KLB] 10:05 ▼ ~ ~ Yest H + ~ Week H vol=2.1x pos=v90 vwap=below ema=bull rs=-0.4% adx=31 body=59% ramp=0.6x rangeATR=1.5 O428.68 H429.36 L427.18 C427.39 ATR=15.83 SL=428.97/429.76 rawVol=148361 volSMA=71031 buf=0.792 prices=436.35/428.56
2026-02-12T10:40:00.000-05:00,[KLB] 10:40 ▼ ~~ ~ Yest H + ~~ Week H vol=0.7x pos=v78 vwap=below ema=bear rs=-0.2% adx=25 body=42% ramp=0.6x rangeATR=1 O428.34 H428.93 L427.27 C427.64 ATR=15.83 SL=429.22/430.01 rawVol=68490 volSMA=98626 buf=0.792 prices=436.35/428.56
2026-02-13T09:30:00.000-05:00,[KLB] 9:30 ▼ 🔇 QBS ramp=0.4x vol=1.3x pos=v94 vwap=below ema=bull adx=32 body=78% rangeATR=3 ⚡ O416.65 H417.17 L414.1 C414.27 ATR=16.29
2026-02-13T09:35:00.000-05:00,[KLB] CONF 9:35 ▼ QBS/MC → ✗ (failed)
2026-02-13T09:40:00.000-05:00,[KLB] 9:40 ▼ 🔊 MC ramp=45.7x vol=6.5x pos=v94 vwap=below ema=bull adx=31 body=32% rangeATR=2.2 ⚡ O414.62 H416.58 L413.4 C413.59 ATR=16.29
2026-02-13T09:45:00.000-05:00,[KLB] CONF 9:45 ▼ QBS/MC → ✗ (failed)
2026-02-13T10:10:00.000-05:00,[KLB] 10:10 ▲ ~ ~ PM L + ~ ORB L vol=1.3x pos=^97 vwap=above ema=bear rs=+0.2% adx=26 body=45% ramp=0.5x rangeATR=1.7 O413.92 H415.6 L412.1 C415.48 ATR=16.29 SL=413.85/413.04 rawVol=82646 volSMA=63313 buf=0.814 prices=412.86/412.41
2026-02-13T10:35:00.000-05:00,[KLB] 10:35 ▲ ~ ~ VWAP vol=1.5x pos=^52 vwap=above ema=bull rs=+0.3% adx=20 body=36% ramp=1.3x rangeATR=1.2 O416.11 H418.19 L415.7 C417 ATR=16.29 SL=415.37/414.56 rawVol=127084 volSMA=82608 buf=0.814 prices=
2026-02-13T15:30:00.000-05:00,[KLB] 15:30 ▼ ~ ~ PM H vol=1.6x pos=v73 vwap=below ema=bull rs=+1% adx=22 body=67% ramp=1x rangeATR=1.4 O418.6 H418.69 L417.21 C417.61 ATR=16.29 SL=419.24/420.05 rawVol=88811 volSMA=56230 buf=0.814 prices=418.9
2026-02-13T15:45:00.000-05:00,[KLB] 15:45 ▼ ~ ~ PM H vol=1x pos=v77 vwap=below ema=bear rs=+1% adx=25 body=38% ramp=0.9x rangeATR=1.1 O417.99 H418.48 L417.22 C417.51 ATR=16.29 SL=419.14/419.95 rawVol=55325 volSMA=54731 buf=0.814 prices=418.9
2026-02-17T09:35:00.000-05:00,[KLB] 9:35 ▼ 🔊 MC ramp=67.3x vol=15.7x pos=v70 vwap=below ema=bear adx=26 body=49% rangeATR=5.6 ⚡ O412.39 H413.69 L407.44 C409.31 ATR=16.07
2026-02-17T09:35:00.000-05:00,[KLB] 9:35 ▼ BRK PM L + Yest L vol=15.7x pos=v70 vwap=below ema=bear rs=-1% adx=26 body=49% ramp=67.3x rangeATR=5.6 ⚡ 🔊 O412.39 H413.69 L407.44 C409.31 ATR=16.07 SL=410.92/411.72 rawVol=349982 volSMA=22274 buf=0.803 prices=410.14/410.88
2026-02-17T09:40:00.000-05:00,[KLB] 9:40 ▲ 🔊 MC ramp=112x vol=6x pos=^92 vwap=above ema=bear adx=28 body=73% rangeATR=3.1 ⚡ O409.37 H412.71 L408.57 C412.39 ATR=16.07
2026-02-17T09:40:00.000-05:00,[KLB] 9:40 ▲ ~ ~ PM L vol=6x pos=^92 vwap=above ema=bear rs=-0.3% adx=28 body=73% ramp=112x rangeATR=3.1 ⚡ 🔊 O409.37 H412.71 L408.57 C412.39 ATR=16.07 SL=410.78/409.98 rawVol=188357 volSMA=31461 buf=0.803 prices=410.14
2026-02-17T09:40:00.000-05:00,"[KLB] 9:40 ▼ ◆ ◆² PM L 5.6x v89
◆² Yest L 5.6x v89 vol= pos= vwap=above ema=bear rs=-0.3% adx=28 body=73% ramp=112x rangeATR=3.1 ⚡ 🔊 O409.37 H412.71 L408.57 C412.39 ATR=16.07 SL=414/414.8 rawVol=188357 volSMA=31461 buf=0.803 prices="
2026-02-17T09:45:00.000-05:00,[KLB] 9:45 ▼ BRK PM L + Yest L vol=4.4x pos=v89 vwap=below ema=bear rs=-0.8% adx=29 body=73% ramp=165.5x rangeATR=2.7 ⚡ 🔊 O412.29 H412.97 L408.89 C409.32 ATR=16.07 SL=410.93/411.73 rawVol=175133 volSMA=39412 buf=0.803 prices=410.14/410.88
2026-02-17T09:45:00.000-05:00,[KLB] CONF 9:45 ▼ BRK → ✓ (auto-promote)
2026-02-17T09:45:00.000-05:00,[KLB] CONF 9:45 ▲ QBS/MC → ✗ (failed)
2026-02-17T09:45:00.000-05:00,[KLB] 9:45 ▼ ◆ ◆¹ PM L 5x v58 vol= pos= vwap=below ema=bear rs=-0.8% adx=29 body=73% ramp=165.5x rangeATR=2.7 ⚡ 🔊 O412.29 H412.97 L408.89 C409.32 ATR=16.07 SL=410.93/411.73 rawVol=175133 volSMA=39412 buf=0.803 prices=
2026-02-17T09:50:00.000-05:00,[KLB] 5m CHECK 9:50 ▼ pnl=0.04 → BAIL
2026-02-17T09:55:00.000-05:00,[KLB] 9:55 ▼ BRK Week L + ORB L vol=5.3x pos=v96 vwap=below ema=bear rs=-1.7% adx=34 body=95% ramp=1.3x rangeATR=2.7 ⚡ ⚠ O408.68 H408.74 L403.65 C403.84 ATR=16.07 SL=405.45/406.25 rawVol=350011 volSMA=66067 buf=0.803 prices=407.29/407.44
2026-02-17T09:55:00.000-05:00,[KLB] 9:55 ▼ ~ ~ VWAP vol=5.3x pos=v96 vwap=below ema=bear rs=-1.7% adx=34 body=95% ramp=1.3x rangeATR=2.7 ⚡ ⚠ O408.68 H408.74 L403.65 C403.84 ATR=16.07 SL=405.45/406.25 rawVol=350011 volSMA=66067 buf=0.803 prices=
2026-02-17T09:55:00.000-05:00,[KLB] CONF 9:55 ▼ BRK → ✓ (auto-promote)
2026-02-17T10:00:00.000-05:00,[KLB] 5m CHECK 10:00 ▼ pnl=0.04 → BAIL
2026-02-17T11:05:00.000-05:00,"[KLB] 11:05 ▼ ◆ ◆¹⁵ Week L 0.7x v5
◆¹⁵ ORB L 0.7x v5 vol= pos= vwap=below ema=bear rs=-1.7% adx=37 body=34% ramp=0.6x rangeATR=0.8 O404.52 H405.8 L404.33 C405.02 ATR=16.07 SL=406.63/407.43 rawVol=93458 volSMA=161155 buf=0.803 prices="
2026-02-17T11:10:00.000-05:00,[KLB] CONF 11:10 ▼ BRK → ✗ (failed)
2026-02-17T11:15:00.000-05:00,"[KLB] 11:15 ▲ ~~ ~~ Week L + ~~ ORB L
~ VWAP vol=0.9x pos=^69 vwap=above ema=bear rs=-1.3% adx=34 body=67% ramp=1.3x rangeATR=1 O406.87 H408.85 L406.83 C408.23 ATR=16.07 SL=406.62/405.82 rawVol=136967 volSMA=155698 buf=0.803 prices=407.29/407.44"
2026-02-17T11:20:00.000-05:00,[KLB] 11:20 ▲ ~~ ~~ Week L + ~~ ORB L vol=0.9x pos=^79 vwap=above ema=bear rs=-1.2% adx=34 body=37% ramp=1.4x rangeATR=0.8 O408.25 H409.1 L407.63 C408.79 ATR=16.07 SL=407.18/406.38 rawVol=76336 volSMA=150097 buf=0.803 prices=407.29/407.44
2026-02-17T13:25:00.000-05:00,[KLB] 13:25 ▲ ~~ ~~ Week L + ~~ ORB L vol=2.8x pos=^96 vwap=above ema=bear rs=-0.8% adx=20 body=94% ramp=1.9x rangeATR=2.9 ⚡ ⚠ O405.82 H410.3 L405.76 C410.11 ATR=16.07 SL=408.5/407.7 rawVol=173642 volSMA=63061 buf=0.803 prices=407.29/407.44
2026-02-17T13:40:00.000-05:00,[KLB] 13:40 ▲ ~~ ~~ PM L vol=1.3x pos=^100 vwap=above ema=bear rs=-0.8% adx=24 body=67% ramp=0.7x rangeATR=1.3 O409.5 H410.92 L408.8 C410.91 ATR=16.07 SL=409.3/408.5 rawVol=84712 volSMA=66622 buf=0.803 prices=410.14
2026-02-17T15:45:00.000-05:00,[KLB] 15:45 ▲ ~~ ~~ PM L vol=1.5x pos=^85 vwap=above ema=bull rs=-0.6% adx=21 body=85% ramp=1.2x rangeATR=1.6 ⚠ O410.13 H411.89 L410.13 C411.62 ATR=16.07 SL=410.01/409.21 rawVol=74824 volSMA=49376 buf=0.803 prices=410.14
2026-02-18T09:45:00.000-05:00,[KLB] 9:45 ▲ 🔊 MC ramp=46.8x vol=5.4x pos=^63 vwap=below ema=bear adx=26 body=40% rangeATR=2.5 ⚡ O410.2 H412.25 L409.58 C411.26 ATR=16.13
2026-02-18T09:50:00.000-05:00,[KLB] 9:50 ▼ ~ ~ Yest H vol=3.4x pos=v97 vwap=below ema=bear rs=-0.1% adx=26 body=35% ramp=2x rangeATR=2.2 ⚡ O411.31 H412.94 L410.3 C410.38 ATR=16.13 SL=411.99/412.8 rawVol=108347 volSMA=32075 buf=0.806 prices=413.72
2026-02-18T09:50:00.000-05:00,[KLB] CONF 9:50 ▲ QBS/MC → ✗ (failed)
2026-02-18T09:55:00.000-05:00,[KLB] 9:55 ▲ ~ ~ PM L + ~ Yest L + ~ ORB L vol=2.5x pos=^85 vwap=above ema=bear rs=-0.1% adx=26 body=74% ramp=1x rangeATR=1.3 O410.33 H411.75 L410.15 C411.51 ATR=16.13 SL=409.9/409.09 rawVol=89701 volSMA=36428 buf=0.806 prices=410.41/400.51/409.72
2026-02-18T10:05:00.000-05:00,[KLB] 10:05 ▲ ~ ~ VWAP vol=3.1x pos=^97 vwap=above ema=bear rs=+0.5% adx=29 body=90% ramp=0.9x rangeATR=2.3 ⚡ ⚠ O412.53 H415.51 L412.32 C415.41 ATR=16.13 SL=413.8/412.99 rawVol=152845 volSMA=48738 buf=0.806 prices=
2026-02-18T10:35:00.000-05:00,[KLB] 10:35 ▼ ~ ~ Yest H vol=1.2x pos=v78 vwap=below ema=bull rs=-0.3% adx=30 body=72% ramp=0.8x rangeATR=1.2 O413.27 H413.38 L411.62 C412.01 ATR=16.13 SL=413.62/414.43 rawVol=87482 volSMA=75508 buf=0.806 prices=413.72
2026-02-18T14:00:00.000-05:00,[KLB] 14:00 ▼ ~ ~ ORB H vol=0.8x pos=v64 vwap=below ema=bull rs=+0.1% adx=21 body=38% ramp=0.8x rangeATR=0.7 O413.68 H413.82 L413.29 C413.48 ATR=16.13 SL=415.09/415.9 rawVol=34372 volSMA=44957 buf=0.806 prices=414.09
2026-02-18T14:35:00.000-05:00,"[KLB] 14:35 ▼ ~ ~ Yest H
~ VWAP vol=1.8x pos=v66 vwap=below ema=bear rs=0% adx=25 body=52% ramp=1.9x rangeATR=1.5 O412.66 H412.83 L411.61 C412.03 ATR=16.13 SL=413.64/414.45 rawVol=72625 volSMA=40253 buf=0.806 prices=413.72"
2026-02-19T09:35:00.000-05:00,[KLB] 9:35 ▼ 🔊 MC ramp=27.9x vol=16x pos=v50 vwap=below ema=bear adx=29 body=47% rangeATR=4.7 ⚡ O407.28 H407.36 L404.43 C405.89 ATR=15.5
2026-02-19T09:35:00.000-05:00,[KLB] 9:35 ▼ BRK PM L + Week L vol=16x pos=v50 vwap=below ema=bear rs=-0.4% adx=29 body=47% ramp=27.9x rangeATR=4.7 ⚡ 🔊 O407.28 H407.36 L404.43 C405.89 ATR=15.5 SL=407.44/408.21 rawVol=254847 volSMA=15918 buf=0.775 prices=406.97/407.29
2026-02-19T09:40:00.000-05:00,[KLB] CONF 9:40 ▼ QBS/MC → ✓ (auto-promote)
2026-02-19T09:40:00.000-05:00,"[KLB] 9:40 ▼ ◆ ◆² PM L 5.9x v31
◆² Week L 5.9x v31 vol= pos= vwap=below ema=bear rs=-0.5% adx=32 body=22% ramp=51.4x rangeATR=3 ⚡ 🔊 O405.79 H406.35 L404.11 C405.29 ATR=15.5 SL=406.84/407.61 rawVol=222659 volSMA=26882 buf=0.775 prices="
2026-02-19T09:45:00.000-05:00,[KLB] 9:45 ▲ 🔊 MC ramp=98.6x vol=4.6x pos=^69 vwap=above ema=bear adx=33 body=39% rangeATR=2.7 ⚡ O405.26 H406.83 L404.57 C406.13 ATR=15.5
2026-02-19T09:45:00.000-05:00,[KLB] 9:45 ▲ ~ ~ ORB L vol=4.6x pos=^69 vwap=above ema=bear rs=-0.4% adx=33 body=39% ramp=98.6x rangeATR=2.7 ⚡ 🔊 O405.26 H406.83 L404.57 C406.13 ATR=15.5 SL=404.58/403.81 rawVol=158691 volSMA=34681 buf=0.775 prices=404.43
2026-02-19T09:45:00.000-05:00,[KLB] 5m CHECK 9:45 ▼ pnl=-0.05 → BAIL
2026-02-19T09:50:00.000-05:00,[KLB] CONF 9:50 ▲ QBS/MC → ✓ (auto-promote)
2026-02-19T09:50:00.000-05:00,[KLB] CONF 9:50 ▼ BRK → ✗ (failed)
2026-02-19T09:55:00.000-05:00,[KLB] 9:55 ▲ ~~ ~~ PM L + ~~ Week L vol=2.6x pos=^63 vwap=above ema=bear rs=+0% adx=32 body=63% ramp=0.8x rangeATR=2.2 ⚡ O406.42 H408.79 L406.41 C407.91 ATR=15.5 SL=406.36/405.59 rawVol=112840 volSMA=45983 buf=0.775 prices=406.97/407.29
2026-02-19T09:55:00.000-05:00,[KLB] 5m CHECK 9:55 ▲ pnl=0.09 → HOLD
2026-02-19T10:00:00.000-05:00,"[KLB] 10:00 ▲ ~~ ~~ Week L
~ VWAP vol=2.4x pos=^48 vwap=above ema=bear rs=+0.2% adx=30 body=41% ramp=0.6x rangeATR=1.6 O407.87 H409.54 L407.75 C408.61 ATR=15.5 SL=407.06/406.29 rawVol=124341 volSMA=52074 buf=0.775 prices=407.29"
2026-02-19T10:35:00.000-05:00,[KLB] 10:35 ▲ ~~ ~~ Yest L vol=1.5x pos=^98 vwap=above ema=bull rs=+0.7% adx=27 body=89% ramp=0.9x rangeATR=2.1 ⚡ ⚠ O408.72 H411.48 L408.45 C411.41 ATR=15.5 SL=409.86/409.09 rawVol=135505 volSMA=90886 buf=0.775 prices=409.58
2026-02-19T10:50:00.000-05:00,[KLB] 10:50 ▲ ~~ ~~ Yest L vol=0.8x pos=^69 vwap=above ema=bull rs=+0.7% adx=29 body=52% ramp=1x rangeATR=0.8 O410.69 H411.63 L410.5 C411.28 ATR=15.5 SL=409.73/408.96 rawVol=86191 volSMA=105340 buf=0.775 prices=409.58
2026-02-19T11:00:00.000-05:00,[KLB] 11:00 ▲ ~~ ~~ Yest L vol=1.2x pos=^98 vwap=above ema=bull rs=+1.2% adx=30 body=95% ramp=0.8x rangeATR=1.5 ⚠ O410.85 H412.97 L410.79 C412.93 ATR=15.5 SL=411.38/410.61 rawVol=134249 volSMA=115390 buf=0.775 prices=409.58
2026-02-19T11:20:00.000-05:00,[KLB] 11:20 ▲ BRK PM H vol=1.7x pos=^79 vwap=above ema=bull rs=+1.5% adx=31 body=75% ramp=1.1x rangeATR=1.2 O413.05 H414.72 L412.98 C414.35 ATR=15.5 SL=412.8/412.03 rawVol=192732 volSMA=115451 buf=0.775 prices=412.29
2026-02-19T11:45:00.000-05:00,[KLB] 11:45 ▲ ◆ ◆⁶ PM H 0.6x ^15 vol= pos= vwap=above ema=bull rs=+1.5% adx=33 body=78% ramp=0.5x rangeATR=1.1 🔇 O414.61 H414.86 L413.3 C413.39 ATR=15.5 SL=411.84/411.07 rawVol=42858 volSMA=97213 buf=0.775 prices=
2026-02-19T12:45:00.000-05:00,[KLB] CONF 12:45 ▲ BRK → ✗ (failed)
2026-02-20T09:40:00.000-05:00,[KLB] 9:40 ▲ 🔊 MC ramp=26.7x vol=8.7x pos=^84 vwap=above ema=bear adx=33 body=62% rangeATR=2.7 ⚡ O408.35 H410.35 L407.8 C409.94 ATR=15.19
2026-02-20T09:40:00.000-05:00,[KLB] 9:40 ▲ ~ ~ PM L vol=8.7x pos=^84 vwap=above ema=bear rs=+0.2% adx=33 body=62% ramp=26.7x rangeATR=2.7 ⚡ 🔊 O408.35 H410.35 L407.8 C409.94 ATR=15.19 SL=408.42/407.66 rawVol=173517 volSMA=22503 buf=0.759 prices=408.1
2026-02-20T09:45:00.000-05:00,[KLB] CONF 9:45 ▲ QBS/MC → ✓★ (auto-promote)
2026-02-20T09:50:00.000-05:00,[KLB] 5m CHECK 9:50 ▲ pnl=-0.06 → BAIL
2026-02-20T09:55:00.000-05:00,[KLB] 9:55 ▼ ~ ~ ORB H vol=3.5x pos=v82 vwap=below ema=bear rs=-0.3% adx=33 body=74% ramp=1.1x rangeATR=1.6 O409.27 H409.41 L407.67 C407.99 ATR=15.19 SL=409.51/410.27 rawVol=147055 volSMA=42008 buf=0.759 prices=408.87
2026-02-20T10:05:00.000-05:00,"[KLB] 10:05 ▲ ~ ~ PM L
~ VWAP vol=3.9x pos=^54 vwap=above ema=bear rs=0% adx=32 body=50% ramp=1.1x rangeATR=3.7 ⚡ O408.45 H413.23 L408.25 C410.96 ATR=15.19 SL=409.44/408.68 rawVol=227765 volSMA=58584 buf=0.759 prices=408.1"
2026-02-23T09:40:00.000-05:00,[KLB] 9:40 ▼ 🔊 MC ramp=64.8x vol=10.4x pos=v79 vwap=below ema=bear adx=41 body=63% rangeATR=3.1 ⚡ O406.31 H406.68 L404.4 C404.88 ATR=14.76
2026-02-23T09:40:00.000-05:00,[KLB] 9:40 ▼ BRK Yest L vol=10.4x pos=v79 vwap=below ema=bear rs=-0.8% adx=41 body=63% ramp=64.8x rangeATR=3.1 ⚡ 🔊 O406.31 H406.68 L404.4 C404.88 ATR=14.76 SL=406.36/407.09 rawVol=254057 volSMA=32858 buf=0.738 prices=405.5
2026-02-23T09:40:00.000-05:00,[KLB] 9:40 ▼ ◆ ◆¹ Yest L 7.5x v92 vol= pos= vwap=below ema=bear rs=-0.8% adx=41 body=63% ramp=64.8x rangeATR=3.1 ⚡ 🔊 O406.31 H406.68 L404.4 C404.88 ATR=14.76 SL=406.36/407.09 rawVol=254057 volSMA=32858 buf=0.738 prices=
2026-02-23T09:45:00.000-05:00,[KLB] 9:45 ▼ BRK ORB L vol=5.6x pos=v92 vwap=below ema=bear rs=-1% adx=44 body=80% ramp=66.7x rangeATR=2.9 ⚡ 🔊 O404.89 H405.19 L402.7 C402.91 ATR=14.76 SL=404.39/405.12 rawVol=247279 volSMA=45099 buf=0.738 prices=404.46
2026-02-23T09:45:00.000-05:00,[KLB] 9:45 ▼ ~ ~ VWAP vol=5.6x pos=v92 vwap=below ema=bear rs=-1% adx=44 body=80% ramp=66.7x rangeATR=2.9 ⚡ 🔊 O404.89 H405.19 L402.7 C402.91 ATR=14.76 SL=404.39/405.12 rawVol=247279 volSMA=45099 buf=0.738 prices=
2026-02-23T09:45:00.000-05:00,[KLB] CONF 9:45 ▼ BRK → ✓ (auto-promote)
2026-02-23T09:45:00.000-05:00,[KLB] CONF 9:45 ▼ QBS/MC → ✓ (auto-promote)
2026-02-23T09:50:00.000-05:00,[KLB] 5m CHECK 9:50 ▼ pnl=-0.01 → BAIL
2026-02-23T09:50:00.000-05:00,[KLB] 9:50 ▼ ◆ ◆² ORB L 2.4x v85 vol= pos= vwap=below ema=bear rs=-0.9% adx=46 body=10% ramp=2x rangeATR=1.5 O402.9 H403.88 L402.5 C403.04 ATR=14.76 SL=404.52/405.25 rawVol=206712 volSMA=55061 buf=0.738 prices=
2026-02-24T09:35:00.000-05:00,[KLB] 9:35 ▲ 🔊 MC ramp=24.9x vol=15.8x pos=^94 vwap=above ema=bull adx=22 body=45% rangeATR=4.5 ⚡ O399.55 H401.51 L397.65 C401.28 ATR=14.98
2026-02-24T09:35:00.000-05:00,[KLB] 9:35 ▲ BRK PM H vol=15.8x pos=^94 vwap=above ema=bull rs=+0.6% adx=22 body=45% ramp=24.9x rangeATR=4.5 ⚡ 🔊 O399.55 H401.51 L397.65 C401.28 ATR=14.98 SL=399.78/399.03 rawVol=287965 volSMA=18178 buf=0.749 prices=400.36
2026-02-24T09:35:00.000-05:00,[KLB] 9:35 ▲ ~ ~ Yest L + ~ Week L vol=15.8x pos=^94 vwap=above ema=bull rs=+0.6% adx=22 body=45% ramp=24.9x rangeATR=4.5 ⚡ 🔊 O399.55 H401.51 L397.65 C401.28 ATR=14.98 SL=399.78/399.03 rawVol=287965 volSMA=18178 buf=0.749 prices=394.04/400.51
2026-02-24T09:35:00.000-05:00,[KLB] 9:35 ▲ ◆ ◆¹ PM H 11.7x ^77 vol= pos= vwap=above ema=bull rs=+0.6% adx=22 body=45% ramp=24.9x rangeATR=4.5 ⚡ 🔊 O399.55 H401.51 L397.65 C401.28 ATR=14.98 SL=399.78/399.03 rawVol=287965 volSMA=18178 buf=0.749 prices=
2026-02-24T09:40:00.000-05:00,[KLB] CONF 9:40 ▲ QBS/MC → ✓★ (auto-promote)
2026-02-24T09:45:00.000-05:00,"[KLB] 9:45 ▲ ~ ~ Week L
~ VWAP vol=5.9x pos=^95 vwap=above ema=bull rs=+0.4% adx=27 body=33% ramp=34.3x rangeATR=1.8 🔊 O401.86 H402.58 L400.69 C402.49 ATR=14.98 SL=400.99/400.24 rawVol=149641 volSMA=36023 buf=0.749 prices=400.51"
2026-02-24T09:45:00.000-05:00,[KLB] 5m CHECK 9:45 ▲ pnl=0.05 → BAIL
2026-02-24T14:05:00.000-05:00,[KLB] 14:05 ▲ BRK Yest H vol=4.5x pos=^80 vwap=above ema=bull rs=+1.5% adx=26 body=78% ramp=2.8x rangeATR=2.9 ⚡ O406.6 H409.12 L406.53 C408.61 ATR=14.98 SL=407.11/406.36 rawVol=192741 volSMA=42677 buf=0.749 prices=407.7
2026-02-24T14:05:00.000-05:00,[KLB] CONF 14:05 ▲ BRK → ✓★ (auto-promote)
2026-02-24T14:10:00.000-05:00,[KLB] 5m CHECK 14:10 ▲ pnl=0.02 → BAIL
2026-02-24T14:15:00.000-05:00,[KLB] 14:15 ▲ ◆ ◆³ Yest H 1.4x ^36 vol= pos= vwap=above ema=bull rs=+1.5% adx=31 body=17% ramp=2.5x rangeATR=1 O408.92 H409.15 L408.25 C408.77 ATR=14.98 SL=407.27/406.52 rawVol=56515 volSMA=45939 buf=0.749 prices=
2026-02-25T09:30:00.000-05:00,[KLB] 9:30 ▲ BRK Yest H vol=2x pos=^96 vwap=below ema=bull rs=+0.4% adx=31 body=70% ramp=1.1x rangeATR=3.3 ⚡ O411.03 H412.22 L410.61 C412.15 ATR=14.85 SL=410.67/409.92 rawVol=6544 volSMA=3280 buf=0.742 prices=410.82
2026-02-25T09:35:00.000-05:00,[KLB] 9:35 ▲ 🔊 MC ramp=48.5x vol=18.2x pos=^84 vwap=above ema=bull adx=35 body=84% rangeATR=7.5 ⚡ O412.14 H419.58 L412.14 C418.4 ATR=14.85
2026-02-25T09:35:00.000-05:00,[KLB] 9:35 ▲ BRK PM H + Week H vol=18.2x pos=^84 vwap=above ema=bull rs=+1.4% adx=35 body=84% ramp=48.5x rangeATR=7.5 ⚡ ⚠ 🔊 O412.14 H419.58 L412.14 C418.4 ATR=14.85 SL=416.92/416.17 rawVol=631451 volSMA=34782 buf=0.742 prices=412.22/416.9
2026-02-25T09:35:00.000-05:00,[KLB] 9:35 ▲ ~ ~ VWAP vol=18.2x pos=^84 vwap=above ema=bull rs=+1.4% adx=35 body=84% ramp=48.5x rangeATR=7.5 ⚡ ⚠ 🔊 O412.14 H419.58 L412.14 C418.4 ATR=14.85 SL=416.92/416.17 rawVol=631451 volSMA=34782 buf=0.742 prices=
2026-02-25T09:35:00.000-05:00,[KLB] CONF 9:35 ▲ BRK → ✓ (auto-promote)
2026-02-25T09:40:00.000-05:00,[KLB] 5m CHECK 9:40 ▲ pnl=0.04 → BAIL
2026-02-25T09:40:00.000-05:00,[KLB] CONF 9:40 ▲ QBS/MC → ✓★ (auto-promote)
2026-02-25T09:40:00.000-05:00,[KLB] 9:40 ▲ ◆ ◆² Week H 5.2x ^1 vol= pos= vwap=above ema=bull rs=+1.5% adx=39 body=23% ramp=109.4x rangeATR=2.3 ⚡ 🔊 O418.39 H420.34 L417.84 C418.95 ATR=14.85 SL=417.47/416.72 rawVol=321963 volSMA=50808 buf=0.742 prices=
2026-02-25T09:45:00.000-05:00,[KLB] 9:45 ▼ 🔊 MC ramp=96.8x vol=4.1x pos=v99 vwap=above ema=bull adx=41 body=88% rangeATR=2 O418.96 H419.22 L416.91 C416.93 ATR=14.85
2026-02-25T09:45:00.000-05:00,[KLB] 5m CHECK 9:45 ▲ pnl=-0.14 → BAIL
2026-02-25T09:50:00.000-05:00,[KLB] CONF 9:50 ▼ QBS/MC → ✓ (auto-promote)
2026-02-25T09:50:00.000-05:00,[KLB] CONF 9:50 ▲ BRK → ✗ (failed)
2026-02-25T09:55:00.000-05:00,[KLB] 9:55 ▼ ~~ ~~ Week H vol=2.1x pos=v93 vwap=below ema=bull rs=+0.7% adx=43 body=67% ramp=0.6x rangeATR=1.5 O416.8 H417.29 L415.43 C415.56 ATR=14.85 SL=417.04/417.79 rawVol=131933 volSMA=78265 buf=0.742 prices=416.9
2026-02-25T09:55:00.000-05:00,[KLB] 5m CHECK 9:55 ▼ pnl=0.08 → HOLD
2026-02-25T10:10:00.000-05:00,[KLB] 10:10 ▼ ~ ~ VWAP vol=1.4x pos=v75 vwap=below ema=bull rs=+0.4% adx=42 body=74% ramp=0.7x rangeATR=1.2 O415.17 H415.19 L413.64 C414.03 ATR=14.85 SL=415.51/416.26 rawVol=132866 volSMA=97700 buf=0.742 prices=
2026-02-25T12:20:00.000-05:00,[KLB] 12:20 ▼ ~~ ~~ Week H vol=1x pos=v98 vwap=below ema=bull rs=+0.4% adx=24 body=98% ramp=1.1x rangeATR=1.3 ⚠ O416.52 H416.52 L415.18 C415.21 ATR=14.85 SL=416.69/417.44 rawVol=77913 volSMA=75991 buf=0.742 prices=416.9
2026-02-26T09:35:00.000-05:00,[KLB] 9:35 ▼ 🔊 MC ramp=34.7x vol=16.5x pos=v88 vwap=below ema=bear adx=21 body=48% rangeATR=7.9 ⚡ O414.49 H416.81 L410.97 C411.66 ATR=14.57
2026-02-26T09:35:00.000-05:00,[KLB] 9:35 ▼ BRK PM L + Yest L vol=16.5x pos=v88 vwap=below ema=bear rs=-0.5% adx=21 body=48% ramp=34.7x rangeATR=7.9 ⚡ 🔊 O414.49 H416.81 L410.97 C411.66 ATR=14.57 SL=413.12/413.85 rawVol=271234 volSMA=16472 buf=0.728 prices=414.19/412.15
2026-02-26T09:35:00.000-05:00,[KLB] 9:35 ▼ ~ ~ PM H + ~ Week H vol=16.5x pos=v88 vwap=below ema=bear rs=-0.5% adx=21 body=48% ramp=34.7x rangeATR=7.9 ⚡ 🔊 O414.49 H416.81 L410.97 C411.66 ATR=14.57 SL=413.12/413.85 rawVol=271234 volSMA=16472 buf=0.728 prices=415.7/416.9
2026-02-26T09:35:00.000-05:00,[KLB] 9:35 ▼ ◆ ◆¹ Yest L 15.9x v57 vol= pos= vwap=below ema=bear rs=-0.5% adx=21 body=48% ramp=34.7x rangeATR=7.9 ⚡ 🔊 O414.49 H416.81 L410.97 C411.66 ATR=14.57 SL=413.12/413.85 rawVol=271234 volSMA=16472 buf=0.728 prices=
2026-02-26T09:40:00.000-05:00,[KLB] CONF 9:40 ▼ QBS/MC → ✓★ (auto-promote)
2026-02-26T09:45:00.000-05:00,[KLB] 9:45 ▲ 🔊 MC ramp=98.3x vol=6.5x pos=^89 vwap=below ema=bear adx=29 body=39% rangeATR=2.4 ⚡ O411.22 H412.33 L410.14 C412.08 ATR=14.57
2026-02-26T09:45:00.000-05:00,[KLB] 5m CHECK 9:45 ▼ pnl=-0.06 → BAIL
2026-02-26T09:50:00.000-05:00,[KLB] CONF 9:50 ▲ QBS/MC → ✗ (failed)
2026-02-26T09:50:00.000-05:00,[KLB] CONF 9:50 ▼ BRK → ✗ (failed)
2026-02-26T09:55:00.000-05:00,[KLB] 9:55 ▲ ~~ ~~ Yest L vol=1.8x pos=^73 vwap=above ema=bear rs=-0.1% adx=32 body=68% ramp=1x rangeATR=1.2 O411.77 H412.92 L411.71 C412.59 ATR=14.57 SL=411.13/410.4 rawVol=101431 volSMA=56813 buf=0.728 prices=412.15
2026-02-26T10:15:00.000-05:00,[KLB] 10:15 ▼ BRK Yest L vol=1.5x pos=v97 vwap=below ema=bear rs=-0.1% adx=34 body=61% ramp=0.8x rangeATR=2 O412.61 H413.46 L411.14 C411.2 ATR=14.57 SL=412.66/413.39 rawVol=117511 volSMA=77264 buf=0.728 prices=412.15
2026-02-26T10:20:00.000-05:00,[KLB] 10:20 ▼ BRK ORB L vol=3.3x pos=v96 vwap=below ema=bear rs=-0.6% adx=37 body=96% ramp=1.5x rangeATR=2.6 ⚡ ⚠ O411.24 H411.24 L407.68 C407.84 ATR=14.57 SL=409.3/410.03 rawVol=300429 volSMA=91948 buf=0.728 prices=410.97
2026-02-26T10:20:00.000-05:00,[KLB] 10:20 ▼ ~ ~ VWAP vol=3.3x pos=v96 vwap=below ema=bear rs=-0.6% adx=37 body=96% ramp=1.5x rangeATR=2.6 ⚡ ⚠ O411.24 H411.24 L407.68 C407.84 ATR=14.57 SL=409.3/410.03 rawVol=300429 volSMA=91948 buf=0.728 prices=
2026-02-26T10:20:00.000-05:00,[KLB] CONF 10:20 ▼ BRK → ✓ (auto-promote)
2026-02-26T10:25:00.000-05:00,[KLB] 5m CHECK 10:25 ▼ pnl=0.04 → BAIL
2026-02-27T09:40:00.000-05:00,[KLB] 9:40 ▲ 🔊 MC ramp=38.6x vol=9.8x pos=^84 vwap=above ema=bear adx=49 body=57% rangeATR=2.2 ⚡ O403.95 H405.51 L403.38 C405.17 ATR=14.51
2026-02-27T09:45:00.000-05:00,[KLB] 9:45 ▼ 🔊 MC ramp=45.9x vol=5x pos=v61 vwap=below ema=bear adx=50 body=61% rangeATR=3.2 ⚡ O405.14 H405.14 L401.41 C402.85 ATR=14.51
2026-02-27T09:45:00.000-05:00,[KLB] 9:45 ▼ ~ ~ ORB H vol=5x pos=v61 vwap=below ema=bear rs=+0% adx=50 body=61% ramp=45.9x rangeATR=3.2 ⚡ 🔊 O405.14 H405.14 L401.41 C402.85 ATR=14.51 SL=404.3/405.03 rawVol=174030 volSMA=34715 buf=0.726 prices=404.49
2026-02-27T09:50:00.000-05:00,[KLB] 9:50 ▲ ~ ~ PM L vol=2.8x pos=^82 vwap=above ema=bear rs=+0.2% adx=50 body=61% ramp=1.8x rangeATR=1.6 O402.86 H404.43 L402.43 C404.08 ATR=14.51 SL=402.63/401.9 rawVol=113563 volSMA=40362 buf=0.726 prices=402.59
2026-02-27T09:50:00.000-05:00,[KLB] CONF 9:50 ▼ QBS/MC → ✗ (failed)
2026-02-27T09:55:00.000-05:00,[KLB] 9:55 ▼ ~ ~ ORB H vol=1.9x pos=v81 vwap=below ema=bear rs=+0.1% adx=51 body=62% ramp=0.9x rangeATR=1.1 O404.07 H404.33 L403 C403.25 ATR=14.51 SL=404.7/405.43 rawVol=85543 volSMA=44507 buf=0.726 prices=404.49
2026-02-27T10:05:00.000-05:00,[KLB] 10:05 ▲ ~ ~ PM L vol=2.1x pos=^91 vwap=above ema=bear rs=+0.4% adx=50 body=81% ramp=0.6x rangeATR=1.7 ⚠ O403.22 H405.15 L403 C404.96 ATR=14.51 SL=403.51/402.78 rawVol=114353 volSMA=53682 buf=0.726 prices=402.59
2026-02-27T10:25:00.000-05:00,[KLB] 10:25 ▲ ~ ~ VWAP vol=1.3x pos=^87 vwap=above ema=bear rs=+0.5% adx=41 body=80% ramp=0.7x rangeATR=1.4 O404.58 H406.3 L404.44 C406.06 ATR=14.51 SL=404.61/403.88 rawVol=83427 volSMA=65689 buf=0.726 prices=
2026-02-27T10:55:00.000-05:00,[KLB] 10:55 ▼ ~ ~ ORB H vol=1.1x pos=v92 vwap=below ema=bear rs=0% adx=30 body=89% ramp=0.9x rangeATR=1.2 ⚠ O405.1 H405.14 L403.66 C403.78 ATR=14.51 SL=405.23/405.96 rawVol=94206 volSMA=85217 buf=0.726 prices=404.49
2026-02-27T11:10:00.000-05:00,[KLB] 11:10 ▼ ~ ~ VWAP vol=0.8x pos=v92 vwap=below ema=bear rs=-0.5% adx=31 body=91% ramp=1.2x rangeATR=1.3 ⚠ O403.47 H403.49 L401.83 C401.96 ATR=14.51 SL=403.41/404.14 rawVol=75554 volSMA=96936 buf=0.726 prices=
2026-03-02T09:30:00.000-05:00,[KLB] 9:30 ▼ ~ ~ VWAP vol=3x pos=v57 vwap=below ema=bear rs=-1.2% adx=24 body=56% ramp=2.9x rangeATR=2.7 ⚡ O391.48 H391.5 L389.52 C390.37 ATR=14.22 SL=391.79/392.5 rawVol=23618 volSMA=7873 buf=0.711 prices=
2026-03-02T09:35:00.000-05:00,[KLB] 9:35 ▲ 🔊 MC ramp=15x vol=12.9x pos=^96 vwap=above ema=bear adx=22 body=55% rangeATR=5.2 ⚡ O390.6 H393.95 L388.25 C393.75 ATR=14.22
2026-03-02T09:35:00.000-05:00,[KLB] 9:35 ▲ ~ ~ PM L vol=12.9x pos=^96 vwap=above ema=bear rs=+0.4% adx=22 body=55% ramp=15x rangeATR=5.2 ⚡ 🔊 O390.6 H393.95 L388.25 C393.75 ATR=14.22 SL=392.33/391.62 rawVol=274636 volSMA=21277 buf=0.711 prices=389.51
2026-03-02T09:40:00.000-05:00,"[KLB] 9:40 ▲ ~ ~ Week L
~ VWAP vol=8.6x pos=^88 vwap=above ema=bear rs=+0.9% adx=22 body=83% ramp=18.3x rangeATR=1.8 ⚠ 🔊 O393.77 H395.8 L393.66 C395.54 ATR=14.22 SL=394.12/393.41 rawVol=214859 volSMA=31810 buf=0.711 prices=394.04"
2026-03-02T09:40:00.000-05:00,[KLB] CONF 9:40 ▲ QBS/MC → ✓★ (auto-promote)
2026-03-02T09:45:00.000-05:00,[KLB] 9:45 ▲ ~ ~ Week L vol=5.7x pos=^86 vwap=above ema=bear rs=+1% adx=23 body=40% ramp=13.2x rangeATR=2 🔊 O395.52 H396.87 L394.36 C396.53 ATR=14.22 SL=395.11/394.4 rawVol=130316 volSMA=37525 buf=0.711 prices=394.04
2026-03-02T09:45:00.000-05:00,[KLB] 5m CHECK 9:45 ▲ pnl=0.07 → HOLD
2026-03-02T11:10:00.000-05:00,[KLB] 11:10 ▲ ~ ~ Yest L vol=0.9x pos=^91 vwap=above ema=bull rs=+2.3% adx=46 body=88% ramp=1x rangeATR=1.3 ⚠ O401.73 H403.59 L401.66 C403.42 ATR=14.22 SL=402/401.29 rawVol=105232 volSMA=111501 buf=0.711 prices=398.11
2026-03-02T11:45:00.000-05:00,[KLB] 11:45 ▲ ~ ~ Yest L vol=1.2x pos=^88 vwap=above ema=bull rs=+2.2% adx=45 body=86% ramp=1.2x rangeATR=1.1 ⚠ O402.19 H403.78 L402.17 C403.58 ATR=14.22 SL=402.16/401.45 rawVol=97290 volSMA=84374 buf=0.711 prices=398.11
2026-03-03T09:30:00.000-05:00,[KLB] 9:30 ▲ ~ ~ Week L vol=2x pos=^100 vwap=above ema=bear rs=-1.7% adx=23 body=85% ramp=1.6x rangeATR=2.2 ⚡ ⚠ O393.25 H395 L392.93 C395 ATR=14.37 SL=393.56/392.84 rawVol=14039 volSMA=6965 buf=0.718 prices=394.04
2026-03-03T09:35:00.000-05:00,[KLB] 9:35 ▼ 🔊 MC ramp=11.5x vol=13.4x pos=v72 vwap=below ema=bear adx=23 body=38% rangeATR=3.3 ⚡ O395.09 H396.33 L392.63 C393.68 ATR=14.37
2026-03-03T09:35:00.000-05:00,[KLB] 9:35 ▼ BRK Week L vol=13.4x pos=v72 vwap=below ema=bear rs=-0.3% adx=23 body=38% ramp=11.5x rangeATR=3.3 ⚡ 🔊 O395.09 H396.33 L392.63 C393.68 ATR=14.37 SL=395.12/395.84 rawVol=269802 volSMA=20196 buf=0.718 prices=394.04
2026-03-03T09:35:00.000-05:00,[KLB] 9:35 ▼ ◆ ◆¹ Week L 10.3x v73 vol= pos= vwap=below ema=bear rs=-0.3% adx=23 body=38% ramp=11.5x rangeATR=3.3 ⚡ 🔊 O395.09 H396.33 L392.63 C393.68 ATR=14.37 SL=395.12/395.84 rawVol=269802 volSMA=20196 buf=0.718 prices=
2026-03-03T09:40:00.000-05:00,[KLB] CONF 9:40 ▼ QBS/MC → ✓ (auto-promote)
2026-03-03T09:45:00.000-05:00,[KLB] 9:45 ▼ BRK ORB L vol=5.5x pos=v74 vwap=below ema=bear rs=-0.5% adx=21 body=61% ramp=23.8x rangeATR=1.5 🔊 O393.12 H393.36 L391.51 C392 ATR=14.37 SL=393.44/394.16 rawVol=227595 volSMA=41308 buf=0.718 prices=392.63
2026-03-03T09:45:00.000-05:00,[KLB] CONF 9:45 ▼ BRK → ✓ (auto-promote)
2026-03-03T09:45:00.000-05:00,[KLB] 9:45 ▼ ◆ ◆¹ ORB L 5x v87 vol= pos= vwap=below ema=bear rs=-0.5% adx=21 body=61% ramp=23.8x rangeATR=1.5 🔊 O393.12 H393.36 L391.51 C392 ATR=14.37 SL=393.44/394.16 rawVol=227595 volSMA=41308 buf=0.718 prices=
2026-03-03T09:50:00.000-05:00,[KLB] 9:50 ▼ ~ ~ VWAP vol=4.4x pos=v87 vwap=below ema=bear rs=-0.7% adx=21 body=37% ramp=2.2x rangeATR=2.2 ⚡ O392 H393.5 L390.48 C390.88 ATR=14.37 SL=392.32/393.04 rawVol=205303 volSMA=51330 buf=0.718 prices=
2026-03-03T09:50:00.000-05:00,[KLB] 5m CHECK 9:50 ▼ pnl=0.08 → HOLD
2026-03-03T10:25:00.000-05:00,[KLB] 10:25 ▼ BRK PM L vol=1.9x pos=v95 vwap=below ema=bear rs=-1.1% adx=21 body=80% ramp=1x rangeATR=1.3 ⚠ O389.93 H390.25 L388.08 C388.19 ATR=14.37 SL=389.63/390.35 rawVol=193945 volSMA=99475 buf=0.718 prices=390.05
2026-03-03T10:25:00.000-05:00,[KLB] CONF 10:25 ▼ BRK → ✓ (auto-promote)
2026-03-03T10:30:00.000-05:00,[KLB] 10:30 ▼ BRK Yest L vol=1.8x pos=v91 vwap=below ema=bear rs=-1.3% adx=23 body=91% ramp=1.6x rangeATR=1 ⚠ O388.16 H388.16 L386.57 C386.71 ATR=14.37 SL=388.15/388.87 rawVol=194376 volSMA=108588 buf=0.718 prices=388.25
2026-03-03T10:30:00.000-05:00,[KLB] CONF 10:30 ▼ BRK → ✓ (auto-promote)
2026-03-03T10:30:00.000-05:00,[KLB] 10:30 ▼ ◆ ◆¹ Yest L 1.9x v53 vol= pos= vwap=below ema=bear rs=-1.3% adx=23 body=91% ramp=1.6x rangeATR=1 ⚠ O388.16 H388.16 L386.57 C386.71 ATR=14.37 SL=388.15/388.87 rawVol=194376 volSMA=108588 buf=0.718 prices=
2026-03-03T10:35:00.000-05:00,[KLB] 5m CHECK 10:35 ▼ pnl=-0.05 → BAIL
2026-03-03T11:00:00.000-05:00,[KLB] CONF 11:00 ▼ BRK → ✗ (failed)
2026-03-03T11:10:00.000-05:00,[KLB] 11:10 ▲ ~~ ~~ PM L + ~~ Yest L vol=1.1x pos=^89 vwap=above ema=bear rs=-0.9% adx=30 body=89% ramp=1.2x rangeATR=1.5 ⚠ O389.1 H391.71 L389.09 C391.42 ATR=14.37 SL=389.98/389.26 rawVol=185267 volSMA=162790 buf=0.718 prices=390.05/388.25
2026-03-03T11:25:00.000-05:00,[KLB] 11:25 ▲ ~ ~ VWAP vol=0.6x pos=^87 vwap=above ema=bear rs=-0.8% adx=27 body=73% ramp=0.7x rangeATR=1.2 O391.18 H392.99 L390.9 C392.71 ATR=14.37 SL=391.27/390.55 rawVol=85347 volSMA=143839 buf=0.718 prices=
