Date,Message
2025-09-29T09:45:00.000-04:00,[KLB] 9:45 ▲ BRK ORB H vol=7.4x pos=^95 vwap=above ema=bull rs=+1.2% adx=21 body=94% O161.27 H162.16 L161.26 C162.11 ATR=5.91 SL=161.52/161.22 rawVol=178556 volSMA=24014 buf=0.296 prices=161.15
2025-09-29T09:50:00.000-04:00,[KLB] 9:50 ▲ BRK Yest H vol=5.5x pos=^90 vwap=above ema=bull rs=+1.8% adx=24 body=80% O162.07 H163.23 L161.94 C163.1 ATR=5.91 SL=162.51/162.21 rawVol=169116 volSMA=32445 buf=0.296 prices=162.11
2025-09-29T09:50:00.000-04:00,[KLB] 9:50 ▲ ~ ~ VWAP vol=5.5x pos=^90 vwap=above ema=bull rs=+1.8% adx=24 body=80% O162.07 H163.23 L161.94 C163.1 ATR=5.91 SL=162.51/162.21 rawVol=169116 volSMA=32445 buf=0.296 prices=
2025-09-29T09:50:00.000-04:00,[KLB] CONF 9:50 ▲ BRK → ✓★ (auto-promote)
2025-09-29T09:55:00.000-04:00,[KLB] 5m CHECK 9:55 ▲ pnl=-0.04 → BAIL
2025-09-29T10:00:00.000-04:00,[KLB] 10:00 ▲ ◆ ◆³ Yest H 2x ^23 vol= pos= vwap=above ema=bull rs=+1.7% adx=30 body=2% O162.84 H163.1 L162.47 C162.85 ATR=5.91 SL=162.26/161.96 rawVol=54517 volSMA=40454 buf=0.296 prices=
2025-09-29T12:00:00.000-04:00,[KLB] CONF 12:00 ▲ BRK → ✗ (failed)
2025-09-29T12:05:00.000-04:00,[KLB] 12:05 ▼ ~ ~ VWAP vol=1.4x pos=v98 vwap=below ema=bull rs=+1.2% adx=23 body=92% O162.56 H162.62 L161.64 C161.66 ATR=5.91 SL=162.25/162.55 rawVol=75238 volSMA=52478 buf=0.296 prices=
2025-09-30T09:35:00.000-04:00,[KLB] 9:35 ▼ BRK PM L + Yest L vol=15.2x pos=v88 vwap=below ema=bear rs=-0.6% adx=24 body=78% O160.8 H160.93 L159.59 C159.75 ATR=5.84 SL=160.33/160.63 rawVol=133887 volSMA=8791 buf=0.292 prices=160.26/159.9
2025-09-30T09:35:00.000-04:00,"[KLB] 9:35 ▼ ◆ ◆¹ PM L 12x v71
◆¹ Yest L 12x v71 vol= pos= vwap=below ema=bear rs=-0.6% adx=24 body=78% O160.8 H160.93 L159.59 C159.75 ATR=5.84 SL=160.33/160.63 rawVol=133887 volSMA=8791 buf=0.292 prices="
2025-09-30T09:40:00.000-04:00,[KLB] CONF 9:40 ▼ BRK → ✗ (failed)
2025-09-30T09:45:00.000-04:00,[KLB] 9:45 ▲ ~~ ~~ Yest L + ~ ORB L vol=4.6x pos=^88 vwap=above ema=bear rs=-0.4% adx=28 body=58% O159.66 H160.38 L159.34 C160.26 ATR=5.84 SL=159.68/159.38 rawVol=83144 volSMA=18110 buf=0.292 prices=159.9/159.59
2025-09-30T09:45:00.000-04:00,[KLB] 5m CHECK 9:45 ▼ pnl=-0.11 → BAIL
2025-09-30T10:00:00.000-04:00,[KLB] 10:00 ▲ ~~ ~~ PM L + ~~ Yest L + ~ ORB L vol=1.4x pos=^93 vwap=above ema=bear rs=-0.2% adx=26 body=87% O159.81 H160.6 L159.76 C160.54 ATR=5.84 SL=159.96/159.66 rawVol=36520 volSMA=25354 buf=0.292 prices=160.26/159.9/159.59
2025-09-30T10:20:00.000-04:00,"[KLB] 10:20 ▲ ~~ ~~ PM L
~ VWAP vol=1.3x pos=^88 vwap=above ema=bear rs=+0.2% adx=22 body=73% O160.38 H161.18 L160.23 C161.07 ATR=5.84 SL=160.49/160.19 rawVol=47847 volSMA=37750 buf=0.292 prices=160.26"
2025-10-01T09:40:00.000-04:00,[KLB] 9:40 ▼ ~ ~ PM H + ~ Yest H + ~ ORB H vol=9.1x pos=v84 vwap=below ema=bull rs=-0.2% adx=21 body=56% O161.96 H162.36 L160.89 C161.13 ATR=5.63 SL=161.69/161.97 rawVol=81213 volSMA=8935 buf=0.281 prices=162.26/162.28/162.36
2025-10-01T09:45:00.000-04:00,[KLB] 9:45 ▲ BRK PM H vol=4.9x pos=^97 vwap=above ema=bull rs=+0.7% adx=23 body=92% O161.13 H162.56 L161.06 C162.51 ATR=5.63 SL=161.95/161.67 rawVol=57428 volSMA=11769 buf=0.281 prices=162.26
2025-10-01T09:45:00.000-04:00,[KLB] 9:45 ▲ ~ ~ VWAP vol=4.9x pos=^97 vwap=above ema=bull rs=+0.7% adx=23 body=92% O161.13 H162.56 L161.06 C162.51 ATR=5.63 SL=161.95/161.67 rawVol=57428 volSMA=11769 buf=0.281 prices=
2025-10-01T09:50:00.000-04:00,[KLB] 9:50 ▼ ~ ~ PM H + ~ Yest H + ~ ORB H vol=4.7x pos=v95 vwap=below ema=bull rs=+0.3% adx=25 body=85% O162.5 H162.62 L161.38 C161.44 ATR=5.63 SL=162/162.28 rawVol=72358 volSMA=15313 buf=0.281 prices=162.26/162.28/162.36
2025-10-01T09:50:00.000-04:00,[KLB] 9:50 ▲ ◆ ◆² PM H 3.1x ^85 vol= pos= vwap=below ema=bull rs=+0.3% adx=25 body=85% O162.5 H162.62 L161.38 C161.44 ATR=5.63 SL=160.88/160.6 rawVol=72358 volSMA=15313 buf=0.281 prices=
2025-10-01T11:10:00.000-04:00,[KLB] CONF 11:10 ▲ BRK → ✗ (failed)
2025-10-01T11:15:00.000-04:00,"[KLB] 11:15 ▼ ~~ ~~ PM H + ~~ ORB H
~ VWAP vol=1x pos=v75 vwap=below ema=bull rs=+0.2% adx=28 body=70% O162.32 H162.35 L161.82 C161.95 ATR=5.63 SL=162.51/162.79 rawVol=63056 volSMA=61720 buf=0.281 prices=162.26/162.36"
2025-10-01T14:25:00.000-04:00,[KLB] 14:25 ▼ ~~ ~~ PM H + ~~ ORB H vol=0.6x pos=v50 vwap=below ema=bull rs=-0.1% adx=22 body=36% O162.17 H162.21 L161.93 C162.07 ATR=5.63 SL=162.63/162.91 rawVol=22386 volSMA=35552 buf=0.281 prices=162.26/162.36
2025-10-01T15:10:00.000-04:00,[KLB] 15:10 ▼ ~~ ~~ PM H + ~~ Yest H + ~~ ORB H vol=1.2x pos=v91 vwap=below ema=bull rs=-0.4% adx=28 body=77% O162.13 H162.2 L161.73 C161.77 ATR=5.63 SL=162.33/162.61 rawVol=36623 volSMA=39722 buf=0.281 prices=162.26/162.28/162.36
2025-10-02T09:40:00.000-04:00,[KLB] 9:40 ▼ ~ ~ PM H + ~ ORB H vol=9.9x pos=v95 vwap=below ema=bull rs=-0.4% adx=27 body=48% O169.03 H170.26 L167.65 C167.77 ATR=5.49 SL=168.32/168.59 rawVol=335616 volSMA=33837 buf=0.275 prices=169.98/169.18
2025-10-02T09:45:00.000-04:00,[KLB] 9:45 ▼ ~ ~ VWAP vol=7.9x pos=v94 vwap=below ema=bull rs=-1.1% adx=27 body=88% O167.75 H167.84 L166.3 C166.39 ATR=5.49 SL=166.94/167.21 rawVol=180120 volSMA=42681 buf=0.275 prices=
2025-10-02T09:50:00.000-04:00,[KLB] 5m CHECK 9:50 ▼ pnl=-0.05 → BAIL
2025-10-02T10:05:00.000-04:00,[KLB] 10:05 ▲ ~ ~ VWAP vol=2.2x pos=^93 vwap=above ema=bull rs=+0.5% adx=25 body=61% O168.62 H169.39 L168.26 C169.31 ATR=5.49 SL=168.76/168.49 rawVol=148164 volSMA=67235 buf=0.275 prices=
2025-10-02T10:10:00.000-04:00,[KLB] 5m CHECK 10:10 ▲ pnl=-0.19 → BAIL
2025-10-03T09:45:00.000-04:00,[KLB] 9:45 ▼ BRK ORB L vol=5.1x pos=v59 vwap=below ema=bear rs=-0.9% adx=21 body=45% O169.75 H169.89 L168.89 C169.3 ATR=5.6 SL=169.86/170.14 rawVol=100548 volSMA=19710 buf=0.28 prices=169.6
2025-10-03T09:45:00.000-04:00,"[KLB] 9:45 ▼ ~ ~ Yest H
~ VWAP vol=5.1x pos=v59 vwap=below ema=bear rs=-0.9% adx=21 body=45% O169.75 H169.89 L168.89 C169.3 ATR=5.6 SL=169.86/170.14 rawVol=100548 volSMA=19710 buf=0.28 prices=171.06"
2025-10-03T09:45:00.000-04:00,[KLB] 5m CHECK 9:45 ▼ pnl=0.09 → HOLD
2025-10-03T09:50:00.000-04:00,[KLB] 9:50 ▼ ◆ ◆² ORB L 2.2x v71 vol= pos= vwap=below ema=bear rs=-0.6% adx=21 body=77% O169.24 H169.95 L169.07 C169.92 ATR=5.6 SL=170.48/170.76 rawVol=95278 volSMA=24398 buf=0.28 prices=
2025-10-03T09:55:00.000-04:00,[KLB] 9:55 ▼ BRK ORB L vol=2x pos=v71 vwap=below ema=bear rs=-1% adx=22 body=67% O169.89 H169.92 L169.14 C169.37 ATR=5.6 SL=169.93/170.21 rawVol=52994 volSMA=27021 buf=0.28 prices=169.6
2025-10-03T09:55:00.000-04:00,[KLB] 9:55 ▼ ~ ~ Yest H vol=2x pos=v71 vwap=below ema=bear rs=-1% adx=22 body=67% O169.89 H169.92 L169.14 C169.37 ATR=5.6 SL=169.93/170.21 rawVol=52994 volSMA=27021 buf=0.28 prices=171.06
2025-10-03T09:55:00.000-04:00,[KLB] CONF 9:55 ▼ BRK → ✓ (auto-promote)
2025-10-03T10:00:00.000-04:00,[KLB] 5m CHECK 10:00 ▼ pnl=0.06 → HOLD
2025-10-03T10:05:00.000-04:00,[KLB] 10:05 ▼ ◆ ◆³ ORB L 1.7x v55 vol= pos= vwap=below ema=bear rs=-1% adx=25 body=10% O169.05 H169.19 L168.49 C169.12 ATR=5.6 SL=169.68/169.96 rawVol=83033 volSMA=34654 buf=0.28 prices=
2025-10-03T13:25:00.000-04:00,[KLB] 13:25 ▼ BRK Yest L vol=2.3x pos=v46 vwap=below ema=bear rs=-2.8% adx=34 body=44% O166.26 H166.27 L165.64 C165.98 ATR=5.6 SL=166.54/166.82 rawVol=62880 volSMA=27841 buf=0.28 prices=166.12
2025-10-03T13:25:00.000-04:00,[KLB] CONF 13:25 ▼ BRK → ✓ (auto-promote)
2025-10-03T13:25:00.000-04:00,[KLB] 13:25 ▼ ◆ ◆¹ Yest L 1.3x v86 vol= pos= vwap=below ema=bear rs=-2.8% adx=34 body=44% O166.26 H166.27 L165.64 C165.98 ATR=5.6 SL=166.54/166.82 rawVol=62880 volSMA=27841 buf=0.28 prices=
2025-10-03T13:30:00.000-04:00,[KLB] 5m CHECK 13:30 ▼ pnl=0.03 → BAIL
2025-10-03T13:50:00.000-04:00,[KLB] 13:50 ▼ ~ ~ Week H vol=1.8x pos=v78 vwap=below ema=bear rs=-3.6% adx=40 body=67% O165.03 H165.13 L164.22 C164.42 ATR=5.6 SL=164.98/165.26 rawVol=62770 volSMA=34993 buf=0.28 prices=165.1
2025-10-03T15:40:00.000-04:00,[KLB] 15:40 ▼ ~ ~ Week H vol=1.2x pos=v83 vwap=below ema=bear rs=-3.4% adx=35 body=71% O164.99 H165.02 L164.78 C164.82 ATR=5.6 SL=165.38/165.66 rawVol=35430 volSMA=30169 buf=0.28 prices=165.1
2025-10-06T09:40:00.000-04:00,[KLB] 9:40 ▲ ~ ~ VWAP vol=3x pos=^49 vwap=above ema=bull rs=-3.5% adx=71 body=48% O215.98 H220.48 L215.93 C218.17 ATR=5.74 SL=217.6/217.31 rawVol=1105128 volSMA=368848 buf=0.287 prices=
2025-10-06T09:45:00.000-04:00,[KLB] 9:45 ▼ ~ ~ VWAP vol=2x pos=v66 vwap=below ema=bull rs=-4.6% adx=66 body=36% O218.17 H220.17 L213.31 C215.67 ATR=5.74 SL=216.24/216.53 rawVol=797583 volSMA=398206 buf=0.287 prices=
2025-10-07T09:35:00.000-04:00,[KLB] 9:35 ▲ BRK PM H vol=12.4x pos=^70 vwap=above ema=bull rs=+1.3% adx=29 body=68% O214.85 H218.9 L214.75 C217.67 ATR=9.76 SL=216.69/216.21 rawVol=938692 volSMA=75515 buf=0.488 prices=215.64
2025-10-07T09:35:00.000-04:00,[KLB] 9:35 ▲ ~ ~ VWAP vol=12.4x pos=^70 vwap=above ema=bull rs=+1.3% adx=29 body=68% O214.85 H218.9 L214.75 C217.67 ATR=9.76 SL=216.69/216.21 rawVol=938692 volSMA=75515 buf=0.488 prices=
2025-10-07T09:45:00.000-04:00,[KLB] CONF 9:45 ▲ BRK → ✗ (failed)
2025-10-07T09:50:00.000-04:00,[KLB] 9:50 ▼ ~~ ~~ PM H vol=2.7x pos=v89 vwap=below ema=bull rs=+0.2% adx=34 body=76% O216.7 H216.95 L214.96 C215.18 ATR=9.76 SL=216.16/216.64 rawVol=298461 volSMA=124742 buf=0.488 prices=215.64
2025-10-07T10:00:00.000-04:00,[KLB] 10:00 ▼ ~~ ~~ PM H vol=2.8x pos=v80 vwap=below ema=bull rs=-0.2% adx=32 body=36% O214.81 H215.41 L214.06 C214.33 ATR=9.76 SL=215.31/215.79 rawVol=171667 volSMA=153859 buf=0.488 prices=215.64
2025-10-07T10:05:00.000-04:00,[KLB] 10:05 ▼ ~ ~ VWAP vol=1.2x pos=v66 vwap=below ema=bull rs=-0.3% adx=30 body=33% O214.34 H214.79 L213.44 C213.9 ATR=9.76 SL=214.88/215.36 rawVol=202524 volSMA=163611 buf=0.488 prices=
2025-10-07T10:35:00.000-04:00,[KLB] 10:35 ▲ ~ ~ ORB L vol=1.2x pos=^82 vwap=above ema=bull rs=+0.6% adx=22 body=69% O214.24 H216.18 L213.96 C215.77 ATR=9.76 SL=214.79/214.31 rawVol=242058 volSMA=205380 buf=0.488 prices=214.75
2025-10-07T10:40:00.000-04:00,[KLB] 10:40 ▼ ~~ ~~ PM H vol=0.8x pos=v88 vwap=below ema=bull rs=-0.2% adx=22 body=81% O215.75 H215.89 L213.69 C213.96 ATR=9.76 SL=214.94/215.42 rawVol=164330 volSMA=212209 buf=0.488 prices=215.64
2025-10-07T10:50:00.000-04:00,[KLB] 10:50 ▲ ~ ~ ORB L vol=0.9x pos=^94 vwap=above ema=bull rs=+0.4% adx=20 body=85% O213.07 H215.35 L212.82 C215.21 ATR=9.76 SL=214.23/213.75 rawVol=200415 volSMA=230646 buf=0.488 prices=214.75
2025-10-08T09:40:00.000-04:00,[KLB] 9:40 ▲ ~ ~ VWAP vol=10.6x pos=^100 vwap=above ema=bear rs=+1.5% adx=29 body=100% O212.32 H215.98 L212.32 C215.97 ATR=10.15 SL=214.96/214.45 rawVol=377323 volSMA=35536 buf=0.507 prices=
2025-10-08T09:45:00.000-04:00,[KLB] 9:45 ▲ BRK PM H vol=7.5x pos=^99 vwap=above ema=bull rs=+1.9% adx=28 body=36% O215.93 H216.9 L214.31 C216.87 ATR=10.15 SL=215.86/215.35 rawVol=310335 volSMA=50445 buf=0.507 prices=215.99
2025-10-08T09:50:00.000-04:00,[KLB] 9:50 ▲ BRK Yest H vol=8x pos=^83 vwap=above ema=bull rs=+3.1% adx=29 body=72% O216.85 H220.15 L216.44 C219.51 ATR=10.15 SL=218.5/217.99 rawVol=662393 volSMA=82859 buf=0.507 prices=218.9
2025-10-08T09:50:00.000-04:00,[KLB] CONF 9:50 ▲ BRK → ✓★ (auto-promote)
2025-10-08T09:55:00.000-04:00,[KLB] 5m CHECK 9:55 ▲ pnl=0.35 → HOLD
2025-10-09T09:50:00.000-04:00,[KLB] 9:50 ▲ ~ ~ ORB L vol=3.2x pos=^100 vwap=above ema=bear rs=+0.6% adx=27 body=41% O236.16 H237.53 L234.21 C237.53 ATR=11.22 SL=236.41/235.85 rawVol=273556 volSMA=84561 buf=0.561 prices=234.2
2025-10-09T09:55:00.000-04:00,[KLB] 9:55 ▲ ~ ~ VWAP vol=3.7x pos=^46 vwap=above ema=bear rs=+1.2% adx=26 body=37% O237.51 H240.1 L237.25 C238.56 ATR=11.22 SL=237.44/236.88 rawVol=386657 volSMA=103269 buf=0.561 prices=
2025-10-09T09:55:00.000-04:00,[KLB] 5m CHECK 9:55 ▲ pnl=0.09 → HOLD
2025-10-09T10:10:00.000-04:00,"[KLB] 10:10 ▼ ~ ~ Yest H
~ VWAP vol=1.5x pos=v78 vwap=below ema=bear rs=-0.3% adx=24 body=72% O237.18 H237.34 L234.37 C235.03 ATR=11.22 SL=236.15/236.71 rawVol=197515 volSMA=130129 buf=0.561 prices=235.87"
2025-10-09T10:30:00.000-04:00,[KLB] 10:30 ▼ ~ ~ Yest H vol=0.9x pos=v97 vwap=below ema=bear rs=-0.2% adx=22 body=96% O236.98 H237 L235.07 C235.12 ATR=11.22 SL=236.24/236.8 rawVol=143183 volSMA=154186 buf=0.561 prices=235.87
2025-10-09T11:15:00.000-04:00,[KLB] 11:15 ▼ ~ ~ Yest H vol=0.3x pos=v94 vwap=below ema=bear rs=-0.3% adx=22 body=92% O235.88 H235.9 L234.9 C234.96 ATR=11.22 SL=236.08/236.64 rawVol=51599 volSMA=168225 buf=0.561 prices=235.87
2025-10-09T11:25:00.000-04:00,[KLB] 11:25 ▼ ~ ~ Yest H vol=0.6x pos=v99 vwap=below ema=bear rs=-0.8% adx=21 body=94% O235.51 H235.61 L233.47 C233.49 ATR=11.22 SL=234.61/235.17 rawVol=89014 volSMA=148048 buf=0.561 prices=235.87
2025-10-10T10:05:00.000-04:00,[KLB] 10:05 ▼ ~ ~ VWAP vol=2.4x pos=v60 vwap=below ema=bear rs=-1.9% adx=22 body=31% O229.22 H229.79 L227.82 C228.61 ATR=11.18 SL=229.73/230.29 rawVol=191678 volSMA=79513 buf=0.559 prices=
2025-10-13T09:45:00.000-04:00,[KLB] 9:45 ▲ ~ ~ ORB L vol=3.3x pos=^95 vwap=above ema=bear rs=+0.7% adx=36 body=76% O219.69 H221.99 L219.15 C221.86 ATR=11.88 SL=220.67/220.08 rawVol=151544 volSMA=45377 buf=0.594 prices=219.47
2025-10-13T09:55:00.000-04:00,[KLB] 9:55 ▲ ~ ~ VWAP vol=2.7x pos=^46 vwap=above ema=bear rs=+1.2% adx=32 body=34% O222.41 H224.18 L222.17 C223.09 ATR=11.88 SL=221.9/221.31 rawVol=157465 volSMA=59320 buf=0.594 prices=
2025-10-13T10:25:00.000-04:00,[KLB] 10:25 ▼ ~ ~ VWAP vol=1.4x pos=v55 vwap=below ema=bear rs=-0.3% adx=25 body=54% O220.6 H220.62 L218.85 C219.64 ATR=11.88 SL=220.83/221.42 rawVol=115410 volSMA=83807 buf=0.594 prices=
2025-10-14T09:35:00.000-04:00,"[KLB] 9:35 ▼ ~ ~ Yest H
~ VWAP vol=5.3x pos=v85 vwap=below ema=bull rs=-0.6% adx=32 body=33% O219.04 H221.38 L216.93 C217.58 ATR=11.69 SL=218.75/219.33 rawVol=339527 volSMA=63877 buf=0.585 prices=224.19"
2025-10-14T09:55:00.000-04:00,[KLB] 9:55 ▲ ~ ~ VWAP vol=2.1x pos=^92 vwap=above ema=bull rs=+0.6% adx=27 body=62% O218.43 H220.37 L217.6 C220.16 ATR=11.69 SL=218.99/218.41 rawVol=136199 volSMA=74130 buf=0.585 prices=
2025-10-14T12:45:00.000-04:00,[KLB] 12:45 ▲ BRK PM H + Yest H vol=1.8x pos=^99 vwap=above ema=bull rs=+1.5% adx=28 body=87% O223.4 H224.88 L223.2 C224.86 ATR=11.69 SL=223.69/223.11 rawVol=113567 volSMA=62415 buf=0.585 prices=223.88/224.19
2025-10-14T12:45:00.000-04:00,[KLB] 12:45 ▲ ◆ ◆¹ Yest H 1.5x ^5 vol= pos= vwap=above ema=bull rs=+1.5% adx=28 body=87% O223.4 H224.88 L223.2 C224.86 ATR=11.69 SL=223.69/223.11 rawVol=113567 volSMA=62415 buf=0.585 prices=
2025-10-14T12:50:00.000-04:00,"[KLB] 12:50 ▲ ◆ ◆² PM H 1.3x ^51
◆¹ Yest H 1.5x ^5 vol= pos= vwap=above ema=bull rs=+1.1% adx=29 body=80% O224.87 H224.98 L224.24 C224.28 ATR=11.69 SL=223.11/222.53 rawVol=96330 volSMA=62583 buf=0.585 prices="
2025-10-14T13:00:00.000-04:00,[KLB] CONF 13:00 ▲ BRK → ✗ (failed)
2025-10-14T13:30:00.000-04:00,[KLB] 13:30 ▲ BRK PM H vol=1.5x pos=^81 vwap=above ema=bull rs=+1.2% adx=29 body=81% O224.04 H224.71 L224.04 C224.58 ATR=11.69 SL=223.41/222.83 rawVol=93014 volSMA=60741 buf=0.585 prices=223.88
2025-10-14T13:30:00.000-04:00,[KLB] 13:30 ▲ ◆ ◆¹ PM H 0.8x ^8 vol= pos= vwap=above ema=bull rs=+1.2% adx=29 body=81% O224.04 H224.71 L224.04 C224.58 ATR=11.69 SL=223.41/222.83 rawVol=93014 volSMA=60741 buf=0.585 prices=
2025-10-14T14:00:00.000-04:00,[KLB] CONF 14:00 ▲ BRK → ✗ (failed)
2025-10-14T15:45:00.000-04:00,[KLB] 15:45 ▼ ~~ ~~ Yest H vol=3.3x pos=v96 vwap=below ema=bull rs=-0.8% adx=20 body=92% O220.35 H220.41 L218.56 C218.64 ATR=11.69 SL=219.81/220.39 rawVol=83342 volSMA=34705 buf=0.585 prices=224.19
2025-10-15T09:50:00.000-04:00,[KLB] 9:50 ▲ BRK Yest H vol=5.3x pos=^86 vwap=above ema=bull rs=+1.5% adx=20 body=78% O224.6 H226.13 L224.47 C225.9 ATR=11.51 SL=224.75/224.17 rawVol=198438 volSMA=37466 buf=0.575 prices=224.98
2025-10-15T09:55:00.000-04:00,[KLB] 9:55 ▲ BRK PM H + ORB H vol=7.5x pos=^93 vwap=above ema=bull rs=+3.2% adx=24 body=87% O225.97 H230.32 L225.68 C230.01 ATR=11.51 SL=228.86/228.28 rawVol=450631 volSMA=59810 buf=0.575 prices=225.82/226.5
2025-10-15T09:55:00.000-04:00,[KLB] 9:55 ▲ ~ ~ VWAP vol=7.5x pos=^93 vwap=above ema=bull rs=+3.2% adx=24 body=87% O225.97 H230.32 L225.68 C230.01 ATR=11.51 SL=228.86/228.28 rawVol=450631 volSMA=59810 buf=0.575 prices=
2025-10-15T09:55:00.000-04:00,[KLB] CONF 9:55 ▲ BRK → ✓★ (auto-promote)
2025-10-15T10:00:00.000-04:00,[KLB] 5m CHECK 10:00 ▲ pnl=0.06 → HOLD
2025-10-15T13:15:00.000-04:00,[KLB] 13:15 ▼ ~ ~ VWAP vol=1.4x pos=v68 vwap=below ema=bull rs=+4.8% adx=23 body=67% O232.11 H232.13 L230.75 C231.19 ATR=11.51 SL=232.34/232.92 rawVol=114606 volSMA=90370 buf=0.575 prices=
2025-10-16T09:30:00.000-04:00,[KLB] 9:30 ▼ ~ ~ VWAP vol=2.1x pos=v63 vwap=below ema=bear rs=+0.3% adx=39 body=62% O237.41 H237.43 L235.63 C236.29 ATR=12.2 SL=237.51/238.12 rawVol=16808 volSMA=7863 buf=0.61 prices=
2025-10-16T09:35:00.000-04:00,[KLB] 9:35 ▲ ~ ~ PM L vol=12.2x pos=^98 vwap=above ema=bear rs=+1.3% adx=37 body=77% O236.26 H239.42 L235.4 C239.34 ATR=12.2 SL=238.12/237.51 rawVol=239170 volSMA=19611 buf=0.61 prices=235.63
2025-10-16T09:40:00.000-04:00,[KLB] 9:40 ▼ ~ ~ Yest H + ~ Week H + ~ ORB H vol=8.4x pos=v90 vwap=below ema=bear rs=+0.2% adx=35 body=64% O239.41 H240.48 L236.4 C236.8 ATR=12.2 SL=238.02/238.63 rawVol=283784 volSMA=33656 buf=0.61 prices=239.24/240.1/239.42
2025-10-16T09:55:00.000-04:00,[KLB] 9:55 ▲ ~ ~ PM L + ~ ORB L vol=2.6x pos=^93 vwap=above ema=bear rs=+0.8% adx=29 body=84% O235.33 H238.3 L235.03 C238.08 ATR=12.2 SL=236.86/236.25 rawVol=148807 volSMA=56236 buf=0.61 prices=235.63/235.4
2025-10-16T10:15:00.000-04:00,[KLB] 10:15 ▲ ~ ~ VWAP vol=2x pos=^92 vwap=above ema=bear rs=+1.4% adx=25 body=54% O238.3 H239.43 L237.6 C239.28 ATR=12.2 SL=238.06/237.45 rawVol=145861 volSMA=80392 buf=0.61 prices=
2025-10-16T11:00:00.000-04:00,[KLB] 11:00 ▼ ~ ~ Yest H + ~ Week H + ~ ORB H vol=0.6x pos=v94 vwap=below ema=bear rs=+0.6% adx=22 body=84% O239.6 H239.83 L237.68 C237.8 ATR=12.2 SL=239.02/239.63 rawVol=67210 volSMA=119690 buf=0.61 prices=239.24/240.1/239.42
2025-10-17T09:45:00.000-04:00,[KLB] 9:45 ▼ ~ ~ VWAP vol=5.6x pos=v87 vwap=below ema=bull rs=-1.6% adx=30 body=83% O231.53 H231.66 L228.88 C229.23 ATR=11.97 SL=230.43/231.02 rawVol=160933 volSMA=28975 buf=0.598 prices=
2025-10-17T09:50:00.000-04:00,[KLB] 5m CHECK 9:50 ▼ pnl=-0.11 → BAIL
2025-10-17T09:55:00.000-04:00,"[KLB] 9:55 ▲ ~ ~ ORB L
~ VWAP vol=3.1x pos=^91 vwap=above ema=bull rs=-0.7% adx=29 body=83% O230.5 H232.56 L230.32 C232.36 ATR=11.97 SL=231.16/230.57 rawVol=108681 volSMA=39200 buf=0.598 prices=231.71"
2025-10-17T10:05:00.000-04:00,[KLB] 10:05 ▲ ~ ~ ORB L vol=2.8x pos=^72 vwap=above ema=bull rs=-0.5% adx=25 body=35% O231.99 H233.3 L231.23 C232.72 ATR=11.97 SL=231.52/230.93 rawVol=140480 volSMA=50592 buf=0.598 prices=231.71
2025-10-17T10:15:00.000-04:00,[KLB] 10:15 ▲ BRK ORB H vol=2x pos=^92 vwap=above ema=bull rs=+0.2% adx=23 body=90% O232.32 H235.27 L232.25 C235.03 ATR=11.97 SL=233.83/233.24 rawVol=122656 volSMA=60645 buf=0.598 prices=233.95
2025-10-17T10:15:00.000-04:00,[KLB] 10:15 ▲ ~ ~ Yest L vol=2x pos=^92 vwap=above ema=bull rs=+0.2% adx=23 body=90% O232.32 H235.27 L232.25 C235.03 ATR=11.97 SL=233.83/233.24 rawVol=122656 volSMA=60645 buf=0.598 prices=232.24
2025-10-17T10:15:00.000-04:00,[KLB] 10:15 ▲ ◆ ◆¹ ORB H 1.6x ^38 vol= pos= vwap=above ema=bull rs=+0.2% adx=23 body=90% O232.32 H235.27 L232.25 C235.03 ATR=11.97 SL=233.83/233.24 rawVol=122656 volSMA=60645 buf=0.598 prices=
2025-10-17T10:25:00.000-04:00,[KLB] 10:25 ▲ ~ ~ Yest L vol=1.1x pos=^92 vwap=above ema=bull rs=+0.3% adx=23 body=65% O234.19 H235.25 L233.8 C235.13 ATR=11.97 SL=233.93/233.34 rawVol=72183 volSMA=68627 buf=0.598 prices=232.24
2025-10-17T10:30:00.000-04:00,[KLB] CONF 10:30 ▲ BRK → ✗ (failed)
2025-10-17T12:10:00.000-04:00,[KLB] 12:10 ▲ ~ ~ ORB L vol=0.8x pos=^78 vwap=above ema=bear rs=-0.9% adx=22 body=49% O231.97 H232.65 L231.69 C232.44 ATR=11.97 SL=231.24/230.65 rawVol=42081 volSMA=56602 buf=0.598 prices=231.71
2025-10-20T09:30:00.000-04:00,[KLB] 9:30 ▼ ~ ~ PM H vol=3.8x pos=v94 vwap=below ema=bull rs=+0.4% adx=24 body=90% O237.7 H237.75 L236.2 C236.3 ATR=11.64 SL=237.46/238.05 rawVol=17352 volSMA=4593 buf=0.582 prices=238
2025-10-20T09:45:00.000-04:00,"[KLB] 9:45 ▼ ~ ~ PM H
~ VWAP vol=4.5x pos=v87 vwap=below ema=bull rs=-0.8% adx=30 body=83% O237.7 H237.85 L234.66 C235.06 ATR=11.64 SL=236.22/236.81 rawVol=119267 volSMA=26665 buf=0.582 prices=238"
2025-10-20T10:00:00.000-04:00,[KLB] 10:00 ▲ BRK PM H + ORB H vol=4.6x pos=^100 vwap=above ema=bull rs=+1% adx=31 body=83% O237.15 H239.25 L236.72 C239.25 ATR=11.64 SL=238.09/237.5 rawVol=209571 volSMA=45686 buf=0.582 prices=238/238.21
2025-10-20T10:00:00.000-04:00,[KLB] 10:00 ▲ ~ ~ VWAP vol=4.6x pos=^100 vwap=above ema=bull rs=+1% adx=31 body=83% O237.15 H239.25 L236.72 C239.25 ATR=11.64 SL=238.09/237.5 rawVol=209571 volSMA=45686 buf=0.582 prices=
2025-10-20T10:15:00.000-04:00,[KLB] 10:15 ▲ ◆ ◆⁴ ORB H 1.5x ^56 vol= pos= vwap=above ema=bull rs=+1% adx=29 body=47% O239.19 H240.04 L239.01 C239.67 ATR=11.64 SL=238.51/237.92 rawVol=99223 volSMA=68908 buf=0.582 prices=
2025-10-20T10:40:00.000-04:00,[KLB] 10:40 ▲ BRK Week H vol=1.9x pos=^83 vwap=above ema=bull rs=+1.9% adx=28 body=64% O241.41 H242.3 L241.2 C242.11 ATR=11.64 SL=240.95/240.36 rawVol=151694 volSMA=95848 buf=0.582 prices=241.2
2025-10-20T10:40:00.000-04:00,[KLB] CONF 10:40 ▲ BRK → ✓ (auto-promote)
2025-10-20T10:45:00.000-04:00,[KLB] 5m CHECK 10:45 ▲ pnl=0 → BAIL
2025-10-20T10:45:00.000-04:00,[KLB] 10:45 ▲ ◆ ◆² Week H 0.5x ^75 vol= pos= vwap=above ema=bull rs=+1.8% adx=30 body=1% O242.07 H242.85 L241.88 C242.08 ATR=11.64 SL=240.92/240.33 rawVol=91578 volSMA=99876 buf=0.582 prices=
2025-10-20T11:35:00.000-04:00,[KLB] CONF 11:35 ▲ BRK → ✗ (failed)
2025-10-20T15:00:00.000-04:00,[KLB] 15:00 ▲ BRK Week H vol=2.4x pos=^69 vwap=above ema=bull rs=+1.7% adx=22 body=66% O241.22 H242.34 L241.18 C241.98 ATR=11.64 SL=240.82/240.23 rawVol=63027 volSMA=25778 buf=0.582 prices=241.2
2025-10-20T15:00:00.000-04:00,[KLB] 15:00 ▲ ◆ ◆¹ Week H 1.1x ^46 vol= pos= vwap=above ema=bull rs=+1.7% adx=22 body=66% O241.22 H242.34 L241.18 C241.98 ATR=11.64 SL=240.82/240.23 rawVol=63027 volSMA=25778 buf=0.582 prices=
2025-10-20T15:25:00.000-04:00,[KLB] CONF 15:25 ▲ BRK → ✗ (failed)
2025-10-21T09:45:00.000-04:00,[KLB] 9:45 ▼ ~ ~ Yest H + ~ Week H vol=4.8x pos=v64 vwap=below ema=bear rs=+0.1% adx=25 body=64% O240.86 H240.86 L238.86 C239.58 ATR=11.51 SL=240.73/241.31 rawVol=118688 volSMA=24720 buf=0.576 prices=242.88/241.2
2025-10-21T09:50:00.000-04:00,[KLB] 9:50 ▼ BRK ORB L vol=4.2x pos=v82 vwap=below ema=bear rs=-0.3% adx=23 body=66% O239.54 H239.79 L238.18 C238.47 ATR=11.51 SL=239.62/240.2 rawVol=79688 volSMA=28464 buf=0.576 prices=238.95
2025-10-21T09:50:00.000-04:00,[KLB] 9:50 ▼ ~ ~ VWAP vol=4.2x pos=v82 vwap=below ema=bear rs=-0.3% adx=23 body=66% O239.54 H239.79 L238.18 C238.47 ATR=11.51 SL=239.62/240.2 rawVol=79688 volSMA=28464 buf=0.576 prices=
2025-10-21T09:50:00.000-04:00,[KLB] 9:50 ▼ ◆ ◆¹ ORB L 2.4x v33 vol= pos= vwap=below ema=bear rs=-0.3% adx=23 body=66% O239.54 H239.79 L238.18 C238.47 ATR=11.51 SL=239.62/240.2 rawVol=79688 volSMA=28464 buf=0.576 prices=
2025-10-21T09:55:00.000-04:00,[KLB] 5m CHECK 9:55 ▼ pnl=-0.07 → BAIL
2025-10-21T10:00:00.000-04:00,[KLB] 10:00 ▼ BRK PM L vol=3.6x pos=v86 vwap=below ema=bear rs=-0.5% adx=21 body=80% O239.28 H239.38 L237.7 C237.94 ATR=11.51 SL=239.09/239.67 rawVol=138780 volSMA=38468 buf=0.576 prices=238.5
2025-10-21T10:00:00.000-04:00,[KLB] CONF 10:00 ▼ BRK → ✓ (auto-promote)
2025-10-21T10:00:00.000-04:00,[KLB] 10:00 ▼ ◆ ◆¹ PM L 2.8x v77 vol= pos= vwap=below ema=bear rs=-0.5% adx=21 body=80% O239.28 H239.38 L237.7 C237.94 ATR=11.51 SL=239.09/239.67 rawVol=138780 volSMA=38468 buf=0.576 prices=
2025-10-21T10:05:00.000-04:00,[KLB] 5m CHECK 10:05 ▼ pnl=0.07 → HOLD
2025-10-21T11:50:00.000-04:00,[KLB] CONF 11:50 ▼ BRK → ✗ (failed)
2025-10-21T11:55:00.000-04:00,[KLB] 11:55 ▲ ~~ ~~ PM L vol=1.4x pos=^100 vwap=above ema=bear rs=-0.3% adx=22 body=100% O238.57 H239.09 L238.57 C239.09 ATR=11.51 SL=237.94/237.36 rawVol=59506 volSMA=58519 buf=0.576 prices=238.5
2025-10-21T12:05:00.000-04:00,"[KLB] 12:05 ▲ ~~ ~~ PM L + ~~ ORB L
~ VWAP vol=1.4x pos=^90 vwap=above ema=bear rs=-0.1% adx=20 body=74% O238.73 H239.75 L238.54 C239.63 ATR=11.51 SL=238.48/237.9 rawVol=83498 volSMA=57947 buf=0.576 prices=238.5/238.95"
2025-10-21T12:15:00.000-04:00,[KLB] 12:15 ▲ ~~ ~~ ORB L vol=2.4x pos=^78 vwap=above ema=bear rs=+0.1% adx=20 body=46% O239.45 H240.13 L239.13 C239.91 ATR=11.51 SL=238.76/238.18 rawVol=129709 volSMA=54373 buf=0.576 prices=238.95
2025-10-22T10:30:00.000-04:00,[KLB] 10:30 ▼ BRK PM L + Yest L + ORB L vol=3.8x pos=v94 vwap=below ema=bear rs=-1.2% adx=21 body=92% O236.37 H236.44 L232.82 C233.03 ATR=11.28 SL=234.16/234.72 rawVol=177061 volSMA=47184 buf=0.564 prices=235.95/234.02/235.7
2025-10-22T10:30:00.000-04:00,[KLB] 10:30 ▼ ~ ~ VWAP vol=3.8x pos=v94 vwap=below ema=bear rs=-1.2% adx=21 body=92% O236.37 H236.44 L232.82 C233.03 ATR=11.28 SL=234.16/234.72 rawVol=177061 volSMA=47184 buf=0.564 prices=
2025-10-23T09:40:00.000-04:00,[KLB] 9:40 ▲ ~ ~ Yest L + ~ ORB L vol=8.3x pos=^95 vwap=above ema=bear rs=+0.3% adx=31 body=77% O229.12 H231.17 L228.67 C231.05 ATR=11.56 SL=229.89/229.32 rawVol=72562 volSMA=8762 buf=0.578 prices=224.88/228.55
2025-10-23T09:55:00.000-04:00,[KLB] 9:55 ▲ BRK PM H vol=5.4x pos=^99 vwap=above ema=bull rs=+0.9% adx=32 body=99% O231.54 H233.1 L231.54 C233.09 ATR=11.56 SL=231.93/231.36 rawVol=102297 volSMA=18894 buf=0.578 prices=232.36
2025-10-23T09:55:00.000-04:00,[KLB] 9:55 ▲ ~ ~ VWAP vol=5.4x pos=^99 vwap=above ema=bull rs=+0.9% adx=32 body=99% O231.54 H233.1 L231.54 C233.09 ATR=11.56 SL=231.93/231.36 rawVol=102297 volSMA=18894 buf=0.578 prices=
2025-10-23T10:10:00.000-04:00,[KLB] 10:10 ▲ ◆ ◆⁴ PM H 2.3x ^77 vol= pos= vwap=above ema=bull rs=+1.2% adx=37 body=86% O234.44 H234.51 L233.23 C233.34 ATR=11.56 SL=232.18/231.61 rawVol=133281 volSMA=36404 buf=0.578 prices=
2025-10-24T09:30:00.000-04:00,[KLB] 9:30 ▼ ~ ~ VWAP vol=1x pos=v99 vwap=below ema=bull rs=+0.6% adx=39 body=76% O243.54 H243.7 L243 C243.01 ATR=11.26 SL=244.14/244.7 rawVol=11220 volSMA=11442 buf=0.563 prices=
2025-10-24T09:35:00.000-04:00,[KLB] 9:35 ▲ BRK PM H vol=13.1x pos=^97 vwap=above ema=bull rs=+2.3% adx=42 body=78% O243.42 H249.38 L241.96 C249.18 ATR=11.26 SL=248.05/247.49 rawVol=430389 volSMA=32907 buf=0.563 prices=244.55
2025-10-24T09:35:00.000-04:00,[KLB] 9:35 ▲ ~ ~ VWAP vol=13.1x pos=^97 vwap=above ema=bull rs=+2.3% adx=42 body=78% O243.42 H249.38 L241.96 C249.18 ATR=11.26 SL=248.05/247.49 rawVol=430389 volSMA=32907 buf=0.563 prices=
2025-10-24T09:45:00.000-04:00,[KLB] 5m CHECK 9:45 ▲ pnl=-0.02 → BAIL
2025-10-24T10:00:00.000-04:00,[KLB] 10:00 ▲ BRK ORB H vol=3.1x pos=^64 vwap=above ema=bull rs=+2.7% adx=49 body=48% O249.23 H251.13 L248.86 C250.32 ATR=11.26 SL=249.19/248.63 rawVol=311428 volSMA=100801 buf=0.563 prices=249.38
2025-10-24T10:00:00.000-04:00,[KLB] CONF 10:00 ▲ BRK → ✓★ (auto-promote)
2025-10-24T10:05:00.000-04:00,[KLB] 5m CHECK 10:05 ▲ pnl=0.07 → HOLD
2025-10-24T10:10:00.000-04:00,[KLB] 10:10 ▲ ◆ ◆³ ORB H 1.1x ^3 vol= pos= vwap=above ema=bull rs=+3% adx=51 body=3% O251.17 H251.65 L250.33 C251.13 ATR=11.26 SL=250/249.44 rawVol=125021 volSMA=121191 buf=0.563 prices=
2025-10-27T09:50:00.000-04:00,[KLB] 9:50 ▼ ~ ~ VWAP vol=4.5x pos=v51 vwap=below ema=bear rs=-1.4% adx=26 body=51% O255.16 H255.16 L253.38 C254.26 ATR=11.77 SL=255.44/256.03 rawVol=190209 volSMA=42711 buf=0.589 prices=
2025-10-27T09:55:00.000-04:00,[KLB] 5m CHECK 9:55 ▼ pnl=-0.05 → BAIL
2025-10-27T10:10:00.000-04:00,[KLB] 10:10 ▼ BRK ORB L vol=2.1x pos=v45 vwap=below ema=bear rs=-1.8% adx=34 body=30% O253.96 H254.2 L252.58 C253.47 ATR=11.77 SL=254.65/255.24 rawVol=133453 volSMA=64220 buf=0.589 prices=254
2025-10-27T10:10:00.000-04:00,[KLB] 10:10 ▼ ◆ ◆¹ ORB L 1.8x v44 vol= pos= vwap=below ema=bear rs=-1.8% adx=34 body=30% O253.96 H254.2 L252.58 C253.47 ATR=11.77 SL=254.65/255.24 rawVol=133453 volSMA=64220 buf=0.589 prices=
2025-10-27T10:20:00.000-04:00,[KLB] 10:20 ▼ ~ ~ Yest H + ~ Week H vol=1.7x pos=v93 vwap=below ema=bear rs=-2.4% adx=39 body=80% O253.09 H253.35 L251.44 C251.57 ATR=11.77 SL=252.75/253.34 rawVol=126104 volSMA=75907 buf=0.589 prices=253.39/253.39
2025-10-27T10:35:00.000-04:00,[KLB] CONF 10:35 ▼ BRK → ✗ (failed)
2025-10-27T11:05:00.000-04:00,"[KLB] 11:05 ▲ ~~ ~~ ORB L
~ VWAP vol=4.4x pos=^73 vwap=above ema=bear rs=-0.4% adx=37 body=73% O252.62 H258.45 L252.62 C256.88 ATR=11.77 SL=255.7/255.11 rawVol=603157 volSMA=137899 buf=0.589 prices=254"
2025-10-27T15:35:00.000-04:00,[KLB] 15:35 ▲ ~~ ~~ PM L vol=3.3x pos=^63 vwap=above ema=bull rs=-0.3% adx=25 body=51% O256.81 H258.34 L256.6 C257.7 ATR=11.77 SL=256.52/255.93 rawVol=121877 volSMA=36921 buf=0.589 prices=256.8
2025-10-27T15:55:00.000-04:00,[KLB] 15:55 ▲ BRK ORB H vol=3.5x pos=^80 vwap=above ema=bull rs=+0.3% adx=36 body=77% O258.67 H259.95 L258.63 C259.69 ATR=11.77 SL=258.51/257.92 rawVol=179453 volSMA=51676 buf=0.589 prices=258.43
2025-10-28T09:55:00.000-04:00,[KLB] 9:55 ▼ ~ ~ Yest H vol=3.6x pos=v69 vwap=below ema=bull rs=+0.3% adx=23 body=57% O259.89 H260.02 L258.87 C259.23 ATR=11.69 SL=260.4/260.98 rawVol=101257 volSMA=33800 buf=0.584 prices=260.42
2025-10-28T10:00:00.000-04:00,[KLB] 10:00 ▲ BRK Yest H vol=3.4x pos=^89 vwap=above ema=bull rs=+0.9% adx=25 body=83% O259.21 H261.22 L259.09 C260.98 ATR=11.69 SL=259.81/259.23 rawVol=137834 volSMA=40540 buf=0.584 prices=260.42
2025-10-28T10:05:00.000-04:00,[KLB] 10:05 ▲ BRK ORB H vol=4.6x pos=^96 vwap=above ema=bull rs=+2% adx=27 body=93% O261.04 H264 L260.96 C263.88 ATR=11.69 SL=262.71/262.13 rawVol=241352 volSMA=52398 buf=0.584 prices=260.72
2025-10-28T10:05:00.000-04:00,[KLB] 10:05 ▲ ~ ~ VWAP vol=4.6x pos=^96 vwap=above ema=bull rs=+2% adx=27 body=93% O261.04 H264 L260.96 C263.88 ATR=11.69 SL=262.71/262.13 rawVol=241352 volSMA=52398 buf=0.584 prices=
2025-10-28T10:05:00.000-04:00,[KLB] CONF 10:05 ▲ BRK → ✓ (auto-promote)
2025-10-28T10:10:00.000-04:00,[KLB] 5m CHECK 10:10 ▲ pnl=-0.11 → BAIL
2025-10-28T10:40:00.000-04:00,[KLB] CONF 10:40 ▲ BRK → ✗ (failed)
2025-10-28T10:45:00.000-04:00,[KLB] 10:45 ▼ ~~ ~~ ORB H vol=0.9x pos=v87 vwap=below ema=bull rs=+0.6% adx=31 body=76% O261.23 H261.36 L260.2 C260.35 ATR=11.69 SL=261.52/262.1 rawVol=76879 volSMA=82755 buf=0.584 prices=260.72
2025-10-28T11:25:00.000-04:00,[KLB] 11:25 ▼ ~~ ~~ ORB H vol=0.7x pos=v56 vwap=below ema=bull rs=+0.6% adx=20 body=54% O260.55 H260.56 L259.88 C260.18 ATR=11.69 SL=261.35/261.93 rawVol=59537 volSMA=82217 buf=0.584 prices=260.72
2025-10-28T13:50:00.000-04:00,[KLB] 13:50 ▼ ~~ ~~ ORB H vol=1.5x pos=v69 vwap=below ema=bull rs=+0.4% adx=26 body=43% O260.82 H261.11 L260 C260.34 ATR=11.69 SL=261.51/262.09 rawVol=46484 volSMA=30502 buf=0.584 prices=260.72
2025-10-28T14:05:00.000-04:00,"[KLB] 14:05 ▼ ~~ ~~ ORB H
~ VWAP vol=1.8x pos=v97 vwap=below ema=bull rs=+0.2% adx=22 body=81% O260.51 H260.62 L259.93 C259.95 ATR=11.69 SL=261.12/261.7 rawVol=56631 volSMA=31411 buf=0.584 prices=260.72"
2025-10-28T14:10:00.000-04:00,[KLB] 14:10 ▼ ~~ ~~ Yest H vol=2.3x pos=v69 vwap=below ema=bull rs=0% adx=23 body=66% O260 H260.04 L258.87 C259.23 ATR=11.69 SL=260.4/260.98 rawVol=78025 volSMA=34066 buf=0.584 prices=260.42
2025-10-28T14:25:00.000-04:00,[KLB] 14:25 ▼ ~~ ~~ Yest H vol=1.3x pos=v90 vwap=below ema=bear rs=0% adx=23 body=84% O260.14 H260.19 L259.4 C259.48 ATR=11.69 SL=260.65/261.23 rawVol=40353 volSMA=31370 buf=0.584 prices=260.42
2025-10-28T14:55:00.000-04:00,[KLB] 14:55 ▼ ~~ ~~ ORB H vol=1.3x pos=v94 vwap=below ema=bear rs=+0.1% adx=23 body=81% O260.4 H260.51 L259.63 C259.68 ATR=11.69 SL=260.85/261.43 rawVol=44514 volSMA=33412 buf=0.584 prices=260.72
2025-10-28T15:05:00.000-04:00,[KLB] 15:05 ▼ ~~ ~~ Yest H vol=0.7x pos=v100 vwap=below ema=bear rs=+0% adx=23 body=94% O260.02 H260.05 L259.51 C259.51 ATR=11.69 SL=260.68/261.26 rawVol=24892 volSMA=34215 buf=0.584 prices=260.42
2025-10-28T15:25:00.000-04:00,[KLB] 15:25 ▼ ~~ ~~ ORB H vol=1.1x pos=v67 vwap=below ema=bear rs=+0.1% adx=20 body=40% O260.32 H260.53 L259.75 C260.01 ATR=11.69 SL=261.18/261.76 rawVol=21274 volSMA=37156 buf=0.584 prices=260.72
2025-10-29T09:35:00.000-04:00,[KLB] 9:35 ▲ BRK PM H + Yest H vol=15.2x pos=^70 vwap=above ema=bull rs=+0.6% adx=23 body=67% O264 H266.77 L263.9 C265.92 ATR=11.4 SL=264.78/264.21 rawVol=251028 volSMA=16493 buf=0.57 prices=264.4/264.58
2025-10-29T09:35:00.000-04:00,[KLB] 9:35 ▲ ~ ~ VWAP vol=15.2x pos=^70 vwap=above ema=bull rs=+0.6% adx=23 body=67% O264 H266.77 L263.9 C265.92 ATR=11.4 SL=264.78/264.21 rawVol=251028 volSMA=16493 buf=0.57 prices=
2025-10-29T09:35:00.000-04:00,"[KLB] 9:35 ▲ ◆ ◆¹ PM H 9.2x ^31
◆¹ Yest H 9.2x ^31 vol= pos= vwap=above ema=bull rs=+0.6% adx=23 body=67% O264 H266.77 L263.9 C265.92 ATR=11.4 SL=264.78/264.21 rawVol=251028 volSMA=16493 buf=0.57 prices="
2025-10-29T09:40:00.000-04:00,[KLB] 9:40 ▼ ~ ~ ORB H vol=6.3x pos=v69 vwap=below ema=bull rs=+0.1% adx=25 body=42% O265.84 H266.81 L263.32 C264.39 ATR=11.4 SL=265.53/266.1 rawVol=151472 volSMA=23929 buf=0.57 prices=266.77
2025-10-29T09:45:00.000-04:00,[KLB] 9:45 ▲ ~ ~ ORB L vol=3.2x pos=^96 vwap=above ema=bull rs=+0.3% adx=27 body=61% O264.2 H265.26 L263.65 C265.19 ATR=11.4 SL=264.05/263.48 rawVol=89346 volSMA=28142 buf=0.57 prices=263.9
2025-10-29T10:35:00.000-04:00,[KLB] CONF 10:35 ▲ BRK → ✗ (failed)
2025-10-29T10:40:00.000-04:00,"[KLB] 10:40 ▼ ~~ ~~ PM H
~ VWAP vol=1.1x pos=v95 vwap=below ema=bull rs=-0.3% adx=28 body=88% O264.61 H264.7 L263.41 C263.48 ATR=11.4 SL=264.62/265.19 rawVol=72290 volSMA=63030 buf=0.57 prices=264.4"
2025-10-29T11:40:00.000-04:00,[KLB] 11:40 ▼ BRK PM L vol=2.1x pos=v86 vwap=below ema=bear rs=-1.5% adx=27 body=82% O260.94 H260.98 L260.03 C260.16 ATR=11.4 SL=261.3/261.87 rawVol=119509 volSMA=56758 buf=0.57 prices=261.4
2025-10-29T12:05:00.000-04:00,[KLB] 12:05 ▼ ~~ ~~ Yest H vol=1x pos=v82 vwap=below ema=bear rs=-2.1% adx=37 body=74% O259.29 H259.4 L258.07 C258.31 ATR=11.4 SL=259.45/260.02 rawVol=57510 volSMA=59550 buf=0.57 prices=264.58
2025-10-29T12:20:00.000-04:00,[KLB] 12:20 ▼ ~~ ~~ Yest H vol=0.5x pos=v91 vwap=below ema=bear rs=-1.9% adx=43 body=50% O259.18 H259.4 L258.86 C258.91 ATR=11.4 SL=260.05/260.62 rawVol=30076 volSMA=58429 buf=0.57 prices=264.58
2025-10-29T12:40:00.000-04:00,[KLB] 12:40 ▼ ◆ ◆¹³ PM L 0.5x v82 vol= pos= vwap=below ema=bear rs=-1.2% adx=39 body=84% O260.2 H260.95 L260.07 C260.94 ATR=11.4 SL=262.08/262.65 rawVol=22854 volSMA=52088 buf=0.57 prices=
2025-10-29T13:40:00.000-04:00,[KLB] CONF 13:40 ▼ BRK → ✗ (failed)
2025-10-30T09:40:00.000-04:00,[KLB] 9:40 ▼ BRK ORB L vol=6.8x pos=v78 vwap=below ema=bear rs=-0.4% adx=45 body=44% O259.26 H260.13 L257.58 C258.14 ATR=11.27 SL=259.27/259.83 rawVol=83850 volSMA=15068 buf=0.564 prices=258.71
2025-10-30T09:40:00.000-04:00,[KLB] 9:40 ▼ ~ ~ VWAP vol=6.8x pos=v78 vwap=below ema=bear rs=-0.4% adx=45 body=44% O259.26 H260.13 L257.58 C258.14 ATR=11.27 SL=259.27/259.83 rawVol=83850 volSMA=15068 buf=0.564 prices=
2025-10-30T09:40:00.000-04:00,[KLB] 9:40 ▼ ◆ ◆¹ ORB L 5.8x v20 vol= pos= vwap=below ema=bear rs=-0.4% adx=45 body=44% O259.26 H260.13 L257.58 C258.14 ATR=11.27 SL=259.27/259.83 rawVol=83850 volSMA=15068 buf=0.564 prices=
2025-10-30T09:45:00.000-04:00,[KLB] CONF 9:45 ▼ BRK → ✗ (failed)
2025-10-30T09:50:00.000-04:00,[KLB] 9:50 ▲ ~~ ~~ ORB L vol=3.7x pos=^87 vwap=above ema=bear rs=+0.5% adx=41 body=85% O258.89 H261.52 L258.85 C261.17 ATR=11.27 SL=260.04/259.48 rawVol=81679 volSMA=23313 buf=0.564 prices=258.71
2025-10-30T09:55:00.000-04:00,[KLB] 9:55 ▲ ~ ~ VWAP vol=3.6x pos=^69 vwap=above ema=bear rs=+0.7% adx=40 body=67% O261.1 H262.77 L261.08 C262.24 ATR=11.27 SL=261.11/260.55 rawVol=101016 volSMA=28227 buf=0.564 prices=
2025-10-30T10:10:00.000-04:00,[KLB] 10:10 ▼ ~ ~ ORB H vol=2.8x pos=v88 vwap=below ema=bear rs=-0.1% adx=36 body=36% O260.74 H261.85 L259.73 C259.98 ATR=11.27 SL=261.11/261.67 rawVol=65029 volSMA=40120 buf=0.564 prices=261.91
2025-10-30T10:30:00.000-04:00,[KLB] 10:30 ▼ BRK ORB L vol=1.7x pos=v76 vwap=below ema=bear rs=-0.7% adx=29 body=75% O258.75 H258.76 L257.77 C258.01 ATR=11.27 SL=259.14/259.7 rawVol=85761 volSMA=49292 buf=0.564 prices=258.71
2025-10-30T10:30:00.000-04:00,[KLB] 10:30 ▼ ◆ ◆¹ ORB L 1.6x v80 vol= pos= vwap=below ema=bear rs=-0.7% adx=29 body=75% O258.75 H258.76 L257.77 C258.01 ATR=11.27 SL=259.14/259.7 rawVol=85761 volSMA=49292 buf=0.564 prices=
2025-10-30T10:35:00.000-04:00,[KLB] 10:35 ▼ BRK PM L vol=1.6x pos=v80 vwap=below ema=bear rs=-0.9% adx=28 body=31% O258.07 H258.7 L257.43 C257.68 ATR=11.27 SL=258.81/259.37 rawVol=77246 volSMA=52751 buf=0.564 prices=258
2025-10-30T10:35:00.000-04:00,[KLB] CONF 10:35 ▼ BRK → ✓ (auto-promote)
2025-10-30T10:35:00.000-04:00,[KLB] 10:35 ▼ ◆ ◆¹ PM L 1.6x v65 vol= pos= vwap=below ema=bear rs=-0.9% adx=28 body=31% O258.07 H258.7 L257.43 C257.68 ATR=11.27 SL=258.81/259.37 rawVol=77246 volSMA=52751 buf=0.564 prices=
2025-10-30T10:40:00.000-04:00,[KLB] 5m CHECK 10:40 ▼ pnl=0.01 → BAIL
2025-10-30T10:40:00.000-04:00,[KLB] CONF 10:40 ▼ BRK → ✗ (failed)
2025-10-30T10:55:00.000-04:00,[KLB] 10:55 ▼ BRK PM L + Yest L vol=1.9x pos=v96 vwap=below ema=bear rs=-1.9% adx=26 body=90% O257.86 H258.05 L254.77 C254.91 ATR=11.27 SL=256.04/256.6 rawVol=128420 volSMA=66797 buf=0.564 prices=258/257.4
2025-10-30T11:10:00.000-04:00,[KLB] 11:10 ▼ ◆ ◆⁴ Yest L 0.5x v11 vol= pos= vwap=below ema=bear rs=-1.5% adx=27 body=54% O256.87 H256.96 L256.02 C256.36 ATR=11.27 SL=257.49/258.05 rawVol=29733 volSMA=73681 buf=0.564 prices=
2025-10-30T11:15:00.000-04:00,[KLB] CONF 11:15 ▼ BRK → ✗ (failed)
2025-10-30T15:55:00.000-04:00,[KLB] 15:55 ▼ BRK Yest L vol=2.6x pos=v96 vwap=below ema=bear rs=-0.8% adx=22 body=65% O257.36 H257.7 L256.6 C256.64 ATR=11.27 SL=257.77/258.33 rawVol=80754 volSMA=30522 buf=0.564 prices=257.4
2025-11-03T09:30:00.000-05:00,[KLB] 9:30 ▲ ~ ~ PM L vol=3x pos=^99 vwap=above ema=bear rs=+0.5% adx=29 body=91% O257.7 H259.34 L257.54 C259.33 ATR=11.14 SL=258.22/257.66 rawVol=14750 volSMA=4973 buf=0.557 prices=257.22
2025-11-03T09:35:00.000-05:00,[KLB] 9:35 ▼ ~ ~ PM H + ~ Yest H vol=12.5x pos=v82 vwap=below ema=bear rs=-0.3% adx=29 body=34% O259.27 H260.88 L257.5 C258.12 ATR=11.14 SL=259.23/259.79 rawVol=161733 volSMA=12969 buf=0.557 prices=260.06/262.13
2025-11-03T09:40:00.000-05:00,[KLB] 9:40 ▼ BRK PM L + ORB L vol=9.1x pos=v84 vwap=below ema=bear rs=-0.7% adx=27 body=72% O258.12 H258.35 L256.48 C256.77 ATR=11.14 SL=257.88/258.44 rawVol=99814 volSMA=17816 buf=0.557 prices=257.22/257.5
2025-11-03T09:40:00.000-05:00,[KLB] 9:40 ▼ ~ ~ VWAP vol=9.1x pos=v84 vwap=below ema=bear rs=-0.7% adx=27 body=72% O258.12 H258.35 L256.48 C256.77 ATR=11.14 SL=257.88/258.44 rawVol=99814 volSMA=17816 buf=0.557 prices=
2025-11-03T09:40:00.000-05:00,"[KLB] 9:40 ▼ ◆ ◆¹ PM L 6.7x v87
◆¹ ORB L 6.7x v87 vol= pos= vwap=below ema=bear rs=-0.7% adx=27 body=72% O258.12 H258.35 L256.48 C256.77 ATR=11.14 SL=257.88/258.44 rawVol=99814 volSMA=17816 buf=0.557 prices="
2025-11-03T09:45:00.000-05:00,[KLB] 5m CHECK 9:45 ▼ pnl=0.01 → BAIL
2025-11-03T12:40:00.000-05:00,[KLB] CONF 12:40 ▼ BRK → ✗ (failed)
2025-11-03T12:45:00.000-05:00,[KLB] 12:45 ▲ ~~ ~~ PM L + ~~ ORB L vol=0.9x pos=^90 vwap=above ema=bear rs=-0.3% adx=21 body=90% O257.31 H257.91 L257.31 C257.85 ATR=11.14 SL=256.74/256.18 rawVol=20899 volSMA=23609 buf=0.557 prices=257.22/257.5
2025-11-03T12:50:00.000-05:00,"[KLB] 12:50 ▲ ~~ ~~ ORB L
~ VWAP vol=1.2x pos=^90 vwap=above ema=bear rs=-0.2% adx=22 body=57% O257.9 H258.23 L257.74 C258.18 ATR=11.14 SL=257.07/256.51 rawVol=28982 volSMA=24174 buf=0.557 prices=257.5"
2025-11-03T13:05:00.000-05:00,[KLB] 13:05 ▲ ~~ ~~ ORB L vol=0.6x pos=^70 vwap=above ema=bull rs=-0.3% adx=25 body=59% O257.79 H258.03 L257.76 C257.95 ATR=11.14 SL=256.84/256.28 rawVol=14598 volSMA=23237 buf=0.557 prices=257.5
2025-11-03T14:15:00.000-05:00,[KLB] 14:15 ▲ ~~ ~~ PM L vol=0.8x pos=^54 vwap=above ema=bull rs=-0.3% adx=24 body=37% O257.6 H258.07 L257.51 C257.81 ATR=11.14 SL=256.7/256.14 rawVol=16479 volSMA=22208 buf=0.557 prices=257.22
2025-11-03T14:25:00.000-05:00,[KLB] 14:25 ▲ ~~ ~~ PM L + ~~ ORB L vol=0.7x pos=^82 vwap=above ema=bull rs=-0.2% adx=21 body=48% O257.66 H257.95 L257.51 C257.87 ATR=11.14 SL=256.76/256.2 rawVol=13529 volSMA=20699 buf=0.557 prices=257.22/257.5
2025-11-04T09:35:00.000-05:00,[KLB] 9:35 ▼ BRK PM L + Week L vol=12.1x pos=v68 vwap=below ema=bear rs=-0.6% adx=56 body=50% O250.32 H250.96 L247.4 C248.53 ATR=10.85 SL=249.61/250.16 rawVol=231362 volSMA=19191 buf=0.542 prices=249.81/249.8
2025-11-04T09:35:00.000-05:00,[KLB] 9:35 ▼ ~ ~ VWAP vol=12.1x pos=v68 vwap=below ema=bear rs=-0.6% adx=56 body=50% O250.32 H250.96 L247.4 C248.53 ATR=10.85 SL=249.61/250.16 rawVol=231362 volSMA=19191 buf=0.542 prices=
2025-11-04T09:40:00.000-05:00,[KLB] 9:40 ▲ ~ ~ PM L + ~ Week L vol=5.2x pos=^98 vwap=above ema=bear rs=+0.7% adx=55 body=90% O248.58 H251.88 L248.28 C251.82 ATR=10.85 SL=250.74/250.19 rawVol=132468 volSMA=25670 buf=0.542 prices=249.81/249.8
2025-11-04T09:40:00.000-05:00,[KLB] CONF 9:40 ▼ BRK → ✗ (failed)
2025-11-04T09:45:00.000-05:00,[KLB] 9:45 ▲ ~ ~ VWAP vol=4.5x pos=^56 vwap=above ema=bear rs=+0.7% adx=52 body=39% O251.75 H253.31 L251.44 C252.48 ATR=10.85 SL=251.4/250.85 rawVol=144648 volSMA=32394 buf=0.542 prices=
2025-11-04T09:50:00.000-05:00,[KLB] 5m CHECK 9:50 ▲ pnl=0.16 → HOLD
2025-11-04T10:20:00.000-05:00,[KLB] 10:20 ▲ BRK PM H vol=1.5x pos=^70 vwap=above ema=bull rs=+1.9% adx=36 body=66% O255.23 H256.78 L255.17 C256.3 ATR=10.85 SL=255.22/254.67 rawVol=88747 volSMA=58964 buf=0.542 prices=255.83
2025-11-04T10:20:00.000-05:00,[KLB] 10:20 ▲ ◆ ◆¹ PM H 0.9x ^86 vol= pos= vwap=above ema=bull rs=+1.9% adx=36 body=66% O255.23 H256.78 L255.17 C256.3 ATR=10.85 SL=255.22/254.67 rawVol=88747 volSMA=58964 buf=0.542 prices=
2025-11-04T11:05:00.000-05:00,[KLB] CONF 11:05 ▲ BRK → ✗ (failed)
2025-11-05T09:35:00.000-05:00,[KLB] 9:35 ▲ BRK PM H vol=10.7x pos=^51 vwap=above ema=bull rs=+1.4% adx=40 body=47% O243.33 H249.77 L243.01 C246.48 ATR=10.95 SL=245.39/244.84 rawVol=331261 volSMA=31033 buf=0.547 prices=245.97
2025-11-05T09:35:00.000-05:00,[KLB] 9:35 ▲ ~ ~ VWAP vol=10.7x pos=^51 vwap=above ema=bull rs=+1.4% adx=40 body=47% O243.33 H249.77 L243.01 C246.48 ATR=10.95 SL=245.39/244.84 rawVol=331261 volSMA=31033 buf=0.547 prices=
2025-11-05T09:35:00.000-05:00,[KLB] 9:35 ▲ ◆ ◆¹ PM H 9.4x ^70 vol= pos= vwap=above ema=bull rs=+1.4% adx=40 body=47% O243.33 H249.77 L243.01 C246.48 ATR=10.95 SL=245.39/244.84 rawVol=331261 volSMA=31033 buf=0.547 prices=
2025-11-05T09:55:00.000-05:00,[KLB] 9:55 ▲ BRK ORB H vol=3.6x pos=^96 vwap=above ema=bull rs=+3.2% adx=46 body=91% O249.72 H251.98 L249.6 C251.88 ATR=10.95 SL=250.79/250.24 rawVol=261275 volSMA=73410 buf=0.547 prices=249.77
2025-11-05T09:55:00.000-05:00,[KLB] 9:55 ▲ ~ ~ Yest L + ~ Week L vol=3.6x pos=^96 vwap=above ema=bull rs=+3.2% adx=46 body=91% O249.72 H251.98 L249.6 C251.88 ATR=10.95 SL=250.79/250.24 rawVol=261275 volSMA=73410 buf=0.547 prices=247.39/249.8
2025-11-05T09:55:00.000-05:00,[KLB] CONF 9:55 ▲ BRK → ✓ (auto-promote)
2025-11-05T10:00:00.000-05:00,[KLB] 5m CHECK 10:00 ▲ pnl=-0.02 → BAIL
2025-11-05T10:00:00.000-05:00,[KLB] CONF 10:00 ▲ BRK → ✗ (failed)
2025-11-05T10:10:00.000-05:00,[KLB] 10:10 ▲ ~ ~ Yest L + ~ Week L vol=1.1x pos=^78 vwap=above ema=bull rs=+3.1% adx=49 body=77% O249.28 H252.42 L249.24 C251.73 ATR=10.95 SL=250.64/250.09 rawVol=100669 volSMA=91418 buf=0.547 prices=247.39/249.8
2025-11-05T11:00:00.000-05:00,[KLB] 11:00 ▲ ~ ~ Yest L + ~ Week L vol=1.3x pos=^87 vwap=above ema=bull rs=+2.9% adx=40 body=79% O249.3 H251.75 L249.1 C251.4 ATR=10.95 SL=250.31/249.76 rawVol=92791 volSMA=127206 buf=0.547 prices=247.39/249.8
2025-11-05T11:25:00.000-05:00,[KLB] 11:25 ▲ ~ ~ Yest L vol=0.3x pos=^69 vwap=above ema=bull rs=+2.4% adx=37 body=43% O249.68 H250.38 L249.43 C250.09 ATR=10.95 SL=249/248.45 rawVol=34074 volSMA=100925 buf=0.547 prices=247.39
2025-11-05T11:30:00.000-05:00,[KLB] 11:30 ▲ ~ ~ Yest L + ~ Week L vol=0.4x pos=^77 vwap=above ema=bull rs=+2.8% adx=36 body=74% O250.04 H251.52 L250 C251.17 ATR=10.95 SL=250.08/249.53 rawVol=38777 volSMA=94021 buf=0.547 prices=247.39/249.8
2025-11-06T09:35:00.000-05:00,[KLB] 9:35 ▼ BRK PM L vol=13.8x pos=v60 vwap=below ema=bear rs=-0.7% adx=39 body=51% O253.27 H253.52 L250.66 C251.8 ATR=11.37 SL=252.94/253.51 rawVol=132970 volSMA=9643 buf=0.568 prices=253.3
2025-11-06T09:40:00.000-05:00,[KLB] 9:40 ▼ BRK ORB L vol=8.3x pos=v90 vwap=below ema=bear rs=-1.3% adx=42 body=74% O251.8 H252.14 L250.02 C250.23 ATR=11.37 SL=251.37/251.94 rawVol=135732 volSMA=16357 buf=0.568 prices=250.66
2025-11-06T09:40:00.000-05:00,[KLB] 9:40 ▼ ~ ~ VWAP vol=8.3x pos=v90 vwap=below ema=bear rs=-1.3% adx=42 body=74% O251.8 H252.14 L250.02 C250.23 ATR=11.37 SL=251.37/251.94 rawVol=135732 volSMA=16357 buf=0.568 prices=
2025-11-06T09:40:00.000-05:00,[KLB] CONF 9:40 ▼ BRK → ✓ (auto-promote)
2025-11-06T09:40:00.000-05:00,[KLB] 9:40 ▼ ◆ ◆¹ ORB L 8.5x v73 vol= pos= vwap=below ema=bear rs=-1.3% adx=42 body=74% O251.8 H252.14 L250.02 C250.23 ATR=11.37 SL=251.37/251.94 rawVol=135732 volSMA=16357 buf=0.568 prices=
2025-11-06T09:45:00.000-05:00,[KLB] 9:45 ▼ BRK Week L vol=6x pos=v73 vwap=below ema=bear rs=-1.6% adx=45 body=66% O250.22 H250.34 L248.77 C249.19 ATR=11.37 SL=250.33/250.9 rawVol=138507 volSMA=23229 buf=0.568 prices=249.8
2025-11-06T09:45:00.000-05:00,[KLB] CONF 9:45 ▼ BRK → ✓★ (auto-promote)
2025-11-06T09:45:00.000-05:00,[KLB] 9:45 ▼ ◆ ◆¹ Week L 5.1x v96 vol= pos= vwap=below ema=bear rs=-1.6% adx=45 body=66% O250.22 H250.34 L248.77 C249.19 ATR=11.37 SL=250.33/250.9 rawVol=138507 volSMA=23229 buf=0.568 prices=
2025-11-06T09:50:00.000-05:00,[KLB] 5m CHECK 9:50 ▼ pnl=0.1 → HOLD
2025-11-06T10:05:00.000-05:00,[KLB] 10:05 ▼ BRK Yest L vol=4.3x pos=v83 vwap=below ema=bear rs=-4.2% adx=58 body=75% O244.2 H244.5 L240.86 C241.48 ATR=11.37 SL=242.62/243.19 rawVol=245180 volSMA=56695 buf=0.568 prices=242.81
2025-11-06T10:05:00.000-05:00,[KLB] CONF 10:05 ▼ BRK → ✓ (auto-promote)
2025-11-06T10:05:00.000-05:00,[KLB] 10:05 ▼ ◆ ◆¹ Yest L 2.7x v42 vol= pos= vwap=below ema=bear rs=-4.2% adx=58 body=75% O244.2 H244.5 L240.86 C241.48 ATR=11.37 SL=242.62/243.19 rawVol=245180 volSMA=56695 buf=0.568 prices=
2025-11-06T10:10:00.000-05:00,[KLB] 5m CHECK 10:10 ▼ pnl=-0.04 → BAIL
2025-11-06T13:40:00.000-05:00,[KLB] 13:40 ▲ ~ ~ VWAP vol=1.1x pos=^82 vwap=above ema=bear rs=-3.5% adx=31 body=82% O241.9 H242.9 L241.9 C242.72 ATR=11.37 SL=241.58/241.01 rawVol=49142 volSMA=46264 buf=0.568 prices=
2025-11-07T09:40:00.000-05:00,[KLB] 9:40 ▼ BRK PM L + ORB L vol=8.6x pos=v72 vwap=below ema=bear rs=-0.6% adx=32 body=68% O230.36 H230.46 L227.61 C228.42 ATR=12.03 SL=229.62/230.22 rawVol=177291 volSMA=28128 buf=0.601 prices=230.1/229.49
2025-11-07T09:40:00.000-05:00,[KLB] 9:40 ▼ ~ ~ VWAP vol=8.6x pos=v72 vwap=below ema=bear rs=-0.6% adx=32 body=68% O230.36 H230.46 L227.61 C228.42 ATR=12.03 SL=229.62/230.22 rawVol=177291 volSMA=28128 buf=0.601 prices=
2025-11-07T09:45:00.000-05:00,"[KLB] 9:45 ▼ ◆ ◆² PM L 3.7x v78
◆² ORB L 3.7x v78 vol= pos= vwap=below ema=bear rs=+0.4% adx=30 body=76% O228.42 H231.79 L228.3 C231.07 ATR=12.03 SL=232.27/232.87 rawVol=139804 volSMA=34551 buf=0.601 prices="
2025-11-07T09:50:00.000-05:00,[KLB] 9:50 ▼ BRK PM L vol=3.1x pos=v78 vwap=below ema=bear rs=-0.1% adx=29 body=60% O231.11 H231.56 L229.1 C229.64 ATR=12.03 SL=230.84/231.44 rawVol=127182 volSMA=40603 buf=0.601 prices=230.1
2025-11-07T09:50:00.000-05:00,[KLB] CONF 9:50 ▼ BRK → ✓ (auto-promote)
2025-11-07T09:55:00.000-05:00,[KLB] 5m CHECK 9:55 ▼ pnl=-0.12 → BAIL
2025-11-07T09:55:00.000-05:00,[KLB] CONF 9:55 ▼ BRK → ✗ (failed)
2025-11-07T10:00:00.000-05:00,[KLB] 10:00 ▲ ~ ~ VWAP vol=1.9x pos=^90 vwap=above ema=bear rs=+0.9% adx=27 body=71% O231.1 H232.64 L230.73 C232.45 ATR=12.03 SL=231.25/230.65 rawVol=89816 volSMA=49210 buf=0.601 prices=
2025-11-07T10:10:00.000-05:00,[KLB] 10:10 ▲ ~~ ~~ PM L + ~~ ORB L vol=2x pos=^98 vwap=above ema=bear rs=+0.6% adx=25 body=48% O230.63 H231.72 L229.52 C231.68 ATR=12.03 SL=230.48/229.88 rawVol=117880 volSMA=59744 buf=0.601 prices=230.1/229.49
2025-11-10T09:45:00.000-05:00,[KLB] 9:45 ▲ BRK ORB H vol=5.2x pos=^88 vwap=above ema=bull rs=+0.8% adx=26 body=78% O243.28 H244.96 L243.09 C244.73 ATR=12.1 SL=243.52/242.91 rawVol=182251 volSMA=34790 buf=0.605 prices=244.14
2025-11-10T09:45:00.000-05:00,[KLB] 9:45 ▲ ~ ~ VWAP vol=5.2x pos=^88 vwap=above ema=bull rs=+0.8% adx=26 body=78% O243.28 H244.96 L243.09 C244.73 ATR=12.1 SL=243.52/242.91 rawVol=182251 volSMA=34790 buf=0.605 prices=
2025-11-10T09:45:00.000-05:00,[KLB] 9:45 ▲ ◆ ◆¹ ORB H 12.6x ^83 vol= pos= vwap=above ema=bull rs=+0.8% adx=26 body=78% O243.28 H244.96 L243.09 C244.73 ATR=12.1 SL=243.52/242.91 rawVol=182251 volSMA=34790 buf=0.605 prices=
2025-11-10T09:55:00.000-05:00,[KLB] 5m CHECK 9:55 ▲ pnl=-0.03 → BAIL
2025-11-10T11:05:00.000-05:00,[KLB] 5m CHECK 11:05 ▼ pnl=0.03 → BAIL
2025-11-10T11:20:00.000-05:00,[KLB] CONF 11:20 ▲ BRK → ✗ (failed)
2025-11-10T11:25:00.000-05:00,"[KLB] 11:25 ▼ ~~ ~~ ORB H
~ VWAP vol=0.4x pos=v88 vwap=below ema=bull rs=+0.8% adx=33 body=73% O244.63 H244.86 L243.29 C243.48 ATR=12.1 SL=244.69/245.3 rawVol=35882 volSMA=95218 buf=0.605 prices=244.14"
2025-11-10T11:40:00.000-05:00,[KLB] 11:40 ▼ ~~ ~~ ORB H vol=0.4x pos=v99 vwap=below ema=bull rs=+0.6% adx=28 body=68% O243.65 H243.9 L243.08 C243.09 ATR=12.1 SL=244.3/244.91 rawVol=22553 volSMA=58954 buf=0.605 prices=244.14
2025-11-10T11:55:00.000-05:00,[KLB] 11:55 ▼ ~~ ~~ PM H vol=0.7x pos=v87 vwap=below ema=bull rs=+0.3% adx=27 body=64% O242.91 H243.11 L242.25 C242.36 ATR=12.1 SL=243.57/244.18 rawVol=36277 volSMA=53408 buf=0.605 prices=242.81
2025-11-11T09:30:00.000-05:00,[KLB] 9:30 ▼ ~ ~ VWAP vol=1.4x pos=v69 vwap=below ema=bear rs=-0.2% adx=23 body=67% O242.81 H242.84 L241.28 C241.77 ATR=12.33 SL=243/243.62 rawVol=3358 volSMA=2347 buf=0.617 prices=
2025-11-11T09:35:00.000-05:00,[KLB] 9:35 ▲ ~ ~ PM L + ~ Yest L vol=13.5x pos=^78 vwap=above ema=bear rs=+1.1% adx=23 body=73% O241.66 H245.19 L241.5 C244.36 ATR=12.33 SL=243.13/242.51 rawVol=92193 volSMA=6850 buf=0.617 prices=241.28/240.5
2025-11-11T09:55:00.000-05:00,[KLB] 9:55 ▼ ~ ~ Yest H vol=4x pos=v100 vwap=below ema=bear rs=+0.4% adx=24 body=100% O244.22 H244.22 L242.66 C242.66 ATR=12.33 SL=243.89/244.51 rawVol=69689 volSMA=21410 buf=0.617 prices=248.9
2025-11-11T10:15:00.000-05:00,[KLB] 10:15 ▼ BRK PM L + ORB L vol=1.7x pos=v80 vwap=below ema=bear rs=-0.4% adx=22 body=54% O241.66 H242.18 L240.15 C240.57 ATR=12.33 SL=241.8/242.42 rawVol=49696 volSMA=29873 buf=0.617 prices=241.28/241.5
2025-11-11T10:20:00.000-05:00,[KLB] 10:20 ▼ BRK Yest L vol=1.8x pos=v86 vwap=below ema=bear rs=-0.8% adx=23 body=66% O240.51 H240.86 L239.1 C239.34 ATR=12.33 SL=240.57/241.19 rawVol=60121 volSMA=32875 buf=0.617 prices=240.5
2025-11-11T10:20:00.000-05:00,[KLB] CONF 10:20 ▼ BRK → ✓ (auto-promote)
2025-11-11T10:20:00.000-05:00,[KLB] 10:20 ▼ ◆ ◆¹ Yest L 1.7x v28 vol= pos= vwap=below ema=bear rs=-0.8% adx=23 body=66% O240.51 H240.86 L239.1 C239.34 ATR=12.33 SL=240.57/241.19 rawVol=60121 volSMA=32875 buf=0.617 prices=
2025-11-11T10:25:00.000-05:00,[KLB] 5m CHECK 10:25 ▼ pnl=-0.06 → BAIL
2025-11-11T13:40:00.000-05:00,[KLB] CONF 13:40 ▼ BRK → ✗ (failed)
2025-11-12T09:35:00.000-05:00,[KLB] 9:35 ▲ BRK PM H vol=13.6x pos=^72 vwap=above ema=bull rs=+1.6% adx=36 body=69% O252.97 H258.64 L252.8 C257 ATR=12.44 SL=255.76/255.13 rawVol=760581 volSMA=55968 buf=0.622 prices=254.03
2025-11-12T09:35:00.000-05:00,[KLB] 9:35 ▲ ~ ~ VWAP vol=13.6x pos=^72 vwap=above ema=bull rs=+1.6% adx=36 body=69% O252.97 H258.64 L252.8 C257 ATR=12.44 SL=255.76/255.13 rawVol=760581 volSMA=55968 buf=0.622 prices=
2025-11-12T09:40:00.000-05:00,[KLB] 9:40 ▲ ◆ ◆² PM H 3.9x ^66 vol= pos= vwap=above ema=bull rs=+1% adx=38 body=51% O256.94 H257.96 L255.49 C255.67 ATR=12.44 SL=254.43/253.8 rawVol=273898 volSMA=68887 buf=0.622 prices=
2025-11-12T09:45:00.000-05:00,[KLB] CONF 9:45 ▲ BRK → ✗ (failed)
2025-11-12T09:50:00.000-05:00,"[KLB] 9:50 ▼ ~~ ~~ PM H
~ VWAP vol=3.3x pos=v87 vwap=below ema=bull rs=-0.6% adx=33 body=70% O254.01 H254.73 L250.5 C251.07 ATR=12.44 SL=252.31/252.94 rawVol=311047 volSMA=95515 buf=0.622 prices=254.03"
2025-11-12T09:50:00.000-05:00,[KLB] 5m CHECK 9:50 ▼ pnl=0.24 → HOLD
2025-11-12T10:05:00.000-05:00,[KLB] 10:05 ▲ BRK PM H vol=2.2x pos=^93 vwap=above ema=bull rs=+0.9% adx=28 body=92% O251.62 H255.5 L251.6 C255.21 ATR=12.44 SL=253.97/253.34 rawVol=285883 volSMA=127227 buf=0.622 prices=254.03
2025-11-12T10:05:00.000-05:00,[KLB] 10:05 ▲ ~ ~ ORB L vol=2.2x pos=^93 vwap=above ema=bull rs=+0.9% adx=28 body=92% O251.62 H255.5 L251.6 C255.21 ATR=12.44 SL=253.97/253.34 rawVol=285883 volSMA=127227 buf=0.622 prices=252.8
2025-11-12T10:15:00.000-05:00,[KLB] 10:15 ▲ BRK ORB H vol=2.4x pos=^89 vwap=above ema=bull rs=+3% adx=30 body=66% O258.32 H260.3 L257.7 C260.03 ATR=12.44 SL=258.78/258.16 rawVol=383873 volSMA=159130 buf=0.622 prices=258.64
2025-11-12T10:15:00.000-05:00,[KLB] CONF 10:15 ▲ BRK → ✓ (auto-promote)
2025-11-12T10:15:00.000-05:00,[KLB] 10:15 ▲ ◆ ◆¹ ORB H 1.4x ^11 vol= pos= vwap=above ema=bull rs=+3% adx=30 body=66% O258.32 H260.3 L257.7 C260.03 ATR=12.44 SL=258.78/258.16 rawVol=383873 volSMA=159130 buf=0.622 prices=
2025-11-12T10:20:00.000-05:00,[KLB] 5m CHECK 10:20 ▲ pnl=-0.07 → BAIL
2025-11-12T10:25:00.000-05:00,[KLB] 10:25 ▲ BRK Week H vol=1.8x pos=^69 vwap=above ema=bull rs=+3.6% adx=33 body=65% O259.16 H262.72 L259 C261.58 ATR=12.44 SL=260.34/259.71 rawVol=330323 volSMA=184959 buf=0.622 prices=260.91
2025-11-12T10:25:00.000-05:00,[KLB] CONF 10:25 ▲ BRK → ✓ (auto-promote)
2025-11-12T10:25:00.000-05:00,[KLB] 10:25 ▲ ◆ ◆¹ Week H 0.6x ^63 vol= pos= vwap=above ema=bull rs=+3.6% adx=33 body=65% O259.16 H262.72 L259 C261.58 ATR=12.44 SL=260.34/259.71 rawVol=330323 volSMA=184959 buf=0.622 prices=
2025-11-12T10:30:00.000-05:00,[KLB] 5m CHECK 10:30 ▲ pnl=0.02 → BAIL
2025-11-12T10:50:00.000-05:00,[KLB] CONF 10:50 ▲ BRK → ✗ (failed)
2025-11-13T09:45:00.000-05:00,[KLB] 9:45 ▼ BRK PM L + Yest L + ORB L vol=5.8x pos=v94 vwap=below ema=bear rs=-0.6% adx=45 body=92% O253.33 H253.42 L249.07 C249.32 ATR=13.41 SL=250.66/251.33 rawVol=251540 volSMA=43223 buf=0.67 prices=251.25/250/251.3
2025-11-13T09:45:00.000-05:00,"[KLB] 9:45 ▼ ~ ~ ORB H
~ VWAP vol=5.8x pos=v94 vwap=below ema=bear rs=-0.6% adx=45 body=92% O253.33 H253.42 L249.07 C249.32 ATR=13.41 SL=250.66/251.33 rawVol=251540 volSMA=43223 buf=0.67 prices=253.65"
2025-11-13T09:45:00.000-05:00,[KLB] 5m CHECK 9:45 ▲ pnl=-0.31 → BAIL
2025-11-13T09:45:00.000-05:00,"[KLB] 9:45 ▼ ◆ ◆¹ PM L 4.6x v25
◆¹ ORB L 4.6x v25 vol= pos= vwap=below ema=bear rs=-0.6% adx=45 body=92% O253.33 H253.42 L249.07 C249.32 ATR=13.41 SL=250.66/251.33 rawVol=251540 volSMA=43223 buf=0.67 prices="
2025-11-13T09:50:00.000-05:00,[KLB] CONF 9:50 ▼ BRK → ✗ (failed)
2025-11-13T09:55:00.000-05:00,[KLB] 9:55 ▲ ~~ ~~ PM L + ~~ Yest L + ~~ ORB L vol=3.3x pos=^78 vwap=above ema=bear rs=+0.8% adx=42 body=68% O251.2 H253.98 L250.89 C253.29 ATR=13.41 SL=251.95/251.28 rawVol=136197 volSMA=59610 buf=0.67 prices=251.25/250/251.3
2025-11-13T10:00:00.000-05:00,[KLB] 10:00 ▲ ~ ~ VWAP vol=2.6x pos=^88 vwap=above ema=bear rs=+1.4% adx=40 body=83% O253.31 H255.11 L253.22 C254.88 ATR=13.41 SL=253.54/252.87 rawVol=175951 volSMA=68255 buf=0.67 prices=
2025-11-13T13:30:00.000-05:00,[KLB] 13:30 ▼ BRK Yest L vol=2.4x pos=v89 vwap=below ema=bear rs=-0.4% adx=22 body=87% O249.87 H249.92 L247.8 C248.03 ATR=13.41 SL=249.37/250.04 rawVol=102648 volSMA=42684 buf=0.67 prices=250
2025-11-13T14:25:00.000-05:00,[KLB] 14:25 ▼ ◆ ◆¹² Yest L 1x v8 vol= pos= vwap=below ema=bear rs=-0.3% adx=34 body=64% O247.68 H248.73 L247.66 C248.36 ATR=13.41 SL=249.7/250.37 rawVol=36918 volSMA=50320 buf=0.67 prices=
2025-11-14T09:35:00.000-05:00,[KLB] 9:35 ▼ BRK PM L vol=13.7x pos=v80 vwap=below ema=bear rs=-1.3% adx=34 body=62% O240.01 H241.12 L235.1 C236.28 ATR=13.42 SL=237.62/238.29 rawVol=257286 volSMA=18827 buf=0.671 prices=238.28
2025-11-14T09:35:00.000-05:00,[KLB] 9:35 ▼ ~ ~ VWAP vol=13.7x pos=v80 vwap=below ema=bear rs=-1.3% adx=34 body=62% O240.01 H241.12 L235.1 C236.28 ATR=13.42 SL=237.62/238.29 rawVol=257286 volSMA=18827 buf=0.671 prices=
2025-11-14T09:40:00.000-05:00,[KLB] 9:40 ▲ ~ ~ PM L vol=7.6x pos=^94 vwap=above ema=bear rs=-0.2% adx=36 body=85% O236.32 H240.2 L235.96 C239.93 ATR=13.42 SL=238.59/237.92 rawVol=226642 volSMA=30010 buf=0.671 prices=238.28
2025-11-14T09:40:00.000-05:00,[KLB] CONF 9:40 ▼ BRK → ✗ (failed)
2025-11-14T09:50:00.000-05:00,[KLB] 9:50 ▲ ~ ~ VWAP vol=3.5x pos=^89 vwap=above ema=bear rs=+1.2% adx=34 body=87% O240.25 H244.25 L240.17 C243.8 ATR=13.42 SL=242.46/241.79 rawVol=150097 volSMA=42718 buf=0.671 prices=
2025-11-14T09:50:00.000-05:00,[KLB] 5m CHECK 9:50 ▲ pnl=0.26 → HOLD
2025-11-14T10:50:00.000-05:00,[KLB] 10:50 ▲ ~ ~ Yest L vol=1x pos=^75 vwap=above ema=bull rs=+2.5% adx=26 body=69% O246.22 H249.56 L246.01 C248.66 ATR=13.42 SL=247.32/246.65 rawVol=94477 volSMA=95708 buf=0.671 prices=246.06
2025-11-14T11:00:00.000-05:00,[KLB] 11:00 ▲ ~ ~ Yest L vol=0.5x pos=^99 vwap=above ema=bull rs=+2.7% adx=26 body=38% O248.32 H249.09 L247.09 C249.07 ATR=13.42 SL=247.73/247.06 rawVol=50172 volSMA=100086 buf=0.671 prices=246.06
2025-11-14T11:10:00.000-05:00,[KLB] 11:10 ▲ ~ ~ Yest L vol=0.3x pos=^97 vwap=above ema=bull rs=+2.5% adx=26 body=34% O247.88 H248.32 L247.13 C248.29 ATR=13.42 SL=246.94/246.27 rawVol=31454 volSMA=102697 buf=0.671 prices=246.06
2025-11-17T09:30:00.000-05:00,[KLB] 9:30 ▼ ~ ~ VWAP vol=2.1x pos=v100 vwap=below ema=bear rs=-0.3% adx=36 body=100% O244.4 H244.4 L242.77 C242.77 ATR=13.77 SL=244.15/244.84 rawVol=6157 volSMA=2944 buf=0.689 prices=
2025-11-17T09:45:00.000-05:00,[KLB] 5m CHECK 9:45 ▲ pnl=0.01 → BAIL
2025-11-17T09:50:00.000-05:00,[KLB] 9:50 ▲ ~ ~ VWAP vol=3.6x pos=^68 vwap=above ema=bear rs=+1.5% adx=34 body=67% O246.26 H248.02 L246.24 C247.45 ATR=13.77 SL=246.07/245.38 rawVol=90536 volSMA=25121 buf=0.689 prices=
2025-11-17T10:05:00.000-05:00,[KLB] 10:05 ▼ ~ ~ Yest H vol=3.9x pos=v96 vwap=below ema=bear rs=+0.9% adx=29 body=79% O247.88 H248.37 L245.5 C245.62 ATR=13.77 SL=247/247.69 rawVol=144663 volSMA=37522 buf=0.689 prices=253.44
2025-11-17T10:10:00.000-05:00,[KLB] 10:10 ▼ ~ ~ ORB H vol=3.4x pos=v90 vwap=below ema=bear rs=+0.6% adx=29 body=39% O245.56 H246.8 L244.4 C244.63 ATR=13.77 SL=246.01/246.7 rawVol=95106 volSMA=42247 buf=0.689 prices=245.08
2025-11-17T10:20:00.000-05:00,[KLB] 10:20 ▼ ~ ~ Yest H + ~ ORB H vol=1.4x pos=v94 vwap=below ema=bear rs=+0.5% adx=27 body=83% O247.3 H247.69 L244.14 C244.37 ATR=13.77 SL=245.75/246.44 rawVol=65870 volSMA=48162 buf=0.689 prices=253.44/245.08
2025-11-17T10:35:00.000-05:00,[KLB] 10:35 ▼ ~ ~ Yest H vol=0.9x pos=v66 vwap=below ema=bear rs=+0.7% adx=24 body=45% O246.29 H246.9 L243.98 C244.97 ATR=13.77 SL=246.34/247.03 rawVol=47425 volSMA=54103 buf=0.689 prices=253.44
2025-11-17T10:40:00.000-05:00,[KLB] 10:40 ▼ ~ ~ ORB H vol=0.9x pos=v60 vwap=below ema=bear rs=+0.7% adx=23 body=30% O244.95 H245.24 L244.28 C244.66 ATR=13.77 SL=246.04/246.73 rawVol=30240 volSMA=55499 buf=0.689 prices=245.08
2025-11-17T13:00:00.000-05:00,[KLB] 13:00 ▼ BRK PM L vol=1.5x pos=v100 vwap=below ema=bear rs=-0.3% adx=24 body=66% O242.2 H242.38 L241.85 C241.85 ATR=13.77 SL=243.23/243.92 rawVol=41428 volSMA=27498 buf=0.689 prices=242.77
2025-11-17T13:15:00.000-05:00,[KLB] 13:15 ▼ ◆ ◆⁴ PM L 1x v12 vol= pos= vwap=below ema=bear rs=-0.2% adx=29 body=35% O241.59 H242.22 L241.04 C242.01 ATR=13.77 SL=243.39/244.08 rawVol=35851 volSMA=24786 buf=0.689 prices=
2025-11-18T09:35:00.000-05:00,[KLB] 9:35 ▼ BRK PM L + Yest L vol=12.4x pos=v87 vwap=below ema=bear rs=-1.1% adx=37 body=57% O236.79 H238 L233.97 C234.48 ATR=13.62 SL=235.84/236.52 rawVol=103708 volSMA=8370 buf=0.681 prices=235.69/237.15
2025-11-18T09:35:00.000-05:00,[KLB] 9:35 ▼ ◆ ◆¹ PM L 12.7x v45 vol= pos= vwap=below ema=bear rs=-1.1% adx=37 body=57% O236.79 H238 L233.97 C234.48 ATR=13.62 SL=235.84/236.52 rawVol=103708 volSMA=8370 buf=0.681 prices=
2025-11-18T09:45:00.000-05:00,[KLB] 9:45 ▼ BRK Week L + ORB L vol=7.7x pos=v96 vwap=below ema=bear rs=-2.4% adx=42 body=92% O234.73 H234.91 L230.74 C230.91 ATR=13.62 SL=232.27/232.95 rawVol=169170 volSMA=21879 buf=0.681 prices=234.64/233.97
2025-11-18T09:45:00.000-05:00,[KLB] 9:45 ▼ ~ ~ VWAP vol=7.7x pos=v96 vwap=below ema=bear rs=-2.4% adx=42 body=92% O234.73 H234.91 L230.74 C230.91 ATR=13.62 SL=232.27/232.95 rawVol=169170 volSMA=21879 buf=0.681 prices=
2025-11-18T09:45:00.000-05:00,[KLB] CONF 9:45 ▼ BRK → ✓★ (auto-promote)
2025-11-18T09:50:00.000-05:00,[KLB] 5m CHECK 9:50 ▼ pnl=0.05 → BAIL
2025-11-18T11:30:00.000-05:00,[KLB] 11:30 ▲ ~ ~ VWAP vol=0.9x pos=^61 vwap=above ema=bear rs=-2.3% adx=38 body=60% O229.8 H231.86 L229.79 C231.05 ATR=13.62 SL=229.69/229.01 rawVol=66271 volSMA=71104 buf=0.681 prices=
2025-11-18T12:40:00.000-05:00,[KLB] 12:40 ▼ ◆ ◆³⁶ ORB L 2.9x v41 vol= pos= vwap=above ema=bear rs=-1.6% adx=19 body=95% O231.07 H232.76 L231.06 C232.68 ATR=13.62 SL=234.04/234.72 rawVol=41780 volSMA=33421 buf=0.681 prices=
2025-11-18T12:55:00.000-05:00,"[KLB] 12:55 ▼ ◆ ◆³⁹ Week L 1.2x v28
◆³⁶ ORB L 2.9x v41 vol= pos= vwap=above ema=bear rs=-1.6% adx=20 body=19% O233.2 H233.56 L232.48 C233.4 ATR=13.62 SL=234.76/235.44 rawVol=22685 volSMA=34891 buf=0.681 prices="
2025-11-18T13:10:00.000-05:00,[KLB] CONF 13:10 ▼ BRK → ✗ (failed)
2025-11-18T13:15:00.000-05:00,[KLB] 13:15 ▲ ~~ ~~ ORB L vol=0.8x pos=^74 vwap=above ema=bull rs=-1.2% adx=23 body=56% O234.1 H234.74 L233.96 C234.54 ATR=13.62 SL=233.18/232.5 rawVol=26094 volSMA=31374 buf=0.681 prices=233.97
2025-11-19T09:45:00.000-05:00,[KLB] 9:45 ▼ ~ ~ ORB H vol=5.8x pos=v87 vwap=below ema=bear rs=-1.2% adx=21 body=55% O229.32 H229.88 L228.11 C228.34 ATR=13.78 SL=229.72/230.41 rawVol=78794 volSMA=13616 buf=0.689 prices=230.29
2025-11-19T09:55:00.000-05:00,[KLB] 9:55 ▲ ~ ~ PM L + ~ Yest L vol=3.3x pos=^95 vwap=above ema=bear rs=-0.3% adx=23 body=56% O229.47 H230.92 L228.52 C230.81 ATR=13.78 SL=229.43/228.74 rawVol=61680 volSMA=18830 buf=0.689 prices=228.5/224.71
2025-11-19T10:00:00.000-05:00,[KLB] 10:00 ▲ ~ ~ Yest L vol=2.8x pos=^83 vwap=above ema=bear rs=-0.3% adx=22 body=38% O230.74 H231.56 L230.05 C231.31 ATR=13.78 SL=229.93/229.24 rawVol=59995 volSMA=21650 buf=0.689 prices=224.71
2025-11-19T11:15:00.000-05:00,[KLB] 11:15 ▼ ~ ~ ORB H vol=0.7x pos=v70 vwap=below ema=bull rs=-0.7% adx=24 body=68% O229.89 H229.91 L229 C229.27 ATR=13.78 SL=230.65/231.34 rawVol=31731 volSMA=50127 buf=0.689 prices=230.29
2025-11-19T12:05:00.000-05:00,[KLB] 12:05 ▼ BRK ORB L vol=1.5x pos=v96 vwap=below ema=bear rs=-2.3% adx=35 body=93% O227.56 H227.65 L225 C225.1 ATR=13.78 SL=226.48/227.17 rawVol=55749 volSMA=36924 buf=0.689 prices=227.95
2025-11-20T11:45:00.000-05:00,[KLB] 11:45 ▼ BRK Yest L vol=1.9x pos=v87 vwap=below ema=bear rs=-5% adx=37 body=86% O219.76 H219.77 L218 C218.23 ATR=13.9 SL=219.62/220.32 rawVol=93092 volSMA=60364 buf=0.695 prices=219.71
2025-11-20T11:45:00.000-05:00,[KLB] 11:45 ▼ ◆ ◆¹ Yest L 1x v37 vol= pos= vwap=below ema=bear rs=-5% adx=37 body=86% O219.76 H219.77 L218 C218.23 ATR=13.9 SL=219.62/220.32 rawVol=93092 volSMA=60364 buf=0.695 prices=
2025-11-21T09:30:00.000-05:00,[KLB] 9:30 ▲ ~ ~ VWAP vol=1.7x pos=^92 vwap=above ema=bull rs=+0.4% adx=26 body=62% O207.59 H208.96 L207 C208.8 ATR=15.03 SL=207.3/206.55 rawVol=12430 volSMA=7258 buf=0.752 prices=
2025-11-21T09:35:00.000-05:00,[KLB] 9:35 ▼ ~ ~ PM H vol=10.8x pos=v88 vwap=below ema=bull rs=-1.8% adx=25 body=83% O208.58 H208.75 L204.77 C205.26 ATR=15.03 SL=206.76/207.51 rawVol=164844 volSMA=15309 buf=0.752 prices=209.1
2025-11-21T09:40:00.000-05:00,[KLB] 9:40 ▼ ~ ~ VWAP vol=7.3x pos=v86 vwap=below ema=bull rs=-2.6% adx=25 body=63% O205.26 H206.04 L202.67 C203.15 ATR=15.03 SL=204.65/205.4 rawVol=147955 volSMA=22463 buf=0.752 prices=
2025-11-21T09:45:00.000-05:00,[KLB] 5m CHECK 9:45 ▼ pnl=0.04 → BAIL
2025-11-21T14:00:00.000-05:00,[KLB] 14:00 ▲ ~ ~ ORB L vol=1x pos=^64 vwap=above ema=bull rs=-2.7% adx=20 body=43% O204.88 H206.01 L204.58 C205.49 ATR=15.03 SL=203.99/203.24 rawVol=46076 volSMA=44235 buf=0.752 prices=204.77
2025-11-21T14:05:00.000-05:00,[KLB] 14:05 ▲ ~ ~ Yest L vol=1.2x pos=^86 vwap=above ema=bull rs=-2.4% adx=22 body=68% O205.49 H206.55 L205.26 C206.37 ATR=15.03 SL=204.87/204.12 rawVol=56435 volSMA=45416 buf=0.752 prices=204.53
2025-11-21T14:20:00.000-05:00,[KLB] 14:20 ▲ ~ ~ Yest L vol=1.1x pos=^68 vwap=above ema=bull rs=-2.5% adx=25 body=37% O205.94 H206.67 L205.61 C206.33 ATR=15.03 SL=204.83/204.08 rawVol=46961 volSMA=42355 buf=0.752 prices=204.53
2025-11-21T15:00:00.000-05:00,[KLB] 15:00 ▲ ~ ~ ORB L vol=0.5x pos=^79 vwap=above ema=bull rs=-2.5% adx=24 body=36% O205.45 H205.89 L205.11 C205.73 ATR=15.03 SL=204.23/203.48 rawVol=21743 volSMA=44419 buf=0.752 prices=204.77
2025-11-21T15:10:00.000-05:00,[KLB] 15:10 ▲ ~ ~ Yest L vol=0.9x pos=^74 vwap=above ema=bull rs=-2.3% adx=22 body=51% O205.68 H206.36 L205.47 C206.13 ATR=15.03 SL=204.63/203.88 rawVol=32930 volSMA=45216 buf=0.752 prices=204.53
2025-11-24T09:35:00.000-05:00,[KLB] 9:35 ▲ BRK PM H + Yest H vol=12.7x pos=^88 vwap=above ema=bull rs=+0.8% adx=20 body=61% O207.01 H210.16 L205.85 C209.63 ATR=14.95 SL=208.14/207.39 rawVol=120493 volSMA=9462 buf=0.747 prices=207.15/208.83
2025-11-24T09:35:00.000-05:00,[KLB] 9:35 ▲ ~ ~ VWAP vol=12.7x pos=^88 vwap=above ema=bull rs=+0.8% adx=20 body=61% O207.01 H210.16 L205.85 C209.63 ATR=14.95 SL=208.14/207.39 rawVol=120493 volSMA=9462 buf=0.747 prices=
2025-11-24T09:35:00.000-05:00,[KLB] 9:35 ▲ ◆ ◆¹ Yest H 10.6x ^88 vol= pos= vwap=above ema=bull rs=+0.8% adx=20 body=61% O207.01 H210.16 L205.85 C209.63 ATR=14.95 SL=208.14/207.39 rawVol=120493 volSMA=9462 buf=0.747 prices=
2025-11-24T09:45:00.000-05:00,[KLB] 5m CHECK 9:45 ▲ pnl=-0.04 → BAIL
2025-11-24T09:50:00.000-05:00,[KLB] 9:50 ▲ BRK ORB H vol=3.9x pos=^47 vwap=above ema=bull rs=+2% adx=31 body=47% O209.82 H212.92 L209.82 C211.27 ATR=14.95 SL=209.78/209.03 rawVol=100578 volSMA=25911 buf=0.747 prices=210.16
2025-11-24T09:50:00.000-05:00,[KLB] CONF 9:50 ▲ BRK → ✓★ (auto-promote)
2025-11-24T09:50:00.000-05:00,[KLB] 9:50 ▲ ◆ ◆¹ ORB H 3.2x ^26 vol= pos= vwap=above ema=bull rs=+2% adx=31 body=47% O209.82 H212.92 L209.82 C211.27 ATR=14.95 SL=209.78/209.03 rawVol=100578 volSMA=25911 buf=0.747 prices=
2025-11-24T09:55:00.000-05:00,[KLB] 5m CHECK 9:55 ▲ pnl=-0.04 → BAIL
2025-11-25T09:35:00.000-05:00,[KLB] 9:35 ▼ BRK PM L vol=9.2x pos=v87 vwap=below ema=bear rs=-1.8% adx=44 body=56% O201.48 H203.29 L197.33 C198.13 ATR=14.83 SL=199.61/200.35 rawVol=352520 volSMA=38458 buf=0.742 prices=198.74
2025-11-25T09:35:00.000-05:00,[KLB] 9:35 ▼ ~ ~ VWAP vol=9.2x pos=v87 vwap=below ema=bear rs=-1.8% adx=44 body=56% O201.48 H203.29 L197.33 C198.13 ATR=14.83 SL=199.61/200.35 rawVol=352520 volSMA=38458 buf=0.742 prices=
2025-11-25T09:35:00.000-05:00,[KLB] 9:35 ▼ ◆ ◆¹ PM L 4.9x v85 vol= pos= vwap=below ema=bear rs=-1.8% adx=44 body=56% O201.48 H203.29 L197.33 C198.13 ATR=14.83 SL=199.61/200.35 rawVol=352520 volSMA=38458 buf=0.742 prices=
2025-11-25T09:45:00.000-05:00,[KLB] 5m CHECK 9:45 ▼ pnl=0 → BAIL
2025-11-25T09:50:00.000-05:00,[KLB] 9:50 ▼ BRK ORB L vol=4.3x pos=v88 vwap=below ema=bear rs=-2.8% adx=48 body=86% O198.01 H198.08 L194.33 C194.78 ATR=14.83 SL=196.26/197 rawVol=286800 volSMA=67136 buf=0.742 prices=197.33
2025-11-25T09:50:00.000-05:00,[KLB] CONF 9:50 ▼ BRK → ✓★ (auto-promote)
2025-11-25T09:50:00.000-05:00,[KLB] 9:50 ▼ ◆ ◆¹ ORB L 2.3x v18 vol= pos= vwap=below ema=bear rs=-2.8% adx=48 body=86% O198.01 H198.08 L194.33 C194.78 ATR=14.83 SL=196.26/197 rawVol=286800 volSMA=67136 buf=0.742 prices=
2025-11-25T09:55:00.000-05:00,[KLB] 5m CHECK 9:55 ▼ pnl=-0.18 → BAIL
2025-11-25T09:55:00.000-05:00,[KLB] CONF 9:55 ▼ BRK → ✗ (failed)
2025-11-25T11:00:00.000-05:00,[KLB] 11:00 ▲ ~~ ~~ PM L vol=0.6x pos=^68 vwap=above ema=bear rs=-1.3% adx=43 body=53% O198.17 H199.82 L197.88 C199.19 ATR=14.83 SL=197.71/196.97 rawVol=72315 volSMA=116781 buf=0.742 prices=198.74
2025-11-26T09:40:00.000-05:00,[KLB] 9:40 ▼ ~ ~ PM H + ~ ORB H vol=6.3x pos=v94 vwap=below ema=bull rs=-0.6% adx=54 body=37% O210.5 H212.81 L208.75 C209 ATR=15.26 SL=210.53/211.29 rawVol=213833 volSMA=33772 buf=0.763 prices=212.48/210.94
2025-11-26T10:10:00.000-05:00,"[KLB] 10:10 ▲ ~ ~ ORB L
~ VWAP vol=1.5x pos=^85 vwap=above ema=bull rs=+0.3% adx=49 body=73% O209.07 H211.29 L208.75 C210.92 ATR=15.26 SL=209.39/208.63 rawVol=86722 volSMA=59416 buf=0.763 prices=209.1"
2025-11-26T11:25:00.000-05:00,[KLB] 11:25 ▲ BRK PM H vol=1.7x pos=^100 vwap=above ema=bull rs=+1.3% adx=46 body=100% O212.36 H213.7 L212.36 C213.7 ATR=15.26 SL=212.17/211.41 rawVol=105413 volSMA=61660 buf=0.763 prices=212.48
2025-11-26T11:45:00.000-05:00,[KLB] 11:45 ▲ ◆ ◆⁵ PM H 0.5x ^13 vol= pos= vwap=above ema=bull rs=+1.1% adx=47 body=52% O213.03 H213.8 L212.98 C213.46 ATR=15.26 SL=211.93/211.17 rawVol=21556 volSMA=54059 buf=0.763 prices=
2025-11-28T09:30:00.000-05:00,[KLB] 9:30 ▲ BRK Yest H vol=1.6x pos=^87 vwap=above ema=bull rs=+0.3% adx=33 body=87% O215.25 H216.46 L215.25 C216.3 ATR=14.84 SL=214.82/214.07 rawVol=4190 volSMA=2543 buf=0.742 prices=215.59
2025-11-28T09:30:00.000-05:00,[KLB] 9:30 ▲ ◆ ◆¹ Yest H 38.9x ^89 vol= pos= vwap=above ema=bull rs=+0.3% adx=33 body=87% O215.25 H216.46 L215.25 C216.3 ATR=14.84 SL=214.82/214.07 rawVol=4190 volSMA=2543 buf=0.742 prices=
2025-11-28T09:35:00.000-05:00,[KLB] CONF 9:35 ▲ BRK → ✗ (failed)
2025-11-28T09:40:00.000-05:00,[KLB] 9:40 ▼ ~ ~ ORB H vol=6.5x pos=v98 vwap=below ema=bull rs=-0.6% adx=33 body=90% O216.59 H216.72 L214.97 C215.01 ATR=14.84 SL=216.49/217.24 rawVol=70489 volSMA=10808 buf=0.742 prices=216.95
2025-11-28T09:50:00.000-05:00,[KLB] 9:50 ▲ BRK ORB H vol=4.7x pos=^95 vwap=above ema=bull rs=+0.7% adx=32 body=91% O215.59 H217.94 L215.49 C217.81 ATR=14.84 SL=216.33/215.58 rawVol=71589 volSMA=18455 buf=0.742 prices=216.95
2025-11-28T09:50:00.000-05:00,[KLB] 9:50 ▲ ~ ~ VWAP vol=4.7x pos=^95 vwap=above ema=bull rs=+0.7% adx=32 body=91% O215.59 H217.94 L215.49 C217.81 ATR=14.84 SL=216.33/215.58 rawVol=71589 volSMA=18455 buf=0.742 prices=
2025-11-28T09:50:00.000-05:00,[KLB] 9:50 ▲ ◆ ◆¹ ORB H 3x ^98 vol= pos= vwap=above ema=bull rs=+0.7% adx=32 body=91% O215.59 H217.94 L215.49 C217.81 ATR=14.84 SL=216.33/215.58 rawVol=71589 volSMA=18455 buf=0.742 prices=
2025-11-28T09:55:00.000-05:00,[KLB] CONF 9:55 ▲ BRK → ✗ (failed)
2025-11-28T10:40:00.000-05:00,[KLB] 10:40 ▼ ~~ ~~ ORB H vol=1x pos=v57 vwap=below ema=bull rs=-0.1% adx=23 body=40% O216.65 H216.84 L215.71 C216.2 ATR=14.84 SL=217.68/218.43 rawVol=38161 volSMA=37186 buf=0.742 prices=216.95
2025-11-28T11:00:00.000-05:00,[KLB] 11:00 ▼ ~~ ~~ ORB H vol=0.4x pos=v71 vwap=below ema=bull rs=-0.1% adx=24 body=57% O216.7 H216.78 L216.2 C216.37 ATR=14.84 SL=217.85/218.6 rawVol=14563 volSMA=41024 buf=0.742 prices=216.95
2025-11-28T11:05:00.000-05:00,[KLB] 11:05 ▼ ~~ ~~ ORB H vol=0.6x pos=v61 vwap=below ema=bull rs=-0.2% adx=24 body=35% O216.37 H216.52 L215.95 C216.17 ATR=14.84 SL=217.65/218.4 rawVol=24678 volSMA=42160 buf=0.742 prices=216.95
2025-11-28T11:25:00.000-05:00,[KLB] 11:25 ▼ ~~ ~~ ORB H vol=0.7x pos=v78 vwap=below ema=bull rs=-0.2% adx=22 body=78% O216.91 H216.91 L216 C216.2 ATR=14.84 SL=217.68/218.43 rawVol=21998 volSMA=33841 buf=0.742 prices=216.95
2025-12-01T09:45:00.000-05:00,[KLB] 9:45 ▲ ~ ~ Yest L vol=5.5x pos=^100 vwap=above ema=bear rs=+1.2% adx=39 body=59% O215.6 H216.55 L214.93 C216.55 ATR=14.09 SL=215.14/214.44 rawVol=77202 volSMA=13912 buf=0.704 prices=214.02
2025-12-01T09:50:00.000-05:00,[KLB] 9:50 ▲ BRK PM H + Yest H + Week H vol=8.1x pos=^99 vwap=above ema=bull rs=+2.4% adx=42 body=91% O216.6 H219.46 L216.36 C219.42 ATR=14.09 SL=218.01/217.31 rawVol=189842 volSMA=23351 buf=0.704 prices=216.36/218.3/218.3
2025-12-01T09:50:00.000-05:00,[KLB] 9:50 ▲ ~ ~ VWAP vol=8.1x pos=^99 vwap=above ema=bull rs=+2.4% adx=42 body=91% O216.6 H219.46 L216.36 C219.42 ATR=14.09 SL=218.01/217.31 rawVol=189842 volSMA=23351 buf=0.704 prices=
2025-12-01T09:50:00.000-05:00,"[KLB] 9:50 ▲ ◆ ◆¹ Yest H 3.8x ^75
◆¹ Week H 3.8x ^75 vol= pos= vwap=above ema=bull rs=+2.4% adx=42 body=91% O216.6 H219.46 L216.36 C219.42 ATR=14.09 SL=218.01/217.31 rawVol=189842 volSMA=23351 buf=0.704 prices="
2025-12-01T10:05:00.000-05:00,[KLB] CONF 10:05 ▲ BRK → ✗ (failed)
2025-12-01T10:15:00.000-05:00,[KLB] 10:15 ▼ ~~ ~~ Yest H + ~~ Week H vol=1.3x pos=v99 vwap=below ema=bull rs=+1% adx=45 body=84% O217.7 H217.9 L216.6 C216.61 ATR=14.09 SL=218.02/218.72 rawVol=51591 volSMA=40611 buf=0.704 prices=218.3/218.3
2025-12-01T10:35:00.000-05:00,[KLB] 10:35 ▼ ~~ ~~ Yest H vol=0.6x pos=v83 vwap=below ema=bull rs=+1.3% adx=39 body=37% O217.22 H217.86 L216.47 C216.7 ATR=14.09 SL=218.11/218.81 rawVol=26399 volSMA=46824 buf=0.704 prices=218.3
2025-12-01T11:15:00.000-05:00,[KLB] 11:15 ▼ ~~ ~~ Yest H vol=0.6x pos=v66 vwap=below ema=bull rs=+1.2% adx=32 body=49% O217.48 H217.62 L216.8 C217.08 ATR=14.09 SL=218.49/219.19 rawVol=29783 volSMA=52675 buf=0.704 prices=218.3
2025-12-02T09:40:00.000-05:00,[KLB] 9:40 ▲ BRK PM H + ORB H vol=9.1x pos=^79 vwap=above ema=bull rs=+1% adx=41 body=63% O223.48 H224.55 L223.28 C224.28 ATR=13.62 SL=222.92/222.24 rawVol=84545 volSMA=13941 buf=0.681 prices=223.4/223.78
2025-12-02T09:40:00.000-05:00,[KLB] 9:40 ▲ ◆ ◆¹ ORB H 8.9x ^100 vol= pos= vwap=above ema=bull rs=+1% adx=41 body=63% O223.48 H224.55 L223.28 C224.28 ATR=13.62 SL=222.92/222.24 rawVol=84545 volSMA=13941 buf=0.681 prices=
2025-12-02T09:45:00.000-05:00,[KLB] 9:45 ▲ ~ ~ VWAP vol=6.2x pos=^100 vwap=above ema=bull rs=+1.7% adx=38 body=76% O224.31 H225.7 L223.87 C225.7 ATR=13.62 SL=224.34/223.66 rawVol=124636 volSMA=20112 buf=0.681 prices=
2025-12-02T09:45:00.000-05:00,[KLB] 5m CHECK 9:45 ▲ pnl=0.1 → HOLD
2025-12-02T09:50:00.000-05:00,"[KLB] 9:50 ▲ ◆ ◆³ PM H 4.2x ^12
◆¹ ORB H 8.9x ^100 vol= pos= vwap=above ema=bull rs=+1.5% adx=36 body=39% O225.7 H225.98 L224.39 C225.09 ATR=13.62 SL=223.72/223.04 rawVol=85841 volSMA=24317 buf=0.681 prices="
2025-12-02T10:05:00.000-05:00,[KLB] CONF 10:05 ▲ BRK → ✗ (failed)
2025-12-02T10:10:00.000-05:00,[KLB] 10:10 ▼ ~~ ~~ ORB H vol=1.5x pos=v97 vwap=below ema=bull rs=+0.5% adx=29 body=88% O224.63 H224.78 L223.24 C223.28 ATR=13.62 SL=224.64/225.32 rawVol=57804 volSMA=38226 buf=0.681 prices=223.78
2025-12-02T10:15:00.000-05:00,[KLB] 10:15 ▼ ~~ ~~ PM H vol=1.6x pos=v34 vwap=below ema=bull rs=+0.3% adx=28 body=34% O223.26 H223.26 L222.1 C222.87 ATR=13.62 SL=224.23/224.91 rawVol=67135 volSMA=41463 buf=0.681 prices=223.4
2025-12-02T10:30:00.000-05:00,[KLB] 10:30 ▼ ~~ ~~ PM H vol=1.1x pos=v83 vwap=below ema=bull rs=+0.3% adx=27 body=50% O222.94 H223.3 L222.19 C222.38 ATR=13.62 SL=223.74/224.42 rawVol=49493 volSMA=46434 buf=0.681 prices=223.4
2025-12-02T10:35:00.000-05:00,[KLB] 10:35 ▼ ~ ~ VWAP vol=1x pos=v54 vwap=below ema=bull rs=+0.2% adx=27 body=38% O222.3 H222.45 L221.51 C221.94 ATR=13.62 SL=223.3/223.98 rawVol=37430 volSMA=48061 buf=0.681 prices=
2025-12-02T10:55:00.000-05:00,[KLB] 10:55 ▼ ~~ ~~ ORB H vol=0.5x pos=v74 vwap=below ema=bull rs=+0.5% adx=23 body=44% O223.67 H223.91 L223.13 C223.33 ATR=13.62 SL=224.69/225.37 rawVol=24845 volSMA=53304 buf=0.681 prices=223.78
2025-12-02T11:00:00.000-05:00,[KLB] 11:00 ▼ ~~ ~~ PM H + ~~ ORB H vol=0.6x pos=v95 vwap=below ema=bull rs=+0% adx=22 body=94% O223.36 H223.38 L222.27 C222.32 ATR=13.62 SL=223.68/224.36 rawVol=34872 volSMA=54974 buf=0.681 prices=223.4/223.78
2025-12-02T11:05:00.000-05:00,[KLB] 11:05 ▼ ~ ~ Yest H vol=2x pos=v93 vwap=below ema=bull rs=-1.6% adx=24 body=92% O222.32 H222.36 L218.47 C218.75 ATR=13.62 SL=220.11/220.79 rawVol=124266 volSMA=61150 buf=0.681 prices=220.98
2025-12-02T11:25:00.000-05:00,[KLB] 11:25 ▼ ~~ ~~ Week H vol=1.2x pos=v90 vwap=below ema=bear rs=-2.2% adx=32 body=78% O218.1 H218.37 L216.17 C216.39 ATR=13.62 SL=217.75/218.43 rawVol=75770 volSMA=62635 buf=0.681 prices=218.3
2025-12-02T11:45:00.000-05:00,[KLB] 11:45 ▼ ~~ ~~ Week H vol=0.5x pos=v100 vwap=below ema=bear rs=-1.8% adx=35 body=56% O218.04 H218.64 L217.28 C217.28 ATR=13.62 SL=218.64/219.32 rawVol=25273 volSMA=53407 buf=0.681 prices=218.3
2025-12-02T12:00:00.000-05:00,[KLB] 12:00 ▼ ~~ ~~ Week H vol=0.5x pos=v68 vwap=below ema=bear rs=-1.7% adx=34 body=48% O218.25 H218.49 L217.29 C217.67 ATR=13.62 SL=219.03/219.71 rawVol=23478 volSMA=49963 buf=0.681 prices=218.3
2025-12-02T12:10:00.000-05:00,[KLB] 12:10 ▼ ~~ ~~ Week H vol=0.6x pos=v72 vwap=below ema=bear rs=-1.8% adx=33 body=49% O217.77 H217.94 L217.2 C217.41 ATR=13.62 SL=218.77/219.45 rawVol=30512 volSMA=48809 buf=0.681 prices=218.3
2025-12-02T12:55:00.000-05:00,[KLB] 12:55 ▼ ~~ ~~ Week H vol=0.8x pos=v64 vwap=below ema=bear rs=-1.8% adx=25 body=43% O217.93 H218.09 L217.34 C217.61 ATR=13.62 SL=218.97/219.65 rawVol=19358 volSMA=29566 buf=0.681 prices=218.3
2025-12-03T09:30:00.000-05:00,[KLB] 9:30 ▲ ~ ~ Yest L vol=1.9x pos=^80 vwap=above ema=bear rs=-0.1% adx=26 body=72% O214.68 H216.75 L214.5 C216.3 ATR=13.47 SL=214.95/214.28 rawVol=14589 volSMA=7609 buf=0.674 prices=214.39
2025-12-03T09:40:00.000-05:00,[KLB] 9:40 ▼ BRK PM L + Yest L + ORB L vol=7.2x pos=v88 vwap=below ema=bear rs=-1.9% adx=25 body=80% O214.59 H214.82 L211.78 C212.16 ATR=13.47 SL=213.51/214.18 rawVol=131624 volSMA=18275 buf=0.674 prices=213/214.39/213.87
2025-12-03T09:40:00.000-05:00,[KLB] 9:40 ▼ ~ ~ VWAP vol=7.2x pos=v88 vwap=below ema=bear rs=-1.9% adx=25 body=80% O214.59 H214.82 L211.78 C212.16 ATR=13.47 SL=213.51/214.18 rawVol=131624 volSMA=18275 buf=0.674 prices=
2025-12-03T09:40:00.000-05:00,"[KLB] 9:40 ▼ ◆ ◆¹ PM L 3.7x v30
◆¹ ORB L 3.7x v30 vol= pos= vwap=below ema=bear rs=-1.9% adx=25 body=80% O214.59 H214.82 L211.78 C212.16 ATR=13.47 SL=213.51/214.18 rawVol=131624 volSMA=18275 buf=0.674 prices="
2025-12-03T09:45:00.000-05:00,[KLB] CONF 9:45 ▼ BRK → ✗ (failed)
2025-12-03T09:55:00.000-05:00,[KLB] 5m CHECK 9:55 ▲ pnl=0.03 → BAIL
2025-12-03T10:00:00.000-05:00,[KLB] 10:00 ▲ ~~ ~~ ORB L vol=1.5x pos=^81 vwap=above ema=bear rs=-0.7% adx=25 body=37% O214.35 H214.97 L213.85 C214.76 ATR=13.47 SL=213.41/212.74 rawVol=21910 volSMA=26425 buf=0.674 prices=213.87
2025-12-03T10:05:00.000-05:00,"[KLB] 10:05 ▲ ~~ ~~ Yest L
~ VWAP vol=2.5x pos=^99 vwap=above ema=bear rs=-0.1% adx=23 body=89% O214.83 H216.59 L214.64 C216.57 ATR=13.47 SL=215.22/214.55 rawVol=76895 volSMA=30204 buf=0.674 prices=214.39"
2025-12-04T09:40:00.000-05:00,[KLB] 9:40 ▲ ~ ~ PM L + ~ Yest L + ~ ORB L vol=7.1x pos=^61 vwap=above ema=bear rs=+0.1% adx=28 body=57% O215.78 H217.57 L215.7 C216.84 ATR=12.97 SL=215.54/214.89 rawVol=53272 volSMA=7476 buf=0.648 prices=215.94/211.77/215.78
2025-12-04T09:50:00.000-05:00,[KLB] 9:50 ▼ ~ ~ PM H + ~ Yest H + ~ Week H + ~ ORB H vol=4.1x pos=v98 vwap=below ema=bear rs=+0% adx=26 body=33% O217.1 H218.48 L216.35 C216.4 ATR=12.97 SL=217.7/218.35 rawVol=50074 volSMA=12324 buf=0.648 prices=217.9/218.2/218.3/217.37
2025-12-04T09:50:00.000-05:00,[KLB] 5m CHECK 9:50 ▲ pnl=-0.06 → BAIL
2025-12-04T09:55:00.000-05:00,[KLB] 9:55 ▼ BRK PM L + ORB L vol=4.1x pos=v75 vwap=below ema=bear rs=-0.4% adx=25 body=61% O216.36 H216.59 L214.96 C215.37 ATR=12.97 SL=216.67/217.32 rawVol=64201 volSMA=15493 buf=0.648 prices=215.94/215.78
2025-12-04T09:55:00.000-05:00,"[KLB] 9:55 ▼ ◆ ◆¹ PM L 2.9x v35
◆¹ ORB L 2.9x v35 vol= pos= vwap=below ema=bear rs=-0.4% adx=25 body=61% O216.36 H216.59 L214.96 C215.37 ATR=12.97 SL=216.67/217.32 rawVol=64201 volSMA=15493 buf=0.648 prices="
2025-12-04T10:20:00.000-05:00,[KLB] CONF 10:20 ▼ BRK → ✗ (failed)
2025-12-04T10:25:00.000-05:00,[KLB] 10:25 ▲ ~~ ~~ PM L + ~ Yest L + ~~ ORB L vol=1.7x pos=^82 vwap=above ema=bear rs=+0.2% adx=22 body=82% O215.5 H216.9 L215.5 C216.65 ATR=12.97 SL=215.35/214.7 rawVol=42702 volSMA=25044 buf=0.648 prices=215.94/211.77/215.78
2025-12-04T10:30:00.000-05:00,[KLB] 10:30 ▲ ~~ ~~ PM L + ~ Yest L + ~~ ORB L vol=1.6x pos=^90 vwap=above ema=bear rs=+0.5% adx=22 body=49% O216.58 H217.55 L215.93 C217.38 ATR=12.97 SL=216.08/215.43 rawVol=23595 volSMA=26161 buf=0.648 prices=215.94/211.77/215.78
2025-12-04T10:40:00.000-05:00,[KLB] 10:40 ▲ ~ ~ VWAP vol=1.6x pos=^57 vwap=above ema=bear rs=+0.5% adx=22 body=39% O217.43 H218.08 L217.29 C217.74 ATR=12.97 SL=216.44/215.79 rawVol=29375 volSMA=29534 buf=0.648 prices=
2025-12-04T14:20:00.000-05:00,[KLB] 14:20 ▼ BRK PM L + ORB L vol=1.7x pos=v93 vwap=below ema=bear rs=-0.4% adx=23 body=93% O216.1 H216.1 L215.06 C215.13 ATR=12.97 SL=216.43/217.08 rawVol=27584 volSMA=16019 buf=0.648 prices=215.94/215.78
2025-12-04T14:20:00.000-05:00,[KLB] 14:20 ▼ ~ ~ VWAP vol=1.7x pos=v93 vwap=below ema=bear rs=-0.4% adx=23 body=93% O216.1 H216.1 L215.06 C215.13 ATR=12.97 SL=216.43/217.08 rawVol=27584 volSMA=16019 buf=0.648 prices=
2025-12-04T14:25:00.000-05:00,[KLB] 14:25 ▼ ◆ ◆² ORB L 1.5x v25 vol= pos= vwap=below ema=bear rs=-0.6% adx=25 body=54% O215.06 H215.17 L214.17 C214.52 ATR=12.97 SL=215.82/216.47 rawVol=65995 volSMA=19116 buf=0.648 prices=
2025-12-04T14:30:00.000-05:00,"[KLB] 14:30 ▼ ◆ ◆³ PM L 0.8x v5
◆² ORB L 1.5x v25 vol= pos= vwap=below ema=bear rs=-0.3% adx=26 body=75% O214.55 H215.4 L214.55 C215.19 ATR=12.97 SL=216.49/217.14 rawVol=27830 volSMA=19556 buf=0.648 prices="
2025-12-05T09:35:00.000-05:00,[KLB] 9:35 ▲ BRK PM H + Yest H + Week H vol=17.9x pos=^92 vwap=above ema=bull rs=+1.9% adx=38 body=86% O217.28 H221.94 L217 C221.54 ATR=12.4 SL=220.3/219.68 rawVol=268234 volSMA=14982 buf=0.62 prices=218.74/219.12/218.3
2025-12-05T09:35:00.000-05:00,[KLB] 9:35 ▲ ~ ~ VWAP vol=17.9x pos=^92 vwap=above ema=bull rs=+1.9% adx=38 body=86% O217.28 H221.94 L217 C221.54 ATR=12.4 SL=220.3/219.68 rawVol=268234 volSMA=14982 buf=0.62 prices=
2025-12-05T09:35:00.000-05:00,[KLB] 9:35 ▲ ◆ ◆¹ Week H 9.4x ^3 vol= pos= vwap=above ema=bull rs=+1.9% adx=38 body=86% O217.28 H221.94 L217 C221.54 ATR=12.4 SL=220.3/219.68 rawVol=268234 volSMA=14982 buf=0.62 prices=
2025-12-05T09:40:00.000-05:00,[KLB] 9:40 ▼ ~ ~ PM H + ~ ORB H vol=6.4x pos=v97 vwap=below ema=bull rs=+0.3% adx=40 body=94% O221.61 H221.75 L217.98 C218.08 ATR=12.4 SL=219.32/219.94 rawVol=140376 volSMA=21939 buf=0.62 prices=218.74/221.94
2025-12-05T09:40:00.000-05:00,[KLB] CONF 9:40 ▲ BRK → ✗ (failed)
2025-12-05T09:50:00.000-05:00,[KLB] 9:50 ▲ BRK PM H vol=3x pos=^74 vwap=above ema=bull rs=+0.8% adx=39 body=73% O218.02 H219.62 L218 C219.2 ATR=12.4 SL=217.96/217.34 rawVol=98239 volSMA=33133 buf=0.62 prices=218.74
2025-12-05T09:50:00.000-05:00,[KLB] 5m CHECK 9:50 ▼ pnl=-0.1 → BAIL
2025-12-05T09:50:00.000-05:00,[KLB] 9:50 ▲ ◆ ◆¹ PM H 2.2x ^69 vol= pos= vwap=above ema=bull rs=+0.8% adx=39 body=73% O218.02 H219.62 L218 C219.2 ATR=12.4 SL=217.96/217.34 rawVol=98239 volSMA=33133 buf=0.62 prices=
2025-12-05T10:10:00.000-05:00,[KLB] 10:10 ▲ BRK ORB H vol=2.3x pos=^76 vwap=above ema=bull rs=+2.1% adx=42 body=76% O221.55 H222.74 L221.55 C222.45 ATR=12.4 SL=221.21/220.59 rawVol=113758 volSMA=48492 buf=0.62 prices=221.94
2025-12-05T10:10:00.000-05:00,[KLB] CONF 10:10 ▲ BRK → ✓ (auto-promote)
2025-12-05T10:15:00.000-05:00,[KLB] 5m CHECK 10:15 ▲ pnl=0.05 → BAIL
2025-12-05T10:15:00.000-05:00,[KLB] 10:15 ▲ ◆ ◆² ORB H 1.2x ^16 vol= pos= vwap=above ema=bull rs=+2.3% adx=44 body=74% O222.45 H223.1 L222.34 C223.01 ATR=12.4 SL=221.77/221.15 rawVol=75565 volSMA=52170 buf=0.62 prices=
2025-12-05T10:25:00.000-05:00,[KLB] CONF 10:25 ▲ BRK → ✗ (failed)
2025-12-05T11:00:00.000-05:00,[KLB] 11:00 ▼ ~ ~ VWAP vol=0.7x pos=v59 vwap=below ema=bull rs=+0.4% adx=34 body=46% O218.92 H219.04 L218.11 C218.49 ATR=12.4 SL=219.73/220.35 rawVol=38327 volSMA=72868 buf=0.62 prices=
2025-12-05T11:05:00.000-05:00,[KLB] 11:05 ▼ ~~ ~~ PM H vol=0.5x pos=v92 vwap=below ema=bull rs=+0.3% adx=32 body=38% O218.41 H218.83 L218.05 C218.11 ATR=12.4 SL=219.35/219.97 rawVol=26993 volSMA=74154 buf=0.62 prices=218.74
2025-12-05T11:10:00.000-05:00,[KLB] 11:10 ▼ ~~ ~~ Week H vol=0.6x pos=v84 vwap=below ema=bull rs=+0.1% adx=31 body=59% O218.1 H218.26 L217.59 C217.7 ATR=12.4 SL=218.94/219.56 rawVol=42495 volSMA=76165 buf=0.62 prices=218.3
2025-12-05T11:30:00.000-05:00,[KLB] 11:30 ▼ ~~ ~~ PM H + ~~ Week H vol=0.8x pos=v99 vwap=below ema=bull rs=-0.1% adx=24 body=66% O218.12 H218.63 L217.12 C217.13 ATR=12.4 SL=218.37/218.99 rawVol=42950 volSMA=52733 buf=0.62 prices=218.74/218.3
2025-12-08T09:35:00.000-05:00,[KLB] 9:35 ▲ BRK PM H vol=15.5x pos=^77 vwap=above ema=bull rs=+1% adx=25 body=69% O219.09 H221.8 L218.85 C221.12 ATR=12.06 SL=219.91/219.31 rawVol=101365 volSMA=6557 buf=0.603 prices=219.94
2025-12-08T09:45:00.000-05:00,[KLB] 9:45 ▲ BRK ORB H vol=7.3x pos=^83 vwap=above ema=bull rs=+1.6% adx=30 body=39% O221.66 H222.7 L220.86 C222.38 ATR=12.06 SL=221.17/220.57 rawVol=117300 volSMA=16050 buf=0.603 prices=221.8
2025-12-08T09:45:00.000-05:00,[KLB] 9:45 ▲ ~ ~ VWAP vol=7.3x pos=^83 vwap=above ema=bull rs=+1.6% adx=30 body=39% O221.66 H222.7 L220.86 C222.38 ATR=12.06 SL=221.17/220.57 rawVol=117300 volSMA=16050 buf=0.603 prices=
2025-12-08T09:45:00.000-05:00,[KLB] CONF 9:45 ▲ BRK → ✓ (auto-promote)
2025-12-08T09:50:00.000-05:00,[KLB] 5m CHECK 9:50 ▲ pnl=-0.1 → BAIL
2025-12-08T09:50:00.000-05:00,[KLB] 9:50 ▲ ◆ ◆² ORB H 2.5x ^66 vol= pos= vwap=above ema=bull rs=+1.1% adx=31 body=46% O222.48 H223.05 L220.29 C221.2 ATR=12.06 SL=219.99/219.39 rawVol=85316 volSMA=20299 buf=0.603 prices=
2025-12-08T09:55:00.000-05:00,[KLB] 9:55 ▲ BRK ORB H vol=2.3x pos=^66 vwap=above ema=bull rs=+1.4% adx=31 body=55% O221.19 H222.5 L221.03 C222 ATR=12.06 SL=220.79/220.19 rawVol=51647 volSMA=22864 buf=0.603 prices=221.8
2025-12-08T09:55:00.000-05:00,[KLB] CONF 9:55 ▲ BRK → ✓★ (auto-promote)
2025-12-08T10:00:00.000-05:00,[KLB] 10:00 ▼ ~ ~ ORB H vol=1.7x pos=v69 vwap=below ema=bull rs=+1% adx=31 body=68% O222.02 H222.04 L220.4 C220.91 ATR=12.06 SL=222.12/222.72 rawVol=41061 volSMA=24842 buf=0.603 prices=221.8
2025-12-08T10:00:00.000-05:00,[KLB] 5m CHECK 10:00 ▲ pnl=-0.09 → BAIL
2025-12-08T10:00:00.000-05:00,[KLB] 10:00 ▲ ◆ ◆² ORB H 1.2x ^78 vol= pos= vwap=below ema=bull rs=+1% adx=31 body=68% O222.02 H222.04 L220.4 C220.91 ATR=12.06 SL=219.7/219.1 rawVol=41061 volSMA=24842 buf=0.603 prices=
2025-12-08T10:05:00.000-05:00,[KLB] CONF 10:05 ▲ BRK → ✗ (failed)
2025-12-08T10:10:00.000-05:00,[KLB] 10:10 ▼ ~~ ~~ ORB H vol=1.4x pos=v74 vwap=below ema=bull rs=+1% adx=29 body=74% O221.59 H221.59 L220.54 C220.81 ATR=12.06 SL=222.02/222.62 rawVol=38837 volSMA=28061 buf=0.603 prices=221.8
2025-12-08T10:30:00.000-05:00,"[KLB] 10:30 ▼ ~~ ~~ PM H
~ VWAP vol=1.6x pos=v48 vwap=below ema=bull rs=+0.4% adx=24 body=48% O219.97 H219.97 L218.54 C219.29 ATR=12.06 SL=220.5/221.1 rawVol=56786 volSMA=36983 buf=0.603 prices=219.94"
2025-12-08T11:00:00.000-05:00,[KLB] 11:00 ▼ ~~ ~~ PM H vol=0.5x pos=v83 vwap=below ema=bull rs=+0.6% adx=23 body=60% O219.88 H220.02 L219.4 C219.51 ATR=12.06 SL=220.71/221.31 rawVol=22459 volSMA=44401 buf=0.603 prices=219.94
2025-12-08T11:45:00.000-05:00,[KLB] 11:45 ▼ ~~ ~~ PM H vol=0.7x pos=v74 vwap=below ema=bear rs=+0.4% adx=21 body=61% O219.75 H219.88 L218.86 C219.13 ATR=12.06 SL=220.34/220.94 rawVol=23189 volSMA=32000 buf=0.603 prices=219.94
2025-12-08T13:05:00.000-05:00,[KLB] 13:05 ▲ BRK ORB H vol=4.5x pos=^97 vwap=above ema=bull rs=+2.2% adx=20 body=92% O220.86 H223.14 L220.75 C223.06 ATR=12.06 SL=221.85/221.25 rawVol=89897 volSMA=29189 buf=0.603 prices=221.8
2025-12-08T13:15:00.000-05:00,[KLB] 13:15 ▲ ◆ ◆³ ORB H 1.1x ^36 vol= pos= vwap=above ema=bull rs=+1.9% adx=24 body=85% O223.55 H223.69 L222.4 C222.45 ATR=12.06 SL=221.24/220.64 rawVol=50476 volSMA=31957 buf=0.603 prices=
2025-12-08T13:25:00.000-05:00,[KLB] CONF 13:25 ▲ BRK → ✗ (failed)
2025-12-08T13:35:00.000-05:00,[KLB] 13:35 ▼ ~~ ~~ ORB H vol=0.8x pos=v88 vwap=below ema=bull rs=+1.3% adx=25 body=78% O221.35 H221.46 L220.42 C220.54 ATR=12.06 SL=221.75/222.35 rawVol=25842 volSMA=34344 buf=0.603 prices=221.8
2025-12-09T09:35:00.000-05:00,[KLB] 9:35 ▼ BRK PM L vol=14x pos=v64 vwap=below ema=bear rs=-0.9% adx=22 body=64% O221.04 H221.04 L217.93 C219.06 ATR=11.61 SL=220.22/220.8 rawVol=93498 volSMA=6683 buf=0.58 prices=221
2025-12-09T09:35:00.000-05:00,[KLB] 9:35 ▼ ~ ~ VWAP vol=14x pos=v64 vwap=below ema=bear rs=-0.9% adx=22 body=64% O221.04 H221.04 L217.93 C219.06 ATR=11.61 SL=220.22/220.8 rawVol=93498 volSMA=6683 buf=0.58 prices=
2025-12-09T10:00:00.000-05:00,[KLB] CONF 10:00 ▼ BRK → ✗ (failed)
2025-12-09T10:05:00.000-05:00,[KLB] 10:05 ▲ ~~ ~~ PM L vol=3x pos=^98 vwap=above ema=bear rs=+0.1% adx=35 body=93% O219.4 H221.76 L219.27 C221.71 ATR=11.61 SL=220.54/219.96 rawVol=65467 volSMA=21905 buf=0.58 prices=221
2025-12-09T10:10:00.000-05:00,[KLB] 10:10 ▲ ~ ~ VWAP vol=3.5x pos=^59 vwap=above ema=bear rs=+0.4% adx=33 body=59% O221.68 H222.66 L221.68 C222.26 ATR=11.61 SL=221.1/220.52 rawVol=91978 volSMA=26476 buf=0.58 prices=
2025-12-09T14:15:00.000-05:00,[KLB] 14:15 ▼ ~ ~ Yest H vol=0.4x pos=v91 vwap=below ema=bear rs=-0.1% adx=24 body=54% O221.25 H221.38 L221.03 C221.06 ATR=11.61 SL=222.22/222.8 rawVol=6171 volSMA=14584 buf=0.58 prices=223.71
2025-12-09T14:45:00.000-05:00,[KLB] 14:45 ▼ ~ ~ Yest H vol=1x pos=v74 vwap=below ema=bear rs=-0.1% adx=27 body=43% O221.16 H221.3 L220.85 C220.97 ATR=11.61 SL=222.13/222.71 rawVol=13333 volSMA=12887 buf=0.58 prices=223.71
2025-12-09T15:00:00.000-05:00,[KLB] 15:00 ▼ ~ ~ Yest H vol=1.2x pos=v71 vwap=below ema=bear rs=-0.1% adx=29 body=51% O221.25 H221.33 L220.92 C221.04 ATR=11.61 SL=222.2/222.78 rawVol=15244 volSMA=13184 buf=0.58 prices=223.71
2025-12-09T15:15:00.000-05:00,[KLB] 15:15 ▼ ~ ~ Yest H vol=1x pos=v91 vwap=below ema=bear rs=0% adx=29 body=66% O221.28 H221.36 L221.04 C221.07 ATR=11.61 SL=222.23/222.81 rawVol=13719 volSMA=13442 buf=0.58 prices=223.71
2025-12-09T15:25:00.000-05:00,[KLB] 15:25 ▼ ~ ~ Yest H vol=0.8x pos=v100 vwap=below ema=bear rs=-0.1% adx=29 body=65% O221.13 H221.27 L220.87 C220.87 ATR=11.61 SL=222.03/222.61 rawVol=9044 volSMA=11986 buf=0.58 prices=223.71
2025-12-10T09:35:00.000-05:00,[KLB] 9:35 ▼ BRK PM L vol=14.5x pos=v95 vwap=below ema=bear rs=-0.9% adx=27 body=91% O221.86 H221.93 L219.73 C219.85 ATR=11.27 SL=220.98/221.54 rawVol=78532 volSMA=5405 buf=0.564 prices=220.6
2025-12-10T09:35:00.000-05:00,"[KLB] 9:35 ▼ ~ ~ Yest H
~ VWAP vol=14.5x pos=v95 vwap=below ema=bear rs=-0.9% adx=27 body=91% O221.86 H221.93 L219.73 C219.85 ATR=11.27 SL=220.98/221.54 rawVol=78532 volSMA=5405 buf=0.564 prices=224.84"
2025-12-10T09:35:00.000-05:00,[KLB] 9:35 ▼ ◆ ◆¹ PM L 12.1x v53 vol= pos= vwap=below ema=bear rs=-0.9% adx=27 body=91% O221.86 H221.93 L219.73 C219.85 ATR=11.27 SL=220.98/221.54 rawVol=78532 volSMA=5405 buf=0.564 prices=
2025-12-10T09:40:00.000-05:00,[KLB] CONF 9:40 ▼ BRK → ✗ (failed)
2025-12-10T09:45:00.000-05:00,[KLB] 9:45 ▲ ~~ ~~ PM L + ~ Yest L + ~ ORB L vol=6x pos=^89 vwap=above ema=bear rs=-0.3% adx=33 body=73% O220.27 H221.47 L220.04 C221.32 ATR=11.27 SL=220.19/219.62 rawVol=46430 volSMA=10898 buf=0.564 prices=220.6/217.91/219.73
2025-12-10T09:50:00.000-05:00,[KLB] 9:50 ▼ BRK PM L vol=3.8x pos=v98 vwap=below ema=bear rs=-1% adx=35 body=89% O221.33 H221.47 L219.88 C219.91 ATR=11.27 SL=221.04/221.6 rawVol=50346 volSMA=13409 buf=0.564 prices=220.6
2025-12-10T09:50:00.000-05:00,[KLB] 9:50 ▼ ◆ ◆¹ PM L 3.1x v28 vol= pos= vwap=below ema=bear rs=-1% adx=35 body=89% O221.33 H221.47 L219.88 C219.91 ATR=11.27 SL=221.04/221.6 rawVol=50346 volSMA=13409 buf=0.564 prices=
2025-12-10T10:40:00.000-05:00,[KLB] 10:40 ▼ BRK ORB L vol=1.6x pos=v80 vwap=below ema=bear rs=-1.2% adx=49 body=80% O220.03 H220.03 L218.93 C219.15 ATR=11.27 SL=220.28/220.84 rawVol=41515 volSMA=26501 buf=0.564 prices=219.73
2025-12-10T10:40:00.000-05:00,[KLB] CONF 10:40 ▼ BRK → ✓ (auto-promote)
2025-12-10T10:40:00.000-05:00,[KLB] 10:40 ▼ ◆ ◆¹ ORB L 1x v23 vol= pos= vwap=below ema=bear rs=-1.2% adx=49 body=80% O220.03 H220.03 L218.93 C219.15 ATR=11.27 SL=220.28/220.84 rawVol=41515 volSMA=26501 buf=0.564 prices=
2025-12-10T10:45:00.000-05:00,[KLB] 5m CHECK 10:45 ▼ pnl=-0.03 → BAIL
2025-12-10T11:30:00.000-05:00,[KLB] CONF 11:30 ▼ BRK → ✗ (failed)
2025-12-10T11:40:00.000-05:00,[KLB] 11:40 ▲ ~~ ~~ ORB L vol=1.3x pos=^100 vwap=above ema=bear rs=-0.8% adx=40 body=81% O220.12 H220.55 L220.02 C220.55 ATR=11.27 SL=219.42/218.86 rawVol=25464 volSMA=19087 buf=0.564 prices=219.73
2025-12-10T11:50:00.000-05:00,[KLB] 11:50 ▲ ~~ ~~ ORB L vol=0.8x pos=^94 vwap=above ema=bear rs=-0.9% adx=36 body=35% O220.21 H220.42 L219.91 C220.39 ATR=11.27 SL=219.26/218.7 rawVol=13448 volSMA=17257 buf=0.564 prices=219.73
2025-12-10T14:10:00.000-05:00,[KLB] 14:10 ▲ ~~ ~~ PM L + ~ Yest L + ~~ ORB L vol=3.4x pos=^86 vwap=above ema=bear rs=-0.8% adx=26 body=86% O219.67 H221.45 L219.67 C221.2 ATR=11.27 SL=220.07/219.51 rawVol=45680 volSMA=22542 buf=0.564 prices=220.6/217.91/219.73
2025-12-10T14:30:00.000-05:00,[KLB] 14:30 ▲ ~~ ~~ ORB L vol=0.6x pos=^100 vwap=above ema=bear rs=-0.9% adx=25 body=45% O220.09 H220.45 L219.65 C220.45 ATR=11.27 SL=219.32/218.76 rawVol=13216 volSMA=23627 buf=0.564 prices=219.73
2025-12-10T14:35:00.000-05:00,"[KLB] 14:35 ▲ ~~ ~~ PM L + ~ Yest L
~ VWAP vol=1.2x pos=^86 vwap=above ema=bear rs=-0.8% adx=26 body=66% O220.45 H221.65 L220.16 C221.44 ATR=11.27 SL=220.31/219.75 rawVol=30183 volSMA=24608 buf=0.564 prices=220.6/217.91"
2025-12-10T14:55:00.000-05:00,[KLB] 14:55 ▲ ~~ ~~ PM L + ~ Yest L vol=1.4x pos=^81 vwap=above ema=bull rs=-0.8% adx=24 body=63% O220.72 H221.98 L220.45 C221.69 ATR=11.27 SL=220.56/220 rawVol=41473 volSMA=29855 buf=0.564 prices=220.6/217.91
2025-12-11T09:35:00.000-05:00,[KLB] 9:35 ▼ BRK PM L vol=17.9x pos=v98 vwap=below ema=bear rs=-1.9% adx=23 body=97% O217.75 H217.79 L213.33 C213.43 ATR=10.75 SL=214.51/215.04 rawVol=246543 volSMA=13737 buf=0.538 prices=216.72
2025-12-11T09:35:00.000-05:00,[KLB] 9:35 ▼ ~ ~ VWAP vol=17.9x pos=v98 vwap=below ema=bear rs=-1.9% adx=23 body=97% O217.75 H217.79 L213.33 C213.43 ATR=10.75 SL=214.51/215.04 rawVol=246543 volSMA=13737 buf=0.538 prices=
2025-12-11T09:55:00.000-05:00,[KLB] 9:55 ▼ BRK ORB L vol=4.3x pos=v98 vwap=below ema=bear rs=-2.4% adx=38 body=87% O212.97 H213.12 L211.68 C211.71 ATR=10.75 SL=212.79/213.32 rawVol=162837 volSMA=37614 buf=0.538 prices=213.33
2025-12-11T09:55:00.000-05:00,[KLB] CONF 9:55 ▼ BRK → ✓★ (auto-promote)
2025-12-11T10:00:00.000-05:00,[KLB] 10:00 ▼ BRK Week L vol=3.9x pos=v94 vwap=below ema=bear rs=-2.8% adx=42 body=54% O211.75 H212.38 L210.81 C210.91 ATR=10.75 SL=211.99/212.52 rawVol=77121 volSMA=41420 buf=0.538 prices=211.77
2025-12-11T10:00:00.000-05:00,[KLB] CONF 10:00 ▼ BRK → ✓ (auto-promote)
2025-12-11T10:00:00.000-05:00,[KLB] 10:00 ▼ ◆ ◆¹ Week L 1.7x v10 vol= pos= vwap=below ema=bear rs=-2.8% adx=42 body=54% O211.75 H212.38 L210.81 C210.91 ATR=10.75 SL=211.99/212.52 rawVol=77121 volSMA=41420 buf=0.538 prices=
2025-12-11T10:05:00.000-05:00,[KLB] 5m CHECK 10:05 ▼ pnl=-0.07 → BAIL
2025-12-11T10:05:00.000-05:00,[KLB] CONF 10:05 ▼ BRK → ✗ (failed)
2025-12-11T10:25:00.000-05:00,[KLB] 10:25 ▲ ~~ ~~ ORB L vol=1.1x pos=^85 vwap=above ema=bear rs=-1.6% adx=45 body=77% O213.75 H214.95 L213.65 C214.75 ATR=10.75 SL=213.67/213.14 rawVol=60747 volSMA=55319 buf=0.538 prices=213.33
2025-12-11T11:05:00.000-05:00,[KLB] 11:05 ▲ ~~ ~~ ORB L vol=0.4x pos=^78 vwap=above ema=bear rs=-2% adx=39 body=37% O213.44 H213.9 L213.11 C213.73 ATR=10.75 SL=212.65/212.12 rawVol=29544 volSMA=67702 buf=0.538 prices=213.33
2025-12-11T11:40:00.000-05:00,[KLB] 11:40 ▲ ~~ ~~ ORB L vol=0.7x pos=^91 vwap=above ema=bear rs=-1.8% adx=30 body=90% O213.19 H214.25 L213.18 C214.15 ATR=10.75 SL=213.07/212.54 rawVol=24470 volSMA=35724 buf=0.538 prices=213.33
2025-12-11T11:45:00.000-05:00,[KLB] 11:45 ▲ ~ ~ VWAP vol=1.3x pos=^89 vwap=above ema=bear rs=-1.5% adx=29 body=86% O214.11 H215.14 L214.08 C215.02 ATR=10.75 SL=213.94/213.41 rawVol=43690 volSMA=34410 buf=0.538 prices=
2025-12-11T13:25:00.000-05:00,[KLB] 13:25 ▲ ~~ ~~ PM L vol=1.4x pos=^100 vwap=above ema=bull rs=-0.7% adx=30 body=78% O216.7 H217.06 L216.6 C217.06 ATR=10.75 SL=215.98/215.45 rawVol=31188 volSMA=22396 buf=0.538 prices=216.72
2025-12-11T13:30:00.000-05:00,[KLB] 13:30 ▲ ~~ ~~ PM L vol=2.8x pos=^48 vwap=above ema=bull rs=-0.5% adx=32 body=39% O217.07 H217.95 L216.98 C217.45 ATR=10.75 SL=216.37/215.84 rawVol=67314 volSMA=24423 buf=0.538 prices=216.72
2025-12-12T09:40:00.000-05:00,[KLB] 9:40 ▲ BRK PM H + ORB H vol=8.8x pos=^52 vwap=above ema=bull rs=+1.3% adx=24 body=48% O220.38 H222.49 L220.28 C221.43 ATR=10.79 SL=220.35/219.81 rawVol=81315 volSMA=9188 buf=0.54 prices=220.7/220.71
2025-12-12T09:40:00.000-05:00,[KLB] 9:40 ▲ ~ ~ VWAP vol=8.8x pos=^52 vwap=above ema=bull rs=+1.3% adx=24 body=48% O220.38 H222.49 L220.28 C221.43 ATR=10.79 SL=220.35/219.81 rawVol=81315 volSMA=9188 buf=0.54 prices=
2025-12-12T09:45:00.000-05:00,[KLB] 9:45 ▼ ~ ~ PM H + ~ Yest H + ~ ORB H vol=5.6x pos=v90 vwap=below ema=bull rs=+0.3% adx=23 body=84% O221.39 H221.55 L218.66 C218.95 ATR=10.79 SL=220.03/220.57 rawVol=68860 volSMA=12382 buf=0.54 prices=220.7/221.5/220.71
2025-12-12T09:45:00.000-05:00,[KLB] 5m CHECK 9:45 ▲ pnl=-0.23 → BAIL
2025-12-12T09:45:00.000-05:00,[KLB] CONF 9:45 ▲ BRK → ✗ (failed)
2025-12-12T09:50:00.000-05:00,[KLB] 9:50 ▼ ~ ~ VWAP vol=4.6x pos=v64 vwap=below ema=bull rs=+0.1% adx=21 body=44% O218.97 H219.22 L217.95 C218.41 ATR=10.79 SL=219.49/220.03 rawVol=52616 volSMA=14981 buf=0.54 prices=
2025-12-12T09:55:00.000-05:00,[KLB] 5m CHECK 9:55 ▼ pnl=-0.09 → BAIL
2025-12-12T11:05:00.000-05:00,[KLB] 11:05 ▼ BRK Week L vol=1.6x pos=v99 vwap=below ema=bear rs=-2.4% adx=33 body=62% O212.6 H213.75 L210.69 C210.71 ATR=10.79 SL=211.79/212.33 rawVol=93214 volSMA=56937 buf=0.54 prices=211.77
2025-12-12T11:05:00.000-05:00,[KLB] 11:05 ▼ ◆ ◆¹ Week L 1.1x v66 vol= pos= vwap=below ema=bear rs=-2.4% adx=33 body=62% O212.6 H213.75 L210.69 C210.71 ATR=10.79 SL=211.79/212.33 rawVol=93214 volSMA=56937 buf=0.54 prices=
2025-12-12T12:15:00.000-05:00,[KLB] CONF 12:15 ▼ BRK → ✗ (failed)
2025-12-15T09:40:00.000-05:00,[KLB] 9:40 ▼ ~ ~ PM H vol=7.4x pos=v100 vwap=below ema=bull rs=+0.4% adx=25 body=32% O212.81 H213.65 L212.42 C212.42 ATR=10.98 SL=213.52/214.07 rawVol=56228 volSMA=7619 buf=0.549 prices=213.05
2025-12-15T09:45:00.000-05:00,[KLB] 9:45 ▲ BRK PM H vol=5.6x pos=^68 vwap=above ema=bull rs=+0.8% adx=26 body=57% O212.44 H213.84 L212.27 C213.34 ATR=10.98 SL=212.24/211.69 rawVol=58791 volSMA=10452 buf=0.549 prices=213.05
2025-12-15T09:45:00.000-05:00,[KLB] 9:45 ▲ ~ ~ ORB L vol=5.6x pos=^68 vwap=above ema=bull rs=+0.8% adx=26 body=57% O212.44 H213.84 L212.27 C213.34 ATR=10.98 SL=212.24/211.69 rawVol=58791 volSMA=10452 buf=0.549 prices=212.18
2025-12-15T09:45:00.000-05:00,[KLB] 9:45 ▲ ◆ ◆¹ PM H 9.7x ^96 vol= pos= vwap=above ema=bull rs=+0.8% adx=26 body=57% O212.44 H213.84 L212.27 C213.34 ATR=10.98 SL=212.24/211.69 rawVol=58791 volSMA=10452 buf=0.549 prices=
2025-12-15T09:50:00.000-05:00,[KLB] 9:50 ▲ BRK ORB H vol=6.6x pos=^96 vwap=above ema=bull rs=+1.6% adx=28 body=80% O213.39 H215.1 L213.06 C215.02 ATR=10.98 SL=213.92/213.37 rawVol=101128 volSMA=15233 buf=0.549 prices=214.01
2025-12-15T09:50:00.000-05:00,[KLB] 9:50 ▲ ~ ~ VWAP vol=6.6x pos=^96 vwap=above ema=bull rs=+1.6% adx=28 body=80% O213.39 H215.1 L213.06 C215.02 ATR=10.98 SL=213.92/213.37 rawVol=101128 volSMA=15233 buf=0.549 prices=
2025-12-15T09:50:00.000-05:00,[KLB] CONF 9:50 ▲ BRK → ✓ (auto-promote)
2025-12-15T09:55:00.000-05:00,[KLB] 5m CHECK 9:55 ▲ pnl=-0.15 → BAIL
2025-12-15T09:55:00.000-05:00,[KLB] CONF 9:55 ▲ BRK → ✗ (failed)
2025-12-15T10:00:00.000-05:00,[KLB] 10:00 ▼ ~~ ~~ PM H vol=2.6x pos=v63 vwap=below ema=bull rs=+0.6% adx=31 body=47% O213.27 H213.5 L212.09 C212.61 ATR=10.98 SL=213.71/214.26 rawVol=39482 volSMA=19713 buf=0.549 prices=213.05
2025-12-15T10:20:00.000-05:00,[KLB] 10:20 ▼ ~ ~ VWAP vol=2.1x pos=v94 vwap=below ema=bull rs=-0.2% adx=28 body=90% O211.77 H211.85 L210.11 C210.21 ATR=10.98 SL=211.31/211.86 rawVol=60917 volSMA=28525 buf=0.549 prices=
2025-12-15T15:25:00.000-05:00,[KLB] 15:25 ▼ BRK Yest L + Week L vol=3.2x pos=v79 vwap=below ema=bear rs=-1.3% adx=21 body=79% O209.12 H209.12 L207.85 C208.12 ATR=10.98 SL=209.22/209.77 rawVol=56302 volSMA=17508 buf=0.549 prices=209.06/209.06
2025-12-15T15:55:00.000-05:00,"[KLB] 15:55 ▼ ◆ ◆⁷ Yest L 3.1x v74
◆⁷ Week L 3.1x v74 vol= pos= vwap=below ema=bear rs=-1.8% adx=34 body=5% O206.93 H207.5 L206.58 C206.98 ATR=10.98 SL=208.08/208.63 rawVol=82331 volSMA=25508 buf=0.549 prices="
2025-12-16T15:50:00.000-05:00,[KLB] 15:50 ▲ ~ ~ Week L vol=1.8x pos=^95 vwap=above ema=bull rs=+1.2% adx=21 body=39% O209.39 H209.56 L209.18 C209.54 ATR=10.82 SL=208.46/207.92 rawVol=28451 volSMA=16090 buf=0.541 prices=209.06
2025-12-17T09:40:00.000-05:00,[KLB] 9:40 ▼ BRK PM L + Week L + ORB L vol=7.6x pos=v76 vwap=below ema=bear rs=-0.6% adx=21 body=67% O209.3 H209.43 L208.04 C208.37 ATR=10.41 SL=209.41/209.93 rawVol=49632 volSMA=8772 buf=0.521 prices=208.87/209.06/208.89
2025-12-17T09:40:00.000-05:00,[KLB] 9:40 ▼ ~ ~ Yest H vol=7.6x pos=v76 vwap=below ema=bear rs=-0.6% adx=21 body=67% O209.3 H209.43 L208.04 C208.37 ATR=10.41 SL=209.41/209.93 rawVol=49632 volSMA=8772 buf=0.521 prices=210.22
2025-12-17T09:40:00.000-05:00,"[KLB] 9:40 ▼ ◆ ◆¹ PM L 7.6x v75
◆¹ Week L 7.6x v75
◆¹ ORB L 7.6x v75 vol= pos= vwap=below ema=bear rs=-0.6% adx=21 body=67% O209.3 H209.43 L208.04 C208.37 ATR=10.41 SL=209.41/209.93 rawVol=49632 volSMA=8772 buf=0.521 prices="
2025-12-17T09:45:00.000-05:00,[KLB] 9:45 ▼ ~ ~ VWAP vol=5.5x pos=v75 vwap=below ema=bear rs=-1.1% adx=21 body=50% O208.35 H208.88 L206.68 C207.24 ATR=10.41 SL=208.28/208.8 rawVol=66817 volSMA=12062 buf=0.521 prices=
2025-12-17T09:45:00.000-05:00,[KLB] 5m CHECK 9:45 ▼ pnl=0.11 → HOLD
2025-12-17T10:40:00.000-05:00,[KLB] 10:40 ▼ BRK Yest L vol=2x pos=v89 vwap=below ema=bear rs=-2.1% adx=35 body=77% O206.17 H206.39 L204.55 C204.75 ATR=10.41 SL=205.79/206.31 rawVol=63821 volSMA=32719 buf=0.521 prices=205.11
2025-12-17T10:40:00.000-05:00,[KLB] CONF 10:40 ▼ BRK → ✓ (auto-promote)
2025-12-17T10:40:00.000-05:00,[KLB] 10:40 ▼ ◆ ◆¹ Yest L 1.9x v87 vol= pos= vwap=below ema=bear rs=-2.1% adx=35 body=77% O206.17 H206.39 L204.55 C204.75 ATR=10.41 SL=205.79/206.31 rawVol=63821 volSMA=32719 buf=0.521 prices=
2025-12-17T10:45:00.000-05:00,[KLB] 5m CHECK 10:45 ▼ pnl=0.09 → HOLD
2025-12-18T09:35:00.000-05:00,[KLB] 9:35 ▲ BRK PM H vol=12.1x pos=^81 vwap=above ema=bull rs=+0.8% adx=51 body=78% O203.82 H205.99 L203.75 C205.56 ATR=10.67 SL=204.49/203.96 rawVol=160572 volSMA=13268 buf=0.533 prices=204.5
2025-12-18T09:35:00.000-05:00,[KLB] 9:35 ▲ ~ ~ VWAP vol=12.1x pos=^81 vwap=above ema=bull rs=+0.8% adx=51 body=78% O203.82 H205.99 L203.75 C205.56 ATR=10.67 SL=204.49/203.96 rawVol=160572 volSMA=13268 buf=0.533 prices=
2025-12-18T09:35:00.000-05:00,[KLB] 9:35 ▲ ◆ ◆¹ PM H 8.7x ^39 vol= pos= vwap=above ema=bull rs=+0.8% adx=51 body=78% O203.82 H205.99 L203.75 C205.56 ATR=10.67 SL=204.49/203.96 rawVol=160572 volSMA=13268 buf=0.533 prices=
2025-12-18T09:45:00.000-05:00,[KLB] CONF 9:45 ▲ BRK → ✗ (failed)
2025-12-18T09:50:00.000-05:00,[KLB] 9:50 ▼ ~~ ~~ PM H vol=2.7x pos=v57 vwap=below ema=bull rs=+0.3% adx=53 body=36% O204.75 H205.21 L203.02 C203.96 ATR=10.67 SL=205.03/205.56 rawVol=68231 volSMA=24919 buf=0.533 prices=204.5
2025-12-18T09:50:00.000-05:00,[KLB] 5m CHECK 9:50 ▼ pnl=0.07 → HOLD
2025-12-18T09:55:00.000-05:00,[KLB] 9:55 ▲ BRK PM H vol=1.9x pos=^91 vwap=above ema=bull rs=+0.8% adx=52 body=91% O204.11 H205.49 L204.11 C205.36 ATR=10.67 SL=204.29/203.76 rawVol=52979 volSMA=27517 buf=0.533 prices=204.5
2025-12-18T10:00:00.000-05:00,[KLB] 10:00 ▲ ◆ ◆² PM H 1.5x ^9 vol= pos= vwap=above ema=bull rs=+0.7% adx=51 body=0% O205.3 H205.66 L204.9 C205.3 ATR=10.67 SL=204.23/203.7 rawVol=54500 volSMA=30066 buf=0.533 prices=
2025-12-18T10:05:00.000-05:00,[KLB] CONF 10:05 ▲ BRK → ✗ (failed)
2025-12-18T10:10:00.000-05:00,[KLB] 10:10 ▼ ~~ ~~ PM H vol=1.3x pos=v67 vwap=below ema=bull rs=+0.2% adx=48 body=35% O204.6 H205 L203.74 C204.16 ATR=10.67 SL=205.23/205.76 rawVol=34070 volSMA=33966 buf=0.533 prices=204.5
2025-12-18T10:15:00.000-05:00,[KLB] 10:15 ▼ ~~ ~~ PM H vol=1.2x pos=v51 vwap=below ema=bull rs=+0.1% adx=44 body=44% O204.2 H204.28 L203.27 C203.76 ATR=10.67 SL=204.83/205.36 rawVol=41741 volSMA=35330 buf=0.533 prices=204.5
2025-12-18T10:25:00.000-05:00,[KLB] 10:25 ▲ ~ ~ ORB L vol=1.2x pos=^99 vwap=above ema=bull rs=+0.4% adx=40 body=82% O203.55 H204.9 L203.27 C204.89 ATR=10.67 SL=203.82/203.29 rawVol=44158 volSMA=37710 buf=0.533 prices=203.75
2025-12-18T10:30:00.000-05:00,[KLB] 10:30 ▲ BRK PM H vol=1.5x pos=^73 vwap=above ema=bull rs=+0.8% adx=39 body=58% O204.83 H206.36 L204.56 C205.88 ATR=10.67 SL=204.81/204.28 rawVol=60913 volSMA=40203 buf=0.533 prices=204.5
2025-12-18T10:35:00.000-05:00,[KLB] 10:35 ▲ ◆ ◆² PM H 0.5x ^88 vol= pos= vwap=above ema=bull rs=+0.4% adx=39 body=61% O205.83 H206.07 L204.98 C205.16 ATR=10.67 SL=204.09/203.55 rawVol=78495 volSMA=43616 buf=0.533 prices=
2025-12-18T10:55:00.000-05:00,[KLB] 10:55 ▲ ~ ~ ORB L vol=0.7x pos=^91 vwap=above ema=bull rs=+0.1% adx=35 body=45% O204.33 H204.79 L203.94 C204.71 ATR=10.67 SL=203.64/203.11 rawVol=34651 volSMA=49095 buf=0.533 prices=203.75
2025-12-18T10:55:00.000-05:00,[KLB] CONF 10:55 ▲ BRK → ✗ (failed)
2025-12-18T11:00:00.000-05:00,[KLB] 11:00 ▼ ~~ ~~ PM H vol=0.4x pos=v87 vwap=below ema=bull rs=-0.3% adx=33 body=85% O204.75 H204.77 L203.71 C203.85 ATR=10.67 SL=204.92/205.45 rawVol=22317 volSMA=50089 buf=0.533 prices=204.5
2025-12-18T11:05:00.000-05:00,[KLB] 11:05 ▼ ~ ~ VWAP vol=0.5x pos=v71 vwap=below ema=bull rs=-0.7% adx=31 body=68% O203.92 H203.95 L202.92 C203.22 ATR=10.67 SL=204.29/204.82 rawVol=24780 volSMA=51220 buf=0.533 prices=
2025-12-19T09:40:00.000-05:00,[KLB] 9:40 ▲ BRK Yest H vol=11.3x pos=^96 vwap=above ema=bull rs=+1.2% adx=22 body=49% O206.3 H207.62 L205.13 C207.51 ATR=10.5 SL=206.46/205.94 rawVol=105140 volSMA=15567 buf=0.525 prices=206.36
2025-12-19T09:45:00.000-05:00,[KLB] 9:45 ▲ BRK ORB H vol=6.5x pos=^95 vwap=above ema=bull rs=+1.9% adx=26 body=65% O207.58 H209.46 L206.79 C209.32 ATR=10.5 SL=208.27/207.75 rawVol=150052 volSMA=23047 buf=0.525 prices=207.23
2025-12-19T09:45:00.000-05:00,[KLB] 9:45 ▲ ~ ~ VWAP vol=6.5x pos=^95 vwap=above ema=bull rs=+1.9% adx=26 body=65% O207.58 H209.46 L206.79 C209.32 ATR=10.5 SL=208.27/207.75 rawVol=150052 volSMA=23047 buf=0.525 prices=
2025-12-19T09:45:00.000-05:00,[KLB] CONF 9:45 ▲ BRK → ✓★ (auto-promote)
2025-12-19T09:50:00.000-05:00,[KLB] 9:50 ▲ ~ ~ Week L vol=5.9x pos=^67 vwap=above ema=bull rs=+2.5% adx=30 body=56% O209.39 H211 L209.2 C210.4 ATR=10.5 SL=209.35/208.83 rawVol=192091 volSMA=32444 buf=0.525 prices=209.06
2025-12-19T09:50:00.000-05:00,[KLB] 5m CHECK 9:50 ▲ pnl=0.1 → HOLD
2025-12-22T09:35:00.000-05:00,"[KLB] 9:35 ▼ ~ ~ PM H
~ VWAP vol=12.6x pos=v90 vwap=below ema=bull rs=-1.8% adx=56 body=87% O220 H220.17 L215.41 C215.87 ATR=10.75 SL=216.95/217.48 rawVol=198562 volSMA=15714 buf=0.538 prices=220.4"
2025-12-22T09:40:00.000-05:00,[KLB] 9:40 ▼ ~ ~ Week H vol=9.3x pos=v74 vwap=below ema=bull rs=-2.2% adx=54 body=52% O215.85 H216.19 L214.6 C215.02 ATR=10.75 SL=216.1/216.63 rawVol=114194 volSMA=21338 buf=0.538 prices=215.36
2025-12-22T09:50:00.000-05:00,[KLB] 5m CHECK 9:50 ▼ pnl=0.03 → BAIL
2025-12-22T10:00:00.000-05:00,[KLB] 10:00 ▼ BRK ORB L vol=2x pos=v95 vwap=below ema=bear rs=-2.4% adx=48 body=78% O215.78 H216.02 L214.62 C214.69 ATR=10.75 SL=215.77/216.3 rawVol=67626 volSMA=34325 buf=0.538 prices=215.41
2025-12-22T10:00:00.000-05:00,[KLB] 10:00 ▼ ~ ~ Week H vol=2x pos=v95 vwap=below ema=bear rs=-2.4% adx=48 body=78% O215.78 H216.02 L214.62 C214.69 ATR=10.75 SL=215.77/216.3 rawVol=67626 volSMA=34325 buf=0.538 prices=215.36
2025-12-22T10:05:00.000-05:00,[KLB] 10:05 ▼ BRK PM L vol=1.9x pos=v65 vwap=below ema=bear rs=-2.7% adx=47 body=55% O214.69 H214.83 L213.53 C213.98 ATR=10.75 SL=215.06/215.59 rawVol=70442 volSMA=37522 buf=0.538 prices=215.04
2025-12-22T10:05:00.000-05:00,[KLB] CONF 10:05 ▼ BRK → ✓ (auto-promote)
2025-12-22T10:10:00.000-05:00,[KLB] 5m CHECK 10:10 ▼ pnl=0 → BAIL
2025-12-22T10:20:00.000-05:00,[KLB] 10:20 ▼ ◆ ◆⁴ PM L 0.6x v58 vol= pos= vwap=below ema=bear rs=-2.5% adx=45 body=85% O213.69 H214.53 L213.66 C214.43 ATR=10.75 SL=215.51/216.04 rawVol=33833 volSMA=42440 buf=0.538 prices=
2025-12-23T09:35:00.000-05:00,"[KLB] 9:35 ▲ ~ ~ PM L + ~ Yest L
~ VWAP vol=14.1x pos=^94 vwap=above ema=bear rs=+1.2% adx=33 body=79% O212.86 H216.01 L212.29 C215.78 ATR=10.48 SL=214.73/214.21 rawVol=107592 volSMA=7645 buf=0.524 prices=212.56/213.31"
2025-12-23T09:45:00.000-05:00,[KLB] 9:45 ▼ ~ ~ PM H + ~ Week H vol=4.9x pos=v70 vwap=below ema=bear rs=+0.5% adx=33 body=69% O215.57 H215.59 L214.05 C214.51 ATR=10.48 SL=215.56/216.08 rawVol=47729 volSMA=13170 buf=0.524 prices=215.4/215.36
2025-12-23T09:55:00.000-05:00,[KLB] 5m CHECK 9:55 ▼ pnl=0.06 → HOLD
2025-12-23T10:00:00.000-05:00,[KLB] 10:00 ▼ ~ ~ VWAP vol=2.1x pos=v73 vwap=below ema=bear rs=-0.1% adx=28 body=58% O213.58 H213.69 L212.95 C213.15 ATR=10.48 SL=214.2/214.72 rawVol=40198 volSMA=18877 buf=0.524 prices=
2025-12-23T10:05:00.000-05:00,[KLB] 10:05 ▼ BRK Yest L vol=2.2x pos=v98 vwap=below ema=bear rs=-0.3% adx=27 body=75% O213.1 H213.33 L212.33 C212.35 ATR=10.48 SL=213.4/213.92 rawVol=45479 volSMA=21088 buf=0.524 prices=213.31
2025-12-23T10:10:00.000-05:00,[KLB] 10:10 ▼ ◆ ◆² Yest L 1.6x v53 vol= pos= vwap=below ema=bear rs=-0.2% adx=26 body=59% O212.37 H212.87 L212.36 C212.67 ATR=10.48 SL=213.72/214.24 rawVol=25852 volSMA=22347 buf=0.524 prices=
2025-12-23T10:15:00.000-05:00,[KLB] CONF 10:15 ▼ BRK → ✗ (failed)
2025-12-23T11:20:00.000-05:00,[KLB] 11:20 ▲ ~~ ~~ Yest L vol=0.4x pos=^81 vwap=above ema=bull rs=+0.6% adx=25 body=70% O214.7 H215.12 L214.65 C215.03 ATR=10.48 SL=213.98/213.46 rawVol=12266 volSMA=29829 buf=0.524 prices=213.31
2025-12-26T09:35:00.000-05:00,[KLB] 9:35 ▲ BRK Week H vol=17x pos=^91 vwap=above ema=bull rs=+0.3% adx=25 body=34% O215.39 H216.42 L213.98 C216.21 ATR=9.53 SL=215.26/214.78 rawVol=143790 volSMA=8456 buf=0.477 prices=215.36
2025-12-26T09:35:00.000-05:00,[KLB] 9:35 ▲ ~ ~ PM L + ~ Yest L vol=17x pos=^91 vwap=above ema=bull rs=+0.3% adx=25 body=34% O215.39 H216.42 L213.98 C216.21 ATR=9.53 SL=215.26/214.78 rawVol=143790 volSMA=8456 buf=0.477 prices=214.97/213.97
2025-12-26T09:40:00.000-05:00,[KLB] 9:40 ▼ ~ ~ PM H + ~ Yest H + ~ Week H + ~ ORB H vol=7.9x pos=v91 vwap=below ema=bull rs=-0.6% adx=28 body=81% O216.13 H216.36 L214.13 C214.32 ATR=9.53 SL=215.27/215.75 rawVol=109306 volSMA=13827 buf=0.477 prices=216.25/216.54/215.36/216.42
2025-12-26T09:40:00.000-05:00,[KLB] CONF 9:40 ▲ BRK → ✗ (failed)
2025-12-26T09:50:00.000-05:00,[KLB] 5m CHECK 9:50 ▼ pnl=0 → BAIL
2025-12-26T09:55:00.000-05:00,[KLB] 9:55 ▼ BRK Yest L + ORB L vol=2.3x pos=v84 vwap=below ema=bear rs=-1.1% adx=38 body=84% O214.05 H214.05 L213.06 C213.22 ATR=9.53 SL=214.17/214.65 rawVol=41664 volSMA=20941 buf=0.477 prices=213.97/213.98
2025-12-26T09:55:00.000-05:00,[KLB] 9:55 ▼ ~ ~ VWAP vol=2.3x pos=v84 vwap=below ema=bear rs=-1.1% adx=38 body=84% O214.05 H214.05 L213.06 C213.22 ATR=9.53 SL=214.17/214.65 rawVol=41664 volSMA=20941 buf=0.477 prices=
2025-12-26T10:00:00.000-05:00,"[KLB] 10:00 ▼ ◆ ◆² Yest L 1.3x v12
◆² ORB L 1.3x v12 vol= pos= vwap=below ema=bear rs=-1% adx=41 body=28% O213.2 H213.55 L213.05 C213.34 ATR=9.53 SL=214.29/214.77 rawVol=24292 volSMA=22139 buf=0.477 prices="
2025-12-26T10:15:00.000-05:00,[KLB] CONF 10:15 ▼ BRK → ✗ (failed)
2025-12-26T10:25:00.000-05:00,[KLB] 10:25 ▲ ~~ ~~ PM L + ~~ Yest L vol=1.9x pos=^97 vwap=above ema=bear rs=0% adx=40 body=89% O214.47 H215.38 L214.39 C215.35 ATR=9.53 SL=214.4/213.92 rawVol=59041 volSMA=30484 buf=0.477 prices=214.97/213.97
2025-12-26T10:35:00.000-05:00,"[KLB] 10:35 ▲ ~~ ~~ PM L
~ VWAP vol=1.4x pos=^100 vwap=above ema=bear rs=+0.3% adx=36 body=98% O215.22 H216.12 L215.2 C216.12 ATR=9.53 SL=215.17/214.69 rawVol=49555 volSMA=34322 buf=0.477 prices=214.97"
2025-12-26T11:20:00.000-05:00,[KLB] 11:20 ▲ ~~ ~~ PM L vol=0.3x pos=^38 vwap=above ema=bear rs=+0% adx=24 body=31% O215.2 H215.47 L215.18 C215.29 ATR=9.53 SL=214.34/213.86 rawVol=11239 volSMA=35191 buf=0.477 prices=214.97
2025-12-26T11:25:00.000-05:00,[KLB] 11:25 ▲ ~~ ~~ PM L vol=0.6x pos=^85 vwap=above ema=bear rs=+0.3% adx=23 body=81% O215.27 H215.99 L215.24 C215.88 ATR=9.53 SL=214.93/214.45 rawVol=20657 volSMA=33482 buf=0.477 prices=214.97
2025-12-26T11:35:00.000-05:00,[KLB] 11:35 ▲ ~~ ~~ PM L vol=0.3x pos=^87 vwap=above ema=bull rs=+0.2% adx=21 body=70% O215.26 H215.71 L215.17 C215.64 ATR=9.53 SL=214.69/214.21 rawVol=8798 volSMA=30009 buf=0.477 prices=214.97
2025-12-29T09:40:00.000-05:00,"[KLB] 9:40 ▲ ~ ~ PM L + ~ Week L
~ VWAP vol=9.9x pos=^94 vwap=above ema=bear rs=+1.1% adx=38 body=81% O211.55 H214.5 L211.09 C214.3 ATR=9.12 SL=213.39/212.93 rawVol=116816 volSMA=11805 buf=0.456 prices=211.45/212.28"
2025-12-29T09:45:00.000-05:00,[KLB] 9:45 ▲ ~ ~ Yest L vol=6.8x pos=^80 vwap=above ema=bear rs=+1.5% adx=36 body=64% O214.23 H215.39 L214.01 C215.11 ATR=9.12 SL=214.2/213.74 rawVol=106405 volSMA=17063 buf=0.456 prices=213.03
2025-12-29T09:50:00.000-05:00,[KLB] 9:50 ▼ ~ ~ PM H vol=2.6x pos=v90 vwap=below ema=bear rs=+0.6% adx=35 body=85% O215.16 H215.3 L212.61 C212.88 ATR=9.12 SL=213.79/214.25 rawVol=51843 volSMA=19586 buf=0.456 prices=214.13
2025-12-29T09:50:00.000-05:00,[KLB] 5m CHECK 9:50 ▲ pnl=-0.24 → BAIL
2025-12-29T10:10:00.000-05:00,[KLB] 10:10 ▼ ~ ~ VWAP vol=1.8x pos=v89 vwap=below ema=bear rs=+0.1% adx=31 body=48% O212.2 H212.7 L211.5 C211.63 ATR=9.12 SL=212.54/213 rawVol=52494 volSMA=28578 buf=0.456 prices=
2025-12-29T10:25:00.000-05:00,[KLB] 10:25 ▲ ~ ~ Week L vol=1x pos=^95 vwap=above ema=bear rs=+0.8% adx=26 body=95% O212.42 H213.3 L212.42 C213.26 ATR=9.12 SL=212.35/211.89 rawVol=33453 volSMA=32681 buf=0.456 prices=212.28
2025-12-30T09:40:00.000-05:00,[KLB] 9:40 ▼ ~ ~ PM H + ~ Yest H vol=8.5x pos=v69 vwap=below ema=bull rs=-0.3% adx=30 body=45% O215.94 H216.3 L214.78 C215.25 ATR=8.96 SL=216.15/216.59 rawVol=51735 volSMA=6062 buf=0.448 prices=216.43/216.05
2025-12-30T09:50:00.000-05:00,[KLB] 9:50 ▲ ~ ~ PM L + ~ ORB L vol=3.3x pos=^100 vwap=above ema=bear rs=-0.1% adx=32 body=89% O214.96 H215.83 L214.85 C215.83 ATR=8.96 SL=214.93/214.49 rawVol=28753 volSMA=8629 buf=0.448 prices=215.08/215
2025-12-30T09:50:00.000-05:00,[KLB] 5m CHECK 9:50 ▼ pnl=-0.1 → BAIL
2025-12-30T10:00:00.000-05:00,[KLB] 10:00 ▼ ~ ~ PM H + ~ Yest H vol=2.8x pos=v100 vwap=below ema=bear rs=-0.4% adx=30 body=72% O215.99 H216.31 L215.17 C215.17 ATR=8.96 SL=216.07/216.51 rawVol=34765 volSMA=12228 buf=0.448 prices=216.43/216.05
2025-12-30T10:15:00.000-05:00,[KLB] 10:15 ▼ BRK PM L + ORB L vol=2.3x pos=v65 vwap=below ema=bear rs=-0.5% adx=32 body=43% O214.84 H214.95 L214.46 C214.63 ATR=8.96 SL=215.53/215.97 rawVol=28842 volSMA=17374 buf=0.448 prices=215.08/215
2025-12-30T10:15:00.000-05:00,"[KLB] 10:15 ▼ ◆ ◆¹ PM L 1.4x v2
◆¹ ORB L 1.4x v2 vol= pos= vwap=below ema=bear rs=-0.5% adx=32 body=43% O214.84 H214.95 L214.46 C214.63 ATR=8.96 SL=215.53/215.97 rawVol=28842 volSMA=17374 buf=0.448 prices="
2025-12-30T10:50:00.000-05:00,[KLB] CONF 10:50 ▼ BRK → ✗ (failed)
2025-12-30T11:00:00.000-05:00,[KLB] 11:00 ▲ ~~ ~~ PM L vol=0.8x pos=^73 vwap=above ema=bear rs=-0.1% adx=29 body=73% O215.29 H215.88 L215.29 C215.72 ATR=8.96 SL=214.82/214.38 rawVol=16397 volSMA=24603 buf=0.448 prices=215.08
2025-12-30T11:25:00.000-05:00,[KLB] 11:25 ▲ ~ ~ VWAP vol=2x pos=^77 vwap=above ema=bear rs=+0.2% adx=24 body=77% O215.89 H216.82 L215.89 C216.61 ATR=8.96 SL=215.71/215.27 rawVol=50142 volSMA=24595 buf=0.448 prices=
2025-12-30T11:40:00.000-05:00,[KLB] 11:40 ▼ ~ ~ Yest H vol=0.9x pos=v95 vwap=below ema=bear rs=-0.3% adx=22 body=85% O215.94 H216.01 L215.35 C215.38 ATR=8.96 SL=216.28/216.72 rawVol=19957 volSMA=22541 buf=0.448 prices=216.05
2025-12-30T15:05:00.000-05:00,[KLB] 15:05 ▼ ~ ~ VWAP vol=1.5x pos=v92 vwap=below ema=bear rs=-0.7% adx=22 body=67% O214.53 H214.59 L214.35 C214.37 ATR=8.96 SL=215.27/215.71 rawVol=11171 volSMA=8887 buf=0.448 prices=
2025-12-31T09:45:00.000-05:00,[KLB] 9:45 ▲ ~ ~ Yest L vol=4.7x pos=^100 vwap=above ema=bull rs=+0.2% adx=53 body=39% O215.46 H215.76 L214.99 C215.76 ATR=8.49 SL=214.91/214.49 rawVol=30232 volSMA=10905 buf=0.425 prices=214.33
2025-12-31T09:50:00.000-05:00,[KLB] 9:50 ▲ BRK PM H vol=4.9x pos=^100 vwap=above ema=bull rs=+0.8% adx=55 body=84% O215.75 H217.03 L215.5 C217.03 ATR=8.49 SL=216.18/215.76 rawVol=70033 volSMA=14394 buf=0.425 prices=215.9
2025-12-31T09:50:00.000-05:00,[KLB] 9:50 ▲ ~ ~ VWAP vol=4.9x pos=^100 vwap=above ema=bull rs=+0.8% adx=55 body=84% O215.75 H217.03 L215.5 C217.03 ATR=8.49 SL=216.18/215.76 rawVol=70033 volSMA=14394 buf=0.425 prices=
2025-12-31T09:55:00.000-05:00,[KLB] 5m CHECK 9:55 ▲ pnl=0.02 → BAIL
2025-12-31T09:55:00.000-05:00,[KLB] 9:55 ▲ ◆ ◆² PM H 3.9x ^11 vol= pos= vwap=above ema=bull rs=+0.8% adx=57 body=15% O217.04 H217.63 L216.36 C217.23 ATR=8.49 SL=216.38/215.96 rawVol=86644 volSMA=18726 buf=0.425 prices=
2025-12-31T10:00:00.000-05:00,[KLB] 10:00 ▼ ~ ~ Yest H + ~ ORB H vol=3.2x pos=v89 vwap=below ema=bull rs=+0.1% adx=56 body=73% O217.2 H217.53 L215.41 C215.65 ATR=8.49 SL=216.5/216.92 rawVol=72311 volSMA=22316 buf=0.425 prices=216.82/217.15
2025-12-31T10:50:00.000-05:00,[KLB] CONF 10:50 ▲ BRK → ✗ (failed)
2025-12-31T10:55:00.000-05:00,[KLB] 10:55 ▼ ~~ ~~ PM H + ~~ Yest H vol=0.5x pos=v91 vwap=below ema=bull rs=+0.3% adx=40 body=91% O216 H216 L215.55 C215.59 ATR=8.49 SL=216.44/216.86 rawVol=16997 volSMA=32676 buf=0.425 prices=215.9/216.82
2025-12-31T11:00:00.000-05:00,[KLB] 11:00 ▼ ~ ~ VWAP vol=1x pos=v78 vwap=below ema=bull rs=+0.1% adx=37 body=74% O215.58 H215.6 L215.06 C215.18 ATR=8.49 SL=216.03/216.45 rawVol=33152 volSMA=34295 buf=0.425 prices=
2025-12-31T11:45:00.000-05:00,[KLB] 11:45 ▼ ~~ ~~ Yest H vol=0.8x pos=v70 vwap=below ema=bull rs=+0.3% adx=26 body=59% O216.08 H216.12 L215.75 C215.86 ATR=8.49 SL=216.71/217.13 rawVol=13842 volSMA=18276 buf=0.425 prices=216.82
2025-12-31T12:05:00.000-05:00,[KLB] 12:05 ▼ ~~ ~~ Yest H vol=0.5x pos=v100 vwap=below ema=bull rs=+0.3% adx=21 body=86% O216.17 H216.22 L215.85 C215.85 ATR=8.49 SL=216.7/217.12 rawVol=8389 volSMA=15481 buf=0.425 prices=216.82
2025-12-31T14:30:00.000-05:00,[KLB] 14:30 ▼ ~~ ~~ PM H + ~~ Yest H vol=2.1x pos=v91 vwap=below ema=bull rs=+0.2% adx=21 body=89% O216.01 H216.02 L215.45 C215.5 ATR=8.49 SL=216.35/216.77 rawVol=25719 volSMA=12381 buf=0.425 prices=215.9/216.82
2026-01-02T09:30:00.000-05:00,[KLB] 9:30 ▲ BRK Yest H vol=2.5x pos=^100 vwap=below ema=bull rs=+0.6% adx=33 body=95% O218 H219.08 L217.94 C219.08 ATR=8.16 SL=218.26/217.86 rawVol=2654 volSMA=1075 buf=0.408 prices=217.64
2026-01-02T09:35:00.000-05:00,[KLB] 9:35 ▲ BRK PM H + Week H vol=18.8x pos=^89 vwap=above ema=bull rs=+2.6% adx=37 body=88% O218.95 H224.95 L218.91 C224.29 ATR=8.16 SL=223.47/223.07 rawVol=319742 volSMA=17038 buf=0.408 prices=219.08/220.17
2026-01-02T09:35:00.000-05:00,[KLB] 9:35 ▲ ~ ~ VWAP vol=18.8x pos=^89 vwap=above ema=bull rs=+2.6% adx=37 body=88% O218.95 H224.95 L218.91 C224.29 ATR=8.16 SL=223.47/223.07 rawVol=319742 volSMA=17038 buf=0.408 prices=
2026-01-02T09:35:00.000-05:00,[KLB] CONF 9:35 ▲ BRK → ✓ (auto-promote)
2026-01-02T09:40:00.000-05:00,[KLB] 5m CHECK 9:40 ▲ pnl=-0.14 → BAIL
2026-01-02T09:50:00.000-05:00,[KLB] 9:50 ▲ BRK ORB H vol=5.5x pos=^67 vwap=above ema=bull rs=+3.1% adx=49 body=51% O224.93 H226.45 L224.64 C225.86 ATR=8.16 SL=225.04/224.64 rawVol=122946 volSMA=41146 buf=0.408 prices=224.95
2026-01-02T09:50:00.000-05:00,[KLB] CONF 9:50 ▲ BRK → ✓★ (auto-promote)
2026-01-02T09:50:00.000-05:00,[KLB] 9:50 ▲ ◆ ◆¹ ORB H 2.8x ^29 vol= pos= vwap=above ema=bull rs=+3.1% adx=49 body=51% O224.93 H226.45 L224.64 C225.86 ATR=8.16 SL=225.04/224.64 rawVol=122946 volSMA=41146 buf=0.408 prices=
2026-01-02T09:55:00.000-05:00,[KLB] 5m CHECK 9:55 ▲ pnl=-0.06 → BAIL
2026-01-02T10:15:00.000-05:00,[KLB] CONF 10:15 ▲ BRK → ✗ (failed)
2026-01-02T10:25:00.000-05:00,[KLB] 10:25 ▼ ~ ~ VWAP vol=1x pos=v94 vwap=below ema=bull rs=+1.9% adx=57 body=93% O224.48 H224.52 L221.82 C221.97 ATR=8.16 SL=222.79/223.19 rawVol=75086 volSMA=78858 buf=0.408 prices=
2026-01-05T09:45:00.000-05:00,"[KLB] 9:45 ▼ ~ ~ PM H
~ VWAP vol=5.2x pos=v60 vwap=below ema=bull rs=-0.8% adx=21 body=43% O229.95 H230.41 L227.71 C228.79 ATR=8.51 SL=229.64/230.07 rawVol=114501 volSMA=22229 buf=0.425 prices=230.43"
2026-01-05T09:50:00.000-05:00,[KLB] 9:50 ▼ ~ ~ Week H vol=4.3x pos=v82 vwap=below ema=bull rs=-1.6% adx=20 body=71% O228.85 H229.17 L226.23 C226.77 ATR=8.51 SL=227.62/228.05 rawVol=95865 volSMA=26928 buf=0.425 prices=227.15
2026-01-05T09:55:00.000-05:00,[KLB] 5m CHECK 9:55 ▼ pnl=0.11 → HOLD
2026-01-05T12:00:00.000-05:00,[KLB] 12:00 ▼ ~ ~ Yest H vol=1.6x pos=v88 vwap=below ema=bear rs=-3.4% adx=25 body=85% O224.48 H224.52 L223.08 C223.26 ATR=8.51 SL=224.11/224.54 rawVol=59336 volSMA=38122 buf=0.425 prices=227.15
2026-01-06T09:40:00.000-05:00,[KLB] 9:40 ▼ BRK ORB L vol=9.4x pos=v87 vwap=below ema=bear rs=-2.4% adx=23 body=83% O220.11 H220.25 L216.9 C217.33 ATR=8.87 SL=218.22/218.66 rawVol=145114 volSMA=15502 buf=0.443 prices=219.6
2026-01-06T09:40:00.000-05:00,[KLB] 9:40 ▼ ~ ~ VWAP vol=9.4x pos=v87 vwap=below ema=bear rs=-2.4% adx=23 body=83% O220.11 H220.25 L216.9 C217.33 ATR=8.87 SL=218.22/218.66 rawVol=145114 volSMA=15502 buf=0.443 prices=
2026-01-06T09:50:00.000-05:00,[KLB] 5m CHECK 9:50 ▼ pnl=-0.11 → BAIL
2026-01-07T09:35:00.000-05:00,[KLB] 9:35 ▼ BRK PM L + Yest L + Week L vol=15.4x pos=v89 vwap=below ema=bear rs=-2% adx=31 body=89% O212.13 H212.13 L207.28 C207.82 ATR=9.07 SL=208.73/209.18 rawVol=260668 volSMA=16885 buf=0.453 prices=212/211.25/209.24
2026-01-07T09:35:00.000-05:00,[KLB] 9:35 ▼ ~ ~ VWAP vol=15.4x pos=v89 vwap=below ema=bear rs=-2% adx=31 body=89% O212.13 H212.13 L207.28 C207.82 ATR=9.07 SL=208.73/209.18 rawVol=260668 volSMA=16885 buf=0.453 prices=
2026-01-07T09:50:00.000-05:00,[KLB] 9:50 ▼ ◆ ◆⁴ Week L 2.1x v51 vol= pos= vwap=below ema=bear rs=-1.8% adx=40 body=22% O208.32 H208.75 L207.77 C208.54 ATR=9.07 SL=209.45/209.9 rawVol=88783 volSMA=36146 buf=0.453 prices=
2026-01-07T10:00:00.000-05:00,[KLB] CONF 10:00 ▼ BRK → ✗ (failed)
2026-01-07T10:05:00.000-05:00,[KLB] 10:05 ▲ ~~ ~~ Week L vol=1.3x pos=^100 vwap=above ema=bear rs=-1.2% adx=44 body=32% O209.1 H209.57 L208.12 C209.57 ATR=9.07 SL=208.66/208.21 rawVol=61098 volSMA=45456 buf=0.453 prices=209.24
2026-01-07T10:10:00.000-05:00,"[KLB] 10:10 ▲ ~~ ~~ Week L
~ VWAP vol=1.6x pos=^78 vwap=above ema=bear rs=-0.8% adx=43 body=64% O209.56 H210.62 L209.38 C210.35 ATR=9.07 SL=209.44/208.99 rawVol=78646 volSMA=49277 buf=0.453 prices=209.24"
2026-01-07T10:15:00.000-05:00,[KLB] 5m CHECK 10:15 ▲ pnl=-0.02 → BAIL
2026-01-07T10:40:00.000-05:00,[KLB] 10:40 ▼ BRK Week L vol=1.7x pos=v57 vwap=below ema=bear rs=-1.4% adx=38 body=53% O210.09 H210.16 L208.35 C209.13 ATR=9.07 SL=210.04/210.49 rawVol=110931 volSMA=65644 buf=0.453 prices=209.24
2026-01-07T10:40:00.000-05:00,[KLB] 10:40 ▼ ◆ ◆¹ Week L 0.9x v39 vol= pos= vwap=below ema=bear rs=-1.4% adx=38 body=53% O210.09 H210.16 L208.35 C209.13 ATR=9.07 SL=210.04/210.49 rawVol=110931 volSMA=65644 buf=0.453 prices=
2026-01-07T10:45:00.000-05:00,[KLB] CONF 10:45 ▼ BRK → ✗ (failed)
2026-01-07T10:50:00.000-05:00,[KLB] 10:50 ▲ ~~ ~~ Week L vol=0.8x pos=^79 vwap=above ema=bear rs=-0.8% adx=37 body=71% O209.25 H210.76 L209.13 C210.41 ATR=9.07 SL=209.5/209.05 rawVol=38258 volSMA=70082 buf=0.453 prices=209.24
2026-01-07T11:35:00.000-05:00,[KLB] 11:35 ▲ ~~ ~~ Week L vol=0.6x pos=^90 vwap=above ema=bear rs=-1.2% adx=33 body=87% O209.37 H209.66 L209.36 C209.63 ATR=9.07 SL=208.72/208.27 rawVol=26089 volSMA=44814 buf=0.453 prices=209.24
2026-01-07T11:40:00.000-05:00,[KLB] 11:40 ▲ ~~ ~~ Week L vol=0.6x pos=^74 vwap=above ema=bear rs=-1.1% adx=33 body=32% O209.64 H209.93 L209.43 C209.8 ATR=9.07 SL=208.89/208.44 rawVol=21906 volSMA=43190 buf=0.453 prices=209.24
2026-01-07T13:50:00.000-05:00,[KLB] 13:50 ▲ ~~ ~~ Week L vol=1.3x pos=^94 vwap=above ema=bear rs=-1.1% adx=21 body=51% O209.65 H209.95 L209.42 C209.92 ATR=9.07 SL=209.01/208.56 rawVol=26152 volSMA=19656 buf=0.453 prices=209.24
2026-01-07T14:45:00.000-05:00,[KLB] 14:45 ▲ ~~ ~~ Week L vol=1.3x pos=^81 vwap=above ema=bear rs=-1% adx=26 body=60% O209.56 H210.05 L209.43 C209.93 ATR=9.07 SL=209.02/208.57 rawVol=24954 volSMA=19175 buf=0.453 prices=209.24
2026-01-08T09:45:00.000-05:00,[KLB] 9:45 ▼ BRK ORB L vol=6.4x pos=v99 vwap=below ema=bear rs=-1.8% adx=30 body=71% O208.52 H209.15 L206.85 C206.88 ATR=8.93 SL=207.77/208.22 rawVol=85985 volSMA=13474 buf=0.447 prices=208.43
2026-01-08T09:45:00.000-05:00,[KLB] 9:45 ▼ ~ ~ VWAP vol=6.4x pos=v99 vwap=below ema=bear rs=-1.8% adx=30 body=71% O208.52 H209.15 L206.85 C206.88 ATR=8.93 SL=207.77/208.22 rawVol=85985 volSMA=13474 buf=0.447 prices=
2026-01-08T09:45:00.000-05:00,[KLB] 5m CHECK 9:45 ▼ pnl=0.19 → HOLD
2026-01-08T09:55:00.000-05:00,[KLB] 9:55 ▼ BRK Yest L vol=3.4x pos=v55 vwap=below ema=bear rs=-1.9% adx=33 body=55% O207.5 H207.5 L206.3 C206.84 ATR=8.93 SL=207.73/208.18 rawVol=64308 volSMA=18703 buf=0.447 prices=207.17
2026-01-08T09:55:00.000-05:00,[KLB] CONF 9:55 ▼ BRK → ✓★ (auto-promote)
2026-01-08T09:55:00.000-05:00,[KLB] 9:55 ▼ ◆ ◆¹ Yest L 3.1x v96 vol= pos= vwap=below ema=bear rs=-1.9% adx=33 body=55% O207.5 H207.5 L206.3 C206.84 ATR=8.93 SL=207.73/208.18 rawVol=64308 volSMA=18703 buf=0.447 prices=
2026-01-08T10:00:00.000-05:00,[KLB] 5m CHECK 10:00 ▼ pnl=0.07 → HOLD
2026-01-08T10:25:00.000-05:00,[KLB] CONF 10:25 ▼ BRK → ✗ (failed)
2026-01-09T09:50:00.000-05:00,[KLB] 9:50 ▼ ~ ~ ORB H vol=3.8x pos=v47 vwap=below ema=bull rs=-0.2% adx=24 body=33% O205.86 H206.06 L204.64 C205.39 ATR=8.84 SL=206.27/206.72 rawVol=49413 volSMA=15886 buf=0.442 prices=206.2
2026-01-09T09:55:00.000-05:00,[KLB] 9:55 ▲ ~ ~ ORB L vol=1.8x pos=^94 vwap=above ema=bull rs=0% adx=23 body=49% O205.45 H205.9 L205.09 C205.85 ATR=8.84 SL=204.97/204.52 rawVol=31747 volSMA=17449 buf=0.442 prices=204.85
2026-01-09T09:55:00.000-05:00,[KLB] 5m CHECK 9:55 ▼ pnl=-0.05 → BAIL
2026-01-09T10:05:00.000-05:00,[KLB] 10:05 ▼ ~ ~ VWAP vol=2x pos=v99 vwap=below ema=bull rs=-0.6% adx=22 body=79% O205.35 H205.59 L204.4 C204.41 ATR=8.84 SL=205.29/205.74 rawVol=41950 volSMA=20502 buf=0.442 prices=
2026-01-09T10:10:00.000-05:00,[KLB] 10:10 ▼ BRK PM L vol=2.3x pos=v79 vwap=below ema=bear rs=-1% adx=24 body=68% O204.45 H204.61 L203.07 C203.4 ATR=8.84 SL=204.28/204.73 rawVol=54150 volSMA=23144 buf=0.442 prices=204.55
2026-01-09T10:15:00.000-05:00,[KLB] 5m CHECK 10:15 ▼ pnl=-0.17 → BAIL
2026-01-09T10:15:00.000-05:00,[KLB] 10:15 ▼ ◆ ◆² PM L 1.3x v88 vol= pos= vwap=below ema=bear rs=-0.5% adx=24 body=85% O203.43 H205.15 L203.4 C204.92 ATR=8.84 SL=205.8/206.25 rawVol=40123 volSMA=24803 buf=0.442 prices=
2026-01-09T10:25:00.000-05:00,[KLB] CONF 10:25 ▼ BRK → ✗ (failed)
2026-01-09T10:30:00.000-05:00,[KLB] 10:30 ▲ ~~ ~~ PM L + ~ Yest L + ~~ ORB L vol=1.6x pos=^89 vwap=above ema=bear rs=-0.3% adx=24 body=89% O204.69 H206.01 L204.68 C205.87 ATR=8.84 SL=204.99/204.54 rawVol=48778 volSMA=30007 buf=0.442 prices=204.55/203.33/204.85
2026-01-09T10:35:00.000-05:00,[KLB] 10:35 ▲ ~ ~ VWAP vol=1.8x pos=^82 vwap=above ema=bear rs=0% adx=23 body=54% O205.95 H206.62 L205.7 C206.45 ATR=8.84 SL=205.57/205.12 rawVol=58496 volSMA=32881 buf=0.442 prices=
2026-01-09T14:55:00.000-05:00,[KLB] 14:55 ▼ BRK ORB L vol=1.7x pos=v47 vwap=below ema=bear rs=-1.2% adx=31 body=31% O204.58 H204.64 L204.28 C204.47 ATR=8.84 SL=205.35/205.8 rawVol=24089 volSMA=13840 buf=0.442 prices=204.85
2026-01-09T14:55:00.000-05:00,[KLB] 14:55 ▼ ◆ ◆¹ ORB L 1.2x v41 vol= pos= vwap=below ema=bear rs=-1.2% adx=31 body=31% O204.58 H204.64 L204.28 C204.47 ATR=8.84 SL=205.35/205.8 rawVol=24089 volSMA=13840 buf=0.442 prices=
2026-01-09T15:35:00.000-05:00,[KLB] 15:35 ▼ BRK PM L vol=3.3x pos=v83 vwap=below ema=bear rs=-1.5% adx=30 body=66% O204.15 H204.2 L203.91 C203.96 ATR=8.84 SL=204.84/205.29 rawVol=64452 volSMA=19570 buf=0.442 prices=204.55
2026-01-09T15:35:00.000-05:00,[KLB] CONF 15:35 ▼ BRK → ✓ (auto-promote)
2026-01-09T15:40:00.000-05:00,[KLB] 5m CHECK 15:40 ▼ pnl=0.04 → BAIL
2026-01-12T09:35:00.000-05:00,[KLB] 9:35 ▲ BRK PM H vol=13.9x pos=^96 vwap=above ema=bull rs=+0.9% adx=37 body=58% O201.18 H203.48 L199.8 C203.32 ATR=8.51 SL=202.47/202.04 rawVol=98250 volSMA=7073 buf=0.425 prices=203.02
2026-01-12T09:35:00.000-05:00,[KLB] 9:35 ▲ ~ ~ PM L + ~ Yest L vol=13.9x pos=^96 vwap=above ema=bull rs=+0.9% adx=37 body=58% O201.18 H203.48 L199.8 C203.32 ATR=8.51 SL=202.47/202.04 rawVol=98250 volSMA=7073 buf=0.425 prices=200.3/203.07
2026-01-12T09:40:00.000-05:00,[KLB] 9:40 ▲ BRK ORB H vol=8.3x pos=^94 vwap=above ema=bull rs=+1.9% adx=39 body=94% O203.3 H205.82 L203.3 C205.68 ATR=8.51 SL=204.83/204.4 rawVol=96102 volSMA=11857 buf=0.425 prices=203.48
2026-01-12T09:40:00.000-05:00,"[KLB] 9:40 ▲ ~ ~ Week L
~ VWAP vol=8.3x pos=^94 vwap=above ema=bull rs=+1.9% adx=39 body=94% O203.3 H205.82 L203.3 C205.68 ATR=8.51 SL=204.83/204.4 rawVol=96102 volSMA=11857 buf=0.425 prices=203.07"
2026-01-12T09:40:00.000-05:00,[KLB] CONF 9:40 ▲ BRK → ✓★ (auto-promote)
2026-01-12T09:45:00.000-05:00,[KLB] 5m CHECK 9:45 ▲ pnl=-0.06 → BAIL
2026-01-12T10:20:00.000-05:00,[KLB] 10:20 ▲ BRK Yest H vol=2.5x pos=^92 vwap=above ema=bull rs=+3.5% adx=55 body=89% O207.59 H209.17 L207.54 C209.04 ATR=8.51 SL=208.19/207.76 rawVol=91347 volSMA=36010 buf=0.425 prices=207.3
2026-01-12T10:20:00.000-05:00,[KLB] CONF 10:20 ▲ BRK → ✓★ (auto-promote)
2026-01-12T10:25:00.000-05:00,[KLB] 5m CHECK 10:25 ▲ pnl=-0.07 → BAIL
2026-01-12T10:30:00.000-05:00,[KLB] 10:30 ▲ ◆ ◆³ Yest H 1.8x ^19 vol= pos= vwap=above ema=bull rs=+3.4% adx=59 body=67% O208.42 H208.86 L208.21 C208.86 ATR=8.51 SL=208/207.58 rawVol=25597 volSMA=38908 buf=0.425 prices=
2026-01-13T09:35:00.000-05:00,[KLB] 9:35 ▲ BRK PM H vol=14.1x pos=^86 vwap=above ema=bull rs=+2.4% adx=56 body=83% O215.14 H221.22 L214.9 C220.36 ATR=8.62 SL=219.5/219.07 rawVol=567570 volSMA=40335 buf=0.431 prices=216.08
2026-01-13T09:35:00.000-05:00,[KLB] 9:35 ▲ ~ ~ VWAP vol=14.1x pos=^86 vwap=above ema=bull rs=+2.4% adx=56 body=83% O215.14 H221.22 L214.9 C220.36 ATR=8.62 SL=219.5/219.07 rawVol=567570 volSMA=40335 buf=0.431 prices=
2026-01-13T09:45:00.000-05:00,[KLB] 9:45 ▲ BRK ORB H vol=3.6x pos=^77 vwap=above ema=bull rs=+2.9% adx=59 body=60% O219.64 H221.93 L219.17 C221.29 ATR=8.62 SL=220.43/220 rawVol=225056 volSMA=61662 buf=0.431 prices=221.22
2026-01-13T09:45:00.000-05:00,[KLB] CONF 9:45 ▲ BRK → ✓★ (auto-promote)
2026-01-13T09:45:00.000-05:00,[KLB] 9:45 ▲ ◆ ◆¹ ORB H 3.7x ^85 vol= pos= vwap=above ema=bull rs=+2.9% adx=59 body=60% O219.64 H221.93 L219.17 C221.29 ATR=8.62 SL=220.43/220 rawVol=225056 volSMA=61662 buf=0.431 prices=
2026-01-13T09:50:00.000-05:00,[KLB] 5m CHECK 9:50 ▲ pnl=0.07 → HOLD
2026-01-13T09:50:00.000-05:00,[KLB] CONF 9:50 ▲ BRK → ✗ (failed)
2026-01-13T10:50:00.000-05:00,[KLB] 10:50 ▼ ~ ~ VWAP vol=0.3x pos=v97 vwap=below ema=bull rs=+1.5% adx=44 body=41% O217.87 H218.42 L217.44 C217.47 ATR=8.62 SL=218.33/218.76 rawVol=39437 volSMA=113354 buf=0.431 prices=
2026-01-13T11:55:00.000-05:00,[KLB] 11:55 ▲ BRK ORB H vol=1.7x pos=^56 vwap=above ema=bull rs=+2.9% adx=28 body=31% O220.92 H221.66 L220.68 C221.23 ATR=8.62 SL=220.37/219.94 rawVol=46769 volSMA=47123 buf=0.431 prices=221.22
2026-01-13T11:55:00.000-05:00,[KLB] 11:55 ▲ ◆ ◆¹ ORB H 3.2x ^74 vol= pos= vwap=above ema=bull rs=+2.9% adx=28 body=31% O220.92 H221.66 L220.68 C221.23 ATR=8.62 SL=220.37/219.94 rawVol=46769 volSMA=47123 buf=0.431 prices=
2026-01-13T12:40:00.000-05:00,[KLB] CONF 12:40 ▲ BRK → ✗ (failed)
2026-01-14T09:40:00.000-05:00,[KLB] 9:40 ▼ BRK PM L vol=9.2x pos=v65 vwap=below ema=bear rs=-0.3% adx=45 body=49% O217.37 H217.57 L216.27 C216.73 ATR=9.11 SL=217.64/218.1 rawVol=106278 volSMA=15076 buf=0.455 prices=217.18
2026-01-14T09:45:00.000-05:00,[KLB] 9:45 ▼ ~ ~ VWAP vol=5.5x pos=v86 vwap=below ema=bear rs=-0.7% adx=47 body=77% O216.75 H216.9 L215.28 C215.5 ATR=9.11 SL=216.41/216.87 rawVol=88127 volSMA=19257 buf=0.455 prices=
2026-01-14T09:50:00.000-05:00,[KLB] 5m CHECK 9:50 ▼ pnl=-0.14 → BAIL
2026-01-14T09:50:00.000-05:00,[KLB] 9:50 ▼ ◆ ◆³ PM L 2.6x v24 vol= pos= vwap=below ema=bear rs=-0.2% adx=48 body=73% O215.51 H216.83 L215.15 C216.74 ATR=9.11 SL=217.65/218.11 rawVol=54228 volSMA=21831 buf=0.455 prices=
2026-01-14T10:10:00.000-05:00,[KLB] CONF 10:10 ▼ BRK → ✗ (failed)
2026-01-14T10:15:00.000-05:00,"[KLB] 10:15 ▲ ~~ ~~ PM L
~ VWAP vol=2x pos=^95 vwap=above ema=bear rs=+1% adx=44 body=93% O217.22 H219.75 L217.18 C219.61 ATR=9.11 SL=218.7/218.24 rawVol=71525 volSMA=34913 buf=0.455 prices=217.18"
2026-01-15T09:35:00.000-05:00,[KLB] 9:35 ▲ BRK PM H vol=15.9x pos=^79 vwap=above ema=bull rs=+2.6% adx=25 body=74% O227.88 H235.45 L227.44 C233.79 ATR=9.1 SL=232.88/232.43 rawVol=535120 volSMA=33588 buf=0.455 prices=231.36
2026-01-15T09:35:00.000-05:00,[KLB] 9:35 ▲ ~ ~ VWAP vol=15.9x pos=^79 vwap=above ema=bull rs=+2.6% adx=25 body=74% O227.88 H235.45 L227.44 C233.79 ATR=9.1 SL=232.88/232.43 rawVol=535120 volSMA=33588 buf=0.455 prices=
2026-01-15T09:35:00.000-05:00,[KLB] 9:35 ▲ ◆ ◆¹ PM H 8x ^66 vol= pos= vwap=above ema=bull rs=+2.6% adx=25 body=74% O227.88 H235.45 L227.44 C233.79 ATR=9.1 SL=232.88/232.43 rawVol=535120 volSMA=33588 buf=0.455 prices=
2026-01-15T09:50:00.000-05:00,[KLB] 9:50 ▲ BRK Week H + ORB H vol=4.4x pos=^91 vwap=above ema=bull rs=+3.6% adx=29 body=80% O234.25 H236.24 L234 C236.04 ATR=9.1 SL=235.13/234.68 rawVol=309030 volSMA=70527 buf=0.455 prices=234.02/235.45
2026-01-15T09:50:00.000-05:00,[KLB] CONF 9:50 ▲ BRK → ✓ (auto-promote)
2026-01-15T09:50:00.000-05:00,[KLB] 9:50 ▲ ◆ ◆¹ ORB H 2.6x ^36 vol= pos= vwap=above ema=bull rs=+3.6% adx=29 body=80% O234.25 H236.24 L234 C236.04 ATR=9.1 SL=235.13/234.68 rawVol=309030 volSMA=70527 buf=0.455 prices=
2026-01-15T09:55:00.000-05:00,[KLB] 5m CHECK 9:55 ▲ pnl=-0.04 → BAIL
2026-01-15T14:00:00.000-05:00,[KLB] CONF 14:00 ▲ BRK → ✗ (failed)
2026-01-15T14:05:00.000-05:00,[KLB] 14:05 ▼ ~~ ~~ ORB H vol=1.9x pos=v71 vwap=below ema=bull rs=+3.2% adx=22 body=70% O235.85 H235.86 L234.88 C235.16 ATR=9.1 SL=236.07/236.52 rawVol=77474 volSMA=41734 buf=0.455 prices=235.45
2026-01-15T14:15:00.000-05:00,[KLB] 14:15 ▼ ~~ ~~ ORB H vol=0.8x pos=v68 vwap=below ema=bull rs=+3.1% adx=24 body=54% O235.28 H235.39 L234.58 C234.84 ATR=9.1 SL=235.75/236.2 rawVol=33304 volSMA=41074 buf=0.455 prices=235.45
2026-01-15T14:30:00.000-05:00,[KLB] 14:30 ▼ ~ ~ VWAP vol=1.2x pos=v79 vwap=below ema=bull rs=+2.8% adx=28 body=67% O234.6 H234.73 L233.66 C233.88 ATR=9.1 SL=234.79/235.24 rawVol=48562 volSMA=39910 buf=0.455 prices=
2026-01-15T14:35:00.000-05:00,[KLB] 14:35 ▼ ~~ ~~ Week H vol=1.3x pos=v80 vwap=below ema=bull rs=+2.7% adx=30 body=69% O233.88 H233.93 L233.44 C233.54 ATR=9.1 SL=234.45/234.9 rawVol=37740 volSMA=38828 buf=0.455 prices=234.02
2026-01-15T15:20:00.000-05:00,[KLB] 15:20 ▼ ~~ ~~ PM H vol=1.4x pos=v100 vwap=below ema=bear rs=+1.5% adx=48 body=94% O231.33 H231.39 L230.4 C230.4 ATR=9.1 SL=231.31/231.76 rawVol=61028 volSMA=42539 buf=0.455 prices=231.36
2026-01-16T09:35:00.000-05:00,[KLB] 9:35 ▼ BRK PM L vol=14.9x pos=v84 vwap=below ema=bear rs=-1.9% adx=23 body=80% O234.17 H234.36 L229.14 C229.98 ATR=9.5 SL=230.93/231.41 rawVol=198342 volSMA=13334 buf=0.475 prices=232
2026-01-16T09:35:00.000-05:00,"[KLB] 9:35 ▼ ~ ~ Week H
~ VWAP vol=14.9x pos=v84 vwap=below ema=bear rs=-1.9% adx=23 body=80% O234.17 H234.36 L229.14 C229.98 ATR=9.5 SL=230.93/231.41 rawVol=198342 volSMA=13334 buf=0.475 prices=234.02"
2026-01-16T09:45:00.000-05:00,[KLB] CONF 9:45 ▼ BRK → ✗ (failed)
2026-01-16T09:50:00.000-05:00,[KLB] 9:50 ▲ ~~ ~~ PM L vol=3.6x pos=^98 vwap=above ema=bear rs=-0.7% adx=28 body=88% O229.88 H232.52 L229.6 C232.46 ATR=9.5 SL=231.51/231.03 rawVol=121312 volSMA=33497 buf=0.475 prices=232
2026-01-16T10:10:00.000-05:00,"[KLB] 10:10 ▲ ~~ ~~ PM L
~ VWAP vol=1.1x pos=^93 vwap=above ema=bear rs=-0.5% adx=26 body=91% O231.11 H233.05 L231.07 C232.91 ATR=9.5 SL=231.96/231.48 rawVol=57980 volSMA=53156 buf=0.475 prices=232"
2026-01-16T10:25:00.000-05:00,[KLB] 10:25 ▲ ~~ ~~ PM L vol=0.9x pos=^100 vwap=above ema=bear rs=-0.1% adx=22 body=97% O231.7 H233.64 L231.65 C233.64 ATR=9.5 SL=232.69/232.21 rawVol=51977 volSMA=60850 buf=0.475 prices=232
2026-01-20T09:55:00.000-05:00,[KLB] 9:55 ▲ ~ ~ VWAP vol=2.9x pos=^87 vwap=above ema=bull rs=+2.4% adx=23 body=86% O228.84 H232.18 L228.78 C231.75 ATR=9.29 SL=230.82/230.36 rawVol=110473 volSMA=38272 buf=0.465 prices=
2026-01-20T09:55:00.000-05:00,[KLB] 5m CHECK 9:55 ▼ pnl=-0.31 → BAIL
2026-01-20T10:00:00.000-05:00,[KLB] 10:00 ▲ BRK ORB H vol=2.9x pos=^68 vwap=above ema=bull rs=+3% adx=24 body=59% O231.74 H233.88 L231.51 C233.13 ATR=9.29 SL=232.2/231.74 rawVol=128743 volSMA=44622 buf=0.465 prices=232.5
2026-01-20T10:00:00.000-05:00,[KLB] 10:00 ▲ ~ ~ Yest L vol=2.9x pos=^68 vwap=above ema=bull rs=+3% adx=24 body=59% O231.74 H233.88 L231.51 C233.13 ATR=9.29 SL=232.2/231.74 rawVol=128743 volSMA=44622 buf=0.465 prices=228.86
2026-01-20T10:00:00.000-05:00,[KLB] 10:00 ▲ ◆ ◆¹ ORB H 2.9x ^93 vol= pos= vwap=above ema=bull rs=+3% adx=24 body=59% O231.74 H233.88 L231.51 C233.13 ATR=9.29 SL=232.2/231.74 rawVol=128743 volSMA=44622 buf=0.465 prices=
2026-01-20T10:10:00.000-05:00,[KLB] 10:10 ▲ BRK Yest H vol=2.2x pos=^58 vwap=above ema=bull rs=+4% adx=28 body=53% O234.22 H235.51 L234.14 C234.94 ATR=9.29 SL=234.01/233.55 rawVol=127691 volSMA=57323 buf=0.465 prices=234.49
2026-01-20T10:10:00.000-05:00,[KLB] CONF 10:10 ▲ BRK → ✓ (auto-promote)
2026-01-20T10:10:00.000-05:00,[KLB] 10:10 ▲ ◆ ◆¹ Yest H 1.1x ^37 vol= pos= vwap=above ema=bull rs=+4% adx=28 body=53% O234.22 H235.51 L234.14 C234.94 ATR=9.29 SL=234.01/233.55 rawVol=127691 volSMA=57323 buf=0.465 prices=
2026-01-20T10:15:00.000-05:00,[KLB] 5m CHECK 10:15 ▲ pnl=-0.01 → BAIL
2026-01-20T10:15:00.000-05:00,[KLB] CONF 10:15 ▲ BRK → ✗ (failed)
2026-01-20T10:25:00.000-05:00,[KLB] 10:25 ▲ BRK Yest H vol=1.5x pos=^65 vwap=above ema=bull rs=+3.9% adx=32 body=50% O233.94 H236.47 L233.46 C235.43 ATR=9.29 SL=234.5/234.04 rawVol=106749 volSMA=69448 buf=0.465 prices=234.49
2026-01-20T12:45:00.000-05:00,[KLB] 12:45 ▲ ◆ ◆²⁹ Yest H 1x ^22 vol= pos= vwap=above ema=bull rs=+4.2% adx=27 body=49% O235.72 H235.77 L235.36 C235.52 ATR=9.29 SL=234.59/234.13 rawVol=27280 volSMA=40230 buf=0.465 prices=
2026-01-20T13:25:00.000-05:00,[KLB] 13:25 ▼ ~ ~ Yest H vol=1.1x pos=v89 vwap=below ema=bull rs=+3.8% adx=25 body=73% O234.88 H235.02 L234.12 C234.22 ATR=9.29 SL=235.15/235.61 rawVol=15002 volSMA=26706 buf=0.465 prices=234.49
2026-01-20T13:25:00.000-05:00,[KLB] CONF 13:25 ▲ BRK → ✗ (failed)
2026-01-20T13:30:00.000-05:00,"[KLB] 13:30 ▼ ~~ ~~ Yest H
~ VWAP vol=1.1x pos=v92 vwap=below ema=bull rs=+3.5% adx=26 body=74% O234.19 H234.34 L233.48 C233.55 ATR=9.29 SL=234.48/234.94 rawVol=30172 volSMA=26298 buf=0.465 prices=234.49"
2026-01-20T13:45:00.000-05:00,[KLB] 13:45 ▼ ~~ ~~ ORB H vol=1.4x pos=v95 vwap=below ema=bull rs=+3% adx=31 body=42% O232.35 H232.58 L232.15 C232.17 ATR=9.29 SL=233.1/233.56 rawVol=22131 volSMA=25417 buf=0.465 prices=232.5
2026-01-20T13:50:00.000-05:00,[KLB] 13:50 ▼ ~~ ~~ ORB H vol=1.1x pos=v89 vwap=below ema=bull rs=+2.9% adx=33 body=72% O232.21 H232.3 L231.76 C231.82 ATR=9.29 SL=232.75/233.21 rawVol=28708 volSMA=25701 buf=0.465 prices=232.5
2026-01-20T14:10:00.000-05:00,[KLB] 14:10 ▼ ~~ ~~ ORB H vol=0.7x pos=v75 vwap=below ema=bear rs=+2.9% adx=38 body=62% O232.14 H232.23 L231.52 C231.7 ATR=9.29 SL=232.63/233.09 rawVol=16586 volSMA=25452 buf=0.465 prices=232.5
2026-01-20T15:55:00.000-05:00,[KLB] 15:55 ▼ ~~ ~~ ORB H vol=3x pos=v68 vwap=below ema=bear rs=+3.2% adx=28 body=38% O232.21 H232.65 L231.21 C231.67 ATR=9.29 SL=232.6/233.06 rawVol=70830 volSMA=23811 buf=0.465 prices=232.5
2026-01-21T09:30:00.000-05:00,"[KLB] 9:30 ▼ ~ ~ PM H + ~ Week H
~ VWAP vol=2.3x pos=v100 vwap=below ema=bull rs=+0.3% adx=32 body=69% O237.74 H238.55 L235.91 C235.91 ATR=9.63 SL=236.87/237.36 rawVol=11750 volSMA=5173 buf=0.482 prices=238.55/238.35"
2026-01-21T09:35:00.000-05:00,[KLB] 9:35 ▲ BRK PM H + Week H vol=15.7x pos=^44 vwap=above ema=bull rs=+1.1% adx=34 body=43% O235.86 H242.12 L235.78 C238.57 ATR=9.63 SL=237.61/237.12 rawVol=373283 volSMA=23795 buf=0.482 prices=238.55/238.35
2026-01-21T09:35:00.000-05:00,"[KLB] 9:35 ▲ ◆ ◆¹ PM H 8.2x ^77
◆¹ Week H 8.2x ^77 vol= pos= vwap=above ema=bull rs=+1.1% adx=34 body=43% O235.86 H242.12 L235.78 C238.57 ATR=9.63 SL=237.61/237.12 rawVol=373283 volSMA=23795 buf=0.482 prices="
2026-01-21T09:45:00.000-05:00,[KLB] 5m CHECK 9:45 ▲ pnl=0.05 → BAIL
2026-01-21T09:50:00.000-05:00,[KLB] 9:50 ▲ BRK Yest H vol=2.9x pos=^95 vwap=above ema=bull rs=+2% adx=39 body=77% O239.81 H241.38 L239.46 C241.28 ATR=9.63 SL=240.32/239.83 rawVol=130504 volSMA=44476 buf=0.482 prices=239.5
2026-01-21T09:50:00.000-05:00,[KLB] 9:50 ▲ ~ ~ VWAP vol=2.9x pos=^95 vwap=above ema=bull rs=+2% adx=39 body=77% O239.81 H241.38 L239.46 C241.28 ATR=9.63 SL=240.32/239.83 rawVol=130504 volSMA=44476 buf=0.482 prices=
2026-01-21T09:50:00.000-05:00,[KLB] CONF 9:50 ▲ BRK → ✓ (auto-promote)
2026-01-21T09:55:00.000-05:00,[KLB] 9:55 ▲ BRK ORB H vol=3x pos=^98 vwap=above ema=bull rs=+2.5% adx=42 body=66% O241.27 H242.65 L240.64 C242.6 ATR=9.63 SL=241.64/241.15 rawVol=159399 volSMA=52296 buf=0.482 prices=242.12
2026-01-21T09:55:00.000-05:00,[KLB] CONF 9:55 ▲ BRK → ✓ (auto-promote)
2026-01-21T10:00:00.000-05:00,[KLB] 5m CHECK 10:00 ▲ pnl=0.3 → HOLD
2026-01-22T09:35:00.000-05:00,[KLB] 9:35 ▼ BRK PM L vol=13.6x pos=v91 vwap=below ema=bear rs=-0.8% adx=33 body=91% O251.78 H251.78 L249.56 C249.77 ATR=10.44 SL=250.81/251.34 rawVol=251337 volSMA=18482 buf=0.522 prices=251.25
2026-01-22T09:35:00.000-05:00,"[KLB] 9:35 ▼ ~ ~ Yest H
~ VWAP vol=13.6x pos=v91 vwap=below ema=bear rs=-0.8% adx=33 body=91% O251.78 H251.78 L249.56 C249.77 ATR=10.44 SL=250.81/251.34 rawVol=251337 volSMA=18482 buf=0.522 prices=252.9"
2026-01-22T09:45:00.000-05:00,[KLB] 9:45 ▼ BRK ORB L vol=5.1x pos=v60 vwap=below ema=bear rs=-1.4% adx=38 body=48% O249.81 H250.27 L246.68 C248.1 ATR=10.44 SL=249.14/249.67 rawVol=170617 volSMA=33490 buf=0.522 prices=249.56
2026-01-22T09:45:00.000-05:00,[KLB] 9:45 ▼ ~ ~ Yest H vol=5.1x pos=v60 vwap=below ema=bear rs=-1.4% adx=38 body=48% O249.81 H250.27 L246.68 C248.1 ATR=10.44 SL=249.14/249.67 rawVol=170617 volSMA=33490 buf=0.522 prices=252.9
2026-01-22T09:45:00.000-05:00,[KLB] CONF 9:45 ▼ BRK → ✓★ (auto-promote)
2026-01-22T09:50:00.000-05:00,[KLB] 5m CHECK 9:50 ▼ pnl=-0.07 → BAIL
2026-01-22T09:50:00.000-05:00,[KLB] CONF 9:50 ▼ BRK → ✗ (failed)
2026-01-22T09:55:00.000-05:00,[KLB] 9:55 ▲ ~~ ~~ ORB L vol=3.6x pos=^93 vwap=above ema=bear rs=0% adx=39 body=64% O248.8 H251.38 L247.74 C251.13 ATR=10.44 SL=250.09/249.56 rawVol=159579 volSMA=44720 buf=0.522 prices=249.56
2026-01-22T10:05:00.000-05:00,[KLB] 10:05 ▼ BRK ORB L vol=2.4x pos=v75 vwap=below ema=bear rs=-0.6% adx=38 body=42% O250.84 H252 L248.55 C249.4 ATR=10.44 SL=250.44/250.97 rawVol=132390 volSMA=56053 buf=0.522 prices=249.56
2026-01-22T10:05:00.000-05:00,[KLB] 10:05 ▼ ~ ~ Yest H + ~ ORB H vol=2.4x pos=v75 vwap=below ema=bear rs=-0.6% adx=38 body=42% O250.84 H252 L248.55 C249.4 ATR=10.44 SL=250.44/250.97 rawVol=132390 volSMA=56053 buf=0.522 prices=252.9/251.78
2026-01-22T10:05:00.000-05:00,[KLB] 10:05 ▼ ◆ ◆¹ ORB L 0.5x v66 vol= pos= vwap=below ema=bear rs=-0.6% adx=38 body=42% O250.84 H252 L248.55 C249.4 ATR=10.44 SL=250.44/250.97 rawVol=132390 volSMA=56053 buf=0.522 prices=
2026-01-22T10:10:00.000-05:00,[KLB] CONF 10:10 ▼ BRK → ✗ (failed)
2026-01-22T10:35:00.000-05:00,[KLB] 10:35 ▲ ~~ ~~ ORB L vol=0.5x pos=^91 vwap=above ema=bear rs=-0.1% adx=33 body=66% O250.2 H251.25 L249.85 C251.13 ATR=10.44 SL=250.09/249.56 rawVol=28319 volSMA=65940 buf=0.522 prices=249.56
2026-01-22T10:40:00.000-05:00,"[KLB] 10:40 ▲ ~~ ~~ PM L
~ VWAP vol=1.4x pos=^89 vwap=above ema=bear rs=+0.5% adx=31 body=70% O251.16 H252.95 L250.74 C252.7 ATR=10.44 SL=251.66/251.13 rawVol=99573 volSMA=70253 buf=0.522 prices=251.25"
2026-01-22T11:05:00.000-05:00,[KLB] 11:05 ▲ ~~ ~~ PM L vol=0.3x pos=^85 vwap=above ema=bear rs=+0.2% adx=22 body=77% O251.39 H252.14 L251.32 C252.02 ATR=10.44 SL=250.98/250.45 rawVol=23068 volSMA=77680 buf=0.522 prices=251.25
2026-01-23T09:40:00.000-05:00,"[KLB] 9:40 ▼ ~ ~ PM H
~ VWAP vol=5.5x pos=v77 vwap=below ema=bull rs=-0.7% adx=24 body=61% O262.24 H263.03 L258.07 C259.2 ATR=10.37 SL=260.24/260.76 rawVol=227151 volSMA=41632 buf=0.519 prices=262.49"
2026-01-23T09:45:00.000-05:00,"[KLB] 9:45 ▲ ~ ~ ORB L
~ VWAP vol=3.3x pos=^97 vwap=above ema=bull rs=+0.7% adx=23 body=93% O258.99 H263 L258.8 C262.89 ATR=10.37 SL=261.85/261.33 rawVol=161566 volSMA=49507 buf=0.519 prices=261.15"
2026-01-26T09:35:00.000-05:00,[KLB] 9:35 ▼ BRK Yest L vol=13.5x pos=v78 vwap=below ema=bear rs=-1% adx=24 body=48% O256.72 H258.2 L253.35 C254.4 ATR=10.58 SL=255.46/255.99 rawVol=148582 volSMA=11001 buf=0.529 prices=256.25
2026-01-26T09:40:00.000-05:00,[KLB] 9:40 ▼ ~ ~ VWAP vol=9.6x pos=v86 vwap=below ema=bear rs=-1.4% adx=26 body=40% O254.39 H255.33 L253.29 C253.57 ATR=10.58 SL=254.63/255.16 rawVol=89919 volSMA=15484 buf=0.529 prices=
2026-01-26T09:45:00.000-05:00,[KLB] 5m CHECK 9:45 ▼ pnl=-0.02 → BAIL
2026-01-26T09:50:00.000-05:00,[KLB] 9:50 ▼ BRK PM L + ORB L vol=3.4x pos=v89 vwap=below ema=bear rs=-2% adx=31 body=64% O253.73 H254.34 L251.9 C252.18 ATR=10.58 SL=253.24/253.77 rawVol=81447 volSMA=23734 buf=0.529 prices=253.33/253.35
2026-01-26T09:50:00.000-05:00,[KLB] CONF 9:50 ▼ BRK → ✓ (auto-promote)
2026-01-26T09:55:00.000-05:00,[KLB] 5m CHECK 9:55 ▼ pnl=0 → BAIL
2026-01-26T09:55:00.000-05:00,[KLB] CONF 9:55 ▼ BRK → ✗ (failed)
2026-01-26T10:00:00.000-05:00,[KLB] 10:00 ▲ ~~ ~~ PM L + ~~ ORB L vol=3.3x pos=^90 vwap=above ema=bear rs=-1.3% adx=33 body=90% O252.26 H254.38 L252.26 C254.17 ATR=10.58 SL=253.11/252.58 rawVol=87892 volSMA=32940 buf=0.529 prices=253.33/253.35
2026-01-26T10:10:00.000-05:00,[KLB] 10:10 ▼ BRK PM L + ORB L vol=2.3x pos=v70 vwap=below ema=bear rs=-1.7% adx=33 body=31% O253.22 H253.66 L252.51 C252.86 ATR=10.58 SL=253.92/254.45 rawVol=90252 volSMA=39412 buf=0.529 prices=253.33/253.35
2026-01-26T10:10:00.000-05:00,"[KLB] 10:10 ▼ ◆ ◆¹ PM L 1.5x v28
◆¹ ORB L 1.5x v28 vol= pos= vwap=below ema=bear rs=-1.7% adx=33 body=31% O253.22 H253.66 L252.51 C252.86 ATR=10.58 SL=253.92/254.45 rawVol=90252 volSMA=39412 buf=0.529 prices="
2026-01-26T10:55:00.000-05:00,[KLB] CONF 10:55 ▼ BRK → ✗ (failed)
2026-01-26T11:00:00.000-05:00,[KLB] 11:00 ▲ ~~ ~~ PM L + ~~ ORB L vol=0.8x pos=^82 vwap=above ema=bear rs=-1.5% adx=34 body=82% O253.22 H253.93 L253.22 C253.8 ATR=10.58 SL=252.74/252.21 rawVol=43563 volSMA=67724 buf=0.529 prices=253.33/253.35
2026-01-27T09:30:00.000-05:00,[KLB] 9:30 ▲ ~ ~ PM L vol=1.6x pos=^94 vwap=above ema=bear rs=+0.2% adx=32 body=38% O251.96 H252.19 L251.66 C252.16 ATR=10.49 SL=251.11/250.59 rawVol=3460 volSMA=2130 buf=0.525 prices=251.5
2026-01-27T09:35:00.000-05:00,[KLB] 9:35 ▼ BRK PM L vol=15.4x pos=v98 vwap=below ema=bear rs=-0.9% adx=34 body=71% O252.16 H253.01 L249.81 C249.89 ATR=10.49 SL=250.94/251.46 rawVol=138627 volSMA=8992 buf=0.525 prices=251.5
2026-01-27T09:40:00.000-05:00,[KLB] 9:40 ▼ ◆ ◆² PM L 4.7x v42 vol= pos= vwap=below ema=bear rs=-1.1% adx=37 body=28% O250 H251.06 L247.98 C249.13 ATR=10.49 SL=250.18/250.7 rawVol=139609 volSMA=15937 buf=0.525 prices=
2026-01-27T09:45:00.000-05:00,[KLB] 5m CHECK 9:45 ▼ pnl=-0.13 → BAIL
2026-01-27T09:50:00.000-05:00,[KLB] 9:50 ▲ ~ ~ Yest L vol=3.3x pos=^100 vwap=above ema=bear rs=-0.2% adx=40 body=100% O250.49 H251.75 L250.49 C251.75 ATR=10.49 SL=250.7/250.18 rawVol=52538 volSMA=22181 buf=0.525 prices=250.3
2026-01-27T09:50:00.000-05:00,[KLB] CONF 9:50 ▼ BRK → ✗ (failed)
2026-01-27T09:55:00.000-05:00,"[KLB] 9:55 ▲ ~~ ~~ PM L
~ VWAP vol=3.2x pos=^62 vwap=above ema=bear rs=+0% adx=38 body=46% O251.76 H253.42 L251.46 C252.67 ATR=10.49 SL=251.62/251.1 rawVol=85133 volSMA=26406 buf=0.525 prices=251.5"
2026-01-27T09:55:00.000-05:00,[KLB] 5m CHECK 9:55 ▲ pnl=0.09 → HOLD
2026-01-27T13:15:00.000-05:00,[KLB] 13:15 ▼ BRK PM L vol=2.5x pos=v84 vwap=below ema=bear rs=-0.7% adx=22 body=51% O251.27 H251.49 L250.82 C250.93 ATR=10.49 SL=251.98/252.5 rawVol=39141 volSMA=15750 buf=0.525 prices=251.5
2026-01-27T13:15:00.000-05:00,[KLB] 13:15 ▼ ~ ~ VWAP vol=2.5x pos=v84 vwap=below ema=bear rs=-0.7% adx=22 body=51% O251.27 H251.49 L250.82 C250.93 ATR=10.49 SL=251.98/252.5 rawVol=39141 volSMA=15750 buf=0.525 prices=
2026-01-27T13:15:00.000-05:00,[KLB] 13:15 ▼ ◆ ◆¹ PM L 0.7x v100 vol= pos= vwap=below ema=bear rs=-0.7% adx=22 body=51% O251.27 H251.49 L250.82 C250.93 ATR=10.49 SL=251.98/252.5 rawVol=39141 volSMA=15750 buf=0.525 prices=
2026-01-27T15:15:00.000-05:00,[KLB] CONF 15:15 ▼ BRK → ✗ (failed)
2026-01-28T09:30:00.000-05:00,[KLB] 9:30 ▼ ~ ~ VWAP vol=0.5x pos=v100 vwap=below ema=bear rs=+0.2% adx=38 body=98% O255.92 H255.95 L254.02 C254.02 ATR=10.28 SL=255.05/255.56 rawVol=1418 volSMA=2872 buf=0.514 prices=
2026-01-28T09:40:00.000-05:00,[KLB] 9:40 ▲ ~ ~ PM L + ~ ORB L vol=9x pos=^96 vwap=above ema=bear rs=+0.7% adx=40 body=45% O254.59 H256.05 L253.08 C255.94 ATR=10.28 SL=254.91/254.4 rawVol=104828 volSMA=14333 buf=0.514 prices=254.02/253.84
2026-01-28T09:45:00.000-05:00,[KLB] 9:45 ▲ ~ ~ VWAP vol=5.7x pos=^80 vwap=above ema=bear rs=+1% adx=38 body=37% O255.99 H257.42 L254.9 C256.91 ATR=10.28 SL=255.88/255.37 rawVol=110910 volSMA=19549 buf=0.514 prices=
2026-01-28T09:50:00.000-05:00,[KLB] 9:50 ▼ ~ ~ ORB H vol=3x pos=v55 vwap=below ema=bear rs=+0.6% adx=36 body=53% O256.98 H257.02 L254.82 C255.81 ATR=10.28 SL=256.84/257.35 rawVol=68589 volSMA=22865 buf=0.514 prices=256.45
2026-01-28T09:50:00.000-05:00,[KLB] 5m CHECK 9:50 ▲ pnl=-0.11 → BAIL
2026-01-28T10:00:00.000-05:00,[KLB] 10:00 ▼ ~ ~ ORB H vol=1.9x pos=v91 vwap=below ema=bear rs=+0.4% adx=34 body=86% O256.75 H256.84 L254.95 C255.12 ATR=10.28 SL=256.15/256.66 rawVol=53304 volSMA=27905 buf=0.514 prices=256.45
2026-01-28T10:30:00.000-05:00,[KLB] 10:30 ▼ BRK ORB L vol=1.6x pos=v81 vwap=below ema=bear rs=-0.4% adx=38 body=70% O253.58 H253.69 L252.7 C252.89 ATR=10.28 SL=253.92/254.43 rawVol=66500 volSMA=41402 buf=0.514 prices=253.84
2026-01-28T11:15:00.000-05:00,[KLB] 11:15 ▼ ◆ ◆¹⁰ ORB L 0.7x v67 vol= pos= vwap=below ema=bear rs=-0.3% adx=45 body=14% O252.97 H253.29 L252.72 C253.05 ATR=10.28 SL=254.08/254.59 rawVol=40426 volSMA=46369 buf=0.514 prices=
2026-01-28T12:10:00.000-05:00,[KLB] 12:10 ▼ ~ ~ Yest H vol=1.4x pos=v91 vwap=below ema=bear rs=-0.5% adx=43 body=59% O252.54 H252.75 L252.09 C252.15 ATR=10.28 SL=253.18/253.69 rawVol=29889 volSMA=22054 buf=0.514 prices=255.55
2026-01-28T12:25:00.000-05:00,[KLB] 12:25 ▼ ~ ~ Yest H vol=0.9x pos=v77 vwap=below ema=bear rs=-0.7% adx=43 body=74% O252.21 H252.23 L251.45 C251.63 ATR=10.28 SL=252.66/253.17 rawVol=19439 volSMA=21540 buf=0.514 prices=255.55
2026-01-28T13:10:00.000-05:00,[KLB] 13:10 ▼ ~ ~ Yest H vol=1.2x pos=v100 vwap=below ema=bear rs=-0.8% adx=43 body=77% O252.08 H252.25 L251.5 C251.5 ATR=10.28 SL=252.53/253.04 rawVol=19561 volSMA=16845 buf=0.514 prices=255.55
2026-01-28T13:30:00.000-05:00,[KLB] 13:30 ▼ ~ ~ Yest H vol=0.7x pos=v78 vwap=below ema=bear rs=-0.6% adx=38 body=78% O252.17 H252.17 L251.8 C251.88 ATR=10.28 SL=252.91/253.42 rawVol=11544 volSMA=16872 buf=0.514 prices=255.55
2026-01-29T09:35:00.000-05:00,[KLB] 9:35 ▲ BRK PM H + Yest H vol=17.3x pos=^79 vwap=above ema=bull rs=+1.8% adx=29 body=68% O254.67 H260.5 L254.01 C259.11 ATR=10.06 SL=258.1/257.6 rawVol=218318 volSMA=12624 buf=0.503 prices=255.71/257.4
2026-01-29T09:35:00.000-05:00,[KLB] 9:35 ▲ ~ ~ VWAP vol=17.3x pos=^79 vwap=above ema=bull rs=+1.8% adx=29 body=68% O254.67 H260.5 L254.01 C259.11 ATR=10.06 SL=258.1/257.6 rawVol=218318 volSMA=12624 buf=0.503 prices=
2026-01-29T09:35:00.000-05:00,[KLB] 9:35 ▲ ◆ ◆¹ PM H 11.1x ^42 vol= pos= vwap=above ema=bull rs=+1.8% adx=29 body=68% O254.67 H260.5 L254.01 C259.11 ATR=10.06 SL=258.1/257.6 rawVol=218318 volSMA=12624 buf=0.503 prices=
2026-01-29T09:40:00.000-05:00,[KLB] CONF 9:40 ▲ BRK → ✗ (failed)
2026-01-29T09:45:00.000-05:00,"[KLB] 9:45 ▼ ~~ ~~ PM H
~ VWAP vol=5.4x pos=v67 vwap=below ema=bull rs=+0.3% adx=34 body=67% O256.13 H256.13 L253.49 C254.35 ATR=10.06 SL=255.36/255.86 rawVol=124014 volSMA=25730 buf=0.503 prices=255.71"
2026-01-29T09:50:00.000-05:00,[KLB] 9:50 ▲ BRK PM H vol=3.2x pos=^97 vwap=above ema=bull rs=+1.2% adx=37 body=69% O254.25 H256.7 L253.3 C256.6 ATR=10.06 SL=255.59/255.09 rawVol=96377 volSMA=30527 buf=0.503 prices=255.71
2026-01-29T09:50:00.000-05:00,[KLB] 9:50 ▲ ~ ~ ORB L vol=3.2x pos=^97 vwap=above ema=bull rs=+1.2% adx=37 body=69% O254.25 H256.7 L253.3 C256.6 ATR=10.06 SL=255.59/255.09 rawVol=96377 volSMA=30527 buf=0.503 prices=254.01
2026-01-29T09:50:00.000-05:00,[KLB] 5m CHECK 9:50 ▼ pnl=-0.22 → BAIL
2026-01-29T09:55:00.000-05:00,[KLB] 9:55 ▼ ~ ~ PM H + ~ Yest H vol=3.1x pos=v87 vwap=below ema=bull rs=-0.2% adx=37 body=83% O256.54 H256.7 L252.46 C253 ATR=10.06 SL=254.01/254.51 rawVol=110713 volSMA=35925 buf=0.503 prices=255.71/257.4
2026-01-29T09:55:00.000-05:00,[KLB] CONF 9:55 ▲ BRK → ✗ (failed)
2026-01-29T10:05:00.000-05:00,[KLB] 10:05 ▼ BRK PM L vol=2.1x pos=v62 vwap=below ema=bear rs=-0.4% adx=37 body=57% O252.84 H252.97 L250.61 C251.5 ATR=10.06 SL=252.51/253.01 rawVol=91087 volSMA=43251 buf=0.503 prices=252.01
2026-01-29T10:05:00.000-05:00,[KLB] 10:05 ▼ ◆ ◆¹ PM L 1.4x v90 vol= pos= vwap=below ema=bear rs=-0.4% adx=37 body=57% O252.84 H252.97 L250.61 C251.5 ATR=10.06 SL=252.51/253.01 rawVol=91087 volSMA=43251 buf=0.503 prices=
2026-01-29T10:15:00.000-05:00,[KLB] 10:15 ▼ BRK Yest L vol=2x pos=v94 vwap=below ema=bear rs=-1.5% adx=33 body=70% O250.29 H251.03 L248 C248.17 ATR=10.06 SL=249.18/249.68 rawVol=104489 volSMA=51382 buf=0.503 prices=250.21
2026-01-29T10:15:00.000-05:00,[KLB] CONF 10:15 ▼ BRK → ✓ (auto-promote)
2026-01-29T10:20:00.000-05:00,[KLB] 5m CHECK 10:20 ▼ pnl=-0.06 → BAIL
2026-01-29T15:35:00.000-05:00,[KLB] 15:35 ▼ ◆ ◆⁶⁵ Yest L 2.3x v19 vol= pos= vwap=below ema=bull rs=-1.6% adx=18 body=63% O248.61 H249.06 L248.43 C249.01 ATR=10.06 SL=250.02/250.52 rawVol=44937 volSMA=17680 buf=0.503 prices=
2026-01-29T15:50:00.000-05:00,[KLB] CONF 15:50 ▼ BRK → ✗ (failed)
2026-01-30T09:35:00.000-05:00,[KLB] 9:35 ▲ ~ ~ PM L vol=9.3x pos=^84 vwap=above ema=bear rs=+1.6% adx=45 body=66% O236.93 H242.3 L235.75 C241.24 ATR=10.75 SL=240.17/239.63 rawVol=244810 volSMA=26265 buf=0.537 prices=235.5
2026-01-30T09:40:00.000-05:00,[KLB] 9:40 ▲ ~ ~ VWAP vol=7.4x pos=^94 vwap=above ema=bear rs=+2.9% adx=43 body=83% O241.14 H244.61 L240.71 C244.37 ATR=10.75 SL=243.3/242.76 rawVol=137917 volSMA=33103 buf=0.537 prices=
2026-01-30T10:00:00.000-05:00,[KLB] 10:00 ▼ ~ ~ ORB H vol=2.2x pos=v94 vwap=below ema=bear rs=+2% adx=37 body=63% O243.98 H245.21 L241.3 C241.53 ATR=10.75 SL=242.6/243.14 rawVol=107577 volSMA=48436 buf=0.537 prices=242.3
2026-01-30T10:10:00.000-05:00,[KLB] 5m CHECK 10:10 ▼ pnl=-0.16 → BAIL
2026-01-30T11:20:00.000-05:00,[KLB] 11:20 ▼ ~ ~ ORB H vol=0.6x pos=v95 vwap=below ema=bear rs=+1.9% adx=25 body=91% O242.18 H242.23 L241.12 C241.17 ATR=10.75 SL=242.24/242.78 rawVol=31463 volSMA=48886 buf=0.537 prices=242.3
2026-01-30T11:25:00.000-05:00,[KLB] 11:25 ▼ ~ ~ VWAP vol=1.1x pos=v88 vwap=below ema=bear rs=+1.6% adx=25 body=71% O241.2 H241.4 L240.23 C240.37 ATR=10.75 SL=241.44/241.98 rawVol=51258 volSMA=47129 buf=0.537 prices=
2026-01-30T11:50:00.000-05:00,[KLB] 11:50 ▼ ~ ~ ORB H vol=0.8x pos=v91 vwap=below ema=bear rs=+1.5% adx=25 body=86% O241.9 H241.99 L240.26 C240.42 ATR=10.75 SL=241.49/242.03 rawVol=28739 volSMA=36680 buf=0.537 prices=242.3
2026-01-30T15:30:00.000-05:00,[KLB] 15:30 ▼ BRK ORB L vol=3.2x pos=v68 vwap=below ema=bear rs=-0.3% adx=29 body=48% O236.15 H236.41 L235.15 C235.55 ATR=10.75 SL=236.62/237.16 rawVol=110792 volSMA=34897 buf=0.537 prices=235.75
2026-01-30T15:30:00.000-05:00,[KLB] 15:30 ▼ ◆ ◆¹ ORB L 2.5x v72 vol= pos= vwap=below ema=bear rs=-0.3% adx=29 body=48% O236.15 H236.41 L235.15 C235.55 ATR=10.75 SL=236.62/237.16 rawVol=110792 volSMA=34897 buf=0.537 prices=
2026-01-30T15:45:00.000-05:00,[KLB] CONF 15:45 ▼ BRK → ✗ (failed)
2026-02-02T09:35:00.000-05:00,[KLB] 9:35 ▲ BRK PM H vol=13.7x pos=^100 vwap=above ema=bull rs=+2.2% adx=39 body=91% O235.62 H241.54 L235 C241.54 ATR=11.24 SL=240.42/239.85 rawVol=193437 volSMA=14097 buf=0.562 prices=237.67
2026-02-02T09:35:00.000-05:00,"[KLB] 9:35 ▲ ~ ~ Yest L
~ VWAP vol=13.7x pos=^100 vwap=above ema=bull rs=+2.2% adx=39 body=91% O235.62 H241.54 L235 C241.54 ATR=11.24 SL=240.42/239.85 rawVol=193437 volSMA=14097 buf=0.562 prices=234.55"
2026-02-02T09:40:00.000-05:00,[KLB] 9:40 ▲ BRK ORB H vol=8.2x pos=^96 vwap=above ema=bull rs=+3.1% adx=42 body=59% O241.52 H244.09 L239.97 C243.94 ATR=11.24 SL=242.82/242.25 rawVol=194579 volSMA=23736 buf=0.562 prices=241.54
2026-02-02T09:40:00.000-05:00,[KLB] CONF 9:40 ▲ BRK → ✓★ (auto-promote)
2026-02-02T09:45:00.000-05:00,[KLB] 5m CHECK 9:45 ▲ pnl=0.06 → HOLD
2026-02-02T10:05:00.000-05:00,[KLB] 10:05 ▲ BRK Yest H vol=2.7x pos=^100 vwap=above ema=bull rs=+3.7% adx=53 body=96% O244.55 H245.9 L244.5 C245.9 ATR=11.24 SL=244.78/244.21 rawVol=127668 volSMA=47078 buf=0.562 prices=245.24
2026-02-02T10:05:00.000-05:00,[KLB] CONF 10:05 ▲ BRK → ✓★ (auto-promote)
2026-02-02T10:10:00.000-05:00,[KLB] 5m CHECK 10:10 ▲ pnl=0.2 → HOLD
2026-02-02T15:35:00.000-05:00,[KLB] 15:35 ▲ ◆ ◆⁶⁷ Yest H 1.2x ^15 vol= pos= vwap=below ema=bull rs=+3.4% adx=27 body=97% O246.85 H246.85 L245.88 C245.91 ATR=11.24 SL=244.79/244.22 rawVol=93686 volSMA=34400 buf=0.562 prices=
2026-02-03T09:45:00.000-05:00,"[KLB] 9:45 ▼ ~ ~ Yest H
~ VWAP vol=4.3x pos=v82 vwap=below ema=bear rs=-2% adx=22 body=60% O247.89 H248.58 L245.54 C246.08 ATR=11.5 SL=247.23/247.81 rawVol=119092 volSMA=31736 buf=0.575 prices=249.97"
2026-02-03T09:55:00.000-05:00,[KLB] 9:55 ▼ ~ ~ Yest H vol=2.5x pos=v100 vwap=below ema=bear rs=-2.3% adx=27 body=91% O247.35 H247.55 L245.23 C245.23 ATR=11.5 SL=246.38/246.96 rawVol=104525 volSMA=42108 buf=0.575 prices=249.97
2026-02-04T09:30:00.000-05:00,[KLB] 9:30 ▼ ~ ~ VWAP vol=3.8x pos=v85 vwap=below ema=bear rs=0% adx=28 body=80% O218.9 H219.18 L213.94 C214.7 ATR=11.8 SL=215.88/216.47 rawVol=89934 volSMA=23869 buf=0.59 prices=
2026-02-04T09:35:00.000-05:00,[KLB] 9:35 ▼ BRK PM L vol=11.6x pos=v84 vwap=below ema=bear rs=-1.5% adx=30 body=40% O214.92 H218.54 L210.16 C211.54 ATR=11.8 SL=212.72/213.31 rawVol=649347 volSMA=55952 buf=0.59 prices=213.94
2026-02-04T09:40:00.000-05:00,[KLB] 9:40 ▼ ◆ ◆² PM L 2.7x v98 vol= pos= vwap=below ema=bear rs=+0.2% adx=32 body=59% O211.64 H216.21 L209.78 C215.42 ATR=11.8 SL=216.6/217.19 rawVol=509050 volSMA=80918 buf=0.59 prices=
2026-02-04T09:45:00.000-05:00,[KLB] 9:45 ▼ BRK PM L vol=2.4x pos=v98 vwap=below ema=bear rs=-1.7% adx=34 body=98% O215.39 H215.39 L211.42 C211.5 ATR=11.8 SL=212.68/213.27 rawVol=218673 volSMA=91392 buf=0.59 prices=213.94
2026-02-04T09:45:00.000-05:00,[KLB] CONF 9:45 ▼ BRK → ✓★ (auto-promote)
2026-02-04T09:50:00.000-05:00,[KLB] 9:50 ▼ BRK ORB L vol=3.3x pos=v79 vwap=below ema=bear rs=-2.5% adx=37 body=63% O211.42 H211.83 L209.33 C209.85 ATR=11.8 SL=211.03/211.62 rawVol=351933 volSMA=108202 buf=0.59 prices=210.16
2026-02-04T09:50:00.000-05:00,[KLB] CONF 9:50 ▼ BRK → ✓ (auto-promote)
2026-02-04T09:50:00.000-05:00,[KLB] 9:50 ▼ ◆ ◆¹ ORB L 2.7x v87 vol= pos= vwap=below ema=bear rs=-2.5% adx=37 body=63% O211.42 H211.83 L209.33 C209.85 ATR=11.8 SL=211.03/211.62 rawVol=351933 volSMA=108202 buf=0.59 prices=
2026-02-04T09:55:00.000-05:00,[KLB] 5m CHECK 9:55 ▼ pnl=0.06 → HOLD
2026-02-05T09:50:00.000-05:00,[KLB] 9:50 ▲ ~ ~ VWAP vol=2.6x pos=^75 vwap=above ema=bear rs=+0.4% adx=23 body=68% O201.11 H203.93 L200.87 C203.18 ATR=14.02 SL=201.78/201.08 rawVol=123490 volSMA=47172 buf=0.701 prices=
2026-02-05T10:00:00.000-05:00,[KLB] 10:00 ▼ BRK Yest L vol=2.7x pos=v85 vwap=below ema=bear rs=-1.5% adx=23 body=83% O202.02 H202.13 L198.11 C198.7 ATR=14.02 SL=200.1/200.8 rawVol=165466 volSMA=60834 buf=0.701 prices=199.15
2026-02-05T10:00:00.000-05:00,"[KLB] 10:00 ▼ ~ ~ ORB H
~ VWAP vol=2.7x pos=v85 vwap=below ema=bear rs=-1.5% adx=23 body=83% O202.02 H202.13 L198.11 C198.7 ATR=14.02 SL=200.1/200.8 rawVol=165466 volSMA=60834 buf=0.701 prices=201.99"
2026-02-05T10:00:00.000-05:00,[KLB] 10:00 ▼ ◆ ◆¹ Yest L 2.5x v92 vol= pos= vwap=below ema=bear rs=-1.5% adx=23 body=83% O202.02 H202.13 L198.11 C198.7 ATR=14.02 SL=200.1/200.8 rawVol=165466 volSMA=60834 buf=0.701 prices=
2026-02-06T09:45:00.000-05:00,[KLB] 9:45 ▲ ~ ~ VWAP vol=5.9x pos=^100 vwap=above ema=bull rs=+3% adx=22 body=54% O203.01 H204.31 L201.9 C204.3 ATR=13.97 SL=202.9/202.2 rawVol=178109 volSMA=39770 buf=0.699 prices=
2026-02-06T09:55:00.000-05:00,[KLB] 5m CHECK 9:55 ▲ pnl=0.03 → BAIL
2026-02-09T09:30:00.000-05:00,[KLB] 9:30 ▼ ~ ~ Yest H vol=1x pos=v100 vwap=below ema=bull rs=-0.2% adx=25 body=72% O208.2 H208.73 L206.87 C206.87 ATR=14.17 SL=208.29/209 rawVol=5081 volSMA=5093 buf=0.709 prices=209.27
2026-02-09T09:40:00.000-05:00,[KLB] 9:40 ▲ BRK PM H + Yest H + ORB H vol=7.4x pos=^98 vwap=above ema=bull rs=+1.6% adx=25 body=72% O207.64 H210.78 L206.57 C210.68 ATR=14.17 SL=209.26/208.55 rawVol=140228 volSMA=19054 buf=0.709 prices=210.03/209.27/208.26
2026-02-09T09:40:00.000-05:00,[KLB] 9:40 ▲ ~ ~ VWAP vol=7.4x pos=^98 vwap=above ema=bull rs=+1.6% adx=25 body=72% O207.64 H210.78 L206.57 C210.68 ATR=14.17 SL=209.26/208.55 rawVol=140228 volSMA=19054 buf=0.709 prices=
2026-02-09T09:40:00.000-05:00,"[KLB] 9:40 ▲ ◆ ◆¹ PM H 4.9x ^49
◆¹ Yest H 4.9x ^49 vol= pos= vwap=above ema=bull rs=+1.6% adx=25 body=72% O207.64 H210.78 L206.57 C210.68 ATR=14.17 SL=209.26/208.55 rawVol=140228 volSMA=19054 buf=0.709 prices="
2026-02-11T09:30:00.000-05:00,[KLB] 9:30 ▲ ~ ~ VWAP vol=2.8x pos=^98 vwap=above ema=bull rs=+0.5% adx=40 body=98% O216.01 H217.64 L216.01 C217.6 ATR=13.56 SL=216.24/215.57 rawVol=13011 volSMA=4721 buf=0.678 prices=
2026-02-11T09:35:00.000-05:00,[KLB] 9:35 ▼ ~ ~ PM H vol=11.2x pos=v93 vwap=below ema=bull rs=-1% adx=40 body=72% O217.69 H218.29 L215.31 C215.53 ATR=13.56 SL=216.89/217.56 rawVol=118113 volSMA=10507 buf=0.678 prices=217.64
2026-02-11T09:40:00.000-05:00,[KLB] 9:40 ▼ ~ ~ Yest H vol=8.2x pos=v78 vwap=below ema=bull rs=-1.2% adx=39 body=31% O215.46 H216.28 L214.55 C214.93 ATR=13.56 SL=216.29/216.96 rawVol=78106 volSMA=14376 buf=0.678 prices=219.39
2026-02-11T09:45:00.000-05:00,[KLB] 9:45 ▲ ~ ~ ORB L vol=4.7x pos=^95 vwap=above ema=bull rs=+0% adx=39 body=82% O214.91 H217.79 L214.47 C217.64 ATR=13.56 SL=216.28/215.61 rawVol=89078 volSMA=18813 buf=0.678 prices=215.31
2026-02-11T09:45:00.000-05:00,[KLB] 5m CHECK 9:45 ▼ pnl=-0.2 → BAIL
2026-02-11T09:55:00.000-05:00,[KLB] 5m CHECK 9:55 ▲ pnl=-0.09 → BAIL
2026-02-11T10:00:00.000-05:00,[KLB] 10:00 ▼ ~ ~ PM H vol=1.9x pos=v84 vwap=below ema=bull rs=-0.7% adx=38 body=72% O217.03 H217.27 L215.36 C215.66 ATR=13.56 SL=217.02/217.69 rawVol=51375 volSMA=32837 buf=0.678 prices=217.64
2026-02-11T10:10:00.000-05:00,"[KLB] 10:10 ▼ ~ ~ Yest H
~ VWAP vol=1.7x pos=v100 vwap=below ema=bull rs=-1.3% adx=34 body=100% O215.23 H215.23 L213.85 C213.85 ATR=13.56 SL=215.21/215.88 rawVol=52247 volSMA=38592 buf=0.678 prices=219.39"
2026-02-11T10:55:00.000-05:00,[KLB] 10:55 ▲ ~ ~ PM L + ~ Yest L vol=1x pos=^99 vwap=above ema=bear rs=-1% adx=29 body=92% O212.23 H214.6 L212.05 C214.58 ATR=13.56 SL=213.22/212.55 rawVol=62863 volSMA=64290 buf=0.678 prices=212.1/213.13
2026-02-11T11:15:00.000-05:00,[KLB] 11:15 ▲ ~ ~ Yest L vol=0.6x pos=^100 vwap=above ema=bear rs=-1.1% adx=23 body=97% O212.76 H214.3 L212.71 C214.3 ATR=13.56 SL=212.94/212.27 rawVol=37571 volSMA=65950 buf=0.678 prices=213.13
2026-02-11T14:45:00.000-05:00,[KLB] 14:45 ▲ ~ ~ Yest L vol=0.8x pos=^100 vwap=above ema=bull rs=-1.5% adx=21 body=88% O213.41 H213.76 L213.36 C213.76 ATR=13.56 SL=212.4/211.73 rawVol=17181 volSMA=21703 buf=0.678 prices=213.13
2026-02-12T09:35:00.000-05:00,[KLB] 9:35 ▲ BRK PM H vol=17x pos=^85 vwap=above ema=bull rs=+0.8% adx=30 body=51% O215.83 H218.26 L214.58 C217.69 ATR=13.34 SL=216.36/215.69 rawVol=192128 volSMA=11278 buf=0.667 prices=216.45
2026-02-12T09:40:00.000-05:00,[KLB] 9:40 ▼ ~ ~ PM H + ~ Yest H + ~ ORB H vol=6.4x pos=v85 vwap=below ema=bull rs=0% adx=33 body=60% O217.68 H218.4 L215.5 C215.93 ATR=13.34 SL=217.26/217.93 rawVol=106401 volSMA=16591 buf=0.667 prices=216.45/219.65/218.26
2026-02-12T09:40:00.000-05:00,[KLB] CONF 9:40 ▲ BRK → ✗ (failed)
2026-02-12T09:45:00.000-05:00,"[KLB] 9:45 ▼ ~~ ~~ PM H
~ VWAP vol=5.2x pos=v96 vwap=below ema=bull rs=-0.8% adx=31 body=59% O215.96 H217.2 L213.87 C214.01 ATR=13.34 SL=215.34/216.01 rawVol=81300 volSMA=20612 buf=0.667 prices=216.45"
2026-02-12T09:50:00.000-05:00,[KLB] 5m CHECK 9:50 ▼ pnl=0.09 → HOLD
2026-02-17T09:55:00.000-05:00,[KLB] 9:55 ▼ ~ ~ VWAP vol=5.2x pos=v99 vwap=below ema=bear rs=-1.8% adx=21 body=89% O200.6 H200.9 L197.75 C197.79 ATR=12.82 SL=199.07/199.71 rawVol=167360 volSMA=32244 buf=0.641 prices=
2026-02-17T11:05:00.000-05:00,"[KLB] 11:05 ▲ ~ ~ ORB L
~ VWAP vol=0.9x pos=^93 vwap=above ema=bear rs=-0.4% adx=26 body=86% O200.07 H201.32 L199.98 C201.22 ATR=12.82 SL=199.94/199.3 rawVol=78561 volSMA=89833 buf=0.641 prices=200.81"
2026-02-17T11:10:00.000-05:00,[KLB] 11:10 ▲ ~ ~ ORB L vol=0.9x pos=^98 vwap=above ema=bear rs=-0.1% adx=26 body=90% O201.2 H202.14 L201.12 C202.12 ATR=12.82 SL=200.84/200.2 rawVol=45711 volSMA=92035 buf=0.641 prices=200.81
2026-02-17T11:15:00.000-05:00,[KLB] 11:15 ▲ ~ ~ PM L vol=0.6x pos=^87 vwap=above ema=bear rs=-0.1% adx=26 body=64% O202.11 H202.81 L201.9 C202.69 ATR=12.82 SL=201.41/200.77 rawVol=51704 volSMA=83126 buf=0.641 prices=202
2026-02-17T11:40:00.000-05:00,[KLB] 11:40 ▲ ~ ~ PM L vol=0.9x pos=^64 vwap=above ema=bear rs=+0.1% adx=25 body=51% O202.38 H203.37 L202.23 C202.96 ATR=12.82 SL=201.68/201.04 rawVol=50696 volSMA=66594 buf=0.641 prices=202
2026-02-17T12:30:00.000-05:00,[KLB] 12:30 ▲ ~ ~ PM L vol=0.6x pos=^100 vwap=above ema=bull rs=+0% adx=20 body=93% O202 H202.84 L201.94 C202.84 ATR=12.82 SL=201.56/200.92 rawVol=21099 volSMA=35907 buf=0.641 prices=202
2026-02-17T14:05:00.000-05:00,[KLB] 14:05 ▲ ~ ~ Yest L vol=0.6x pos=^67 vwap=above ema=bull rs=+0.4% adx=21 body=40% O203.94 H204.27 L203.82 C204.12 ATR=12.82 SL=202.84/202.2 rawVol=10218 volSMA=16968 buf=0.641 prices=203.88
2026-02-17T14:35:00.000-05:00,[KLB] 14:35 ▲ ~ ~ Yest L + ~ Week L vol=1.3x pos=^100 vwap=above ema=bull rs=+0.5% adx=21 body=79% O203.83 H204.45 L203.67 C204.45 ATR=12.82 SL=203.17/202.53 rawVol=19125 volSMA=15296 buf=0.641 prices=203.88/203.88
2026-02-17T15:45:00.000-05:00,[KLB] 15:45 ▲ ~ ~ PM L vol=1.5x pos=^93 vwap=above ema=bull rs=-0.1% adx=21 body=88% O202.1 H202.91 L202.06 C202.85 ATR=12.82 SL=201.57/200.93 rawVol=23803 volSMA=15987 buf=0.641 prices=202
2026-02-18T09:30:00.000-05:00,[KLB] 9:30 ▲ ~ ~ PM L vol=1.8x pos=^96 vwap=above ema=bear rs=+0.2% adx=33 body=33% O197.92 H198.5 L196.9 C198.44 ATR=12.8 SL=197.16/196.52 rawVol=5735 volSMA=3191 buf=0.64 prices=196.9
2026-02-18T09:40:00.000-05:00,[KLB] 9:40 ▼ BRK PM L + ORB L vol=10.1x pos=v53 vwap=below ema=bear rs=-1.2% adx=32 body=43% O197.01 H197.23 L195.1 C196.1 ATR=12.8 SL=197.38/198.02 rawVol=252918 volSMA=25008 buf=0.64 prices=196.9/196.99
2026-02-18T09:40:00.000-05:00,"[KLB] 9:40 ▼ ◆ ◆¹ PM L 8x v17
◆¹ ORB L 8x v17 vol= pos= vwap=below ema=bear rs=-1.2% adx=32 body=43% O197.01 H197.23 L195.1 C196.1 ATR=12.8 SL=197.38/198.02 rawVol=252918 volSMA=25008 buf=0.64 prices="
2026-02-18T09:45:00.000-05:00,[KLB] 5m CHECK 9:45 ▼ pnl=-0.05 → BAIL
2026-02-18T09:50:00.000-05:00,[KLB] CONF 9:50 ▼ BRK → ✗ (failed)
2026-02-18T09:55:00.000-05:00,"[KLB] 9:55 ▲ ~~ ~~ PM L + ~~ ORB L
~ VWAP vol=2.3x pos=^87 vwap=above ema=bear rs=+0% adx=29 body=85% O197 H199.05 L196.96 C198.78 ATR=12.8 SL=197.5/196.86 rawVol=102186 volSMA=44622 buf=0.64 prices=196.9/196.99"
2026-02-18T09:55:00.000-05:00,[KLB] 5m CHECK 9:55 ▲ pnl=0.14 → HOLD
2026-02-18T11:25:00.000-05:00,[KLB] 11:25 ▲ ~ ~ Yest L vol=0.7x pos=^94 vwap=above ema=bull rs=+1.4% adx=29 body=67% O202.04 H202.42 L201.9 C202.39 ATR=12.8 SL=201.11/200.47 rawVol=20486 volSMA=54096 buf=0.64 prices=194.83
2026-02-18T12:05:00.000-05:00,[KLB] 12:05 ▲ ~ ~ Yest L vol=0.9x pos=^100 vwap=above ema=bull rs=+1.3% adx=33 body=87% O201.82 H202.28 L201.75 C202.28 ATR=12.8 SL=201/200.36 rawVol=28315 volSMA=31452 buf=0.64 prices=194.83
2026-02-18T12:20:00.000-05:00,[KLB] 12:20 ▲ ~ ~ Yest L vol=0.6x pos=^99 vwap=above ema=bull rs=+1.5% adx=33 body=84% O202.1 H202.8 L201.98 C202.79 ATR=12.8 SL=201.51/200.87 rawVol=18397 volSMA=29231 buf=0.64 prices=194.83
2026-02-18T14:40:00.000-05:00,[KLB] 14:40 ▼ ~ ~ ORB H vol=1.7x pos=v56 vwap=below ema=bear rs=+0.3% adx=38 body=54% O199.71 H199.72 L198.93 C199.28 ATR=12.8 SL=200.56/201.2 rawVol=36295 volSMA=23361 buf=0.64 prices=199.79
2026-02-18T15:00:00.000-05:00,[KLB] 15:00 ▼ ~ ~ VWAP vol=2.2x pos=v72 vwap=below ema=bear rs=-0.3% adx=47 body=66% O198.58 H198.65 L197.6 C197.89 ATR=12.8 SL=199.17/199.81 rawVol=59613 volSMA=26526 buf=0.64 prices=
2026-02-19T12:50:00.000-05:00,"[KLB] 12:50 ▼ ~ ~ PM H + ~ ORB H
~ VWAP vol=1.6x pos=v78 vwap=below ema=bull rs=+0.2% adx=23 body=76% O200.98 H201 L200.05 C200.26 ATR=12.47 SL=201.51/202.13 rawVol=32898 volSMA=20365 buf=0.624 prices=201.1/200.88"
2026-02-19T13:00:00.000-05:00,[KLB] 13:00 ▼ ~ ~ ORB H vol=1.7x pos=v65 vwap=below ema=bear rs=+0.2% adx=25 body=35% O200.41 H200.65 L199.87 C200.14 ATR=12.47 SL=201.39/202.01 rawVol=35299 volSMA=20539 buf=0.624 prices=200.88
2026-02-19T13:30:00.000-05:00,[KLB] 13:30 ▼ ~ ~ PM H vol=1x pos=v81 vwap=below ema=bear rs=+0.5% adx=21 body=47% O200.95 H201.13 L200.6 C200.7 ATR=12.47 SL=201.95/202.57 rawVol=19044 volSMA=18525 buf=0.624 prices=201.1
2026-02-20T09:30:00.000-05:00,[KLB] 9:30 ▼ ~ ~ VWAP vol=2.9x pos=v95 vwap=below ema=bear rs=-0.4% adx=38 body=87% O200.95 H201.03 L200 C200.05 ATR=12 SL=201.25/201.85 rawVol=7489 volSMA=2580 buf=0.6 prices=
2026-02-20T09:45:00.000-05:00,[KLB] 5m CHECK 9:45 ▲ pnl=0.09 → HOLD
2026-02-20T09:55:00.000-05:00,[KLB] 9:55 ▼ ~ ~ ORB H vol=5.3x pos=v74 vwap=below ema=bear rs=-0.2% adx=32 body=74% O201.64 H201.65 L199.69 C200.19 ATR=12 SL=201.39/201.99 rawVol=124386 volSMA=23321 buf=0.6 prices=201.55
2026-02-20T10:05:00.000-05:00,[KLB] 10:05 ▲ ~ ~ PM L + ~ ORB L vol=3.5x pos=^62 vwap=above ema=bear rs=+0.2% adx=30 body=60% O200.36 H202.85 L200.29 C201.89 ATR=12 SL=200.69/200.09 rawVol=119033 volSMA=34034 buf=0.6 prices=200/200.02
2026-02-20T10:25:00.000-05:00,[KLB] 10:25 ▲ ~ ~ VWAP vol=1.3x pos=^72 vwap=above ema=bear rs=+0.6% adx=25 body=59% O201.92 H203.16 L201.72 C202.76 ATR=12 SL=201.56/200.96 rawVol=55758 volSMA=43241 buf=0.6 prices=
2026-02-20T11:00:00.000-05:00,[KLB] 11:00 ▲ ~ ~ Week L vol=0.8x pos=^94 vwap=above ema=bull rs=+1.2% adx=21 body=58% O204.08 H204.52 L203.83 C204.48 ATR=12 SL=203.28/202.68 rawVol=48377 volSMA=57992 buf=0.6 prices=203.88
2026-02-23T09:30:00.000-05:00,[KLB] 9:30 ▼ BRK Yest L vol=2x pos=v100 vwap=above ema=bear rs=-0.3% adx=23 body=44% O198.32 H198.85 L197.9 C197.9 ATR=11.59 SL=199.06/199.64 rawVol=2128 volSMA=1057 buf=0.579 prices=198.56
2026-02-23T09:30:00.000-05:00,[KLB] 9:30 ▼ ◆ ◆¹ Yest L 142.5x v38 vol= pos= vwap=above ema=bear rs=-0.3% adx=23 body=44% O198.32 H198.85 L197.9 C197.9 ATR=11.59 SL=199.06/199.64 rawVol=2128 volSMA=1057 buf=0.579 prices=
2026-02-23T09:40:00.000-05:00,[KLB] 9:40 ▲ ~ ~ PM L vol=7.2x pos=^63 vwap=above ema=bear rs=-0.5% adx=27 body=40% O197.04 H198.13 L196.71 C197.61 ATR=11.59 SL=196.45/195.87 rawVol=96034 volSMA=13342 buf=0.579 prices=196.88
2026-02-23T09:45:00.000-05:00,[KLB] CONF 9:45 ▼ BRK → ✗ (failed)
2026-02-23T09:50:00.000-05:00,"[KLB] 9:50 ▲ ~ ~ PM L
~ VWAP vol=4x pos=^86 vwap=above ema=bear rs=+0.5% adx=28 body=78% O197.13 H199.22 L196.95 C198.91 ATR=11.59 SL=197.75/197.17 rawVol=88360 volSMA=22330 buf=0.579 prices=196.88"
2026-02-23T10:05:00.000-05:00,[KLB] 10:05 ▼ ~ ~ ORB H vol=1.8x pos=v90 vwap=below ema=bear rs=+0% adx=27 body=39% O197.98 H198.75 L197.25 C197.4 ATR=11.59 SL=198.56/199.14 rawVol=55557 volSMA=30755 buf=0.579 prices=198.55
2026-02-23T15:40:00.000-05:00,[KLB] 15:40 ▼ ~ ~ VWAP vol=1.9x pos=v97 vwap=below ema=bear rs=-0.7% adx=22 body=97% O195.55 H195.55 L194.93 C194.95 ATR=11.59 SL=196.11/196.69 rawVol=44802 volSMA=23154 buf=0.579 prices=
2026-02-24T09:30:00.000-05:00,[KLB] 9:30 ▼ ~ ~ VWAP vol=1x pos=v93 vwap=below ema=bull rs=-0.2% adx=29 body=84% O214.15 H214.44 L211.21 C211.45 ATR=11.19 SL=212.57/213.13 rawVol=34675 volSMA=33942 buf=0.56 prices=
2026-02-24T09:50:00.000-05:00,[KLB] 5m CHECK 9:50 ▼ pnl=-0.05 → BAIL
2026-02-25T09:40:00.000-05:00,[KLB] 9:40 ▼ BRK ORB L vol=9.6x pos=v48 vwap=below ema=bear rs=-1.7% adx=22 body=42% O212.06 H212.16 L210.63 C211.42 ATR=11.83 SL=212.6/213.19 rawVol=173820 volSMA=23658 buf=0.591 prices=211.87
2026-02-25T09:40:00.000-05:00,[KLB] 9:40 ▼ ~ ~ VWAP vol=9.6x pos=v48 vwap=below ema=bear rs=-1.7% adx=22 body=42% O212.06 H212.16 L210.63 C211.42 ATR=11.83 SL=212.6/213.19 rawVol=173820 volSMA=23658 buf=0.591 prices=
2026-02-25T09:40:00.000-05:00,[KLB] 9:40 ▼ ◆ ◆¹ ORB L 5.9x v12 vol= pos= vwap=below ema=bear rs=-1.7% adx=22 body=42% O212.06 H212.16 L210.63 C211.42 ATR=11.83 SL=212.6/213.19 rawVol=173820 volSMA=23658 buf=0.591 prices=
2026-02-25T09:50:00.000-05:00,[KLB] CONF 9:50 ▼ BRK → ✗ (failed)
2026-02-25T09:55:00.000-05:00,[KLB] 9:55 ▲ ~~ ~~ ORB L vol=3.1x pos=^83 vwap=above ema=bear rs=-0.7% adx=27 body=72% O212.05 H213.95 L211.8 C213.59 ATR=11.83 SL=212.41/211.82 rawVol=97482 volSMA=41418 buf=0.591 prices=211.87
2026-02-25T10:05:00.000-05:00,[KLB] 10:05 ▲ ~~ ~~ ORB L vol=2.8x pos=^94 vwap=above ema=bear rs=-0.9% adx=26 body=75% O212.14 H213.3 L211.87 C213.21 ATR=11.83 SL=212.03/211.44 rawVol=150914 volSMA=53227 buf=0.591 prices=211.87
2026-02-25T11:35:00.000-05:00,[KLB] 11:35 ▲ ~~ ~~ ORB L vol=1.3x pos=^93 vwap=above ema=bear rs=-1.1% adx=29 body=88% O212.06 H213 L212.01 C212.93 ATR=11.83 SL=211.75/211.16 rawVol=64213 volSMA=62041 buf=0.591 prices=211.87
2026-02-26T09:30:00.000-05:00,[KLB] 9:30 ▲ ~ ~ VWAP vol=0.7x pos=^73 vwap=above ema=bear rs=0% adx=30 body=73% O208 H209 L208 C208.73 ATR=11.44 SL=207.59/207.01 rawVol=2565 volSMA=3550 buf=0.572 prices=
2026-02-26T09:35:00.000-05:00,[KLB] 9:35 ▼ BRK PM L vol=15.6x pos=v96 vwap=below ema=bear rs=-1.8% adx=31 body=77% O208.79 H209.79 L204.64 C204.83 ATR=11.44 SL=205.97/206.55 rawVol=244150 volSMA=15694 buf=0.572 prices=206.96
2026-02-26T09:35:00.000-05:00,"[KLB] 9:35 ▼ ~ ~ PM H + ~ Week H
~ VWAP vol=15.6x pos=v96 vwap=below ema=bear rs=-1.8% adx=31 body=77% O208.79 H209.79 L204.64 C204.83 ATR=11.44 SL=205.97/206.55 rawVol=244150 volSMA=15694 buf=0.572 prices=209.77/205.3"
2026-02-26T09:35:00.000-05:00,[KLB] 9:35 ▼ ◆ ◆¹ PM L 11.5x v19 vol= pos= vwap=below ema=bear rs=-1.8% adx=31 body=77% O208.79 H209.79 L204.64 C204.83 ATR=11.44 SL=205.97/206.55 rawVol=244150 volSMA=15694 buf=0.572 prices=
2026-02-26T09:55:00.000-05:00,[KLB] 9:55 ▲ ~ ~ ORB L vol=2.3x pos=^100 vwap=above ema=bear rs=-0.8% adx=35 body=55% O205.48 H206.46 L204.68 C206.46 ATR=11.44 SL=205.32/204.74 rawVol=88703 volSMA=38077 buf=0.572 prices=204.64
2026-02-26T10:00:00.000-05:00,[KLB] CONF 10:00 ▼ BRK → ✗ (failed)
2026-02-26T10:05:00.000-05:00,[KLB] 10:05 ▲ ~~ ~~ PM L vol=2x pos=^76 vwap=above ema=bear rs=-0.3% adx=34 body=73% O205.84 H207.82 L205.77 C207.33 ATR=11.44 SL=206.19/205.61 rawVol=90579 volSMA=44272 buf=0.572 prices=206.96
2026-02-26T10:20:00.000-05:00,[KLB] 10:20 ▼ BRK ORB L vol=2.7x pos=v96 vwap=below ema=bear rs=-1.9% adx=34 body=93% O205.42 H205.5 L202.73 C202.84 ATR=11.44 SL=203.98/204.56 rawVol=154934 volSMA=57583 buf=0.572 prices=204.64
2026-02-26T10:20:00.000-05:00,[KLB] 10:20 ▼ ~ ~ Week H vol=2.7x pos=v96 vwap=below ema=bear rs=-1.9% adx=34 body=93% O205.42 H205.5 L202.73 C202.84 ATR=11.44 SL=203.98/204.56 rawVol=154934 volSMA=57583 buf=0.572 prices=205.3
2026-02-26T10:40:00.000-05:00,[KLB] 10:40 ▼ ◆ ◆⁵ ORB L 0.7x v17 vol= pos= vwap=below ema=bear rs=-1.3% adx=37 body=94% O201.95 H204.22 L201.95 C204.09 ATR=11.44 SL=205.23/205.81 rawVol=44593 volSMA=70985 buf=0.572 prices=
2026-02-27T09:40:00.000-05:00,[KLB] 9:40 ▲ ~ ~ PM L vol=5.5x pos=^95 vwap=above ema=bear rs=+0% adx=29 body=41% O199.89 H200.5 L199.17 C200.44 ATR=11.29 SL=199.31/198.75 rawVol=98890 volSMA=17843 buf=0.565 prices=199.55
2026-02-27T09:45:00.000-05:00,[KLB] 9:45 ▼ BRK PM L vol=3.6x pos=v56 vwap=below ema=bear rs=-0.2% adx=29 body=50% O200.4 H200.5 L198.79 C199.54 ATR=11.29 SL=200.67/201.23 rawVol=79343 volSMA=21786 buf=0.565 prices=199.55
2026-02-27T09:45:00.000-05:00,[KLB] 9:45 ▼ ~ ~ ORB H vol=3.6x pos=v56 vwap=below ema=bear rs=-0.2% adx=29 body=50% O200.4 H200.5 L198.79 C199.54 ATR=11.29 SL=200.67/201.23 rawVol=79343 volSMA=21786 buf=0.565 prices=200.38
2026-02-27T09:50:00.000-05:00,[KLB] 9:50 ▲ ~ ~ PM L vol=3x pos=^92 vwap=above ema=bear rs=+0.4% adx=28 body=78% O199.51 H201.12 L199.25 C200.97 ATR=11.29 SL=199.84/199.28 rawVol=76562 volSMA=25585 buf=0.565 prices=199.55
2026-02-27T09:50:00.000-05:00,[KLB] CONF 9:50 ▼ BRK → ✗ (failed)
2026-02-27T09:55:00.000-05:00,[KLB] 9:55 ▼ BRK Yest L vol=2.1x pos=v53 vwap=below ema=bear rs=0% adx=28 body=48% O200.93 H201.01 L199.25 C200.08 ATR=11.29 SL=201.21/201.77 rawVol=60435 volSMA=28435 buf=0.565 prices=201.46
2026-02-27T10:05:00.000-05:00,[KLB] 10:05 ▲ ~ ~ PM L vol=2.4x pos=^55 vwap=above ema=bear rs=0% adx=25 body=39% O199.8 H200.9 L199.59 C200.31 ATR=11.29 SL=199.18/198.62 rawVol=84604 volSMA=34893 buf=0.565 prices=199.55
2026-02-27T10:05:00.000-05:00,[KLB] 10:05 ▼ ◆ ◆³ Yest L 1.6x v31 vol= pos= vwap=above ema=bear rs=0% adx=25 body=39% O199.8 H200.9 L199.59 C200.31 ATR=11.29 SL=201.44/202 rawVol=84604 volSMA=34893 buf=0.565 prices=
2026-02-27T15:55:00.000-05:00,[KLB] 15:55 ▲ ~ ~ PM L vol=3.5x pos=^68 vwap=above ema=bear rs=-0.4% adx=22 body=30% O199.77 H200.23 L199.49 C200 ATR=11.29 SL=198.87/198.3 rawVol=98690 volSMA=28578 buf=0.565 prices=199.55
2026-03-02T09:40:00.000-05:00,[KLB] 9:40 ▼ BRK Week L vol=5.4x pos=v94 vwap=below ema=bear rs=-0.8% adx=26 body=61% O194.52 H195.39 L192.76 C192.91 ATR=10.91 SL=194/194.55 rawVol=127150 volSMA=23476 buf=0.545 prices=194.15
2026-03-02T09:40:00.000-05:00,[KLB] 9:40 ▼ ~ ~ ORB H vol=5.4x pos=v94 vwap=below ema=bear rs=-0.8% adx=26 body=61% O194.52 H195.39 L192.76 C192.91 ATR=10.91 SL=194/194.55 rawVol=127150 volSMA=23476 buf=0.545 prices=195.08
2026-03-02T09:40:00.000-05:00,[KLB] 9:40 ▼ ◆ ◆¹ Week L 6.6x v13 vol= pos= vwap=below ema=bear rs=-0.8% adx=26 body=61% O194.52 H195.39 L192.76 C192.91 ATR=10.91 SL=194/194.55 rawVol=127150 volSMA=23476 buf=0.545 prices=
2026-03-02T09:45:00.000-05:00,[KLB] 9:45 ▲ ~ ~ PM L vol=5x pos=^87 vwap=above ema=bear rs=-0.5% adx=29 body=36% O192.97 H194.11 L191.8 C193.81 ATR=10.91 SL=192.72/192.17 rawVol=156044 volSMA=31189 buf=0.545 prices=192
2026-03-02T09:45:00.000-05:00,[KLB] CONF 9:45 ▼ BRK → ✗ (failed)
2026-03-02T09:50:00.000-05:00,"[KLB] 9:50 ▲ ~~ ~~ Week L
~ VWAP vol=4.4x pos=^99 vwap=above ema=bear rs=+0% adx=30 body=79% O193.74 H195.25 L193.36 C195.23 ATR=10.91 SL=194.14/193.59 rawVol=88705 volSMA=35484 buf=0.545 prices=194.15"
2026-03-02T09:55:00.000-05:00,[KLB] 5m CHECK 9:55 ▲ pnl=-0.11 → BAIL
2026-03-02T10:00:00.000-05:00,[KLB] 10:00 ▼ BRK Week L vol=1.6x pos=v53 vwap=below ema=bear rs=-0.7% adx=31 body=35% O194 H194.2 L193.13 C193.63 ATR=10.91 SL=194.72/195.27 rawVol=61322 volSMA=41557 buf=0.545 prices=194.15
2026-03-02T10:05:00.000-05:00,[KLB] 10:05 ▲ ~ ~ Week L vol=1.7x pos=^100 vwap=above ema=bear rs=-0.2% adx=31 body=66% O193.5 H195.02 L192.73 C195.02 ATR=10.91 SL=193.93/193.38 rawVol=77238 volSMA=45188 buf=0.545 prices=194.15
2026-03-02T10:05:00.000-05:00,[KLB] CONF 10:05 ▼ BRK → ✗ (failed)
2026-03-02T10:40:00.000-05:00,[KLB] 10:40 ▲ ~~ ~~ Week L vol=0.7x pos=^100 vwap=above ema=bear rs=-0.3% adx=27 body=75% O193.64 H194.74 L193.28 C194.74 ATR=10.91 SL=193.65/193.1 rawVol=45523 volSMA=61428 buf=0.545 prices=194.15
2026-03-02T11:00:00.000-05:00,[KLB] 11:00 ▲ ~~ ~~ Week L vol=0.3x pos=^41 vwap=above ema=bear rs=-0.4% adx=24 body=32% O194.43 H194.95 L194.37 C194.61 ATR=10.91 SL=193.52/192.97 rawVol=20101 volSMA=67213 buf=0.545 prices=194.15
2026-03-02T11:10:00.000-05:00,[KLB] 11:10 ▲ ~~ ~~ Week L vol=0.3x pos=^76 vwap=above ema=bear rs=-0.4% adx=23 body=58% O194.41 H195.25 L194.23 C195 ATR=10.91 SL=193.91/193.36 rawVol=23380 volSMA=69594 buf=0.545 prices=194.15
2026-03-03T09:45:00.000-05:00,[KLB] 9:45 ▼ BRK ORB L vol=6.2x pos=v71 vwap=below ema=bear rs=-0.2% adx=28 body=62% O191.75 H191.92 L190.14 C190.65 ATR=10.86 SL=191.74/192.28 rawVol=130054 volSMA=20963 buf=0.543 prices=190.9
2026-03-03T09:45:00.000-05:00,[KLB] 9:45 ▼ ◆ ◆¹ ORB L 4.3x v67 vol= pos= vwap=below ema=bear rs=-0.2% adx=28 body=62% O191.75 H191.92 L190.14 C190.65 ATR=10.86 SL=191.74/192.28 rawVol=130054 volSMA=20963 buf=0.543 prices=
2026-03-03T09:50:00.000-05:00,[KLB] 5m CHECK 9:50 ▼ pnl=0 → BAIL
2026-03-03T09:50:00.000-05:00,[KLB] CONF 9:50 ▼ BRK → ✗ (failed)
2026-03-03T09:55:00.000-05:00,[KLB] 9:55 ▲ ~~ ~~ ORB L vol=3.1x pos=^78 vwap=above ema=bear rs=+0.3% adx=25 body=59% O190.64 H191.78 L190.38 C191.47 ATR=10.86 SL=190.38/189.84 rawVol=90823 volSMA=29680 buf=0.543 prices=190.9
2026-03-03T10:00:00.000-05:00,[KLB] 10:00 ▼ BRK ORB L vol=2.1x pos=v98 vwap=below ema=bear rs=-0.2% adx=23 body=79% O191.45 H191.73 L190.25 C190.29 ATR=10.86 SL=191.37/191.91 rawVol=69261 volSMA=32962 buf=0.543 prices=190.9
2026-03-03T10:00:00.000-05:00,[KLB] 10:00 ▼ ◆ ◆¹ ORB L 4.1x v68 vol= pos= vwap=below ema=bear rs=-0.2% adx=23 body=79% O191.45 H191.73 L190.25 C190.29 ATR=10.86 SL=191.37/191.91 rawVol=69261 volSMA=32962 buf=0.543 prices=
2026-03-03T10:20:00.000-05:00,[KLB] 10:20 ▼ BRK Yest L vol=1.9x pos=v91 vwap=below ema=bear rs=-0.5% adx=21 body=87% O190.98 H191.04 L189.23 C189.4 ATR=10.86 SL=190.49/191.03 rawVol=91371 volSMA=47736 buf=0.543 prices=190
2026-03-03T10:20:00.000-05:00,[KLB] 10:20 ▼ ~ ~ VWAP vol=1.9x pos=v91 vwap=below ema=bear rs=-0.5% adx=21 body=87% O190.98 H191.04 L189.23 C189.4 ATR=10.86 SL=190.49/191.03 rawVol=91371 volSMA=47736 buf=0.543 prices=
2026-03-03T10:20:00.000-05:00,[KLB] CONF 10:20 ▼ BRK → ✓ (auto-promote)
2026-03-03T10:25:00.000-05:00,[KLB] 10:25 ▼ BRK PM L vol=1.8x pos=v72 vwap=below ema=bear rs=-0.6% adx=22 body=46% O189.35 H189.56 L188.74 C188.97 ATR=10.86 SL=190.06/190.6 rawVol=75567 volSMA=51423 buf=0.543 prices=189.53
2026-03-03T10:25:00.000-05:00,[KLB] CONF 10:25 ▼ BRK → ✓ (auto-promote)
2026-03-03T10:30:00.000-05:00,[KLB] 5m CHECK 10:30 ▼ pnl=0.02 → BAIL
2026-03-03T10:30:00.000-05:00,[KLB] 10:30 ▼ ◆ ◆² PM L 1.5x v62 vol= pos= vwap=below ema=bear rs=-0.7% adx=23 body=40% O188.94 H189.06 L188.53 C188.73 ATR=10.86 SL=189.82/190.36 rawVol=84491 volSMA=55440 buf=0.543 prices=
2026-03-03T11:00:00.000-05:00,[KLB] CONF 11:00 ▼ BRK → ✗ (failed)
