Date,Message
2025-10-06T09:30:00.000-04:00,[KLB] 9:30 ▲ ~ ~ Today O vol=1.2x pos=^96 vwap=above ema=bull rs=+0.4% adx=32 body=91% ramp=0.8x rangeATR=1.4 ⚠ O608.06 H608.5 L608.04 C608.48 ATR=5.86 SL=607.89/607.6 rawVol=14832 volSMA=12360 buf=0.293 prices=
2025-10-06T09:35:00.000-04:00,[KLB] 9:35 ▼ RNG range break vol=8.5x
2025-10-06T09:45:00.000-04:00,[KLB] 9:45 ▼ ~ ~ Week H vol=4.5x pos=v64 vwap=below ema=bull rs=-0.1% adx=29 body=33% ramp=14.4x rangeATR=2.9 ⚡ O607.2 H607.7 L606.09 C606.67 ATR=5.86 SL=607.26/607.55 rawVol=137114 volSMA=33970 buf=0.293 prices=607.33
2025-10-06T10:05:00.000-04:00,[KLB] 10:05 ▲ FADE at 607.33
2025-10-06T10:25:00.000-04:00,[KLB] 10:25 ▼ ~ x~ Week H vol=0.8x pos=v93 vwap=below ema=bull rs=0% adx=25 body=19% ramp=0.5x rangeATR=1.1 O607.22 H607.73 L607.04 C607.09 ATR=5.86 SL=607.68/607.97 rawVol=49249 volSMA=59640 buf=0.293 prices=607.33
2025-10-06T10:45:00.000-04:00,[KLB] 10:45 ▼ BRK ORB L vol=1.3x pos=v45 vwap=below ema=bear rs=-0.2% adx=25 body=40% ramp=1.3x rangeATR=1.3 O606.76 H606.8 L605.98 C606.43 ATR=5.86 SL=607.02/607.31 rawVol=91748 volSMA=69253 buf=0.293 prices=607.04
2025-10-06T10:45:00.000-04:00,"[KLB] 10:45 ▼ ~ ~ Yest H
~ VWAP vol=1.3x pos=v45 vwap=below ema=bear rs=-0.2% adx=25 body=40% ramp=1.3x rangeATR=1.3 O606.76 H606.8 L605.98 C606.43 ATR=5.86 SL=607.02/607.31 rawVol=91748 volSMA=69253 buf=0.293 prices=607.33"
2025-10-06T10:45:00.000-04:00,[KLB] CONF 10:45 ▼ BRK → ✓ (auto-R1: EMA)
2025-10-06T10:50:00.000-04:00,[KLB] 5m CHECK 10:50 ▼ pnl=-0.11 SPY~ → BAIL
2025-10-07T11:05:00.000-04:00,[KLB] 11:05 ▼ BRK PD LH L vol=1.7x pos=v91 vwap=below ema=bear rs=0% adx=28 body=83% ramp=0.8x rangeATR=2.3 ⚡ ⚠ O607.86 H607.96 L606.73 C606.84 ATR=5.88 SL=607.43/607.72 rawVol=136855 volSMA=80591 buf=0.294 prices=
2025-10-07T11:05:00.000-04:00,"[KLB] 11:05 ▼ ~ ~ Week H
~ VWAP + ~ PD Cls vol=1.7x pos=v91 vwap=below ema=bear rs=0% adx=28 body=83% ramp=0.8x rangeATR=2.3 ⚡ ⚠ O607.86 H607.96 L606.73 C606.84 ATR=5.88 SL=607.43/607.72 rawVol=136855 volSMA=80591 buf=0.294 prices=607.33"
2025-10-07T11:05:00.000-04:00,[KLB] CONF 11:05 ▼ BRK → ✓ (auto-R1: EMA)
2025-10-07T11:10:00.000-04:00,[KLB] 11:10 ▼ BRK PM L + Yest L vol=3.7x pos=v92 vwap=below ema=bear rs=-0.1% adx=31 body=91% ramp=2.7x rangeATR=3.4 ⚡ ⚠ O606.84 H606.88 L604.66 C604.83 ATR=5.88 SL=605.42/605.71 rawVol=361720 volSMA=98429 buf=0.294 prices=606.4/605.97
2025-10-07T11:10:00.000-04:00,[KLB] CONF 11:10 ▼ BRK → ✓ (auto-R1: EMA)
2025-10-07T11:15:00.000-04:00,[KLB] 5m CHECK 11:15 ▼ pnl=-0.2 SPY✓ → HOLD
2025-10-07T11:30:00.000-04:00,[KLB] 11:30 ▼ 🔇 QBS ramp=0.4x vol=0.9x pos=v83 vwap=below ema=bear adx=42 body=63% rangeATR=1.6 O605.94 H606.17 L604.97 C605.18 ATR=5.88
2025-10-07T11:35:00.000-04:00,[KLB] CONF 11:35 ▼ QBS → ✓ (auto-promote)
2025-10-07T11:40:00.000-04:00,[KLB] 5m CHECK 11:40 ▼ pnl=0.11 SPY✓ → HOLD
2025-10-08T09:30:00.000-04:00,[KLB] 9:30 ▼ ~ ~ Today O vol=0.8x pos=v100 vwap=below ema=bear rs=+0.2% adx=22 body=67% ramp=0.9x rangeATR=1.7 O605.69 H605.84 L605.38 C605.38 ATR=5.94 SL=605.97/606.27 rawVol=7856 volSMA=9570 buf=0.297 prices=
2025-10-08T09:35:00.000-04:00,[KLB] 9:35 ▲ RNG range break vol=9.2x
2025-10-08T09:35:00.000-04:00,[KLB] 9:35 ▲ ~ ~ VWAP vol=9.2x pos=^77 vwap=above ema=bull rs=+0.2% adx=23 body=68% ramp=9.7x rangeATR=4 ⚡ O605.41 H606.69 L605.27 C606.37 ATR=5.94 SL=605.78/605.48 rawVol=163074 volSMA=17651 buf=0.297 prices=
2025-10-09T09:35:00.000-04:00,[KLB] 9:35 ▼ RNG range break vol=9.2x
2025-10-09T09:55:00.000-04:00,[KLB] 9:55 ▼ ~ ~ VWAP vol=3.4x pos=v90 vwap=below ema=bear rs=+0% adx=23 body=64% ramp=1.2x rangeATR=2.7 ⚡ O610.82 H611.17 L609.85 C609.98 ATR=6.03 SL=610.58/610.88 rawVol=154683 volSMA=44946 buf=0.302 prices=
2025-10-09T10:35:00.000-04:00,[KLB] 10:35 ▼ BRK PD LH L vol=1.1x pos=v91 vwap=below ema=bear rs=+0% adx=36 body=89% ramp=0.8x rangeATR=1.2 ⚠ O609.65 H609.66 L609.02 C609.08 ATR=6.03 SL=609.68/609.98 rawVol=87554 volSMA=76227 buf=0.302 prices=
2025-10-09T10:35:00.000-04:00,[KLB] CONF 10:35 ▼ BRK → ✓ (auto-R1: EMA)
2025-10-09T10:40:00.000-04:00,[KLB] 5m CHECK 10:40 ▼ pnl=0.06 SPY✓ → HOLD
2025-10-09T15:40:00.000-04:00,[KLB] 15:40 ▲ ~ ~ VWAP + ~ PD LH L vol=2x pos=^63 vwap=above ema=bull rs=+0.2% adx=24 body=49% ramp=0.8x rangeATR=1 O610.04 H610.41 L609.98 C610.25 ATR=6.03 SL=609.65/609.35 rawVol=117608 volSMA=58668 buf=0.302 prices=
2025-10-10T09:30:00.000-04:00,[KLB] 9:30 ▲ ~ ~ Today O vol=1.7x pos=^100 vwap=above ema=bull rs=+0.2% adx=21 body=76% ramp=1.6x rangeATR=1.9 O611.13 H611.5 L611.01 C611.5 ATR=5.9 SL=610.91/610.62 rawVol=15207 volSMA=9015 buf=0.295 prices=
2025-10-10T09:40:00.000-04:00,[KLB] 9:40 ▲ RNG range break vol=6.7x
2025-10-10T09:40:00.000-04:00,[KLB] 9:40 ▲ ~ ~ VWAP vol=6.7x pos=^90 vwap=above ema=bull rs=+0% adx=23 body=75% ramp=8.1x rangeATR=3.4 ⚡ O611.78 H612.91 L611.57 C612.78 ATR=5.9 SL=612.19/611.9 rawVol=108283 volSMA=21386 buf=0.295 prices=
2025-10-10T11:00:00.000-04:00,[KLB] 11:00 ▼ ~ ~ PD Cls vol=6x pos=v69 vwap=below ema=bull rs=0% adx=21 body=67% ramp=4.3x rangeATR=5.8 ⚡ O612.02 H612.14 L606.93 C608.52 ATR=5.9 SL=609.11/609.4 rawVol=591500 volSMA=98883 buf=0.295 prices=
2025-10-10T11:05:00.000-04:00,[KLB] 11:05 ▼ BRK Yest L vol=6.1x pos=v81 vwap=below ema=bear rs=-0.2% adx=25 body=81% ramp=8.9x rangeATR=4.1 ⚡ ⚠ O608.51 H608.51 L603.64 C604.56 ATR=5.9 SL=605.15/605.44 rawVol=858245 volSMA=141282 buf=0.295 prices=607.48
2025-10-10T11:05:00.000-04:00,[KLB] 11:05 ▼ ~ ~ Week H vol=6.1x pos=v81 vwap=below ema=bear rs=-0.2% adx=25 body=81% ramp=8.9x rangeATR=4.1 ⚡ ⚠ O608.51 H608.51 L603.64 C604.56 ATR=5.9 SL=605.15/605.44 rawVol=858245 volSMA=141282 buf=0.295 prices=607.33
2025-10-10T11:05:00.000-04:00,[KLB] CONF 11:05 ▼ BRK → ✓ (auto-R1: EMA)
2025-10-10T11:10:00.000-04:00,[KLB] 5m CHECK 11:10 ▼ pnl=0.13 SPY✓ → HOLD
2025-10-10T11:25:00.000-04:00,[KLB] 11:25 ▼ 🔇 QBS ramp=0.5x vol=2.3x pos=v97 vwap=below ema=bear adx=38 body=84% rangeATR=2.1 ⚡ O602.66 H603.12 L599.44 C599.56 ATR=5.9
2025-10-10T11:25:00.000-04:00,[KLB] 11:25 ▼ BRK VW Band vol=2.3x pos=v97 vwap=below ema=bear rs=-0.6% adx=38 body=84% ramp=0.5x rangeATR=2.1 ⚡ ⚠ 🔇 O602.66 H603.12 L599.44 C599.56 ATR=5.9 SL=600.15/600.44 rawVol=425009 volSMA=188237 buf=0.295 prices=
2025-10-10T11:25:00.000-04:00,[KLB] CONF 11:25 ▼ BRK → ✓ (auto-R1: EMA)
2025-10-10T11:30:00.000-04:00,[KLB] 5m CHECK 11:30 ▼ pnl=-0.01 SPY✓ → HOLD
2025-10-10T11:35:00.000-04:00,[KLB] 11:35 ▼ BRK Week O vol=2.5x pos=v64 vwap=below ema=bear rs=-0.6% adx=45 body=59% ramp=1.5x rangeATR=1.9 O599.46 H599.64 L595.9 C597.26 ATR=5.9 SL=597.85/598.14 rawVol=558653 volSMA=219765 buf=0.295 prices=
2025-10-10T11:35:00.000-04:00,[KLB] CONF 11:35 ▼ BRK → ✓ (auto-R1: EMA)
2025-10-10T11:35:00.000-04:00,[KLB] CONF 11:35 ▼ QBS → ✓ (auto-promote)
2025-10-10T11:40:00.000-04:00,[KLB] 5m CHECK 11:40 ▼ pnl=0.02 SPY✓ → HOLD
2025-10-13T09:35:00.000-04:00,[KLB] 9:35 ▼ RNG range break vol=5.8x
2025-10-14T09:40:00.000-04:00,[KLB] 9:40 ▼ RNG range break vol=6.1x
2025-10-14T09:40:00.000-04:00,[KLB] 9:40 ▼ BRK ORB L vol=6.1x pos=v56 vwap=below ema=bear rs=-0.2% adx=22 body=56% ramp=5.9x rangeATR=2.6 ⚡ O593.4 H593.4 L591.23 C592.19 ATR=7.64 SL=592.95/593.34 rawVol=305212 volSMA=53045 buf=0.382 prices=593.36
2025-10-14T09:40:00.000-04:00,[KLB] 9:40 ▼ ~ ~ VWAP vol=6.1x pos=v56 vwap=below ema=bear rs=-0.2% adx=22 body=56% ramp=5.9x rangeATR=2.6 ⚡ O593.4 H593.4 L591.23 C592.19 ATR=7.64 SL=592.95/593.34 rawVol=305212 volSMA=53045 buf=0.382 prices=
2025-10-14T09:40:00.000-04:00,[KLB] CONF 9:40 ▼ BRK → ✓ (auto-R1: EMA)
2025-10-14T09:45:00.000-04:00,[KLB] 9:45 ▼ BRK PM L vol=5.2x pos=v77 vwap=below ema=bear rs=-0.2% adx=25 body=63% ramp=8.3x rangeATR=2.3 ⚡ O592.15 H592.43 L590.3 C590.8 ATR=7.64 SL=591.56/591.95 rawVol=362240 volSMA=69267 buf=0.382 prices=592
2025-10-14T09:45:00.000-04:00,[KLB] CONF 9:45 ▼ BRK → ✓ (auto-R1: EMA)
2025-10-14T09:50:00.000-04:00,[KLB] 5m CHECK 9:50 ▼ pnl=-0.08 SPY✓ → HOLD
2025-10-14T11:55:00.000-04:00,[KLB] 11:55 ▲ ~ ~ Yest L vol=1.1x pos=^58 vwap=above ema=bull rs=-0.1% adx=22 body=52% ramp=1.1x rangeATR=0.9 O599.21 H600.08 L599.15 C599.69 ATR=7.64 SL=598.93/598.54 rawVol=83886 volSMA=101787 buf=0.382 prices=597.23
2025-10-14T12:20:00.000-04:00,[KLB] 12:20 ▲ ~ ~ Yest L vol=0.8x pos=^90 vwap=above ema=bull rs=-0.1% adx=26 body=78% ramp=1x rangeATR=1 O599.04 H599.92 L598.92 C599.82 ATR=7.64 SL=599.06/598.67 rawVol=65027 volSMA=92017 buf=0.382 prices=597.23
2025-10-14T12:50:00.000-04:00,[KLB] 12:50 ▲ ~ ~ PD Cls vol=1.5x pos=^61 vwap=above ema=bull rs=0% adx=35 body=58% ramp=0.7x rangeATR=0.7 O601.84 H602.44 L601.82 C602.2 ATR=7.64 SL=601.44/601.05 rawVol=134051 volSMA=89970 buf=0.382 prices=
2025-10-15T09:35:00.000-04:00,[KLB] 9:35 ▼ RNG range break vol=9x
2025-10-15T09:40:00.000-04:00,"[KLB] 9:40 ▼ ~ ~ ORB H
~ VWAP vol=7.5x pos=v90 vwap=below ema=bull rs=-0.2% adx=25 body=41% ramp=10.4x rangeATR=2.9 ⚡ O603.05 H603.81 L602.24 C602.4 ATR=8 SL=603.2/603.6 rawVol=129834 volSMA=36185 buf=0.4 prices=604.04"
2025-10-15T10:00:00.000-04:00,[KLB] 10:00 ▲ FADE at 604.04
2025-10-15T10:00:00.000-04:00,[KLB] 10:00 ▲ ~ ~ VWAP vol=2.8x pos=^77 vwap=above ema=bull rs=-0.2% adx=29 body=74% ramp=1x rangeATR=1.4 O603.43 H604.51 L603.4 C604.25 ATR=8 SL=603.45/603.05 rawVol=185513 volSMA=65719 buf=0.4 prices=
2025-10-15T13:05:00.000-04:00,[KLB] 13:05 ▼ BRK PM L vol=1.9x pos=v75 vwap=below ema=bear rs=0% adx=28 body=74% ramp=1.6x rangeATR=1.9 O601.65 H601.68 L599.98 C600.4 ATR=8 SL=601.2/601.6 rawVol=134832 volSMA=72224 buf=0.4 prices=600.67
2025-10-15T13:05:00.000-04:00,[KLB] CONF 13:05 ▼ BRK → ✓ (auto-R1: EMA)
2025-10-15T13:10:00.000-04:00,[KLB] 5m CHECK 13:10 ▼ pnl=0.18 SPY✓ → HOLD
2025-10-15T13:15:00.000-04:00,[KLB] 13:15 ▼ ~ ~ Yest H + ~ PD Cls vol=3.1x pos=v95 vwap=below ema=bear rs=-0.1% adx=34 body=92% ramp=3.1x rangeATR=2.1 ⚡ ⚠ O598.97 H599.04 L596.82 C596.93 ATR=8 SL=597.73/598.13 rawVol=258425 volSMA=84037 buf=0.4 prices=602.69
2025-10-15T13:30:00.000-04:00,[KLB] 13:30 ▼ ~ ~ Yest H vol=0.9x pos=v80 vwap=below ema=bear rs=-0.1% adx=39 body=31% ramp=1.1x rangeATR=1.2 O598.36 H599.05 L597.65 C597.93 ATR=8 SL=598.73/599.13 rawVol=89470 volSMA=97333 buf=0.4 prices=602.69
2025-10-16T10:00:00.000-04:00,[KLB] 10:00 ▼ ~ x~ PM H + x~ ORB H vol=1.7x pos=v70 vwap=below ema=bull rs=+0.1% adx=14 body=7% ramp=0.7x rangeATR=1.6 O605.61 H606.33 L605.18 C605.53 ATR=8.19 SL=606.35/606.76 rawVol=115261 volSMA=66015 buf=0.41 prices=606.38/606.55
2025-10-16T11:50:00.000-04:00,[KLB] 11:50 ▼ BRK PM L vol=1.3x pos=v77 vwap=below ema=bear rs=+0% adx=21 body=71% ramp=0.9x rangeATR=0.9 O604.01 H604.07 L603.1 C603.32 ATR=8.19 SL=604.14/604.55 rawVol=107280 volSMA=108396 buf=0.41 prices=603.6
2025-10-16T11:50:00.000-04:00,[KLB] 11:50 ▼ ~ ~ Yest H vol=1.3x pos=v77 vwap=below ema=bear rs=+0% adx=21 body=71% ramp=0.9x rangeATR=0.9 O604.01 H604.07 L603.1 C603.32 ATR=8.19 SL=604.14/604.55 rawVol=107280 volSMA=108396 buf=0.41 prices=606.7
2025-10-16T11:50:00.000-04:00,[KLB] CONF 11:50 ▼ BRK → ✓ (auto-R1: EMA)
2025-10-16T11:55:00.000-04:00,[KLB] 5m CHECK 11:55 ▼ pnl=-0.05 SPY✓ → HOLD
2025-10-16T12:20:00.000-04:00,[KLB] 12:20 ▼ ~ ~ PD Cls vol=0.9x pos=v92 vwap=below ema=bear rs=+0% adx=28 body=74% ramp=0.8x rangeATR=2 O603.55 H603.96 L601.75 C601.92 ATR=8.19 SL=602.74/603.15 rawVol=101816 volSMA=107589 buf=0.41 prices=
2025-10-16T12:35:00.000-04:00,[KLB] 12:35 ▼ BRK PD LH L vol=2.7x pos=v91 vwap=below ema=bear rs=-0.1% adx=33 body=91% ramp=1.9x rangeATR=2.3 ⚡ ⚠ O601.09 H601.09 L598.18 C598.44 ATR=8.19 SL=599.26/599.67 rawVol=304480 volSMA=113188 buf=0.41 prices=
2025-10-16T12:35:00.000-04:00,[KLB] CONF 12:35 ▼ BRK → ✓ (auto-R1: EMA)
2025-10-16T12:40:00.000-04:00,[KLB] 5m CHECK 12:40 ▼ pnl=-0.04 SPY✓ → HOLD
2025-10-16T14:20:00.000-04:00,[KLB] 14:20 ▼ BRK Month O vol=1.6x pos=v87 vwap=below ema=bear rs=-0.1% adx=30 body=58% ramp=2.3x rangeATR=1.1 O597.06 H597.5 L595.96 C596.16 ATR=8.19 SL=596.98/597.39 rawVol=180494 volSMA=109417 buf=0.41 prices=
2025-10-16T14:20:00.000-04:00,[KLB] CONF 14:20 ▼ BRK → ✓ (auto-R1: EMA)
2025-10-16T14:25:00.000-04:00,[KLB] 5m CHECK 14:25 ▼ pnl=-0.14 SPY✓ → HOLD
2025-10-16T14:35:00.000-04:00,[KLB] 14:35 ▼ BRK Yest L vol=1x pos=v85 vwap=below ema=bear rs=-0.1% adx=35 body=59% ramp=0.7x rangeATR=1.2 O596.8 H597.25 L595.49 C595.76 ATR=8.19 SL=596.58/596.99 rawVol=102672 volSMA=101362 buf=0.41 prices=595.93
2025-10-16T14:35:00.000-04:00,[KLB] CONF 14:35 ▼ BRK → ✓ (auto-R1: EMA)
2025-10-16T14:40:00.000-04:00,[KLB] 5m CHECK 14:40 ▼ pnl=-0.15 SPY✓ → HOLD
2025-10-17T09:30:00.000-04:00,[KLB] 9:30 ▼ ~ ~ Today O vol=1.4x pos=v68 vwap=above ema=bull rs=-0.2% adx=35 body=42% ramp=0.9x rangeATR=1.4 O598.4 H598.7 L597.5 C597.89 ATR=8.52 SL=598.74/599.17 rawVol=27965 volSMA=19505 buf=0.426 prices=
2025-10-17T09:35:00.000-04:00,[KLB] 9:35 ▲ FADE at 597.95
2025-10-17T09:35:00.000-04:00,[KLB] 9:35 ▲ ~ ~ VWAP vol=10.7x pos=^89 vwap=above ema=bull rs=+0% adx=34 body=49% ramp=9.1x rangeATR=2.3 ⚡ O597.95 H599.27 L597.06 C599.03 ATR=8.52 SL=598.18/597.75 rawVol=425214 volSMA=39778 buf=0.426 prices=
2025-10-17T09:45:00.000-04:00,[KLB] 9:45 ▼ RNG range break vol=4x
2025-10-17T09:50:00.000-04:00,[KLB] 9:50 ▲ ~ ~ PD LH L vol=3.9x pos=^82 vwap=above ema=bull rs=+0% adx=31 body=68% ramp=1.7x rangeATR=2.2 ⚡ O596.88 H599.11 L596.51 C598.64 ATR=8.52 SL=597.79/597.36 rawVol=290392 volSMA=73916 buf=0.426 prices=
2025-10-17T09:55:00.000-04:00,[KLB] 9:55 ▲ RNG range break vol=3.4x
2025-10-17T09:55:00.000-04:00,[KLB] 9:55 ▲ ~ ~ Yest L + ~ PD Cls vol=3.4x pos=^86 vwap=above ema=bull rs=+0.1% adx=31 body=83% ramp=1.1x rangeATR=1.9 ⚠ O598.63 H600.98 L598.57 C600.64 ATR=8.52 SL=599.79/599.36 rawVol=255064 volSMA=84924 buf=0.426 prices=595.5
2025-10-17T10:15:00.000-04:00,[KLB] 10:15 ▲ ~ ~ Yest L vol=2.3x pos=^93 vwap=above ema=bull rs=+0.2% adx=32 body=90% ramp=1x rangeATR=1.9 ⚠ O599.93 H602.78 L599.84 C602.58 ATR=8.52 SL=601.73/601.3 rawVol=298272 volSMA=129836 buf=0.426 prices=595.5
2025-10-17T10:50:00.000-04:00,[KLB] 10:50 ▲ ~ ~ Yest L vol=0.9x pos=^65 vwap=above ema=bull rs=+0.2% adx=26 body=43% ramp=1.3x rangeATR=1.2 O599.63 H601.07 L599.23 C600.43 ATR=8.52 SL=599.58/599.15 rawVol=101518 volSMA=172673 buf=0.426 prices=595.5
2025-10-17T11:05:00.000-04:00,[KLB] 11:05 ▲ ~ ~ Yest L vol=0.6x pos=^80 vwap=above ema=bull rs=+0.1% adx=23 body=66% ramp=0.6x rangeATR=1.4 O598.59 H600.49 L598.28 C600.04 ATR=8.52 SL=599.19/598.76 rawVol=110675 volSMA=183689 buf=0.426 prices=595.5
2025-10-17T11:50:00.000-04:00,[KLB] 11:50 ▲ ~ ~ Yest L vol=0.9x pos=^89 vwap=above ema=bull rs=+0.1% adx=23 body=72% ramp=1.4x rangeATR=0.9 O599.17 H600.31 L598.93 C600.16 ATR=8.52 SL=599.31/598.88 rawVol=105091 volSMA=122879 buf=0.426 prices=595.5
2025-10-20T09:35:00.000-04:00,[KLB] 9:35 ▲ RNG range break vol=7.5x
2025-10-20T09:35:00.000-04:00,[KLB] 9:35 ▲ ~ ~ VWAP + ~ Today O vol=7.5x pos=^85 vwap=above ema=bull rs=+0.1% adx=29 body=81% ramp=2.8x rangeATR=4.6 ⚡ ⚠ O607.14 H609.13 L607.06 C608.82 ATR=8.57 SL=607.96/607.53 rawVol=205312 volSMA=27203 buf=0.428 prices=
2025-10-21T09:45:00.000-04:00,[KLB] 9:45 ▼ RNG range break vol=5.4x
2025-10-21T10:05:00.000-04:00,[KLB] 10:05 ▼ ~ ~ VWAP vol=3.5x pos=v55 vwap=below ema=bear rs=-0.1% adx=27 body=35% ramp=1x rangeATR=1.3 O610.04 H610.18 L609.49 C609.8 ATR=8.59 SL=610.66/611.09 rawVol=210046 volSMA=60458 buf=0.429 prices=
2025-10-21T10:30:00.000-04:00,[KLB] 10:30 ▼ BRK PM L + ORB L vol=1.2x pos=v74 vwap=below ema=bear rs=-0.2% adx=27 body=74% ramp=0.7x rangeATR=2.3 ⚡ O610.87 H610.87 L609.35 C609.74 ATR=8.59 SL=610.6/611.03 rawVol=92382 volSMA=77846 buf=0.429 prices=610.57/610.55
2025-10-21T10:30:00.000-04:00,[KLB] CONF 10:30 ▼ BRK → ✓ (auto-R1: EMA)
2025-10-21T10:35:00.000-04:00,[KLB] 5m CHECK 10:35 ▼ pnl=-0.03 SPY~ → HOLD
2025-10-22T09:35:00.000-04:00,[KLB] 9:35 ▼ RNG range break vol=9x
2025-10-22T10:30:00.000-04:00,[KLB] 10:30 ▼ BRK Yest L + ORB L vol=3.3x pos=v93 vwap=below ema=bear rs=-0.2% adx=21 body=79% ramp=2.9x rangeATR=2.6 ⚡ O609.11 H609.4 L607.24 C607.4 ATR=8.22 SL=608.22/608.63 rawVol=252209 volSMA=75344 buf=0.411 prices=609.32/608.79
2025-10-22T10:30:00.000-04:00,"[KLB] 10:30 ▼ ~ ~ Week H
~ VWAP vol=3.3x pos=v93 vwap=below ema=bear rs=-0.2% adx=21 body=79% ramp=2.9x rangeATR=2.6 ⚡ O609.11 H609.4 L607.24 C607.4 ATR=8.22 SL=608.22/608.63 rawVol=252209 volSMA=75344 buf=0.411 prices=608.31"
2025-10-22T10:30:00.000-04:00,[KLB] CONF 10:30 ▼ BRK → ✓ (auto-R1: EMA)
2025-10-22T10:35:00.000-04:00,[KLB] 5m CHECK 10:35 ▼ pnl=0.01 SPY✓ → HOLD
2025-10-22T11:15:00.000-04:00,[KLB] 11:15 ▼ ~ ~ Week H vol=0.9x pos=v45 vwap=below ema=bear rs=-0.1% adx=31 body=44% ramp=0.6x rangeATR=0.9 O608.2 H608.21 L607.33 C607.81 ATR=8.22 SL=608.63/609.04 rawVol=107217 volSMA=122226 buf=0.411 prices=608.31
2025-10-22T11:20:00.000-04:00,[KLB] 11:20 ▼ ~ ~ Week H vol=0.9x pos=v88 vwap=below ema=bear rs=-0.2% adx=31 body=56% ramp=0.6x rangeATR=0.9 O607.79 H608.07 L607.19 C607.3 ATR=8.22 SL=608.12/608.53 rawVol=54752 volSMA=119749 buf=0.411 prices=608.31
2025-10-23T09:30:00.000-04:00,[KLB] 9:30 ▲ ~ ~ Today O vol=0.8x pos=^96 vwap=above ema=bear rs=+0% adx=36 body=96% ramp=0.4x rangeATR=0.9 ⚠ 🔇 O604.49 H604.95 L604.49 C604.93 ATR=8.47 SL=604.08/603.66 rawVol=13188 volSMA=16720 buf=0.423 prices=
2025-10-23T09:35:00.000-04:00,[KLB] 9:35 ▲ RNG range break vol=7.3x
2025-10-23T09:40:00.000-04:00,"[KLB] 9:40 ▲ ~ ~ Yest L
~ VWAP + ~ PD Cls vol=6.1x pos=^83 vwap=above ema=bear rs=+0.1% adx=33 body=61% ramp=9x rangeATR=2.3 ⚡ O605.3 H606.4 L604.99 C606.16 ATR=8.47 SL=605.31/604.89 rawVol=110091 volSMA=30263 buf=0.423 prices=599.74"
2025-10-24T09:35:00.000-04:00,[KLB] 9:35 ▲ ~ ~ VWAP + ~ Today O vol=6x pos=^94 vwap=above ema=bull rs=+0% adx=42 body=37% ramp=3.4x rangeATR=2.8 ⚡ O615.99 H616.64 L615.14 C616.55 ATR=8.35 SL=615.72/615.3 rawVol=188835 volSMA=31580 buf=0.417 prices=
2025-10-24T09:40:00.000-04:00,[KLB] 9:40 ▲ RNG range break vol=4.8x
2025-10-28T09:35:00.000-04:00,[KLB] 9:35 ▲ RNG range break vol=7.6x
2025-10-28T09:35:00.000-04:00,[KLB] 9:35 ▲ ~ ~ VWAP + ~ Today O vol=7.6x pos=^46 vwap=above ema=bull rs=+0.1% adx=31 body=39% ramp=2.8x rangeATR=3 ⚡ O630.36 H631.36 L630.3 C630.78 ATR=8.54 SL=629.93/629.5 rawVol=197749 volSMA=25867 buf=0.427 prices=
2025-10-29T09:35:00.000-04:00,[KLB] 9:35 ▲ RNG range break vol=8.4x
2025-10-29T11:45:00.000-04:00,[KLB] 11:45 ▼ ~ ~ VWAP vol=0.8x pos=v90 vwap=below ema=bear rs=-0.1% adx=22 body=69% ramp=1x rangeATR=0.8 O635.04 H635.12 L634.73 C634.77 ATR=8.4 SL=635.61/636.03 rawVol=49776 volSMA=63218 buf=0.42 prices=
2025-10-29T12:50:00.000-04:00,[KLB] 12:50 ▼ BRK ORB L vol=1.2x pos=v96 vwap=below ema=bear rs=0% adx=26 body=42% ramp=1.2x rangeATR=1.2 O635.27 H635.55 L635.03 C635.05 ATR=8.4 SL=635.89/636.31 rawVol=61980 volSMA=51687 buf=0.42 prices=635.57
2025-10-29T12:50:00.000-04:00,[KLB] CONF 12:50 ▼ BRK → ✓ (auto-R1: EMA)
2025-10-29T12:55:00.000-04:00,[KLB] 5m CHECK 12:55 ▼ pnl=-0.03 SPY~ → HOLD
2025-10-29T14:05:00.000-04:00,[KLB] 14:05 ▼ ~ x~ ORB H vol=4.6x pos=v68 vwap=below ema=bear rs=0% adx=16 body=22% ramp=1.8x rangeATR=3.4 ⚡ O635.3 H636.05 L634.42 C634.94 ATR=8.4 SL=635.78/636.2 rawVol=193333 volSMA=42244 buf=0.42 prices=636.22
2025-10-30T09:35:00.000-04:00,[KLB] 9:35 ▼ RNG range break vol=7x
2025-10-30T09:35:00.000-04:00,[KLB] 9:35 ▼ BRK PM L + PD LH L vol=7x pos=v99 vwap=below ema=bear rs=-0.2% adx=45 body=97% ramp=3.6x rangeATR=2.8 ⚡ ⚠ O632.15 H632.19 L630.18 C630.2 ATR=8.28 SL=631.03/631.44 rawVol=269284 volSMA=38386 buf=0.414 prices=631.07
2025-10-30T09:35:00.000-04:00,[KLB] 9:35 ▼ ~ ~ VWAP + ~ Today O vol=7x pos=v99 vwap=below ema=bear rs=-0.2% adx=45 body=97% ramp=3.6x rangeATR=2.8 ⚡ ⚠ O632.15 H632.19 L630.18 C630.2 ATR=8.28 SL=631.03/631.44 rawVol=269284 volSMA=38386 buf=0.414 prices=
2025-10-30T09:35:00.000-04:00,[KLB] CONF 9:35 ▼ BRK → ✓ (auto-R1: EMA)
2025-10-30T09:40:00.000-04:00,[KLB] 9:40 ▼ BRK Yest L + ORB L vol=5.6x pos=v89 vwap=below ema=bear rs=-0.3% adx=47 body=89% ramp=7.9x rangeATR=2.7 ⚡ ⚠ O630.17 H630.17 L627.93 C628.18 ATR=8.28 SL=629.01/629.42 rawVol=297078 volSMA=53056 buf=0.414 prices=630.25/630.18
2025-10-30T09:40:00.000-04:00,[KLB] CONF 9:40 ▼ BRK → ✓ (auto-R1: EMA)
2025-10-30T09:45:00.000-04:00,[KLB] 5m CHECK 9:45 ▼ pnl=-0.04 SPY~ → HOLD
2025-10-31T09:35:00.000-04:00,[KLB] 9:35 ▼ RNG range break vol=6.6x
2025-10-31T09:35:00.000-04:00,[KLB] 9:35 ▼ ~ ~ VWAP vol=6.6x pos=v75 vwap=below ema=bull rs=0% adx=23 body=72% ramp=5x rangeATR=3 ⚡ O634.17 H634.2 L632.9 C633.23 ATR=8.39 SL=634.07/634.49 rawVol=176712 volSMA=26915 buf=0.42 prices=
2025-10-31T09:45:00.000-04:00,[KLB] 9:45 ▼ BRK ORB L vol=3.6x pos=v69 vwap=below ema=bear rs=0% adx=28 body=54% ramp=9.3x rangeATR=2.3 ⚡ O632.89 H633.06 L631.9 C632.26 ATR=8.39 SL=633.1/633.52 rawVol=137269 volSMA=37977 buf=0.42 prices=632.9
2025-10-31T09:45:00.000-04:00,[KLB] CONF 9:45 ▼ BRK → ✓ (auto-R1: EMA)
2025-10-31T09:50:00.000-04:00,[KLB] 9:50 ▼ ~ x~ Yest H vol=3.2x pos=v54 vwap=below ema=bear rs=-0.1% adx=31 body=20% ramp=1.7x rangeATR=1.9 O632.22 H632.57 L631.55 C632.02 ATR=8.39 SL=632.86/633.28 rawVol=118217 volSMA=43413 buf=0.42 prices=633.5
2025-10-31T09:50:00.000-04:00,[KLB] 5m CHECK 9:50 ▼ pnl=0.03 SPY~ → HOLD
2025-10-31T10:00:00.000-04:00,[KLB] 10:00 ▼ ~ x~ Yest H vol=2.4x pos=v45 vwap=below ema=bear rs=-0.1% adx=37 body=26% ramp=0.9x rangeATR=1.5 O632.1 H632.27 L631.36 C631.86 ATR=8.39 SL=632.7/633.12 rawVol=132101 volSMA=54098 buf=0.42 prices=633.5
2025-10-31T10:25:00.000-04:00,[KLB] 10:25 ▼ ~ x~ Yest H vol=1.4x pos=v29 vwap=below ema=bear rs=-0.1% adx=48 body=19% ramp=0.6x rangeATR=1.8 O632.04 H632.17 L630.83 C631.78 ATR=8.39 SL=632.62/633.04 rawVol=94617 volSMA=69950 buf=0.42 prices=633.5
2025-10-31T11:30:00.000-04:00,[KLB] 11:30 ▼ BRK PM L vol=1.1x pos=v77 vwap=below ema=bear rs=0% adx=30 body=77% ramp=1.1x rangeATR=1.1 O633.16 H633.16 L632.52 C632.67 ATR=8.39 SL=633.51/633.93 rawVol=84727 volSMA=74401 buf=0.42 prices=633.23
2025-10-31T11:30:00.000-04:00,[KLB] CONF 11:30 ▼ BRK → ✓ (auto-R1: EMA)
2025-10-31T11:35:00.000-04:00,[KLB] 5m CHECK 11:35 ▼ pnl=-0.01 SPY~ → HOLD
2025-10-31T11:40:00.000-04:00,[KLB] 11:40 ▼ BRK ORB L vol=1.2x pos=v86 vwap=below ema=bear rs=-0.1% adx=30 body=85% ramp=1.2x rangeATR=1.8 ⚠ O632.74 H632.76 L631.58 C631.74 ATR=8.39 SL=632.58/633 rawVol=79873 volSMA=68630 buf=0.42 prices=632.9
2025-10-31T11:40:00.000-04:00,[KLB] 11:40 ▼ ~ ~ Yest H vol=1.2x pos=v86 vwap=below ema=bear rs=-0.1% adx=30 body=85% ramp=1.2x rangeATR=1.8 ⚠ O632.74 H632.76 L631.58 C631.74 ATR=8.39 SL=632.58/633 rawVol=79873 volSMA=68630 buf=0.42 prices=633.5
2025-10-31T11:40:00.000-04:00,[KLB] CONF 11:40 ▼ BRK → ✓ (auto-R1: EMA)
2025-10-31T11:45:00.000-04:00,[KLB] 5m CHECK 11:45 ▼ pnl=-0.06 SPY~ → HOLD
2025-10-31T11:50:00.000-04:00,[KLB] 11:50 ▼ ~ ~ Yest H vol=2.2x pos=v89 vwap=below ema=bear rs=-0.1% adx=31 body=50% ramp=1.8x rangeATR=2.9 ⚡ O632.28 H633.18 L630.88 C631.14 ATR=8.39 SL=631.98/632.4 rawVol=157046 volSMA=70911 buf=0.42 prices=633.5
2025-11-03T09:40:00.000-05:00,[KLB] 9:40 ▼ ~ ~ Yest H vol=3x pos=v99 vwap=below ema=bull rs=+0.1% adx=32 body=98% ramp=9.4x rangeATR=2.7 ⚡ ⚠ O635.1 H635.11 L633.66 C633.68 ATR=8.37 SL=634.52/634.94 rawVol=95151 volSMA=31476 buf=0.419 prices=634.2
2025-11-03T10:35:00.000-05:00,[KLB] 10:35 ▼ BRK PM L vol=1.1x pos=v49 vwap=below ema=bear rs=+0% adx=30 body=49% ramp=0.9x rangeATR=0.9 O630.53 H630.53 L629.88 C630.21 ATR=8.37 SL=631.05/631.47 rawVol=70482 volSMA=63950 buf=0.419 prices=630.32
2025-11-03T10:35:00.000-05:00,[KLB] CONF 10:35 ▼ BRK → ✓ (auto-R1: EMA)
2025-11-03T10:40:00.000-05:00,[KLB] 5m CHECK 10:40 ▼ pnl=-0.13 SPY✓ → HOLD
2025-11-03T12:05:00.000-05:00,[KLB] 12:05 ▼ ~ ~ VWAP vol=0.7x pos=v95 vwap=below ema=bear rs=-0.2% adx=20 body=95% ramp=1.3x rangeATR=1.1 ⚠ O632.35 H632.35 L631.48 C631.52 ATR=8.37 SL=632.36/632.78 rawVol=27475 volSMA=38839 buf=0.419 prices=
2025-11-04T09:35:00.000-05:00,[KLB] 9:35 ▼ RNG range break vol=9x
2025-11-04T12:55:00.000-05:00,[KLB] 12:55 ▼ ~ ~ VWAP vol=0.7x pos=v95 vwap=below ema=bear rs=-0.2% adx=27 body=36% ramp=0.9x rangeATR=1.3 O622.29 H622.95 L621.83 C621.89 ATR=8.26 SL=622.72/623.13 rawVol=28274 volSMA=38510 buf=0.413 prices=
2025-11-04T14:10:00.000-05:00,[KLB] 14:10 ▼ BRK ORB L vol=1.3x pos=v85 vwap=below ema=bear rs=-0.3% adx=25 body=85% ramp=0.7x rangeATR=1.1 ⚠ O621.79 H621.79 L620.85 C620.99 ATR=8.26 SL=621.82/622.23 rawVol=45666 volSMA=34983 buf=0.413 prices=621.37
2025-11-04T14:10:00.000-05:00,[KLB] CONF 14:10 ▼ BRK → ✓ (auto-R1: EMA)
2025-11-04T14:15:00.000-05:00,[KLB] 5m CHECK 14:15 ▼ pnl=-0.02 SPY~ → HOLD
2025-11-04T14:40:00.000-05:00,[KLB] 14:40 ▼ BRK PM L vol=1.4x pos=v84 vwap=below ema=bear rs=-0.4% adx=24 body=84% ramp=1.4x rangeATR=1.8 ⚠ O621 H621 L619.57 C619.8 ATR=8.26 SL=620.63/621.04 rawVol=49136 volSMA=35034 buf=0.413 prices=620.97
2025-11-04T14:40:00.000-05:00,[KLB] CONF 14:40 ▼ BRK → ✓ (auto-R1: EMA)
2025-11-04T14:45:00.000-05:00,[KLB] 5m CHECK 14:45 ▼ pnl=0.02 SPY~ → HOLD
2025-11-05T09:35:00.000-05:00,[KLB] 9:35 ▼ RNG range break vol=6.8x
2025-11-05T09:35:00.000-05:00,[KLB] 9:35 ▼ ~ ~ Today O + ~ PD Cls vol=6.8x pos=v98 vwap=below ema=bull rs=-0.1% adx=24 body=52% ramp=3.8x rangeATR=3.1 ⚡ O618.49 H619.33 L617.51 C617.54 ATR=8.64 SL=618.4/618.84 rawVol=223413 volSMA=32903 buf=0.432 prices=
2025-11-05T09:40:00.000-05:00,[KLB] 9:40 ▲ FADE at 618.49
2025-11-05T09:40:00.000-05:00,[KLB] 9:40 ▲ ~ ~ PD LH L vol=4.1x pos=^78 vwap=above ema=bull rs=+0.1% adx=25 body=62% ramp=7.7x rangeATR=3 ⚡ O617.55 H619.25 L617.21 C618.81 ATR=8.64 SL=617.95/617.51 rawVol=165477 volSMA=40330 buf=0.432 prices=
2025-11-05T09:50:00.000-05:00,[KLB] 9:50 ▲ RNG range break vol=3x
2025-11-05T09:50:00.000-05:00,"[KLB] 9:50 ▲ ~ ~ Yest L
~ VWAP + ~ PD LH L vol=3x pos=^88 vwap=above ema=bull rs=+0.1% adx=24 body=86% ramp=1.6x rangeATR=2.8 ⚡ ⚠ O618.12 H620.41 L618.07 C620.14 ATR=8.64 SL=619.28/618.84 rawVol=155135 volSMA=51623 buf=0.432 prices=618.46"
2025-11-05T11:55:00.000-05:00,[KLB] 11:55 ▲ ~ ~ Week L vol=0.9x pos=^92 vwap=above ema=bull rs=+0.2% adx=28 body=60% ramp=0.8x rangeATR=0.3 O624.16 H624.33 L624.08 C624.31 ATR=8.64 SL=623.45/623.01 rawVol=38144 volSMA=61452 buf=0.432 prices=624.03
2025-11-05T12:30:00.000-05:00,[KLB] 12:30 ▲ ~ ~ Week L vol=1.1x pos=^69 vwap=above ema=bull rs=+0.2% adx=28 body=69% ramp=1.4x rangeATR=0.8 O624.04 H624.62 L624.04 C624.44 ATR=8.64 SL=623.58/623.14 rawVol=55305 volSMA=50154 buf=0.432 prices=624.03
2025-11-06T09:30:00.000-05:00,[KLB] 9:30 ▼ ~ ~ VWAP vol=2x pos=v70 vwap=below ema=bear rs=-0.1% adx=37 body=35% ramp=0.6x rangeATR=1.6 O622.14 H622.44 L621.6 C621.85 ATR=8.7 SL=622.72/623.15 rawVol=26921 volSMA=13470 buf=0.435 prices=
2025-11-06T09:35:00.000-05:00,[KLB] 9:35 ▼ RNG range break vol=8.4x
2025-11-06T09:35:00.000-05:00,[KLB] 9:35 ▼ BRK PM L vol=8.4x pos=v73 vwap=below ema=bear rs=-0.2% adx=39 body=54% ramp=3.1x rangeATR=2.2 ⚡ O621.79 H622.03 L620.8 C621.13 ATR=8.7 SL=622/622.43 rawVol=189357 volSMA=22612 buf=0.435 prices=621.53
2025-11-06T09:35:00.000-05:00,[KLB] 9:35 ▼ ~ ~ Today O vol=8.4x pos=v73 vwap=below ema=bear rs=-0.2% adx=39 body=54% ramp=3.1x rangeATR=2.2 ⚡ O621.79 H622.03 L620.8 C621.13 ATR=8.7 SL=622/622.43 rawVol=189357 volSMA=22612 buf=0.435 prices=
2025-11-06T09:35:00.000-05:00,[KLB] CONF 9:35 ▼ BRK → ✓ (auto-R1: EMA)
2025-11-06T09:40:00.000-05:00,[KLB] 5m CHECK 9:40 ▼ pnl=0 SPY~ → HOLD
2025-11-06T09:45:00.000-05:00,[KLB] 9:45 ▼ BRK ORB L vol=4.5x pos=v69 vwap=below ema=bear rs=-0.2% adx=45 body=59% ramp=9.8x rangeATR=2.3 ⚡ O621.07 H621.22 L619.71 C620.18 ATR=8.7 SL=621.05/621.48 rawVol=167319 volSMA=37564 buf=0.435 prices=620.8
2025-11-06T09:45:00.000-05:00,[KLB] CONF 9:45 ▼ BRK → ✓ (auto-R1: EMA)
2025-11-06T09:50:00.000-05:00,[KLB] 5m CHECK 9:50 ▼ pnl=-0.06 SPY~ → HOLD
2025-11-06T10:05:00.000-05:00,[KLB] 10:05 ▼ BRK Yest L vol=3.3x pos=v97 vwap=below ema=bear rs=-0.4% adx=51 body=94% ramp=1.2x rangeATR=2.3 ⚡ ⚠ O617.78 H617.84 L615.5 C615.58 ATR=8.7 SL=616.45/616.88 rawVol=212762 volSMA=64260 buf=0.435 prices=617.21
2025-11-06T10:05:00.000-05:00,[KLB] CONF 10:05 ▼ BRK → ✓ (auto-R1: EMA)
2025-11-06T10:10:00.000-05:00,[KLB] 5m CHECK 10:10 ▼ pnl=-0.07 SPY✓ → HOLD
2025-11-06T10:35:00.000-05:00,[KLB] 10:35 ▼ 🔇 QBS ramp=0.5x vol=0.6x pos=v86 vwap=below ema=bear adx=56 body=82% rangeATR=1.5 O617.81 H617.89 L616.05 C616.31 ATR=8.7
2025-11-06T10:40:00.000-05:00,[KLB] CONF 10:40 ▼ QBS → ✓ (auto-promote)
2025-11-06T10:45:00.000-05:00,[KLB] 5m CHECK 10:45 ▼ pnl=0.1 SPY✓ → HOLD
2025-11-07T09:35:00.000-05:00,[KLB] 9:35 ▼ RNG range break vol=9.5x
2025-11-07T14:55:00.000-05:00,[KLB] 14:55 ▲ ~ ~ PM L vol=1.3x pos=^95 vwap=above ema=bull rs=-0.3% adx=23 body=63% ramp=1.5x rangeATR=0.9 O607.55 H608.19 L607.24 C608.14 ATR=9 SL=607.24/606.79 rawVol=104244 volSMA=79031 buf=0.45 prices=607.28
2025-11-07T15:00:00.000-05:00,[KLB] 15:00 ▲ ~ ~ PM L vol=1.3x pos=^97 vwap=above ema=bull rs=-0.3% adx=26 body=33% ramp=0.8x rangeATR=1.1 O608.15 H608.57 L607.41 C608.53 ATR=9 SL=607.63/607.18 rawVol=81530 volSMA=79816 buf=0.45 prices=607.28
2025-11-07T15:35:00.000-05:00,[KLB] 15:35 ▲ ~ ~ PM L vol=0.7x pos=^55 vwap=above ema=bull rs=-0.3% adx=26 body=55% ramp=0.6x rangeATR=1 O607.08 H608.12 L607.08 C607.65 ATR=9 SL=606.75/606.3 rawVol=60535 volSMA=88297 buf=0.45 prices=607.28
2025-11-07T15:55:00.000-05:00,[KLB] 15:55 ▲ ~ ~ PM L vol=2x pos=^65 vwap=above ema=bull rs=-0.3% adx=25 body=40% ramp=2.1x rangeATR=1.3 O607.76 H608.83 L607.42 C608.33 ATR=9 SL=607.43/606.98 rawVol=195613 volSMA=96461 buf=0.45 prices=607.28
2025-11-10T09:35:00.000-05:00,[KLB] 9:35 ▲ RNG range break vol=12.3x
2025-11-10T09:40:00.000-05:00,[KLB] 9:40 ▲ ~ ~ VWAP vol=10.6x pos=^89 vwap=above ema=bull rs=+0.1% adx=23 body=89% ramp=13.2x rangeATR=2.1 ⚡ ⚠ O619.75 H620.8 L619.75 C620.68 ATR=9.29 SL=619.75/619.29 rawVol=130206 volSMA=42153 buf=0.464 prices=
2025-11-10T10:00:00.000-05:00,[KLB] 10:00 ▲ 🔇 QBS ramp=0.4x vol=1.3x pos=^60 vwap=above ema=bull adx=31 body=45% rangeATR=2 O620.74 H621.77 L620.56 C621.29 ATR=9.29
2025-11-10T10:05:00.000-05:00,[KLB] CONF 10:05 ▲ QBS → ✓ (auto-promote)
2025-11-10T10:10:00.000-05:00,[KLB] 5m CHECK 10:10 ▲ pnl=0.01 SPY~ → HOLD
2025-11-10T12:10:00.000-05:00,[KLB] 12:10 ▼ ~ x~ PM H vol=0.8x pos=v87 vwap=below ema=bear rs=+0% adx=32 body=25% ramp=1x rangeATR=0.9 O619.39 H619.88 L619.09 C619.19 ATR=9.29 SL=620.12/620.58 rawVol=57381 volSMA=69323 buf=0.464 prices=619.6
2025-11-10T12:15:00.000-05:00,[KLB] 12:15 ▼ ~ ~ VWAP vol=0.8x pos=v93 vwap=below ema=bear rs=+0% adx=30 body=82% ramp=1.2x rangeATR=1 ⚠ O619.19 H619.28 L618.43 C618.49 ATR=9.29 SL=619.42/619.88 rawVol=58474 volSMA=69337 buf=0.464 prices=
2025-11-10T12:25:00.000-05:00,[KLB] 12:25 ▼ ~ x~ PM H vol=0.4x pos=v65 vwap=below ema=bear rs=+0% adx=27 body=3% ramp=0.7x rangeATR=0.7 O618.95 H619.34 L618.71 C618.93 ATR=9.29 SL=619.86/620.32 rawVol=24135 volSMA=65386 buf=0.464 prices=619.6
2025-11-12T09:35:00.000-05:00,[KLB] 9:35 ▼ RNG range break vol=13.6x
2025-11-12T09:45:00.000-05:00,[KLB] 9:45 ▼ BRK PM L + ORB L vol=4.5x pos=v84 vwap=below ema=bear rs=-0.4% adx=25 body=70% ramp=31.5x rangeATR=2.5 ⚡ O622.49 H622.68 L621.4 C621.6 ATR=9.38 SL=622.54/623.01 rawVol=119802 volSMA=26575 buf=0.469 prices=622.48/622.34
2025-11-12T09:45:00.000-05:00,[KLB] 9:45 ▼ ~ ~ VWAP vol=4.5x pos=v84 vwap=below ema=bear rs=-0.4% adx=25 body=70% ramp=31.5x rangeATR=2.5 ⚡ O622.49 H622.68 L621.4 C621.6 ATR=9.38 SL=622.54/623.01 rawVol=119802 volSMA=26575 buf=0.469 prices=
2025-11-12T09:45:00.000-05:00,[KLB] CONF 9:45 ▼ BRK → ✓ (auto-R1: EMA)
2025-11-12T09:50:00.000-05:00,[KLB] 9:50 ▼ BRK PD LH L vol=3.9x pos=v95 vwap=below ema=bear rs=-0.6% adx=29 body=80% ramp=1.8x rangeATR=3.3 ⚡ O621.58 H621.88 L619.84 C619.95 ATR=9.38 SL=620.89/621.36 rawVol=126928 volSMA=32641 buf=0.469 prices=
2025-11-12T09:50:00.000-05:00,[KLB] 9:50 ▼ ~ ~ Yest H + ~ PD Cls vol=3.9x pos=v95 vwap=below ema=bear rs=-0.6% adx=29 body=80% ramp=1.8x rangeATR=3.3 ⚡ O621.58 H621.88 L619.84 C619.95 ATR=9.38 SL=620.89/621.36 rawVol=126928 volSMA=32641 buf=0.469 prices=622.72
2025-11-12T09:50:00.000-05:00,[KLB] CONF 9:50 ▼ BRK → ✓ (auto-R1: EMA)
2025-11-12T09:55:00.000-05:00,[KLB] 5m CHECK 9:55 ▼ pnl=-0.04 SPY~ → HOLD
2025-11-12T10:15:00.000-05:00,[KLB] 10:15 ▼ BRK PD LH L vol=1.7x pos=v88 vwap=below ema=bear rs=-0.5% adx=38 body=78% ramp=0.8x rangeATR=2.1 ⚡ O621.77 H621.96 L620.16 C620.37 ATR=9.38 SL=621.31/621.78 rawVol=91833 volSMA=53745 buf=0.469 prices=
2025-11-12T10:15:00.000-05:00,[KLB] 10:15 ▼ ~ ~ Yest H vol=1.7x pos=v88 vwap=below ema=bear rs=-0.5% adx=38 body=78% ramp=0.8x rangeATR=2.1 ⚡ O621.77 H621.96 L620.16 C620.37 ATR=9.38 SL=621.31/621.78 rawVol=91833 volSMA=53745 buf=0.469 prices=622.72
2025-11-12T10:15:00.000-05:00,[KLB] CONF 10:15 ▼ BRK → ✓ (auto-R1: EMA)
2025-11-12T10:20:00.000-05:00,[KLB] 5m CHECK 10:20 ▼ pnl=0.03 SPY~ → HOLD
2025-11-13T09:35:00.000-05:00,[KLB] 9:35 ▼ RNG range break vol=9.4x
2025-11-13T09:35:00.000-05:00,[KLB] 9:35 ▼ ~ ~ VWAP + ~ Today O vol=9.4x pos=v90 vwap=below ema=bear rs=-0.1% adx=36 body=59% ramp=5x rangeATR=2.4 ⚡ O617.56 H618.11 L616.34 C616.51 ATR=9.22 SL=617.43/617.89 rawVol=184228 volSMA=19557 buf=0.461 prices=
2025-11-13T09:40:00.000-05:00,[KLB] 9:40 ▼ BRK PM L + ORB L vol=6.8x pos=v92 vwap=below ema=bear rs=-0.2% adx=38 body=81% ramp=13.3x rangeATR=2.6 ⚡ ⚠ O616.51 H616.76 L614.6 C614.77 ATR=9.22 SL=615.69/616.15 rawVol=155711 volSMA=27085 buf=0.461 prices=616.55/616.34
2025-11-13T09:40:00.000-05:00,[KLB] CONF 9:40 ▼ BRK → ✓ (auto-R1: EMA)
2025-11-13T09:45:00.000-05:00,[KLB] 5m CHECK 9:45 ▼ pnl=0.18 SPY✓ → HOLD
2025-11-13T10:25:00.000-05:00,[KLB] 10:25 ▼ BRK PM L + ORB L vol=1.2x pos=v55 vwap=below ema=bear rs=-0.1% adx=38 body=41% ramp=0.7x rangeATR=1.1 O616.6 H616.81 L615.34 C616 ATR=9.22 SL=616.92/617.38 rawVol=60847 volSMA=70777 buf=0.461 prices=616.55/616.34
2025-11-13T10:25:00.000-05:00,[KLB] CONF 10:25 ▼ BRK → ✓ (auto-R1: EMA)
2025-11-13T10:30:00.000-05:00,[KLB] 5m CHECK 10:30 ▼ pnl=0.08 SPY~ → HOLD
2025-11-14T09:30:00.000-05:00,[KLB] 9:30 ▼ ~ ~ Today O vol=1.5x pos=v86 vwap=below ema=bear rs=-1% adx=26 body=81% ramp=0.9x rangeATR=1.2 ⚠ O600.28 H600.32 L599.38 C599.51 ATR=9.63 SL=600.47/600.95 rawVol=39341 volSMA=25738 buf=0.481 prices=
2025-11-14T09:35:00.000-05:00,[KLB] 9:35 ▼ RNG range break vol=8.9x
2025-11-14T09:35:00.000-05:00,[KLB] 9:35 ▼ BRK PM L + Week L vol=8.9x pos=v86 vwap=below ema=bear rs=-0.1% adx=27 body=60% ramp=6.5x rangeATR=3.3 ⚡ O599.57 H600.43 L597.18 C597.63 ATR=9.63 SL=598.59/599.07 rawVol=386126 volSMA=43476 buf=0.481 prices=597.95/598.67
2025-11-14T09:35:00.000-05:00,[KLB] 9:35 ▼ ~ ~ VWAP vol=8.9x pos=v86 vwap=below ema=bear rs=-0.1% adx=27 body=60% ramp=6.5x rangeATR=3.3 ⚡ O599.57 H600.43 L597.18 C597.63 ATR=9.63 SL=598.59/599.07 rawVol=386126 volSMA=43476 buf=0.481 prices=
2025-11-14T09:35:00.000-05:00,[KLB] CONF 9:35 ▼ BRK → ✓ (auto-R1: EMA)
2025-11-14T09:40:00.000-05:00,[KLB] 9:40 ▲ RNG range break vol=5.6x
2025-11-14T09:40:00.000-05:00,"[KLB] 9:40 ▲ ~ ~ PM L + ~ Week L
~ VWAP vol=5.6x pos=^90 vwap=above ema=bear rs=+0.2% adx=26 body=90% ramp=16.7x rangeATR=3.5 ⚡ ⚠ O597.62 H601.85 L597.62 C601.42 ATR=9.63 SL=600.46/599.98 rawVol=328382 volSMA=58893 buf=0.481 prices=597.95/598.67"
2025-11-14T09:40:00.000-05:00,[KLB] 5m CHECK 9:40 ▼ pnl=-0.39 SPY~ → BAIL
2025-11-14T10:40:00.000-05:00,[KLB] 10:40 ▲ ~ ~ PD LH L vol=1x pos=^95 vwap=above ema=bull rs=+0.6% adx=24 body=85% ramp=0.9x rangeATR=1.2 ⚠ O606.45 H608.2 L606.25 C608.1 ATR=9.63 SL=607.14/606.66 rawVol=142405 volSMA=144390 buf=0.481 prices=
2025-11-14T10:45:00.000-05:00,[KLB] 10:45 ▲ ~ ~ Yest L + ~ PD Cls vol=1x pos=^94 vwap=above ema=bull rs=+0.7% adx=26 body=51% ramp=0.9x rangeATR=0.6 O608.1 H608.66 L607.67 C608.6 ATR=9.63 SL=607.64/607.16 rawVol=122810 volSMA=149350 buf=0.481 prices=606.08
2025-11-14T10:50:00.000-05:00,[KLB] 10:50 ▲ ~ ~ Yest L vol=0.9x pos=^72 vwap=above ema=bull rs=+0.7% adx=28 body=61% ramp=1.2x rangeATR=1.4 O608.53 H610.57 L608.3 C609.93 ATR=9.63 SL=608.96/608.48 rawVol=142946 volSMA=154844 buf=0.481 prices=606.08
2025-11-17T09:30:00.000-05:00,[KLB] 9:30 ▼ ~ ~ Today O vol=1.7x pos=v88 vwap=below ema=bear rs=-0.3% adx=45 body=74% ramp=1x rangeATR=1.5 O606.97 H607.12 L606.1 C606.22 ATR=10.1 SL=607.23/607.73 rawVol=21392 volSMA=12529 buf=0.505 prices=
2025-11-17T09:40:00.000-05:00,[KLB] 9:40 ▲ RNG range break vol=7.1x
2025-11-17T09:40:00.000-05:00,[KLB] 9:40 ▲ ~ ~ VWAP + ~ PD Cls vol=7.1x pos=^94 vwap=above ema=bear rs=+0.3% adx=41 body=81% ramp=11.7x rangeATR=2.3 ⚡ ⚠ O608.63 H610.61 L608.33 C610.48 ATR=10.1 SL=609.47/608.97 rawVol=177774 volSMA=32807 buf=0.505 prices=
2025-11-17T10:10:00.000-05:00,[KLB] 10:10 ▼ FADE at 608.86
2025-11-17T10:10:00.000-05:00,"[KLB] 10:10 ▼ ~ ~ Yest H + ~ ORB H
~ VWAP vol=1.9x pos=v81 vwap=below ema=bear rs=+0.2% adx=34 body=39% ramp=1x rangeATR=1.8 O609.18 H610.19 L607.82 C608.26 ATR=10.1 SL=609.27/609.77 rawVol=133037 volSMA=68466 buf=0.505 prices=613.35/608.71"
2025-11-17T10:20:00.000-05:00,[KLB] 10:20 ▼ ~ ~ Yest H + ~ ORB H vol=1x pos=v87 vwap=below ema=bear rs=+0.1% adx=31 body=72% ramp=0.8x rangeATR=1.5 O609.44 H609.76 L607.68 C607.95 ATR=10.1 SL=608.96/609.46 rawVol=78642 volSMA=76314 buf=0.505 prices=613.35/608.71
2025-11-17T10:35:00.000-05:00,[KLB] 10:35 ▼ ~ ~ Yest H vol=0.7x pos=v69 vwap=below ema=bear rs=+0.2% adx=28 body=49% ramp=0.8x rangeATR=1.5 O609.64 H610.11 L607.77 C608.49 ATR=10.1 SL=609.5/610 rawVol=56874 volSMA=85904 buf=0.505 prices=613.35
2025-11-17T10:40:00.000-05:00,[KLB] 10:40 ▼ ~ x~ Yest H + x~ ORB H vol=0.9x pos=v80 vwap=below ema=bear rs=+0.2% adx=27 body=22% ramp=0.8x rangeATR=0.7 O608.46 H609.11 L608 C608.22 ATR=10.1 SL=609.23/609.73 rawVol=84598 volSMA=89405 buf=0.505 prices=613.35/608.71
2025-11-17T10:55:00.000-05:00,[KLB] 10:55 ▼ ~ x~ Yest H vol=0.7x pos=v48 vwap=below ema=bear rs=+0.2% adx=22 body=21% ramp=1x rangeATR=0.7 O609.01 H609.28 L608.25 C608.79 ATR=10.1 SL=609.8/610.3 rawVol=43381 volSMA=97948 buf=0.505 prices=613.35
2025-11-17T11:00:00.000-05:00,[KLB] 11:00 ▼ ~ ~ Yest H + ~ ORB H vol=0.5x pos=v61 vwap=below ema=bear rs=+0.2% adx=21 body=34% ramp=0.6x rangeATR=0.9 O608.77 H609.13 L607.8 C608.32 ATR=10.1 SL=609.33/609.83 rawVol=45664 volSMA=99701 buf=0.505 prices=613.35/608.71
2025-11-17T11:05:00.000-05:00,[KLB] 11:05 ▼ ~ ~ ORB H vol=0.7x pos=v62 vwap=below ema=bear rs=+0.1% adx=21 body=37% ramp=0.6x rangeATR=1.1 O608.29 H608.68 L607.08 C607.69 ATR=10.1 SL=608.7/609.2 rawVol=69079 volSMA=102702 buf=0.505 prices=608.71
2025-11-17T13:05:00.000-05:00,[KLB] 13:05 ▼ BRK PM L vol=1.4x pos=v73 vwap=below ema=bear rs=+0.1% adx=22 body=73% ramp=1x rangeATR=0.9 O606.4 H606.4 L605.44 C605.7 ATR=10.1 SL=606.71/607.21 rawVol=73952 volSMA=51253 buf=0.505 prices=606.1
2025-11-17T13:05:00.000-05:00,[KLB] CONF 13:05 ▼ BRK → ✓ (auto-R1: EMA)
2025-11-17T13:10:00.000-05:00,[KLB] 5m CHECK 13:10 ▼ pnl=0 SPY~ → HOLD
2025-11-17T13:55:00.000-05:00,[KLB] 13:55 ▼ BRK PM L vol=1.2x pos=v97 vwap=below ema=bear rs=+0.1% adx=24 body=75% ramp=1.4x rangeATR=1.5 O606.64 H606.97 L605.47 C605.51 ATR=10.1 SL=606.52/607.02 rawVol=59387 volSMA=48627 buf=0.505 prices=606.1
2025-11-17T13:55:00.000-05:00,[KLB] CONF 13:55 ▼ BRK → ✓ (auto-R1: EMA)
2025-11-17T14:00:00.000-05:00,[KLB] 14:00 ▼ BRK ORB L vol=1.9x pos=v90 vwap=below ema=bear rs=+0.1% adx=25 body=90% ramp=1.8x rangeATR=1.7 ⚠ O605.53 H605.53 L603.62 C603.81 ATR=10.1 SL=604.82/605.32 rawVol=97226 volSMA=51615 buf=0.505 prices=605.25
2025-11-17T14:00:00.000-05:00,[KLB] CONF 14:00 ▼ BRK → ✓ (auto-R1: EMA)
2025-11-17T14:05:00.000-05:00,[KLB] 5m CHECK 14:05 ▼ pnl=0.05 SPY✓ → HOLD
2025-11-18T09:45:00.000-05:00,[KLB] 9:45 ▼ RNG range break vol=4.2x
2025-11-19T09:40:00.000-05:00,[KLB] 9:40 ▲ ~ ~ Week L vol=7.4x pos=^74 vwap=above ema=bear rs=+0.1% adx=21 body=74% ramp=8.6x rangeATR=2.3 ⚡ O597.44 H599.04 L597.44 C598.63 ATR=10.42 SL=597.59/597.07 rawVol=178805 volSMA=35447 buf=0.521 prices=597.17
2025-11-19T09:45:00.000-05:00,[KLB] 9:45 ▲ RNG range break vol=4.3x
2025-11-19T09:45:00.000-05:00,[KLB] 9:45 ▲ ~ ~ VWAP vol=4.3x pos=^86 vwap=above ema=bear rs=+0.2% adx=21 body=69% ramp=8.8x rangeATR=2.9 ⚡ O598.67 H600.6 L598.27 C600.27 ATR=10.42 SL=599.23/598.71 rawVol=148191 volSMA=41540 buf=0.521 prices=
2025-11-19T11:35:00.000-05:00,[KLB] 11:35 ▼ ~ x~ PM H + x~ Yest H vol=0.3x pos=v54 vwap=below ema=bull rs=+0.2% adx=32 body=10% ramp=0.7x rangeATR=0.8 O599.41 H599.81 L598.9 C599.32 ATR=10.42 SL=600.36/600.88 rawVol=35612 volSMA=124392 buf=0.521 prices=600/602.31
2025-11-19T12:05:00.000-05:00,[KLB] 12:05 ▼ ~ ~ PM H + ~ Yest H + ~ ORB H vol=0.8x pos=v98 vwap=below ema=bear rs=+0% adx=37 body=90% ramp=0.9x rangeATR=1.9 ⚠ O599.53 H599.72 L597.3 C597.36 ATR=10.42 SL=598.4/598.92 rawVol=70748 volSMA=84924 buf=0.521 prices=600/602.31/598.02
2025-11-19T12:40:00.000-05:00,[KLB] 12:40 ▼ BRK PM L + ORB L + PD LH L vol=1.3x pos=v84 vwap=below ema=bear rs=-0.1% adx=42 body=83% ramp=1.3x rangeATR=1.1 ⚠ O596.09 H596.11 L594.65 C594.88 ATR=10.42 SL=595.92/596.44 rawVol=99334 volSMA=74085 buf=0.521 prices=595.72/596.15
2025-11-19T12:40:00.000-05:00,[KLB] CONF 12:40 ▼ BRK → ✓ (auto-R1: EMA)
2025-11-19T12:45:00.000-05:00,[KLB] 5m CHECK 12:45 ▼ pnl=-0.22 SPY~ → BAIL
2025-11-19T13:00:00.000-05:00,[KLB] 13:00 ▼ ~ x~ ORB H vol=0.8x pos=v54 vwap=below ema=bear rs=+0% adx=37 body=2% ramp=0.6x rangeATR=0.7 O597.7 H598.19 L597.24 C597.68 ATR=10.42 SL=598.72/599.24 rawVol=57031 volSMA=68821 buf=0.521 prices=598.02
2025-11-19T13:20:00.000-05:00,[KLB] 13:20 ▼ ~ ~ ORB H vol=0.7x pos=v72 vwap=below ema=bear rs=0% adx=30 body=63% ramp=1.2x rangeATR=1.1 O598.5 H598.64 L597.12 C597.55 ATR=10.42 SL=598.59/599.11 rawVol=48239 volSMA=64338 buf=0.521 prices=598.02
2025-11-19T13:30:00.000-05:00,[KLB] 13:30 ▼ ~ ~ ORB H vol=0.8x pos=v94 vwap=below ema=bear rs=-0.1% adx=29 body=80% ramp=1x rangeATR=1.2 O598.13 H598.37 L596.68 C596.78 ATR=10.42 SL=597.82/598.34 rawVol=53740 volSMA=63559 buf=0.521 prices=598.02
2025-11-19T13:45:00.000-05:00,[KLB] 13:45 ▼ ~ ~ ORB H vol=0.6x pos=v75 vwap=below ema=bear rs=0% adx=25 body=70% ramp=1.3x rangeATR=1.1 O598.81 H598.89 L597.28 C597.68 ATR=10.42 SL=598.72/599.24 rawVol=39243 volSMA=64593 buf=0.521 prices=598.02
2025-11-20T09:55:00.000-05:00,[KLB] 9:55 ▲ ~ ~ VWAP vol=1.6x pos=^77 vwap=above ema=bull rs=0% adx=25 body=77% ramp=0.6x rangeATR=1 O611.71 H612.79 L611.71 C612.54 ATR=10.5 SL=611.49/610.96 rawVol=90513 volSMA=73430 buf=0.525 prices=
2025-11-20T11:20:00.000-05:00,[KLB] 11:20 ▼ BRK PM L vol=1.9x pos=v80 vwap=below ema=bear rs=-0.4% adx=24 body=78% ramp=1.7x rangeATR=1.7 O606.82 H606.86 L604.66 C605.11 ATR=10.5 SL=606.16/606.69 rawVol=229179 volSMA=122627 buf=0.525 prices=607
2025-11-20T11:20:00.000-05:00,[KLB] CONF 11:20 ▼ BRK → ✓ (auto-R1: EMA)
2025-11-20T11:25:00.000-05:00,[KLB] 5m CHECK 11:25 ▼ pnl=0.06 SPY✓ → HOLD
2025-11-20T11:55:00.000-05:00,[KLB] 11:55 ▼ ~ ~ Yest H vol=1.9x pos=v89 vwap=below ema=bear rs=-0.7% adx=43 body=58% ramp=1.3x rangeATR=2.3 ⚡ O600.52 H601.8 L597.65 C598.11 ATR=10.5 SL=599.16/599.69 rawVol=308874 volSMA=159795 buf=0.525 prices=606.16
2025-11-20T12:00:00.000-05:00,[KLB] 12:00 ▼ BRK Week L + PD LH L + VW Band vol=1.8x pos=v72 vwap=below ema=bear rs=-0.7% adx=46 body=68% ramp=1.5x rangeATR=1.8 O598.15 H598.29 L594.76 C595.76 ATR=10.5 SL=596.81/597.34 rawVol=294849 volSMA=170368 buf=0.525 prices=597.17
2025-11-20T12:00:00.000-05:00,[KLB] CONF 12:00 ▼ BRK → ✓ (auto-R1: EMA)
2025-11-20T12:05:00.000-05:00,[KLB] 5m CHECK 12:05 ▼ pnl=-0.1 SPY✓ → HOLD
2025-11-20T12:10:00.000-05:00,[KLB] 12:10 ▼ BRK VW Band vol=1.2x pos=v46 vwap=below ema=bear rs=-0.8% adx=51 body=39% ramp=1.1x rangeATR=1.9 O596.82 H597.09 L593.08 C595.26 ATR=10.5 SL=596.31/596.84 rawVol=235672 volSMA=191977 buf=0.525 prices=
2025-11-20T12:10:00.000-05:00,[KLB] CONF 12:10 ▼ BRK → ✓ (auto-R1: EMA)
2025-11-20T12:15:00.000-05:00,[KLB] 12:15 ▼ BRK Yest L vol=1.4x pos=v46 vwap=below ema=bear rs=-0.9% adx=54 body=41% ramp=1x rangeATR=1.2 O595.25 H595.37 L592.72 C594.16 ATR=10.5 SL=595.21/595.74 rawVol=271616 volSMA=193875 buf=0.525 prices=594.59
2025-11-20T12:15:00.000-05:00,[KLB] CONF 12:15 ▼ BRK → ✓ (auto-R1: EMA)
2025-11-20T12:20:00.000-05:00,[KLB] 5m CHECK 12:20 ▼ pnl=0.14 SPY✓ → HOLD
2025-11-20T15:40:00.000-05:00,[KLB] 15:40 ▼ BRK VW Band vol=1.1x pos=v93 vwap=below ema=bear rs=-1.2% adx=25 body=82% ramp=1.2x rangeATR=1.1 ⚠ O588.38 H588.6 L586.64 C586.77 ATR=10.5 SL=587.82/588.35 rawVol=100153 volSMA=89111 buf=0.525 prices=
2025-11-20T15:40:00.000-05:00,[KLB] CONF 15:40 ▼ BRK → ✓ (auto-R1: EMA)
2025-11-20T15:45:00.000-05:00,[KLB] 5m CHECK 15:45 ▼ pnl=0.05 SPY✓ → HOLD
2025-11-24T09:35:00.000-05:00,[KLB] 9:35 ▲ RNG range break vol=10.7x
2025-11-24T09:35:00.000-05:00,[KLB] 9:35 ▲ ~ ~ VWAP + ~ Today O vol=10.7x pos=^99 vwap=above ema=bull rs=+0.3% adx=28 body=96% ramp=8.5x rangeATR=5.1 ⚡ ⚠ O595.28 H599.18 L595.16 C599.12 ATR=12.16 SL=597.9/597.3 rawVol=363501 volSMA=34127 buf=0.608 prices=
2025-11-25T09:40:00.000-05:00,[KLB] 9:40 ▼ ~ ~ ORB H vol=6.9x pos=v98 vwap=below ema=bear rs=-0.2% adx=20 body=39% ramp=10.2x rangeATR=1.5 O603.4 H603.98 L602.99 C603.01 ATR=12.48 SL=604.26/604.88 rawVol=136564 volSMA=31156 buf=0.624 prices=604.06
2025-11-25T09:45:00.000-05:00,[KLB] 9:45 ▼ RNG range break vol=5x
2025-11-25T09:45:00.000-05:00,[KLB] 9:45 ▼ BRK PM L + ORB L vol=5x pos=v92 vwap=below ema=bear rs=-0.3% adx=23 body=92% ramp=12x rangeATR=3.4 ⚡ ⚠ O603 H603 L600.17 C600.4 ATR=12.48 SL=601.65/602.27 rawVol=201892 volSMA=40701 buf=0.624 prices=602.63/602.59
2025-11-25T09:45:00.000-05:00,[KLB] 9:45 ▼ ~ ~ VWAP vol=5x pos=v92 vwap=below ema=bear rs=-0.3% adx=23 body=92% ramp=12x rangeATR=3.4 ⚡ ⚠ O603 H603 L600.17 C600.4 ATR=12.48 SL=601.65/602.27 rawVol=201892 volSMA=40701 buf=0.624 prices=
2025-11-25T09:45:00.000-05:00,[KLB] CONF 9:45 ▼ BRK → ✓ (auto-R1: EMA)
2025-11-25T09:50:00.000-05:00,[KLB] 5m CHECK 9:50 ▼ pnl=0.19 SPY✓ → HOLD
2025-11-25T12:05:00.000-05:00,[KLB] 12:05 ▲ ~ ~ PD LH L vol=1.9x pos=^94 vwap=above ema=bull rs=-0.3% adx=21 body=80% ramp=1.8x rangeATR=0.7 O604.51 H605.19 L604.4 C605.14 ATR=12.48 SL=603.89/603.27 rawVol=123558 volSMA=63945 buf=0.624 prices=
2025-11-25T12:10:00.000-05:00,[KLB] 12:10 ▲ ~ ~ PD Cls vol=2x pos=^90 vwap=above ema=bull rs=-0.3% adx=22 body=88% ramp=1.8x rangeATR=0.4 ⚠ O605.16 H605.55 L605.15 C605.51 ATR=12.48 SL=604.26/603.64 rawVol=57510 volSMA=60877 buf=0.624 prices=
2025-11-25T12:25:00.000-05:00,[KLB] 12:25 ▲ BRK Week O vol=1.7x pos=^94 vwap=above ema=bull rs=-0.2% adx=25 body=93% ramp=0.8x rangeATR=1 ⚠ O606.2 H607.27 L606.19 C607.2 ATR=12.48 SL=605.95/605.33 rawVol=96875 volSMA=58650 buf=0.624 prices=
2025-11-25T12:25:00.000-05:00,[KLB] CONF 12:25 ▲ BRK → ✓ (auto-R1: EMA)
2025-11-25T12:30:00.000-05:00,[KLB] 5m CHECK 12:30 ▲ pnl=-0.04 SPY✓ → HOLD
2025-11-26T09:35:00.000-05:00,[KLB] 9:35 ▲ RNG range break vol=12.6x
2025-11-26T13:15:00.000-05:00,[KLB] 13:15 ▲ ~ ~ VWAP vol=1.2x pos=^78 vwap=above ema=bull rs=-0.1% adx=21 body=47% ramp=2.4x rangeATR=1.4 O614.66 H615.29 L614.37 C615.09 ATR=12.51 SL=613.84/613.21 rawVol=59247 volSMA=49082 buf=0.626 prices=
2025-11-28T09:30:00.000-05:00,[KLB] 9:30 ▲ ~ ~ Today O vol=0.7x pos=^39 vwap=below ema=bear rs=+0.2% adx=35 body=31% ramp=0.6x rangeATR=1.6 O616.04 H616.49 L616 C616.19 ATR=12.14 SL=614.98/614.37 rawVol=2751 volSMA=3972 buf=0.607 prices=
2025-11-28T09:35:00.000-05:00,[KLB] 9:35 ▲ RNG range break vol=11.5x
2025-11-28T09:40:00.000-05:00,[KLB] 9:40 ▼ ~ ~ PM H + ~ ORB H vol=5.1x pos=v89 vwap=below ema=bear rs=+0% adx=32 body=45% ramp=13.9x rangeATR=3 ⚡ O617.01 H617.56 L616.31 C616.45 ATR=12.14 SL=617.66/618.27 rawVol=62209 volSMA=12178 buf=0.607 prices=617.6/617
2025-11-28T09:45:00.000-05:00,[KLB] 9:45 ▼ FADE at 616.11
2025-11-28T10:00:00.000-05:00,[KLB] 10:00 ▼ ~ ~ ORB H vol=2.2x pos=v79 vwap=below ema=bear rs=0% adx=26 body=54% ramp=0.5x rangeATR=1.2 O616.68 H616.85 L616.17 C616.31 ATR=12.14 SL=617.52/618.13 rawVol=30986 volSMA=21781 buf=0.607 prices=617
2025-11-28T10:05:00.000-05:00,[KLB] 10:05 ▼ ~ x~ ORB H vol=1.4x pos=v98 vwap=below ema=bear rs=0% adx=24 body=14% ramp=0.6x rangeATR=1 O616.3 H616.8 L616.21 C616.22 ATR=12.14 SL=617.43/618.04 rawVol=22370 volSMA=22728 buf=0.607 prices=617
2025-12-01T09:35:00.000-05:00,[KLB] 9:35 ▲ ~ ~ Today O vol=9.4x pos=^100 vwap=above ema=bear rs=+0% adx=25 body=68% ramp=4.3x rangeATR=2.9 ⚡ O613.62 H614.66 L613.13 C614.66 ATR=11.63 SL=613.5/612.92 rawVol=191610 volSMA=20408 buf=0.582 prices=
2025-12-01T09:40:00.000-05:00,[KLB] 9:40 ▼ ~ ~ ORB H vol=3.9x pos=v100 vwap=below ema=bear rs=-0.1% adx=26 body=65% ramp=6.8x rangeATR=2.4 ⚡ O614.69 H615.18 L613.79 C613.79 ATR=11.63 SL=614.95/615.53 rawVol=96080 volSMA=24632 buf=0.582 prices=614.66
2025-12-01T09:45:00.000-05:00,[KLB] 9:45 ▼ FADE at 613.63
2025-12-01T09:45:00.000-05:00,[KLB] 9:45 ▼ ~ x~ ORB H vol=3.4x pos=v50 vwap=below ema=bear rs=-0.1% adx=24 body=19% ramp=9.9x rangeATR=2.7 ⚡ O613.76 H614.33 L612.52 C613.42 ATR=11.63 SL=614.58/615.16 rawVol=81405 volSMA=28083 buf=0.582 prices=614.66
2025-12-01T10:10:00.000-05:00,"[KLB] 10:10 ▲ ~ ~ Yest L
~ VWAP vol=1.8x pos=^76 vwap=above ema=bull rs=+0.1% adx=26 body=46% ramp=1x rangeATR=1.3 O615.83 H616.59 L615.5 C616.33 ATR=11.63 SL=615.17/614.59 rawVol=81637 volSMA=45973 buf=0.582 prices=615.42"
2025-12-01T10:55:00.000-05:00,[KLB] 10:55 ▲ ~ ~ Yest L vol=1x pos=^91 vwap=above ema=bull rs=+0.2% adx=21 body=91% ramp=0.9x rangeATR=1.8 ⚠ O615.68 H617.51 L615.68 C617.35 ATR=11.63 SL=616.19/615.61 rawVol=66073 volSMA=65311 buf=0.582 prices=615.42
2025-12-02T09:35:00.000-05:00,[KLB] 9:35 ▲ RNG range break vol=9.7x
2025-12-02T10:05:00.000-05:00,[KLB] 10:05 ▲ ~ ~ VWAP vol=2.6x pos=^76 vwap=above ema=bull rs=+0.4% adx=29 body=72% ramp=0.6x rangeATR=1.8 O622.02 H623.15 L621.97 C622.87 ATR=11.3 SL=621.74/621.18 rawVol=94227 volSMA=35904 buf=0.565 prices=
2025-12-02T11:35:00.000-05:00,[KLB] 11:35 ▼ ~ x~ Week H vol=1.5x pos=v48 vwap=below ema=bull rs=+0.1% adx=27 body=14% ramp=1.1x rangeATR=1.5 O618.65 H619.18 L617.59 C618.42 ATR=11.3 SL=619.55/620.11 rawVol=107642 volSMA=75733 buf=0.565 prices=619.32
2025-12-02T11:40:00.000-05:00,[KLB] 11:40 ▲ FADE at 619.32
2025-12-02T12:00:00.000-05:00,[KLB] 12:00 ▼ ~ x~ ORB H vol=0.4x pos=v79 vwap=below ema=bear rs=+0.3% adx=26 body=29% ramp=0.4x rangeATR=0.8 🔇 O620.09 H620.47 L619.71 C619.87 ATR=11.3 SL=621/621.56 rawVol=29117 volSMA=72017 buf=0.565 prices=620.3
2025-12-03T09:40:00.000-05:00,[KLB] 9:40 ▼ ~ x~ Week H vol=4.6x pos=v86 vwap=below ema=bear rs=-0.2% adx=32 body=12% ramp=2x rangeATR=1.8 O619 H620.19 L618.57 C618.8 ATR=10.96 SL=619.9/620.44 rawVol=161613 volSMA=56850 buf=0.548 prices=619.32
2025-12-03T09:50:00.000-05:00,[KLB] 9:50 ▼ ~ x~ Week H vol=1.5x pos=v89 vwap=below ema=bear rs=-0.1% adx=32 body=19% ramp=1.2x rangeATR=1.1 O619.11 H619.83 L618.81 C618.92 ATR=10.96 SL=620.02/620.56 rawVol=98364 volSMA=65894 buf=0.548 prices=619.32
2025-12-04T09:35:00.000-05:00,[KLB] 9:35 ▼ RNG range break vol=11.9x
2025-12-04T09:35:00.000-05:00,"[KLB] 9:35 ▼ ~ ~ Yest H
~ VWAP + ~ Today O + ~ PD Cls vol=11.9x pos=v95 vwap=below ema=bull rs=-0.4% adx=27 body=95% ramp=3x rangeATR=5.3 ⚡ ⚠ O624.93 H624.93 L621.28 C621.45 ATR=10.62 SL=622.51/623.04 rawVol=315930 volSMA=26590 buf=0.531 prices=624.22"
2025-12-04T10:00:00.000-05:00,[KLB] 10:00 ▼ 🔇 QBS ramp=0.4x vol=1.7x pos=v74 vwap=below ema=bear adx=31 body=41% rangeATR=1.7 O621.81 H622.31 L620.8 C621.19 ATR=10.62
2025-12-04T10:15:00.000-05:00,[KLB] CONF 10:15 ▼ QBS → ✗ (failed)
2025-12-05T09:30:00.000-05:00,[KLB] 9:30 ▲ ~ ~ Today O vol=1.4x pos=^100 vwap=below ema=bear rs=+0.2% adx=35 body=100% ramp=1.2x rangeATR=1.9 ⚠ O623.65 H624.44 L623.65 C624.44 ATR=10.25 SL=623.42/622.9 rawVol=12706 volSMA=9295 buf=0.512 prices=
2025-12-05T09:35:00.000-05:00,[KLB] 9:35 ▲ RNG range break vol=11.2x
2025-12-05T09:35:00.000-05:00,[KLB] 9:35 ▲ ~ ~ VWAP vol=11.2x pos=^82 vwap=above ema=bear rs=+0.2% adx=35 body=82% ramp=15.3x rangeATR=4.3 ⚡ ⚠ O624.36 H626.67 L624.35 C626.26 ATR=10.25 SL=625.24/624.72 rawVol=232932 volSMA=20854 buf=0.512 prices=
2025-12-05T09:45:00.000-05:00,[KLB] 9:45 ▼ ~ ~ PM H vol=4x pos=v51 vwap=below ema=bear rs=+0% adx=34 body=39% ramp=20.2x rangeATR=2.4 ⚡ O625.64 H625.84 L624.24 C625.02 ATR=10.25 SL=626.04/626.56 rawVol=134924 volSMA=33597 buf=0.512 prices=625.73
2025-12-05T12:15:00.000-05:00,"[KLB] 12:15 ▼ ~ ~ Yest H
~ VWAP vol=0.6x pos=v87 vwap=below ema=bear rs=+0.1% adx=22 body=86% ramp=0.9x rangeATR=0.9 ⚠ O625.41 H625.42 L624.71 C624.8 ATR=10.25 SL=625.82/626.34 rawVol=42037 volSMA=66637 buf=0.512 prices=624.94"
2025-12-05T13:25:00.000-05:00,[KLB] 13:25 ▼ ~ x~ PM H vol=1.2x pos=v23 vwap=below ema=bear rs=+0.1% adx=14 body=21% ramp=1.1x rangeATR=0.9 O625.44 H625.45 L624.88 C625.32 ATR=10.25 SL=626.34/626.86 rawVol=49775 volSMA=43190 buf=0.512 prices=625.73
2025-12-05T14:25:00.000-05:00,[KLB] 14:25 ▼ ~ x~ PM H vol=1.6x pos=v73 vwap=below ema=bull rs=+0.1% adx=11 body=29% ramp=1.4x rangeATR=0.9 O625.33 H625.54 L625.06 C625.19 ATR=10.25 SL=626.21/626.73 rawVol=38230 volSMA=42491 buf=0.512 prices=625.73
2025-12-08T09:35:00.000-05:00,[KLB] 9:35 ▲ RNG range break vol=13.3x
2025-12-08T09:35:00.000-05:00,[KLB] 9:35 ▲ ~ ~ Today O vol=13.3x pos=^63 vwap=above ema=bull rs=+0.2% adx=29 body=46% ramp=31.5x rangeATR=4.8 ⚡ O627.21 H628.83 L626.88 C628.1 ATR=9.94 SL=627.11/626.61 rawVol=253024 volSMA=19007 buf=0.497 prices=
2025-12-08T09:40:00.000-05:00,[KLB] 9:40 ▼ ~ ~ PM H vol=4.7x pos=v97 vwap=below ema=bull rs=+0.2% adx=29 body=88% ramp=26.9x rangeATR=1.7 ⚠ O628.11 H628.18 L627.44 C627.46 ATR=9.94 SL=628.45/628.95 rawVol=115574 volSMA=24593 buf=0.497 prices=628.19
2025-12-08T10:15:00.000-05:00,[KLB] 10:15 ▼ BRK PM L vol=1.1x pos=v59 vwap=below ema=bear rs=+0% adx=27 body=59% ramp=0.6x rangeATR=0.9 O626.26 H626.26 L625.7 C625.93 ATR=9.94 SL=626.92/627.42 rawVol=45892 volSMA=43143 buf=0.497 prices=626.2
2025-12-08T10:15:00.000-05:00,[KLB] 10:15 ▼ ~ ~ VWAP vol=1.1x pos=v59 vwap=below ema=bear rs=+0% adx=27 body=59% ramp=0.6x rangeATR=0.9 O626.26 H626.26 L625.7 C625.93 ATR=9.94 SL=626.92/627.42 rawVol=45892 volSMA=43143 buf=0.497 prices=
2025-12-08T10:15:00.000-05:00,[KLB] CONF 10:15 ▼ BRK → ✓ (auto-R1: EMA)
2025-12-08T10:20:00.000-05:00,[KLB] 5m CHECK 10:20 ▼ pnl=0.02 SPY~ → HOLD
2025-12-08T10:25:00.000-05:00,[KLB] 10:25 ▼ ~ ~ Yest H + ~ PD Cls vol=2x pos=v84 vwap=below ema=bear rs=-0.1% adx=29 body=76% ramp=1.5x rangeATR=1.3 O625.74 H625.81 L624.93 C625.07 ATR=9.94 SL=626.06/626.56 rawVol=100363 volSMA=49927 buf=0.497 prices=628.92
2025-12-08T10:40:00.000-05:00,[KLB] 10:40 ▼ ~ ~ Yest H vol=0.6x pos=v89 vwap=below ema=bear rs=-0.1% adx=33 body=62% ramp=1x rangeATR=0.7 O625.38 H625.51 L625.04 C625.09 ATR=9.94 SL=626.08/626.58 rawVol=32872 volSMA=59391 buf=0.497 prices=628.92
2025-12-08T11:05:00.000-05:00,[KLB] 11:05 ▼ BRK PD LH L vol=1.1x pos=v47 vwap=below ema=bear rs=-0.1% adx=40 body=46% ramp=1.9x rangeATR=1.1 O624.02 H624.03 L623.24 C623.66 ATR=9.94 SL=624.65/625.15 rawVol=74126 volSMA=69650 buf=0.497 prices=
2025-12-08T11:05:00.000-05:00,[KLB] CONF 11:05 ▼ BRK → ✓ (auto-R1: EMA)
2025-12-08T11:10:00.000-05:00,[KLB] 5m CHECK 11:10 ▼ pnl=-0.01 SPY✓ → HOLD
2025-12-08T12:05:00.000-05:00,[KLB] 12:05 ▼ BRK Yest L vol=1.3x pos=v63 vwap=below ema=bear rs=-0.1% adx=39 body=63% ramp=1.4x rangeATR=1.4 O623.48 H623.48 L622.59 C622.92 ATR=9.94 SL=623.91/624.41 rawVol=67221 volSMA=52882 buf=0.497 prices=623.71
2025-12-08T12:05:00.000-05:00,[KLB] CONF 12:05 ▼ BRK → ✓ (auto-R1: EMA)
2025-12-08T12:10:00.000-05:00,[KLB] 5m CHECK 12:10 ▼ pnl=-0.06 SPY✓ → HOLD
2025-12-08T13:30:00.000-05:00,[KLB] 13:30 ▼ BRK PD LH L vol=1.5x pos=v94 vwap=below ema=bear rs=-0.1% adx=27 body=94% ramp=0.8x rangeATR=1.8 ⚠ O624.38 H624.38 L623.23 C623.3 ATR=9.94 SL=624.29/624.79 rawVol=83215 volSMA=54685 buf=0.497 prices=
2025-12-08T13:30:00.000-05:00,[KLB] CONF 13:30 ▼ BRK → ✓ (auto-R1: EMA)
2025-12-08T13:35:00.000-05:00,[KLB] 5m CHECK 13:35 ▼ pnl=0.05 SPY✓ → HOLD
2025-12-09T09:30:00.000-05:00,[KLB] 9:30 ▲ ~ ~ Today O vol=2.8x pos=^99 vwap=below ema=bear rs=-0.1% adx=44 body=57% ramp=2.3x rangeATR=1.9 O622.65 H623.05 L622.36 C623.04 ATR=9.74 SL=622.07/621.58 rawVol=16985 volSMA=5998 buf=0.487 prices=
2025-12-09T09:35:00.000-05:00,[KLB] 9:35 ▼ FADE at 623.01
2025-12-09T09:35:00.000-05:00,[KLB] 9:35 ▼ RNG range break vol=11.5x
2025-12-09T09:35:00.000-05:00,[KLB] 9:35 ▼ BRK PM L vol=11.5x pos=v74 vwap=below ema=bear rs=-0.2% adx=46 body=47% ramp=21.1x rangeATR=4.1 ⚡ O623.01 H623.52 L621.62 C622.11 ATR=9.74 SL=623.08/623.57 rawVol=155636 volSMA=13584 buf=0.487 prices=622.36
2025-12-09T09:35:00.000-05:00,[KLB] 9:35 ▼ ~ ~ VWAP vol=11.5x pos=v74 vwap=below ema=bear rs=-0.2% adx=46 body=47% ramp=21.1x rangeATR=4.1 ⚡ O623.01 H623.52 L621.62 C622.11 ATR=9.74 SL=623.08/623.57 rawVol=155636 volSMA=13584 buf=0.487 prices=
2025-12-09T09:35:00.000-05:00,[KLB] CONF 9:35 ▼ BRK → ✓ (auto-R1: EMA)
2025-12-09T09:40:00.000-05:00,[KLB] 9:40 ▲ RNG range break vol=5.4x
2025-12-09T09:40:00.000-05:00,[KLB] 9:40 ▲ ~ ~ PM L + ~ PD LH L vol=5.4x pos=^93 vwap=above ema=bear rs=0% adx=46 body=86% ramp=33.3x rangeATR=3.1 ⚡ ⚠ O622.13 H623.7 L622.01 C623.58 ATR=9.74 SL=622.61/622.12 rawVol=99901 volSMA=18543 buf=0.487 prices=622.36
2025-12-09T09:40:00.000-05:00,[KLB] 5m CHECK 9:40 ▼ pnl=-0.15 SPY~ → BAIL
2025-12-09T09:45:00.000-05:00,[KLB] 9:45 ▼ ~ x~ ORB H vol=4.8x pos=v36 vwap=below ema=bear rs=-0.1% adx=48 body=26% ramp=17.2x rangeATR=4 ⚡ O623.59 H623.87 L621 C622.85 ATR=9.74 SL=623.82/624.31 rawVol=118077 volSMA=24350 buf=0.487 prices=623.52
2025-12-09T09:55:00.000-05:00,[KLB] 9:55 ▼ ~ ~ ORB H vol=1.9x pos=v67 vwap=below ema=bear rs=-0.2% adx=50 body=32% ramp=0.8x rangeATR=1 O623.13 H623.39 L622.64 C622.89 ATR=9.74 SL=623.86/624.35 rawVol=57006 volSMA=29401 buf=0.487 prices=623.52
2025-12-09T10:45:00.000-05:00,[KLB] 10:45 ▲ ~ ~ PD Cls vol=1.1x pos=^99 vwap=above ema=bear rs=+0.1% adx=34 body=81% ramp=0.9x rangeATR=1.1 ⚠ O623.9 H624.55 L623.76 C624.54 ATR=9.74 SL=623.57/623.08 rawVol=48996 volSMA=46260 buf=0.487 prices=
2025-12-09T10:50:00.000-05:00,[KLB] 10:50 ▼ FADE at 624.28
2025-12-09T10:55:00.000-05:00,"[KLB] 10:55 ▲ ~ ~ Yest L
~ VWAP vol=0.7x pos=^79 vwap=above ema=bull rs=+0.1% adx=30 body=64% ramp=1.8x rangeATR=1 O623.9 H624.51 L623.79 C624.36 ATR=9.74 SL=623.39/622.9 rawVol=36757 volSMA=51351 buf=0.487 prices=621.69"
2025-12-10T09:35:00.000-05:00,[KLB] 9:35 ▼ RNG range break vol=9.6x
2025-12-10T09:50:00.000-05:00,[KLB] 9:50 ▼ ~ x~ ORB H vol=2x pos=v97 vwap=below ema=bear rs=-0.1% adx=21 body=22% ramp=1.2x rangeATR=1.5 O623.76 H624.45 L623.53 C623.56 ATR=9.39 SL=624.5/624.97 rawVol=44484 volSMA=22356 buf=0.47 prices=624.19
2025-12-10T09:55:00.000-05:00,[KLB] 9:55 ▼ ~ x~ ORB H vol=1.9x pos=v73 vwap=below ema=bear rs=-0.1% adx=22 body=27% ramp=0.5x rangeATR=1.5 O623.55 H624 L623.03 C623.29 ATR=9.39 SL=624.23/624.7 rawVol=33847 volSMA=23921 buf=0.47 prices=624.19
2025-12-10T10:40:00.000-05:00,[KLB] 10:40 ▼ BRK PM L + ORB L vol=1.7x pos=v61 vwap=below ema=bear rs=-0.2% adx=26 body=57% ramp=1.8x rangeATR=1.4 O622.92 H622.96 L622 C622.37 ATR=9.39 SL=623.31/623.78 rawVol=63800 volSMA=38222 buf=0.47 prices=623.16/622.93
2025-12-10T10:40:00.000-05:00,[KLB] 10:40 ▼ ~ ~ VWAP vol=1.7x pos=v61 vwap=below ema=bear rs=-0.2% adx=26 body=57% ramp=1.8x rangeATR=1.4 O622.92 H622.96 L622 C622.37 ATR=9.39 SL=623.31/623.78 rawVol=63800 volSMA=38222 buf=0.47 prices=
2025-12-10T10:40:00.000-05:00,[KLB] CONF 10:40 ▼ BRK → ✓ (auto-R1: EMA)
2025-12-10T10:45:00.000-05:00,[KLB] 5m CHECK 10:45 ▼ pnl=0 SPY~ → HOLD
2025-12-10T14:35:00.000-05:00,[KLB] 14:35 ▲ ~ ~ VWAP + ~ PD LH L vol=3.2x pos=^86 vwap=above ema=bull rs=-0.1% adx=21 body=71% ramp=1x rangeATR=2.5 ⚡ O624.4 H626.54 L624.03 C626.18 ATR=9.39 SL=625.24/624.77 rawVol=196096 volSMA=61692 buf=0.47 prices=
2025-12-10T14:50:00.000-05:00,[KLB] 14:50 ▲ ~ ~ PD LH L vol=2x pos=^66 vwap=above ema=bull rs=-0.2% adx=20 body=59% ramp=1.8x rangeATR=1.3 O624.31 H625.9 L624.18 C625.32 ATR=9.39 SL=624.38/623.91 rawVol=171214 volSMA=87505 buf=0.47 prices=
2025-12-11T09:35:00.000-05:00,[KLB] 9:35 ▼ RNG range break vol=10.9x
2025-12-11T09:35:00.000-05:00,[KLB] 9:35 ▼ ~ ~ VWAP + ~ Today O vol=10.9x pos=v89 vwap=below ema=bear rs=-0.2% adx=23 body=82% ramp=16.4x rangeATR=3.9 ⚡ ⚠ O623.84 H623.97 L621.93 C622.16 ATR=9.31 SL=623.09/623.56 rawVol=234125 volSMA=21523 buf=0.465 prices=
2025-12-11T09:50:00.000-05:00,[KLB] 9:50 ▼ BRK Yest L + ORB L vol=3.8x pos=v93 vwap=below ema=bear rs=-0.4% adx=29 body=87% ramp=1.7x rangeATR=3.4 ⚡ ⚠ O622.38 H622.54 L619.96 C620.14 ATR=9.31 SL=621.07/621.54 rawVol=164978 volSMA=43123 buf=0.465 prices=620.99/621.93
2025-12-11T09:50:00.000-05:00,[KLB] CONF 9:50 ▼ BRK → ✓ (auto-R1: EMA)
2025-12-11T09:55:00.000-05:00,[KLB] 5m CHECK 9:55 ▼ pnl=0.15 SPY✓ → HOLD
2025-12-11T10:00:00.000-05:00,[KLB] 10:00 ▼ BRK PM L vol=2.6x pos=v84 vwap=below ema=bear rs=-0.5% adx=35 body=32% ramp=0.9x rangeATR=1.7 O618.7 H619.46 L617.98 C618.22 ATR=9.31 SL=619.15/619.62 rawVol=144473 volSMA=57483 buf=0.465 prices=618.85
2025-12-11T10:00:00.000-05:00,[KLB] CONF 10:00 ▼ BRK → ✓ (auto-R1: EMA)
2025-12-11T10:05:00.000-05:00,[KLB] 5m CHECK 10:05 ▼ pnl=-0.11 SPY~ → BAIL
2025-12-11T10:45:00.000-05:00,[KLB] 10:45 ▼ BRK ORB L vol=1.1x pos=v65 vwap=below ema=bear rs=-0.5% adx=28 body=65% ramp=0.8x rangeATR=1.2 O622.24 H622.24 L620.93 C621.39 ATR=9.31 SL=622.32/622.79 rawVol=115864 volSMA=105744 buf=0.465 prices=621.93
2025-12-11T10:45:00.000-05:00,[KLB] CONF 10:45 ▼ BRK → ✓ (auto-R1: EMA)
2025-12-11T10:50:00.000-05:00,[KLB] 10:50 ▼ BRK Yest L vol=1.1x pos=v92 vwap=below ema=bear rs=-0.5% adx=28 body=62% ramp=1.2x rangeATR=1.6 O621.36 H621.89 L620.13 C620.27 ATR=9.31 SL=621.2/621.67 rawVol=117125 volSMA=111491 buf=0.465 prices=620.99
2025-12-11T10:50:00.000-05:00,[KLB] CONF 10:50 ▼ BRK → ✓ (auto-R1: EMA)
2025-12-11T10:55:00.000-05:00,[KLB] 5m CHECK 10:55 ▼ pnl=-0.02 SPY~ → HOLD
2025-12-11T11:55:00.000-05:00,[KLB] 11:55 ▼ BRK Yest L vol=1.4x pos=v94 vwap=below ema=bear rs=-0.6% adx=21 body=92% ramp=2.1x rangeATR=1.3 ⚠ O621.57 H621.6 L620.06 C620.15 ATR=9.31 SL=621.08/621.55 rawVol=115014 volSMA=81490 buf=0.465 prices=620.99
2025-12-11T11:55:00.000-05:00,[KLB] CONF 11:55 ▼ BRK → ✓ (auto-R1: EMA)
2025-12-11T12:00:00.000-05:00,[KLB] 5m CHECK 12:00 ▼ pnl=-0.03 SPY~ → HOLD
2025-12-11T14:05:00.000-05:00,[KLB] 14:05 ▲ ~ ~ Yest L vol=0.7x pos=^76 vwap=above ema=bull rs=-0.4% adx=21 body=72% ramp=0.5x rangeATR=1 O623.73 H624.44 L623.7 C624.26 ATR=9.31 SL=623.33/622.86 rawVol=22877 volSMA=34583 buf=0.465 prices=620.99
2025-12-12T09:30:00.000-05:00,[KLB] 9:30 ▼ ~ ~ Today O vol=2.9x pos=v99 vwap=below ema=bear rs=-0.2% adx=27 body=88% ramp=1.8x rangeATR=2.3 ⚡ ⚠ O622.89 H623 L622.02 C622.03 ATR=9.35 SL=622.97/623.43 rawVol=25501 volSMA=8925 buf=0.468 prices=
2025-12-12T09:45:00.000-05:00,[KLB] 9:45 ▼ ~ ~ ORB H vol=3.7x pos=v86 vwap=below ema=bear rs=+0% adx=25 body=80% ramp=11.2x rangeATR=2.6 ⚡ O623.28 H623.39 L621.73 C621.96 ATR=9.35 SL=622.9/623.36 rawVol=120594 volSMA=32209 buf=0.468 prices=622.72
2025-12-12T09:50:00.000-05:00,[KLB] 9:50 ▼ RNG range break vol=4.6x
2025-12-12T09:50:00.000-05:00,[KLB] 9:50 ▼ BRK ORB L vol=4.6x pos=v98 vwap=below ema=bear rs=-0.1% adx=25 body=78% ramp=1.7x rangeATR=2.1 ⚡ O621.92 H622.21 L620.74 C620.77 ATR=9.35 SL=621.71/622.17 rawVol=189768 volSMA=41588 buf=0.468 prices=621.3
2025-12-12T09:50:00.000-05:00,[KLB] 9:50 ▼ ~ ~ VWAP vol=4.6x pos=v98 vwap=below ema=bear rs=-0.1% adx=25 body=78% ramp=1.7x rangeATR=2.1 ⚡ O621.92 H622.21 L620.74 C620.77 ATR=9.35 SL=621.71/622.17 rawVol=189768 volSMA=41588 buf=0.468 prices=
2025-12-12T09:50:00.000-05:00,[KLB] CONF 9:50 ▼ BRK → ✓ (auto-R1: EMA)
2025-12-12T09:55:00.000-05:00,[KLB] 5m CHECK 9:55 ▼ pnl=-0.14 SPY~ → BAIL
2025-12-12T10:05:00.000-05:00,[KLB] 10:05 ▼ BRK ORB L vol=1.9x pos=v94 vwap=below ema=bear rs=-0.1% adx=28 body=90% ramp=0.9x rangeATR=2.3 ⚡ ⚠ O621.97 H622.05 L620.12 C620.24 ATR=9.35 SL=621.18/621.64 rawVol=113390 volSMA=60355 buf=0.468 prices=621.3
2025-12-12T10:05:00.000-05:00,[KLB] CONF 10:05 ▼ BRK → ✓ (auto-R1: EMA)
2025-12-12T10:10:00.000-05:00,[KLB] 5m CHECK 10:10 ▼ pnl=0.14 SPY✓ → HOLD
2025-12-12T10:25:00.000-05:00,[KLB] 10:25 ▼ BRK PM L vol=1.2x pos=v86 vwap=below ema=bear rs=-0.2% adx=37 body=74% ramp=0.8x rangeATR=1.7 O619.07 H619.28 L617.52 C617.76 ATR=9.35 SL=618.7/619.16 rawVol=97366 volSMA=79867 buf=0.468 prices=618.29
2025-12-12T10:25:00.000-05:00,[KLB] CONF 10:25 ▼ BRK → ✓ (auto-R1: EMA)
2025-12-12T10:30:00.000-05:00,[KLB] 10:30 ▼ BRK Yest L vol=1.9x pos=v92 vwap=below ema=bear rs=-0.3% adx=40 body=83% ramp=1x rangeATR=1.6 ⚠ O617.68 H617.83 L616.16 C616.29 ATR=9.35 SL=617.23/617.69 rawVol=163938 volSMA=87719 buf=0.468 prices=617.72
2025-12-12T10:30:00.000-05:00,[KLB] CONF 10:30 ▼ BRK → ✓ (auto-R1: EMA)
2025-12-12T10:35:00.000-05:00,[KLB] 5m CHECK 10:35 ▼ pnl=-0.07 SPY✓ → HOLD
2025-12-12T11:05:00.000-05:00,[KLB] 11:05 ▼ BRK Week O + Month O vol=2.5x pos=v99 vwap=below ema=bear rs=-0.4% adx=53 body=61% ramp=2.9x rangeATR=1.8 O614.28 H615.22 L612.73 C612.75 ATR=9.35 SL=613.69/614.15 rawVol=197238 volSMA=134183 buf=0.468 prices=
2025-12-12T11:05:00.000-05:00,[KLB] CONF 11:05 ▼ BRK → ✓ (auto-R1: EMA)
2025-12-12T11:10:00.000-05:00,[KLB] 5m CHECK 11:10 ▼ pnl=-0.05 SPY✓ → HOLD
2025-12-12T15:40:00.000-05:00,[KLB] 15:40 ▼ BRK Week L vol=1.9x pos=v81 vwap=below ema=bear rs=-0.4% adx=20 body=73% ramp=1.8x rangeATR=1.8 O613.31 H613.42 L612.03 C612.29 ATR=9.35 SL=613.23/613.69 rawVol=110894 volSMA=58349 buf=0.468 prices=612.52
2025-12-12T15:40:00.000-05:00,[KLB] CONF 15:40 ▼ BRK → ✓ (auto-R1: EMA)
2025-12-12T15:45:00.000-05:00,[KLB] 5m CHECK 15:45 ▼ pnl=-0.07 SPY✓ → HOLD
2025-12-15T09:30:00.000-05:00,[KLB] 9:30 ▲ ~ ~ VWAP vol=2.5x pos=^100 vwap=above ema=bull rs=+0.6% adx=35 body=73% ramp=1.4x rangeATR=2.8 ⚡ O617.75 H618.36 L617.53 C618.36 ATR=9.7 SL=617.39/616.91 rawVol=24977 volSMA=9886 buf=0.485 prices=
2025-12-15T09:35:00.000-05:00,[KLB] 9:35 ▼ RNG range break vol=10.5x
2025-12-15T09:35:00.000-05:00,[KLB] 9:35 ▼ ~ ~ PM H + ~ Today O vol=10.5x pos=v100 vwap=below ema=bull rs=-0.1% adx=34 body=99% ramp=9.8x rangeATR=5.2 ⚡ ⚠ O618.4 H618.42 L616.15 C616.16 ATR=9.7 SL=617.13/617.61 rawVol=215912 volSMA=20597 buf=0.485 prices=618.36
2025-12-15T09:40:00.000-05:00,[KLB] 9:40 ▼ ~ ~ VWAP vol=8.5x pos=v100 vwap=below ema=bull rs=-0.1% adx=34 body=33% ramp=13.2x rangeATR=3.4 ⚡ O616.22 H617.45 L615.62 C615.62 ATR=9.7 SL=616.59/617.07 rawVol=96838 volSMA=25305 buf=0.485 prices=
2025-12-15T10:00:00.000-05:00,[KLB] 10:00 ▼ BRK PM L vol=2.2x pos=v76 vwap=below ema=bear rs=-0.2% adx=38 body=66% ramp=0.7x rangeATR=1.7 O614.74 H614.87 L613.65 C613.94 ATR=9.7 SL=614.91/615.39 rawVol=102517 volSMA=47233 buf=0.485 prices=614.65
2025-12-15T10:00:00.000-05:00,[KLB] CONF 10:00 ▼ BRK → ✓ (auto-R1: EMA)
2025-12-15T10:05:00.000-05:00,[KLB] 10:05 ▼ BRK Month O vol=3.2x pos=v86 vwap=below ema=bear rs=-0.3% adx=40 body=76% ramp=1x rangeATR=1.9 O613.9 H614.05 L612.51 C612.73 ATR=9.7 SL=613.7/614.18 rawVol=179150 volSMA=55701 buf=0.485 prices=
2025-12-15T10:05:00.000-05:00,[KLB] 10:05 ▼ ~ ~ PD Cls vol=3.2x pos=v86 vwap=below ema=bear rs=-0.3% adx=40 body=76% ramp=1x rangeATR=1.9 O613.9 H614.05 L612.51 C612.73 ATR=9.7 SL=613.7/614.18 rawVol=179150 volSMA=55701 buf=0.485 prices=
2025-12-15T10:05:00.000-05:00,[KLB] CONF 10:05 ▼ BRK → ✓ (auto-R1: EMA)
2025-12-15T10:10:00.000-05:00,[KLB] 5m CHECK 10:10 ▼ pnl=-0.04 SPY✓ → HOLD
2025-12-15T10:25:00.000-05:00,[KLB] 10:25 ▼ BRK Yest L + Week L + PD LH L vol=1.4x pos=v100 vwap=below ema=bear rs=-0.4% adx=48 body=54% ramp=0.7x rangeATR=2.3 ⚡ O611.61 H612.65 L610.39 C610.39 ATR=9.7 SL=611.36/611.84 rawVol=97905 volSMA=71230 buf=0.485 prices=611.36/611.36
2025-12-15T10:25:00.000-05:00,[KLB] CONF 10:25 ▼ BRK → ✓ (auto-R1: EMA)
2025-12-15T10:30:00.000-05:00,[KLB] 5m CHECK 10:30 ▼ pnl=0.02 SPY✓ → HOLD
2025-12-16T13:30:00.000-05:00,[KLB] 13:30 ▼ ~ ~ VWAP vol=0.7x pos=v81 vwap=below ema=bear rs=+0.4% adx=23 body=55% ramp=0.4x rangeATR=0.9 🔇 O608.13 H608.36 L607.47 C607.64 ATR=9.66 SL=608.61/609.09 rawVol=40549 volSMA=56397 buf=0.483 prices=
2025-12-16T15:25:00.000-05:00,[KLB] 15:25 ▲ ~ ~ Week L vol=1x pos=^96 vwap=above ema=bull rs=+0.6% adx=24 body=84% ramp=1x rangeATR=1 ⚠ O611.16 H611.86 L611.06 C611.83 ATR=9.66 SL=610.86/610.38 rawVol=55596 volSMA=54754 buf=0.483 prices=611.36
2025-12-17T09:30:00.000-05:00,[KLB] 9:30 ▼ ~ ~ Today O vol=1.3x pos=v87 vwap=below ema=bull rs=+0.1% adx=25 body=60% ramp=1.7x rangeATR=1.6 O613.5 H613.72 L612.92 C613.02 ATR=9.44 SL=613.96/614.44 rawVol=18898 volSMA=14960 buf=0.472 prices=
2025-12-17T09:35:00.000-05:00,[KLB] 9:35 ▼ RNG range break vol=8x
2025-12-17T09:40:00.000-05:00,[KLB] 9:40 ▼ BRK PM L + Week L + ORB L vol=5.8x pos=v87 vwap=below ema=bear rs=-0.2% adx=28 body=83% ramp=14.3x rangeATR=2.8 ⚡ ⚠ O612.58 H612.65 L610.86 C611.09 ATR=9.44 SL=612.03/612.51 rawVol=183200 volSMA=33087 buf=0.472 prices=612.15/611.36/612.41
2025-12-17T09:40:00.000-05:00,"[KLB] 9:40 ▼ ~ ~ Yest H
~ VWAP + ~ PD Cls vol=5.8x pos=v87 vwap=below ema=bear rs=-0.2% adx=28 body=83% ramp=14.3x rangeATR=2.8 ⚡ ⚠ O612.58 H612.65 L610.86 C611.09 ATR=9.44 SL=612.03/612.51 rawVol=183200 volSMA=33087 buf=0.472 prices=613.51"
2025-12-17T09:40:00.000-05:00,[KLB] CONF 9:40 ▼ BRK → ✓ (auto-R1: EMA)
2025-12-17T09:45:00.000-05:00,[KLB] 5m CHECK 9:45 ▼ pnl=0.05 SPY~ → HOLD
2025-12-17T10:45:00.000-05:00,[KLB] 10:45 ▼ BRK Yest L vol=1.3x pos=v78 vwap=below ema=bear rs=-0.5% adx=42 body=50% ramp=1.8x rangeATR=1.8 O607.64 H608.22 L606.11 C606.58 ATR=9.44 SL=607.52/608 rawVol=102070 volSMA=85970 buf=0.472 prices=606.91
2025-12-17T10:45:00.000-05:00,[KLB] CONF 10:45 ▼ BRK → ✓ (auto-R1: EMA)
2025-12-17T10:50:00.000-05:00,[KLB] 5m CHECK 10:50 ▼ pnl=0.04 SPY✓ → HOLD
2025-12-18T09:30:00.000-05:00,[KLB] 9:30 ▲ ~ ~ VWAP vol=0.7x pos=^84 vwap=above ema=bull rs=+0.9% adx=41 body=45% ramp=0.8x rangeATR=1.2 O609.45 H609.9 L609.17 C609.78 ATR=9.72 SL=608.81/608.32 rawVol=15207 volSMA=22405 buf=0.486 prices=
2025-12-18T09:40:00.000-05:00,[KLB] 9:40 ▼ ~ ~ PM H vol=7.7x pos=v71 vwap=below ema=bull rs=-0.2% adx=42 body=66% ramp=10.8x rangeATR=2.7 ⚡ O609.52 H609.62 L607.59 C608.18 ATR=9.72 SL=609.15/609.64 rawVol=173527 volSMA=49392 buf=0.486 prices=609.9
2025-12-18T10:35:00.000-05:00,[KLB] 10:35 ▲ ~ ~ Week L vol=1.4x pos=^99 vwap=above ema=bull rs=+0% adx=30 body=72% ramp=1.1x rangeATR=1.1 O610.82 H611.77 L610.46 C611.76 ATR=9.72 SL=610.79/610.3 rawVol=108980 volSMA=94334 buf=0.486 prices=611.36
2025-12-18T10:40:00.000-05:00,[KLB] 10:40 ▲ ~ ~ Week L vol=1.5x pos=^71 vwap=above ema=bull rs=+0% adx=31 body=36% ramp=1.5x rangeATR=1.3 O611.8 H612.81 L611.24 C612.36 ATR=9.72 SL=611.39/610.9 rawVol=147548 volSMA=100792 buf=0.486 prices=611.36
2025-12-18T11:35:00.000-05:00,[KLB] 11:35 ▲ ~ ~ Week L vol=0.4x pos=^79 vwap=above ema=bull rs=+0% adx=34 body=69% ramp=0.9x rangeATR=0.8 O611.58 H612.27 L611.5 C612.11 ATR=9.72 SL=611.14/610.65 rawVol=29119 volSMA=80209 buf=0.486 prices=611.36
2025-12-18T13:25:00.000-05:00,[KLB] 13:25 ▲ ~ ~ Week L vol=0.4x pos=^96 vwap=above ema=bull rs=+0.2% adx=20 body=65% ramp=0.7x rangeATR=0.6 O611.68 H612.05 L611.51 C612.03 ATR=9.72 SL=611.06/610.57 rawVol=27522 volSMA=62674 buf=0.486 prices=611.36
2025-12-18T14:45:00.000-05:00,[KLB] 14:45 ▼ ~ ~ VWAP vol=0.7x pos=v89 vwap=below ema=bear rs=+0% adx=24 body=53% ramp=0.9x rangeATR=1 O609.27 H609.56 L608.75 C608.84 ATR=9.72 SL=609.81/610.3 rawVol=27264 volSMA=36592 buf=0.486 prices=
2025-12-18T14:55:00.000-05:00,[KLB] 14:55 ▼ BRK ORB L vol=1.7x pos=v86 vwap=below ema=bear rs=+0% adx=24 body=60% ramp=1x rangeATR=1.4 O609.52 H609.83 L608.62 C608.79 ATR=9.72 SL=609.76/610.25 rawVol=63207 volSMA=37550 buf=0.486 prices=609.28
2025-12-18T14:55:00.000-05:00,[KLB] 14:55 ▼ ~ ~ PM H vol=1.7x pos=v86 vwap=below ema=bear rs=+0% adx=24 body=60% ramp=1x rangeATR=1.4 O609.52 H609.83 L608.62 C608.79 ATR=9.72 SL=609.76/610.25 rawVol=63207 volSMA=37550 buf=0.486 prices=609.9
2025-12-18T14:55:00.000-05:00,[KLB] CONF 14:55 ▼ BRK → ✓ (auto-R1: EMA)
2025-12-18T15:00:00.000-05:00,[KLB] 5m CHECK 15:00 ▼ pnl=0.07 SPY~ → HOLD
2025-12-19T09:35:00.000-05:00,[KLB] 9:35 ▲ RNG range break vol=11.1x
2025-12-19T09:45:00.000-05:00,[KLB] 9:45 ▲ ~ ~ VWAP vol=5.8x pos=^100 vwap=above ema=bull rs=+0.3% adx=23 body=78% ramp=9.3x rangeATR=3.5 ⚡ O614.13 H616.36 L613.5 C616.36 ATR=9.92 SL=615.37/614.87 rawVol=252085 volSMA=43189 buf=0.496 prices=
2025-12-22T09:30:00.000-05:00,[KLB] 9:30 ▲ RNG range break vol=3.5x
2025-12-22T09:35:00.000-05:00,[KLB] 9:35 ▼ RNG range break vol=14.2x
2025-12-22T09:35:00.000-05:00,[KLB] 9:35 ▼ ~ ~ PM H + ~ Today O vol=14.2x pos=v88 vwap=below ema=bull rs=-0.2% adx=33 body=76% ramp=12.7x rangeATR=5.9 ⚡ O621.36 H621.64 L619.3 C619.58 ATR=9.82 SL=620.56/621.05 rawVol=305316 volSMA=21456 buf=0.491 prices=621.44
2025-12-22T10:35:00.000-05:00,[KLB] 10:35 ▼ BRK ORB L vol=1.2x pos=v79 vwap=below ema=bear rs=-0.3% adx=31 body=48% ramp=0.9x rangeATR=1 O619.18 H619.38 L618.72 C618.86 ATR=9.82 SL=619.84/620.33 rawVol=70285 volSMA=60414 buf=0.491 prices=619.3
2025-12-22T10:35:00.000-05:00,[KLB] CONF 10:35 ▼ BRK → ✓ (auto-R1: EMA)
2025-12-22T10:40:00.000-05:00,[KLB] 10:40 ▼ BRK Week O vol=1.5x pos=v55 vwap=below ema=bear rs=-0.3% adx=32 body=55% ramp=1.5x rangeATR=1.6 O618.84 H618.84 L617.77 C618.25 ATR=9.82 SL=619.23/619.72 rawVol=96434 volSMA=65038 buf=0.491 prices=
2025-12-22T10:40:00.000-05:00,[KLB] 10:40 ▼ ~ ~ VWAP vol=1.5x pos=v55 vwap=below ema=bear rs=-0.3% adx=32 body=55% ramp=1.5x rangeATR=1.6 O618.84 H618.84 L617.77 C618.25 ATR=9.82 SL=619.23/619.72 rawVol=96434 volSMA=65038 buf=0.491 prices=
2025-12-22T10:40:00.000-05:00,[KLB] CONF 10:40 ▼ BRK → ✓ (auto-R1: EMA)
2025-12-22T10:45:00.000-05:00,[KLB] 5m CHECK 10:45 ▼ pnl=-0.07 SPY~ → HOLD
2025-12-23T09:30:00.000-05:00,[KLB] 9:30 ▲ ~ ~ Today O vol=1.5x pos=^98 vwap=below ema=bear rs=-0.1% adx=47 body=73% ramp=1.3x rangeATR=1.2 O617.92 H618.25 L617.81 C618.24 ATR=9.45 SL=617.3/616.82 rawVol=7527 volSMA=5846 buf=0.472 prices=
2025-12-23T09:35:00.000-05:00,[KLB] 9:35 ▲ RNG range break vol=11.5x
2025-12-23T09:35:00.000-05:00,[KLB] 9:35 ▲ ~ ~ Yest L + ~ PD LH L + ~ PD Cls vol=11.5x pos=^69 vwap=above ema=bear rs=+0.1% adx=46 body=62% ramp=10.1x rangeATR=4.6 ⚡ O618.2 H620.41 L618.05 C619.67 ATR=9.45 SL=618.73/618.25 rawVol=156225 volSMA=13642 buf=0.472 prices=617.77
2025-12-23T09:55:00.000-05:00,[KLB] 9:55 ▼ ~ ~ PM H + ~ ORB H vol=1.3x pos=v93 vwap=below ema=bear rs=0% adx=42 body=71% ramp=1.6x rangeATR=1.7 O620.29 H620.51 L619.51 C619.58 ATR=9.45 SL=620.52/621 rawVol=57110 volSMA=44357 buf=0.472 prices=620.18/620.41
2025-12-23T10:05:00.000-05:00,[KLB] 10:05 ▼ 🔇 QBS ramp=0.4x vol=1.6x pos=v86 vwap=below ema=bear adx=38 body=82% rangeATR=2.3 ⚡ O619.28 H619.35 L617.78 C618 ATR=9.45
2025-12-23T10:05:00.000-05:00,[KLB] 10:05 ▼ BRK PD LH L vol=1.6x pos=v86 vwap=below ema=bear rs=-0.1% adx=38 body=82% ramp=0.4x rangeATR=2.3 ⚡ ⚠ 🔇 O619.28 H619.35 L617.78 C618 ATR=9.45 SL=618.94/619.42 rawVol=84013 volSMA=52298 buf=0.472 prices=
2025-12-23T10:05:00.000-05:00,"[KLB] 10:05 ▼ ~ ~ Week H
~ VWAP vol=1.6x pos=v86 vwap=below ema=bear rs=-0.1% adx=38 body=82% ramp=0.4x rangeATR=2.3 ⚡ ⚠ 🔇 O619.28 H619.35 L617.78 C618 ATR=9.45 SL=618.94/619.42 rawVol=84013 volSMA=52298 buf=0.472 prices=618.42"
2025-12-23T10:05:00.000-05:00,[KLB] CONF 10:05 ▼ BRK → ✓ (auto-R1: EMA)
2025-12-23T10:10:00.000-05:00,[KLB] 5m CHECK 10:10 ▼ pnl=-0.05 SPY~ → HOLD
2025-12-23T10:20:00.000-05:00,[KLB] CONF 10:20 ▼ QBS → ✗ (failed)
2025-12-23T11:45:00.000-05:00,[KLB] 11:45 ▲ ~ ~ VWAP vol=0.9x pos=^89 vwap=above ema=bull rs=+0% adx=22 body=86% ramp=0.9x rangeATR=0.8 ⚠ O620.41 H620.76 L620.4 C620.72 ATR=9.45 SL=619.78/619.3 rawVol=61793 volSMA=66667 buf=0.472 prices=
2025-12-24T09:30:00.000-05:00,[KLB] 9:30 ▼ RNG range break vol=4.4x
2025-12-24T09:30:00.000-05:00,[KLB] 9:30 ▼ ~ ~ Yest H + ~ Today O + ~ PD Cls vol=4.4x pos=v88 vwap=below ema=bull rs=+0% adx=22 body=73% ramp=1.8x rangeATR=2.8 ⚡ O622.35 H622.43 L621.92 C621.98 ATR=9.1 SL=622.89/623.35 rawVol=8946 volSMA=2041 buf=0.455 prices=622.41
2025-12-24T09:35:00.000-05:00,[KLB] 9:35 ▲ FADE at 622.41
2025-12-24T09:35:00.000-05:00,[KLB] 9:35 ▲ ~ ~ PM L + ~ PD LH L vol=15.2x pos=^81 vwap=above ema=bull rs=+0% adx=21 body=55% ramp=27.6x rangeATR=4.4 ⚡ O621.99 H622.78 L621.71 C622.58 ATR=9.1 SL=621.67/621.21 rawVol=126997 volSMA=8370 buf=0.455 prices=621.72
2025-12-24T09:50:00.000-05:00,[KLB] 9:50 ▼ ~ x~ Yest H vol=2.1x pos=v66 vwap=below ema=bull rs=-0.1% adx=18 body=10% ramp=1.5x rangeATR=1.5 O622.01 H622.29 L621.79 C621.96 ATR=9.1 SL=622.87/623.33 rawVol=39313 volSMA=18432 buf=0.455 prices=622.41
2025-12-24T10:05:00.000-05:00,[KLB] 10:05 ▲ FADE at 622.41
2025-12-24T11:35:00.000-05:00,[KLB] 11:35 ▲ ~ ~ VWAP vol=1.6x pos=^97 vwap=above ema=bull rs=0% adx=24 body=77% ramp=1x rangeATR=1.4 O623.37 H623.69 L623.29 C623.68 ATR=9.1 SL=622.77/622.31 rawVol=81708 volSMA=52146 buf=0.455 prices=
2025-12-26T09:30:00.000-05:00,[KLB] 9:30 ▼ ~ ~ Today O vol=1.5x pos=v56 vwap=above ema=bull rs=+0.1% adx=25 body=33% ramp=4x rangeATR=1.4 O624.74 H624.8 L624.53 C624.65 ATR=8.63 SL=625.51/625.95 rawVol=6310 volSMA=4335 buf=0.432 prices=
2025-12-26T09:35:00.000-05:00,[KLB] 9:35 ▲ FADE at 624.66
2025-12-26T09:45:00.000-05:00,[KLB] 9:45 ▲ RNG range break vol=6x
2025-12-26T12:10:00.000-05:00,[KLB] 12:10 ▼ ~ ~ Yest H vol=0.9x pos=v86 vwap=below ema=bear rs=+0% adx=23 body=80% ramp=0.8x rangeATR=0.6 O624.01 H624.02 L623.8 C623.83 ATR=8.63 SL=624.69/625.13 rawVol=25504 volSMA=37836 buf=0.432 prices=624.28
2025-12-26T12:15:00.000-05:00,[KLB] 12:15 ▼ ~ ~ Yest H vol=0.7x pos=v93 vwap=below ema=bear rs=+0% adx=24 body=56% ramp=0.9x rangeATR=0.8 O623.83 H623.93 L623.66 C623.68 ATR=8.63 SL=624.54/624.98 rawVol=26102 volSMA=37398 buf=0.432 prices=624.28
2025-12-26T12:40:00.000-05:00,[KLB] 12:40 ▼ ~ ~ Yest H vol=1.1x pos=v44 vwap=below ema=bear rs=+0% adx=23 body=40% ramp=1.1x rangeATR=0.7 O624.02 H624.03 L623.78 C623.92 ATR=8.63 SL=624.78/625.22 rawVol=40448 volSMA=35652 buf=0.432 prices=624.28
2025-12-26T12:45:00.000-05:00,[KLB] 12:45 ▼ ~ x~ Yest H vol=1.2x pos=v78 vwap=below ema=bear rs=+0% adx=23 body=11% ramp=1x rangeATR=0.5 O623.93 H624.05 L623.87 C623.91 ATR=8.63 SL=624.77/625.21 rawVol=26399 volSMA=34832 buf=0.432 prices=624.28
2025-12-26T13:25:00.000-05:00,[KLB] 13:25 ▼ ~ x~ Yest H vol=1.8x pos=v36 vwap=below ema=bear rs=+0% adx=19 body=29% ramp=2.1x rangeATR=1.4 O623.98 H624.01 L623.63 C623.87 ATR=8.63 SL=624.73/625.17 rawVol=58954 volSMA=34643 buf=0.432 prices=624.28
2025-12-29T09:30:00.000-05:00,[KLB] 9:30 ▲ ~ ~ Today O vol=1.4x pos=^86 vwap=below ema=bear rs=-0.4% adx=38 body=86% ramp=2.2x rangeATR=1.9 ⚠ O619.46 H620.25 L619.46 C620.14 ATR=8.19 SL=619.32/618.91 rawVol=7248 volSMA=5351 buf=0.409 prices=
2025-12-29T09:40:00.000-05:00,[KLB] 9:40 ▲ RNG range break vol=8.9x
2025-12-29T09:40:00.000-05:00,[KLB] 9:40 ▲ ~ ~ VWAP vol=8.9x pos=^79 vwap=above ema=bear rs=+0.2% adx=37 body=77% ramp=17.6x rangeATR=3.8 ⚡ O620.45 H622.78 L620.39 C622.28 ATR=8.19 SL=621.46/621.05 rawVol=194910 volSMA=26793 buf=0.409 prices=
2025-12-29T10:05:00.000-05:00,[KLB] 10:05 ▼ ~ ~ ORB H vol=1.5x pos=v90 vwap=below ema=bear rs=+0% adx=29 body=39% ramp=0.5x rangeATR=1.1 O620.49 H620.91 L620.09 C620.17 ATR=8.19 SL=620.99/621.4 rawVol=48320 volSMA=45927 buf=0.409 prices=620.56
2025-12-29T10:10:00.000-05:00,"[KLB] 10:10 ▼ ~ ~ ORB H
~ VWAP vol=1.4x pos=v100 vwap=below ema=bear rs=0% adx=28 body=69% ramp=0.7x rangeATR=1.2 O620.16 H620.43 L619.55 C619.55 ATR=8.19 SL=620.37/620.78 rawVol=66367 volSMA=49078 buf=0.409 prices=620.56"
2025-12-29T11:35:00.000-05:00,[KLB] 11:35 ▼ ~ x~ ORB H vol=0.9x pos=v95 vwap=below ema=bear rs=+0% adx=15 body=29% ramp=0.6x rangeATR=0.8 O620.01 H620.37 L619.83 C619.86 ATR=8.19 SL=620.67/621.08 rawVol=41218 volSMA=46736 buf=0.409 prices=620.56
2025-12-30T09:30:00.000-05:00,[KLB] 9:30 ▼ ~ ~ Today O vol=2.1x pos=v85 vwap=below ema=bear rs=-0.1% adx=21 body=85% ramp=2.2x rangeATR=1.3 ⚠ O620.12 H620.12 L619.78 C619.83 ATR=7.97 SL=620.63/621.03 rawVol=3804 volSMA=1774 buf=0.399 prices=
2025-12-30T09:50:00.000-05:00,[KLB] 9:50 ▲ RNG range break vol=5.2x
2025-12-30T10:05:00.000-05:00,[KLB] 10:05 ▼ BRK Week O vol=1.5x pos=v98 vwap=above ema=bear rs=+0.1% adx=21 body=78% ramp=1.2x rangeATR=1.2 O621.3 H621.42 L620.82 C620.83 ATR=7.97 SL=621.63/622.03 rawVol=42345 volSMA=28693 buf=0.399 prices=
2025-12-30T10:05:00.000-05:00,[KLB] CONF 10:05 ▼ BRK → ✓ (auto-R1: EMA)
2025-12-30T10:10:00.000-05:00,[KLB] 10:10 ▼ ~ ~ Yest H + ~ ORB H vol=1.4x pos=v76 vwap=below ema=bear rs=+0.1% adx=20 body=64% ramp=0.7x rangeATR=1.1 O620.84 H620.91 L620.36 C620.49 ATR=7.97 SL=621.29/621.69 rawVol=34768 volSMA=30332 buf=0.399 prices=622.78/620.8
2025-12-30T10:10:00.000-05:00,[KLB] 5m CHECK 10:10 ▼ pnl=0.04 SPY~ → HOLD
2025-12-30T11:20:00.000-05:00,[KLB] 11:20 ▲ ~ ~ VWAP vol=0.7x pos=^88 vwap=above ema=bull rs=+0.2% adx=20 body=76% ramp=0.6x rangeATR=0.5 O621.35 H621.57 L621.32 C621.54 ATR=7.97 SL=620.74/620.34 rawVol=37958 volSMA=56265 buf=0.399 prices=
2025-12-31T09:30:00.000-05:00,[KLB] 9:30 ▼ ~ ~ Today O vol=1x pos=v100 vwap=above ema=bull rs=+0% adx=56 body=79% ramp=2.1x rangeATR=1.9 O620 H620.1 L619.63 C619.63 ATR=7.61 SL=620.39/620.77 rawVol=2738 volSMA=2620 buf=0.381 prices=
2025-12-31T09:40:00.000-05:00,[KLB] 9:40 ▼ RNG range break vol=8.9x
2025-12-31T09:40:00.000-05:00,[KLB] 9:40 ▼ ~ ~ ORB H vol=8.9x pos=v73 vwap=below ema=bull rs=0% adx=50 body=53% ramp=19.4x rangeATR=4.2 ⚡ O619.39 H619.73 L618.05 C618.5 ATR=7.61 SL=619.26/619.64 rawVol=91956 volSMA=12898 buf=0.381 prices=619.95
2025-12-31T10:20:00.000-05:00,[KLB] 10:20 ▼ BRK Week L vol=1.9x pos=v73 vwap=below ema=bear rs=-0.1% adx=45 body=57% ramp=0.9x rangeATR=1.8 O617.87 H618.03 L617.03 C617.3 ATR=7.61 SL=618.06/618.44 rawVol=63158 volSMA=38814 buf=0.381 prices=617.77
2025-12-31T10:20:00.000-05:00,[KLB] 10:20 ▼ ~ ~ VWAP vol=1.9x pos=v73 vwap=below ema=bear rs=-0.1% adx=45 body=57% ramp=0.9x rangeATR=1.8 O617.87 H618.03 L617.03 C617.3 ATR=7.61 SL=618.06/618.44 rawVol=63158 volSMA=38814 buf=0.381 prices=
2025-12-31T10:20:00.000-05:00,[KLB] CONF 10:20 ▼ BRK → ✓ (auto-R1: EMA)
2025-12-31T10:25:00.000-05:00,[KLB] 5m CHECK 10:25 ▼ pnl=-0.02 SPY~ → HOLD
2025-12-31T14:35:00.000-05:00,[KLB] 14:35 ▼ BRK PM L vol=2.4x pos=v99 vwap=below ema=bear rs=-0.1% adx=24 body=93% ramp=1.8x rangeATR=2.8 ⚡ ⚠ O617.34 H617.41 L616.26 C616.27 ATR=7.61 SL=617.03/617.41 rawVol=87945 volSMA=36463 buf=0.381 prices=616.68
2025-12-31T14:35:00.000-05:00,[KLB] CONF 14:35 ▼ BRK → ✓ (auto-R1: EMA)
2025-12-31T14:40:00.000-05:00,[KLB] 5m CHECK 14:40 ▼ pnl=-0.02 SPY✓ → HOLD
2026-01-02T09:40:00.000-05:00,[KLB] 9:40 ▼ RNG range break vol=12.3x
2026-01-02T09:50:00.000-05:00,[KLB] 9:50 ▲ RNG range break vol=5.6x
2026-01-02T10:20:00.000-05:00,[KLB] 10:20 ▼ BRK Week L vol=2.4x pos=v57 vwap=below ema=bear rs=-0.2% adx=25 body=53% ramp=1.2x rangeATR=1.4 O618.07 H618.12 L616.83 C617.39 ATR=7.49 SL=618.14/618.51 rawVol=158219 volSMA=83455 buf=0.375 prices=617.77
2026-01-02T10:20:00.000-05:00,[KLB] CONF 10:20 ▼ BRK → ✓ (auto-R1: EMA)
2026-01-02T10:25:00.000-05:00,[KLB] 10:25 ▼ BRK PM L vol=2x pos=v94 vwap=below ema=bear rs=-0.3% adx=26 body=93% ramp=2x rangeATR=2.3 ⚡ ⚠ O617.48 H617.51 L615.13 C615.27 ATR=7.49 SL=616.01/616.39 rawVol=182709 volSMA=92482 buf=0.375 prices=617.38
2026-01-02T10:25:00.000-05:00,[KLB] CONF 10:25 ▼ BRK → ✓ (auto-R1: EMA)
2026-01-02T10:30:00.000-05:00,[KLB] 5m CHECK 10:30 ▼ pnl=-0.02 SPY✓ → HOLD
2026-01-02T11:00:00.000-05:00,[KLB] 11:00 ▼ ~ ~ PD Cls vol=1x pos=v89 vwap=below ema=bear rs=-0.6% adx=26 body=78% ramp=1x rangeATR=2.3 ⚡ O615.13 H615.48 L612.31 C612.67 ATR=7.49 SL=613.42/613.79 rawVol=127947 volSMA=128900 buf=0.375 prices=
2026-01-02T14:55:00.000-05:00,[KLB] 14:55 ▼ BRK Yest L + PD LH L vol=1.2x pos=v58 vwap=below ema=bear rs=-0.7% adx=26 body=54% ramp=0.5x rangeATR=0.9 O614.18 H614.21 L613.52 C613.81 ATR=7.49 SL=614.56/614.93 rawVol=56073 volSMA=45135 buf=0.375 prices=614.05
2026-01-02T14:55:00.000-05:00,[KLB] CONF 14:55 ▼ BRK → ✓ (auto-R1: EMA)
2026-01-02T15:00:00.000-05:00,[KLB] 5m CHECK 15:00 ▼ pnl=0.06 SPY✓ → HOLD
2026-01-05T09:30:00.000-05:00,[KLB] 9:30 ▲ RNG range break vol=5.5x
2026-01-05T09:30:00.000-05:00,[KLB] 9:30 ▲ ~ ~ VWAP + ~ Today O vol=5.5x pos=^100 vwap=above ema=bull rs=+0.5% adx=28 body=83% ramp=1.9x rangeATR=1.6 ⚠ O618.85 H619.39 L618.74 C619.39 ATR=7.86 SL=618.6/618.21 rawVol=50805 volSMA=9230 buf=0.393 prices=
2026-01-05T09:35:00.000-05:00,[KLB] 9:35 ▼ ~ ~ PM H vol=13.7x pos=v92 vwap=below ema=bull rs=-0.3% adx=27 body=61% ramp=17.9x rangeATR=4.1 ⚡ O619.3 H619.98 L617.79 C617.97 ATR=7.86 SL=618.76/619.15 rawVol=398744 volSMA=29039 buf=0.393 prices=619.39
2026-01-05T14:30:00.000-05:00,[KLB] 14:30 ▼ ~ ~ VWAP vol=1.5x pos=v89 vwap=below ema=bear rs=-0.5% adx=33 body=50% ramp=1.3x rangeATR=0.9 O618.08 H618.22 L617.86 C617.9 ATR=7.86 SL=618.69/619.08 rawVol=66716 volSMA=44794 buf=0.393 prices=
2026-01-05T14:45:00.000-05:00,[KLB] 14:45 ▼ BRK ORB L vol=1.8x pos=v38 vwap=below ema=bear rs=-0.5% adx=37 body=38% ramp=1.8x rangeATR=1.3 O617.56 H617.56 L617.04 C617.36 ATR=7.86 SL=618.15/618.54 rawVol=90199 volSMA=51348 buf=0.393 prices=617.79
2026-01-05T14:45:00.000-05:00,[KLB] CONF 14:45 ▼ BRK → ✓ (auto-R1: EMA)
2026-01-05T14:50:00.000-05:00,[KLB] 5m CHECK 14:50 ▼ pnl=-0.04 SPY~ → HOLD
2026-01-06T09:35:00.000-05:00,[KLB] 9:35 ▲ RNG range break vol=14x
2026-01-06T09:40:00.000-05:00,[KLB] 9:40 ▼ ~ x~ PM H + x~ Yest H + x~ ORB H vol=6.3x pos=v72 vwap=below ema=bull rs=0% adx=27 body=18% ramp=54.6x rangeATR=3 ⚡ O619.52 H620.16 L618.97 C619.3 ATR=7.85 SL=620.09/620.48 rawVol=125412 volSMA=19876 buf=0.393 prices=619.55/620.81/620.15
2026-01-06T09:45:00.000-05:00,[KLB] 9:45 ▲ FADE at 619.55
2026-01-06T09:50:00.000-05:00,[KLB] 9:50 ▲ BRK Week O + Month O vol=4.7x pos=^87 vwap=above ema=bull rs=+0.1% adx=26 body=79% ramp=2.1x rangeATR=2.5 ⚡ O619.94 H621.18 L619.84 C621 ATR=7.85 SL=620.21/619.82 rawVol=162366 volSMA=34228 buf=0.393 prices=
2026-01-06T09:50:00.000-05:00,[KLB] 9:50 ▲ ~ ~ VWAP vol=4.7x pos=^87 vwap=above ema=bull rs=+0.1% adx=26 body=79% ramp=2.1x rangeATR=2.5 ⚡ O619.94 H621.18 L619.84 C621 ATR=7.85 SL=620.21/619.82 rawVol=162366 volSMA=34228 buf=0.393 prices=
2026-01-06T09:50:00.000-05:00,[KLB] CONF 9:50 ▲ BRK → ✓ (auto-R1: EMA)
2026-01-06T09:55:00.000-05:00,[KLB] 5m CHECK 9:55 ▲ pnl=0.06 SPY~ → HOLD
2026-01-07T09:35:00.000-05:00,[KLB] 9:35 ▲ RNG range break vol=11.8x
2026-01-07T15:25:00.000-05:00,[KLB] 15:25 ▼ ~ ~ VWAP vol=1.5x pos=v96 vwap=below ema=bear rs=+0.5% adx=30 body=89% ramp=2.3x rangeATR=1.2 ⚠ O625.31 H625.35 L624.8 C624.82 ATR=7.72 SL=625.59/625.98 rawVol=99459 volSMA=65371 buf=0.386 prices=
2026-01-08T09:35:00.000-05:00,[KLB] 9:35 ▼ RNG range break vol=14.7x
2026-01-08T09:40:00.000-05:00,[KLB] 9:40 ▼ BRK ORB L vol=9.1x pos=v96 vwap=below ema=bear rs=-0.4% adx=22 body=52% ramp=61.7x rangeATR=2.3 ⚡ O621.09 H621.64 L620.38 C620.43 ATR=7.55 SL=621.19/621.56 rawVol=196991 volSMA=25781 buf=0.378 prices=620.77
2026-01-08T09:40:00.000-05:00,[KLB] CONF 9:40 ▼ BRK → ✓ (auto-R1: EMA)
2026-01-08T09:45:00.000-05:00,[KLB] 9:45 ▼ BRK Week O + Month O vol=8.1x pos=v92 vwap=below ema=bear rs=-0.5% adx=26 body=68% ramp=61.4x rangeATR=3.2 ⚡ O620.43 H620.92 L618.87 C619.03 ATR=7.55 SL=619.79/620.16 rawVol=350418 volSMA=43189 buf=0.378 prices=
2026-01-08T09:45:00.000-05:00,[KLB] 9:45 ▼ ~ ~ VWAP vol=8.1x pos=v92 vwap=below ema=bear rs=-0.5% adx=26 body=68% ramp=61.4x rangeATR=3.2 ⚡ O620.43 H620.92 L618.87 C619.03 ATR=7.55 SL=619.79/620.16 rawVol=350418 volSMA=43189 buf=0.378 prices=
2026-01-08T09:45:00.000-05:00,[KLB] CONF 9:45 ▼ BRK → ✓ (auto-R1: EMA)
2026-01-08T09:50:00.000-05:00,[KLB] 5m CHECK 9:50 ▼ pnl=-0.1 SPY~ → HOLD
2026-01-09T09:30:00.000-05:00,[KLB] 9:30 ▼ ~ ~ Today O vol=1.8x pos=v65 vwap=below ema=bull rs=+0.2% adx=27 body=52% ramp=1.6x rangeATR=1.3 O621.72 H621.8 L621.15 C621.38 ATR=7.46 SL=622.13/622.5 rawVol=17248 volSMA=9780 buf=0.373 prices=
2026-01-09T09:35:00.000-05:00,[KLB] 9:35 ▼ RNG range break vol=10.7x
2026-01-09T09:35:00.000-05:00,[KLB] 9:35 ▼ ~ ~ VWAP vol=10.7x pos=v58 vwap=below ema=bull rs=-0.2% adx=28 body=58% ramp=5.6x rangeATR=2.7 ⚡ O621.41 H621.41 L619.84 C620.5 ATR=7.46 SL=621.25/621.62 rawVol=221921 volSMA=20811 buf=0.373 prices=
2026-01-09T09:40:00.000-05:00,[KLB] 9:40 ▲ FADE at 621.41
2026-01-09T09:40:00.000-05:00,[KLB] 9:40 ▲ ~ ~ PM L + ~ Yest L + ~ PD Cls vol=6.6x pos=^70 vwap=above ema=bull rs=0% adx=27 body=68% ramp=8.2x rangeATR=3.8 ⚡ O620.51 H623.25 L620.44 C622.41 ATR=7.46 SL=621.66/621.29 rawVol=205724 volSMA=31015 buf=0.373 prices=620.22/617.8
2026-01-09T10:10:00.000-05:00,[KLB] 10:10 ▼ BRK PM L + ORB L + Week O + Month O vol=2.6x pos=v73 vwap=below ema=bear rs=-0.1% adx=26 body=67% ramp=1.1x rangeATR=2.2 ⚡ O621.38 H621.51 L619.08 C619.74 ATR=7.46 SL=620.49/620.86 rawVol=194421 volSMA=74734 buf=0.373 prices=620.22/619.84
2026-01-09T10:10:00.000-05:00,[KLB] 10:10 ▼ ~ ~ ORB H vol=2.6x pos=v73 vwap=below ema=bear rs=-0.1% adx=26 body=67% ramp=1.1x rangeATR=2.2 ⚡ O621.38 H621.51 L619.08 C619.74 ATR=7.46 SL=620.49/620.86 rawVol=194421 volSMA=74734 buf=0.373 prices=621.41
2026-01-09T10:10:00.000-05:00,[KLB] CONF 10:10 ▼ BRK → ✓ (auto-R1: EMA)
2026-01-09T10:15:00.000-05:00,[KLB] 5m CHECK 10:15 ▼ pnl=-0.34 SPY~ → BAIL
2026-01-09T10:25:00.000-05:00,[KLB] 10:25 ▲ ~ ~ VWAP vol=1.5x pos=^75 vwap=above ema=bull rs=+0.1% adx=23 body=49% ramp=0.9x rangeATR=1.2 O622.74 H623.81 L622.36 C623.45 ATR=7.46 SL=622.7/622.33 rawVol=110557 volSMA=92181 buf=0.373 prices=
2026-01-12T09:35:00.000-05:00,[KLB] 9:35 ▲ RNG range break vol=11.2x
2026-01-12T09:50:00.000-05:00,[KLB] 9:50 ▲ ~ ~ VWAP vol=2.5x pos=^89 vwap=above ema=bull rs=+0.1% adx=26 body=35% ramp=1.4x rangeATR=1.5 O624.92 H625.35 L624.4 C625.25 ATR=7.56 SL=624.49/624.12 rawVol=100607 volSMA=40384 buf=0.378 prices=
2026-01-12T11:15:00.000-05:00,[KLB] 11:15 ▲ ~ ~ PD LH L + ~ PD Cls vol=1.2x pos=^98 vwap=above ema=bull rs=+0.2% adx=34 body=98% ramp=1.3x rangeATR=0.8 ⚠ O626.57 H627.08 L626.57 C627.07 ATR=7.56 SL=626.31/625.94 rawVol=108618 volSMA=89205 buf=0.378 prices=
2026-01-13T09:30:00.000-05:00,[KLB] 9:30 ▼ ~ ~ Week H vol=0.8x pos=v94 vwap=below ema=bull rs=+0.1% adx=32 body=83% ramp=1.1x rangeATR=2.4 ⚡ ⚠ O628.35 H628.49 L627.22 C627.3 ATR=7.49 SL=628.05/628.42 rawVol=9974 volSMA=12891 buf=0.374 prices=627.94
2026-01-13T09:35:00.000-05:00,[KLB] 9:35 ▲ FADE at 627.94
2026-01-13T09:35:00.000-05:00,[KLB] 9:35 ▲ ~ ~ PD LH L + ~ Today O + ~ PD Cls vol=9.5x pos=^95 vwap=above ema=bull rs=+0.1% adx=30 body=60% ramp=14.1x rangeATR=2.2 ⚡ O627.27 H628.14 L626.8 C628.07 ATR=7.49 SL=627.32/626.95 rawVol=215815 volSMA=22745 buf=0.374 prices=
2026-01-13T09:40:00.000-05:00,[KLB] 9:40 ▲ ~ ~ VWAP vol=7.5x pos=^97 vwap=above ema=bull rs=+0.2% adx=29 body=61% ramp=17.1x rangeATR=1.6 O628.06 H628.72 L627.69 C628.69 ATR=7.49 SL=627.94/627.57 rawVol=127225 volSMA=28846 buf=0.374 prices=
2026-01-13T10:00:00.000-05:00,[KLB] 10:00 ▼ ~ x~ Week H + x~ ORB H vol=2.2x pos=v100 vwap=below ema=bull rs=+0.2% adx=27 body=30% ramp=0.6x rangeATR=1 O627.42 H627.96 L627.19 C627.19 ATR=7.49 SL=627.94/628.31 rawVol=70673 volSMA=55756 buf=0.374 prices=627.94/628.14
2026-01-13T10:05:00.000-05:00,[KLB] 10:05 ▼ ~ x~ Yest H vol=3x pos=v49 vwap=below ema=bull rs=+0.2% adx=26 body=21% ramp=0.8x rangeATR=2.1 ⚡ O627.18 H627.7 L625.88 C626.8 ATR=7.49 SL=627.55/627.92 rawVol=194272 volSMA=65103 buf=0.374 prices=628.85
2026-01-13T11:05:00.000-05:00,[KLB] 11:05 ▼ ~ ~ VWAP vol=0.6x pos=v90 vwap=below ema=bear rs=+0% adx=24 body=39% ramp=1x rangeATR=0.4 O625.94 H626.15 L625.74 C625.78 ATR=7.49 SL=626.53/626.9 rawVol=64682 volSMA=106585 buf=0.374 prices=
2026-01-13T13:55:00.000-05:00,[KLB] 13:55 ▼ BRK PM L vol=1x pos=v37 vwap=below ema=bear rs=0% adx=31 body=37% ramp=1.9x rangeATR=0.9 O625.14 H625.14 L624.52 C624.91 ATR=7.49 SL=625.66/626.03 rawVol=63746 volSMA=63829 buf=0.374 prices=625.4
2026-01-13T13:55:00.000-05:00,[KLB] CONF 13:55 ▼ BRK → ✓ (auto-R1: EMA)
2026-01-13T14:00:00.000-05:00,[KLB] 5m CHECK 14:00 ▼ pnl=0.04 SPY✓ → HOLD
2026-01-14T09:30:00.000-05:00,[KLB] 9:30 ▼ ~ ~ Today O vol=2.9x pos=v88 vwap=below ema=bear rs=-0.4% adx=31 body=33% ramp=1.9x rangeATR=1.9 O622.53 H623.02 L622.12 C622.23 ATR=7.36 SL=622.97/623.33 rawVol=24060 volSMA=8409 buf=0.368 prices=
2026-01-14T09:35:00.000-05:00,"[KLB] 9:35 ▲ ~ ~ PM L
~ VWAP vol=12.9x pos=^93 vwap=above ema=bear rs=+0.1% adx=32 body=32% ramp=23.6x rangeATR=4.5 ⚡ O622.29 H623.42 L620.52 C623.21 ATR=7.36 SL=622.47/622.11 rawVol=303828 volSMA=23567 buf=0.368 prices=621.36"
2026-01-14T09:40:00.000-05:00,[KLB] 9:40 ▼ FADE at 621.36
2026-01-14T09:40:00.000-05:00,[KLB] 9:40 ▼ ~ ~ ORB H vol=5.9x pos=v92 vwap=below ema=bear rs=-0.1% adx=33 body=83% ramp=48.8x rangeATR=3.1 ⚡ ⚠ O623.22 H623.45 L621.02 C621.21 ATR=7.36 SL=621.95/622.31 rawVol=194835 volSMA=33205 buf=0.368 prices=623.42
2026-01-14T09:45:00.000-05:00,[KLB] 9:45 ▼ RNG range break vol=5.3x
2026-01-14T09:45:00.000-05:00,[KLB] 9:45 ▼ BRK PM L + ORB L + Month O vol=5.3x pos=v92 vwap=below ema=bear rs=-0.2% adx=35 body=74% ramp=23.4x rangeATR=2.5 ⚡ O621.21 H621.58 L619.44 C619.62 ATR=7.36 SL=620.36/620.72 rawVol=240007 volSMA=45129 buf=0.368 prices=621.36/620.52
2026-01-14T09:45:00.000-05:00,[KLB] 9:45 ▼ ~ ~ VWAP vol=5.3x pos=v92 vwap=below ema=bear rs=-0.2% adx=35 body=74% ramp=23.4x rangeATR=2.5 ⚡ O621.21 H621.58 L619.44 C619.62 ATR=7.36 SL=620.36/620.72 rawVol=240007 volSMA=45129 buf=0.368 prices=
2026-01-14T09:45:00.000-05:00,[KLB] CONF 9:45 ▼ BRK → ✓ (auto-R1: EMA)
2026-01-14T09:50:00.000-05:00,[KLB] 5m CHECK 9:50 ▼ pnl=-0.12 SPY~ → BAIL
2026-01-14T10:50:00.000-05:00,[KLB] 10:50 ▼ BRK Week L vol=1.3x pos=v97 vwap=below ema=bear rs=-0.4% adx=40 body=84% ramp=1.1x rangeATR=1.7 ⚠ O617.86 H618.13 L615.99 C616.06 ATR=7.36 SL=616.8/617.16 rawVol=211511 volSMA=158913 buf=0.368 prices=616.72
2026-01-14T10:50:00.000-05:00,[KLB] CONF 10:50 ▼ BRK → ✓ (auto-R1: EMA)
2026-01-14T10:55:00.000-05:00,[KLB] 5m CHECK 10:55 ▼ pnl=-0.04 SPY✓ → HOLD
2026-01-14T11:50:00.000-05:00,[KLB] 11:50 ▼ BRK Week L vol=1.3x pos=v94 vwap=below ema=bear rs=-0.4% adx=31 body=94% ramp=1x rangeATR=0.9 ⚠ O616.77 H616.77 L615.83 C615.89 ATR=7.36 SL=616.63/616.99 rawVol=159334 volSMA=125716 buf=0.368 prices=616.72
2026-01-14T11:50:00.000-05:00,[KLB] CONF 11:50 ▼ BRK → ✓ (auto-R1: EMA)
2026-01-14T11:55:00.000-05:00,[KLB] 5m CHECK 11:55 ▼ pnl=0.08 SPY✓ → HOLD
2026-01-15T09:35:00.000-05:00,[KLB] 9:35 ▼ ~ ~ Today O vol=10.2x pos=v90 vwap=above ema=bull rs=-0.1% adx=41 body=56% ramp=14.4x rangeATR=3.1 ⚡ O626.62 H627.13 L625.59 C625.75 ATR=7.67 SL=626.52/626.9 rawVol=316973 volSMA=31058 buf=0.384 prices=
2026-01-15T09:45:00.000-05:00,[KLB] 9:45 ▲ FADE at 626.6
2026-01-15T09:45:00.000-05:00,[KLB] 9:45 ▲ ~ ~ VWAP vol=4.2x pos=^84 vwap=above ema=bull rs=+0.1% adx=37 body=54% ramp=9.6x rangeATR=3 ⚡ O625.65 H626.95 L625.09 C626.65 ATR=7.67 SL=625.88/625.5 rawVol=206917 volSMA=48748 buf=0.384 prices=
2026-01-15T15:20:00.000-05:00,[KLB] 15:20 ▼ BRK PM L vol=1.5x pos=v99 vwap=below ema=bear rs=-0.4% adx=40 body=98% ramp=0.9x rangeATR=1.6 ⚠ O622.47 H622.48 L621.46 C621.47 ATR=7.67 SL=622.24/622.62 rawVol=98239 volSMA=64259 buf=0.384 prices=622.06
2026-01-15T15:20:00.000-05:00,[KLB] 15:20 ▼ ~ ~ Yest H vol=1.5x pos=v99 vwap=below ema=bear rs=-0.4% adx=40 body=98% ramp=0.9x rangeATR=1.6 ⚠ O622.47 H622.48 L621.46 C621.47 ATR=7.67 SL=622.24/622.62 rawVol=98239 volSMA=64259 buf=0.384 prices=623.45
2026-01-15T15:20:00.000-05:00,[KLB] CONF 15:20 ▼ BRK → ✓ (auto-R1: EMA)
2026-01-15T15:25:00.000-05:00,[KLB] 5m CHECK 15:25 ▼ pnl=0 SPY✓ → HOLD
2026-01-16T09:30:00.000-05:00,[KLB] 9:30 ▲ RNG range break vol=3x
2026-01-16T10:00:00.000-05:00,[KLB] 10:00 ▼ RNG range break vol=3.4x
2026-01-16T10:00:00.000-05:00,[KLB] 10:00 ▼ BRK PM L vol=3.4x pos=v97 vwap=below ema=bear rs=-0.3% adx=26 body=95% ramp=0.8x rangeATR=2.2 ⚡ ⚠ O623.55 H623.58 L622.16 C622.2 ATR=7.87 SL=622.99/623.38 rawVol=198869 volSMA=57756 buf=0.394 prices=623
2026-01-16T10:00:00.000-05:00,[KLB] 10:00 ▼ ~ ~ VWAP vol=3.4x pos=v97 vwap=below ema=bear rs=-0.3% adx=26 body=95% ramp=0.8x rangeATR=2.2 ⚡ ⚠ O623.55 H623.58 L622.16 C622.2 ATR=7.87 SL=622.99/623.38 rawVol=198869 volSMA=57756 buf=0.394 prices=
2026-01-16T10:00:00.000-05:00,[KLB] CONF 10:00 ▼ BRK → ✓ (auto-R1: EMA)
2026-01-16T10:05:00.000-05:00,[KLB] 5m CHECK 10:05 ▼ pnl=0 SPY~ → HOLD
2026-01-16T10:35:00.000-05:00,[KLB] 10:35 ▼ BRK Yest L + PD LH L vol=1.9x pos=v56 vwap=below ema=bear rs=-0.4% adx=36 body=43% ramp=1.3x rangeATR=0.8 O620.75 H620.83 L620.2 C620.48 ATR=7.87 SL=621.27/621.66 rawVol=217073 volSMA=116508 buf=0.394 prices=620.75
2026-01-16T10:35:00.000-05:00,[KLB] CONF 10:35 ▼ BRK → ✓ (auto-R1: EMA)
2026-01-16T10:40:00.000-05:00,[KLB] 5m CHECK 10:40 ▼ pnl=0.07 SPY✓ → HOLD
2026-01-20T09:35:00.000-05:00,[KLB] 9:35 ▲ RNG range break vol=10.9x
2026-01-20T09:45:00.000-05:00,[KLB] 9:45 ▲ ~ ~ VWAP vol=3.1x pos=^93 vwap=above ema=bear rs=+0.1% adx=21 body=32% ramp=13.7x rangeATR=2.3 ⚡ O611.98 H612.88 L610.6 C612.72 ATR=7.82 SL=611.94/611.55 rawVol=187618 volSMA=61192 buf=0.391 prices=
2026-01-20T11:40:00.000-05:00,[KLB] 11:40 ▲ ~ ~ Week L vol=0.5x pos=^99 vwap=above ema=bull rs=+0.3% adx=25 body=98% ramp=1x rangeATR=0.6 ⚠ O614.34 H614.97 L614.33 C614.97 ATR=7.82 SL=614.18/613.79 rawVol=39979 volSMA=78760 buf=0.391 prices=614.56
2026-01-20T13:40:00.000-05:00,[KLB] 13:40 ▼ BRK ORB L vol=2.2x pos=v94 vwap=below ema=bear rs=+0.2% adx=24 body=55% ramp=2.5x rangeATR=0.9 O610.17 H610.43 L609.77 C609.81 ATR=7.82 SL=610.59/610.98 rawVol=82041 volSMA=52243 buf=0.391 prices=610.32
2026-01-20T13:40:00.000-05:00,[KLB] CONF 13:40 ▼ BRK → ✓ (auto-R1: EMA)
2026-01-20T13:45:00.000-05:00,[KLB] 5m CHECK 13:45 ▼ pnl=0.01 SPY✓ → HOLD
2026-01-21T09:30:00.000-05:00,[KLB] 9:30 ▼ 🔇 QBS ramp=0.4x vol=1.3x pos=v95 vwap=above ema=bull adx=35 body=71% rangeATR=1.6 O610.57 H610.94 L609.39 C609.47 ATR=8.28
2026-01-21T09:35:00.000-05:00,[KLB] 9:35 ▼ ~ ~ Today O vol=7.3x pos=v85 vwap=above ema=bull rs=-0.1% adx=35 body=48% ramp=2x rangeATR=1.7 O609.47 H610.11 L608.39 C608.65 ATR=8.28 SL=609.48/609.89 rawVol=255339 volSMA=35124 buf=0.414 prices=
2026-01-21T09:35:00.000-05:00,[KLB] CONF 9:35 ▼ QBS → ✓ (auto-promote)
2026-01-21T09:40:00.000-05:00,[KLB] 5m CHECK 9:40 ▼ pnl=-0.07 SPY~ → HOLD
2026-01-21T09:45:00.000-05:00,[KLB] 9:45 ▲ FADE at 609.47
2026-01-21T09:50:00.000-05:00,[KLB] 9:50 ▲ ~ ~ VWAP vol=2.2x pos=^85 vwap=above ema=bull rs=-0.1% adx=33 body=76% ramp=1.1x rangeATR=1 O609.63 H610.64 L609.53 C610.47 ATR=8.28 SL=609.64/609.23 rawVol=100259 volSMA=52325 buf=0.414 prices=
2026-01-21T10:40:00.000-05:00,[KLB] 10:40 ▲ ~ ~ Week L vol=1x pos=^62 vwap=above ema=bull rs=+0.3% adx=42 body=53% ramp=0.7x rangeATR=0.9 O614.71 H615.59 L614.62 C615.22 ATR=8.28 SL=614.39/613.98 rawVol=94651 volSMA=98198 buf=0.414 prices=614.56
2026-01-21T12:05:00.000-05:00,[KLB] 12:05 ▼ ~ x~ PM H + x~ Yest H vol=1.1x pos=v98 vwap=below ema=bull rs=+0.1% adx=40 body=17% ramp=0.5x rangeATR=0.9 O610.32 H611.07 L610.14 C610.16 ATR=8.28 SL=610.99/611.4 rawVol=82703 volSMA=93649 buf=0.414 prices=610.94/615.06
2026-01-21T12:30:00.000-05:00,[KLB] 12:30 ▼ ~ x~ ORB H vol=0.5x pos=v63 vwap=below ema=bull rs=+0% adx=42 body=29% ramp=0.8x rangeATR=0.9 O610.03 H610.36 L609.39 C609.75 ATR=8.28 SL=610.58/610.99 rawVol=45478 volSMA=92387 buf=0.414 prices=610.11
2026-01-21T12:45:00.000-05:00,[KLB] 12:45 ▼ ~ ~ ORB H vol=0.6x pos=v100 vwap=below ema=bear rs=+0% adx=41 body=54% ramp=0.6x rangeATR=0.8 O609.63 H610.02 L609.17 C609.17 ATR=8.28 SL=610/610.41 rawVol=48005 volSMA=87088 buf=0.414 prices=610.11
2026-01-21T12:55:00.000-05:00,[KLB] 12:55 ▲ FADE at 610.11
2026-01-21T13:05:00.000-05:00,"[KLB] 13:05 ▼ ~ ~ PM H + ~ Yest H + ~ ORB H
~ VWAP vol=1x pos=v89 vwap=below ema=bear rs=0% adx=38 body=81% ramp=2.4x rangeATR=2.1 ⚡ ⚠ O610.65 H610.84 L608.43 C608.69 ATR=8.28 SL=609.52/609.93 rawVol=104103 volSMA=101504 buf=0.414 prices=610.94/615.06/610.11"
2026-01-21T13:25:00.000-05:00,[KLB] 13:25 ▼ ~ ~ ORB H vol=0.8x pos=v82 vwap=below ema=bear rs=0% adx=33 body=59% ramp=0.6x rangeATR=0.8 O609.86 H610.05 L609.22 C609.37 ATR=8.28 SL=610.2/610.61 rawVol=74652 volSMA=91182 buf=0.414 prices=610.11
2026-01-21T13:40:00.000-05:00,[KLB] 13:40 ▼ ~ ~ PM H + ~ Yest H vol=0.5x pos=v46 vwap=below ema=bear rs=+0.1% adx=28 body=32% ramp=0.6x rangeATR=1.1 O610.78 H610.96 L609.73 C610.39 ATR=8.28 SL=611.22/611.63 rawVol=43162 volSMA=79209 buf=0.414 prices=610.94/615.06
2026-01-21T14:15:00.000-05:00,[KLB] 14:15 ▼ ~ x~ PM H vol=0.6x pos=v89 vwap=below ema=bear rs=+0.1% adx=19 body=19% ramp=0.5x rangeATR=0.7 O610.7 H611.23 L610.48 C610.56 ATR=8.28 SL=611.39/611.8 rawVol=35316 volSMA=69786 buf=0.414 prices=610.94
2026-01-22T09:35:00.000-05:00,[KLB] 9:35 ▼ RNG range break vol=11.2x
2026-01-22T10:00:00.000-05:00,[KLB] 10:00 ▼ BRK PM L vol=1.8x pos=v76 vwap=below ema=bear rs=-0.3% adx=27 body=63% ramp=0.6x rangeATR=1.8 O619.76 H619.97 L618.32 C618.72 ATR=8.59 SL=619.58/620.01 rawVol=99924 volSMA=56938 buf=0.429 prices=619
2026-01-22T10:00:00.000-05:00,[KLB] 10:00 ▼ ~ ~ VWAP vol=1.8x pos=v76 vwap=below ema=bear rs=-0.3% adx=27 body=63% ramp=0.6x rangeATR=1.8 O619.76 H619.97 L618.32 C618.72 ATR=8.59 SL=619.58/620.01 rawVol=99924 volSMA=56938 buf=0.429 prices=
2026-01-22T10:00:00.000-05:00,[KLB] CONF 10:00 ▼ BRK → ✓ (auto-R1: EMA)
2026-01-22T10:05:00.000-05:00,[KLB] 5m CHECK 10:05 ▼ pnl=0.04 SPY✓ → HOLD
2026-01-23T09:30:00.000-05:00,[KLB] 9:30 ▲ ~ ~ PD LH L vol=2.9x pos=^85 vwap=above ema=bear rs=-0.1% adx=25 body=85% ramp=1.4x rangeATR=1.5 ⚠ O619.11 H619.79 L619.11 C619.69 ATR=8.41 SL=618.85/618.43 rawVol=22585 volSMA=7787 buf=0.421 prices=
2026-01-23T10:00:00.000-05:00,"[KLB] 10:00 ▲ ~ ~ Yest L
~ VWAP vol=1.9x pos=^100 vwap=above ema=bull rs=+0.1% adx=24 body=88% ramp=0.5x rangeATR=1.4 ⚠ 🔇 O620.16 H621.11 L620.03 C621.11 ATR=8.41 SL=620.27/619.85 rawVol=85642 volSMA=44868 buf=0.421 prices=617.78"
2026-01-23T13:00:00.000-05:00,[KLB] 13:00 ▼ ~ x~ PM H vol=1.3x pos=v71 vwap=below ema=bull rs=+0.3% adx=25 body=5% ramp=1.3x rangeATR=1 O621.79 H622.27 L621.54 C621.75 ATR=8.41 SL=622.59/623.01 rawVol=60911 volSMA=57330 buf=0.421 prices=622.5
2026-01-23T13:10:00.000-05:00,[KLB] 13:10 ▲ FADE at 622.5
2026-01-23T15:30:00.000-05:00,[KLB] 15:30 ▼ ~ ~ PM H + ~ Yest H vol=1.9x pos=v92 vwap=below ema=bear rs=+0.3% adx=21 body=62% ramp=0.8x rangeATR=0.6 O622.43 H622.54 L622.17 C622.2 ATR=8.41 SL=623.04/623.46 rawVol=34785 volSMA=30814 buf=0.421 prices=622.5/622.46
2026-01-26T09:35:00.000-05:00,[KLB] 9:35 ▲ RNG range break vol=11.1x
2026-01-26T09:40:00.000-05:00,[KLB] 9:40 ▲ ~ ~ VWAP vol=8.4x pos=^85 vwap=above ema=bull rs=0% adx=23 body=79% ramp=15.6x rangeATR=1.6 O623.68 H624.35 L623.64 C624.24 ATR=8.29 SL=623.41/623 rawVol=83765 volSMA=17168 buf=0.415 prices=
2026-01-27T09:35:00.000-05:00,[KLB] 9:35 ▼ RNG range break vol=14.9x
2026-01-27T09:55:00.000-05:00,[KLB] 9:55 ▲ RNG range break vol=3.4x
2026-01-28T09:45:00.000-05:00,[KLB] 9:45 ▲ ~ ~ PM L vol=4.3x pos=^87 vwap=above ema=bear rs=+0% adx=21 body=87% ramp=20.2x rangeATR=2.2 ⚡ ⚠ O635.26 H636.41 L635.26 C636.26 ATR=7.99 SL=635.46/635.06 rawVol=129581 volSMA=29939 buf=0.399 prices=635.03
2026-01-28T09:50:00.000-05:00,[KLB] 9:50 ▼ ~ ~ ORB H vol=2.9x pos=v72 vwap=below ema=bear rs=0% adx=20 body=54% ramp=1.5x rangeATR=2.8 ⚡ O636.29 H636.6 L634.92 C635.39 ATR=7.99 SL=636.19/636.59 rawVol=99622 volSMA=34736 buf=0.399 prices=636.32
2026-01-28T10:15:00.000-05:00,[KLB] 10:15 ▼ FADE at 635.03
2026-01-28T10:45:00.000-05:00,[KLB] 10:45 ▼ ~ ~ VWAP vol=0.5x pos=v94 vwap=below ema=bear rs=-0.1% adx=20 body=91% ramp=0.8x rangeATR=1.4 ⚠ O634.77 H634.8 L633.76 C633.82 ATR=7.99 SL=634.62/635.02 rawVol=37680 volSMA=71935 buf=0.399 prices=
2026-01-29T09:30:00.000-05:00,[KLB] 9:30 ▼ ~ ~ PD Cls vol=1.4x pos=v100 vwap=below ema=bear rs=+0.1% adx=30 body=98% ramp=1x rangeATR=1.4 ⚠ O633.26 H633.27 L632.7 C632.7 ATR=7.81 SL=633.48/633.87 rawVol=9964 volSMA=7309 buf=0.39 prices=
2026-01-29T09:35:00.000-05:00,[KLB] 9:35 ▼ RNG range break vol=13.4x
2026-01-29T09:35:00.000-05:00,[KLB] 9:35 ▼ BRK PM L + PD LH L vol=13.4x pos=v85 vwap=below ema=bear rs=-0.1% adx=33 body=38% ramp=7.9x rangeATR=4.1 ⚡ O632.65 H633.68 L631.48 C631.81 ATR=7.81 SL=632.59/632.98 rawVol=285371 volSMA=21243 buf=0.39 prices=632.7
2026-01-29T09:35:00.000-05:00,[KLB] 9:35 ▼ ~ ~ Today O vol=13.4x pos=v85 vwap=below ema=bear rs=-0.1% adx=33 body=38% ramp=7.9x rangeATR=4.1 ⚡ O632.65 H633.68 L631.48 C631.81 ATR=7.81 SL=632.59/632.98 rawVol=285371 volSMA=21243 buf=0.39 prices=
2026-01-29T09:35:00.000-05:00,[KLB] CONF 9:35 ▼ BRK → ✓ (auto-R1: EMA)
2026-01-29T09:40:00.000-05:00,[KLB] 9:40 ▼ BRK Yest L + ORB L vol=8.9x pos=v73 vwap=below ema=bear rs=-0.2% adx=36 body=72% ramp=15.3x rangeATR=3.5 ⚡ O631.82 H631.85 L629.55 C630.17 ATR=7.81 SL=630.95/631.34 rawVol=219677 volSMA=32072 buf=0.39 prices=631.81/631.48
2026-01-29T09:40:00.000-05:00,[KLB] 9:40 ▼ ~ ~ VWAP vol=8.9x pos=v73 vwap=below ema=bear rs=-0.2% adx=36 body=72% ramp=15.3x rangeATR=3.5 ⚡ O631.82 H631.85 L629.55 C630.17 ATR=7.81 SL=630.95/631.34 rawVol=219677 volSMA=32072 buf=0.39 prices=
2026-01-29T09:40:00.000-05:00,[KLB] CONF 9:40 ▼ BRK → ✓ (auto-R1: EMA)
2026-01-29T09:45:00.000-05:00,[KLB] 5m CHECK 9:45 ▼ pnl=0.25 SPY✓ → HOLD
2026-01-29T10:05:00.000-05:00,[KLB] 10:05 ▼ ~ ~ Week H vol=3.4x pos=v61 vwap=below ema=bear rs=-0.4% adx=52 body=56% ramp=0.9x rangeATR=2.3 ⚡ O626.11 H626.25 L623.52 C624.58 ATR=7.81 SL=625.36/625.75 rawVol=263634 volSMA=77214 buf=0.39 prices=625.4
2026-01-29T10:10:00.000-05:00,[KLB] 10:10 ▼ ~ x~ Week H vol=3.1x pos=v82 vwap=below ema=bear rs=-0.4% adx=55 body=26% ramp=1x rangeATR=1 O624.58 H625.24 L624.07 C624.28 ATR=7.81 SL=625.06/625.45 rawVol=155825 volSMA=84754 buf=0.39 prices=625.4
2026-01-29T10:15:00.000-05:00,[KLB] 10:15 ▼ ~ ~ Week H vol=1.9x pos=v99 vwap=below ema=bear rs=-0.5% adx=58 body=61% ramp=1.2x rangeATR=2 ⚡ O624.3 H625.27 L622.7 C622.73 ATR=7.81 SL=623.51/623.9 rawVol=180727 volSMA=93444 buf=0.39 prices=625.4
2026-01-29T10:30:00.000-05:00,[KLB] 10:30 ▼ ~ ~ Week H vol=0.9x pos=v90 vwap=below ema=bear rs=-0.4% adx=62 body=60% ramp=0.6x rangeATR=1.6 O624.49 H625.17 L622.88 C623.12 ATR=7.81 SL=623.9/624.29 rawVol=103056 volSMA=111507 buf=0.39 prices=625.4
2026-01-29T10:55:00.000-05:00,[KLB] 10:55 ▼ BRK Month O vol=1.2x pos=v92 vwap=below ema=bear rs=-0.7% adx=69 body=90% ramp=1.2x rangeATR=1.1 ⚠ O619.85 H619.89 L618.36 C618.48 ATR=7.81 SL=619.26/619.65 rawVol=176624 volSMA=146222 buf=0.39 prices=
2026-01-29T10:55:00.000-05:00,[KLB] CONF 10:55 ▼ BRK → ✓ (auto-R1: EMA)
2026-01-29T11:00:00.000-05:00,[KLB] 5m CHECK 11:00 ▼ pnl=-0.1 SPY✓ → HOLD
2026-01-30T09:35:00.000-05:00,[KLB] 9:35 ▲ RNG range break vol=13.1x
2026-01-30T11:35:00.000-05:00,[KLB] 11:35 ▼ ~ x~ Week H vol=0.9x pos=v88 vwap=below ema=bear rs=0% adx=11 body=23% ramp=1.3x rangeATR=0.9 O624.87 H625.56 L624.5 C624.63 ATR=8.35 SL=625.46/625.88 rawVol=66855 volSMA=74731 buf=0.417 prices=625.4
2026-02-02T09:35:00.000-05:00,[KLB] 9:35 ▲ RNG range break vol=13.6x
2026-02-02T09:35:00.000-05:00,[KLB] 9:35 ▲ BRK Month O vol=13.6x pos=^76 vwap=above ema=bull rs=+0.1% adx=23 body=75% ramp=13.6x rangeATR=4.5 ⚡ O618.7 H621.76 L618.66 C621.02 ATR=8.48 SL=620.17/619.75 rawVol=314344 volSMA=23101 buf=0.424 prices=
2026-02-02T09:35:00.000-05:00,[KLB] 9:35 ▲ ~ ~ VWAP + ~ PD LH L vol=13.6x pos=^76 vwap=above ema=bull rs=+0.1% adx=23 body=75% ramp=13.6x rangeATR=4.5 ⚡ O618.7 H621.76 L618.66 C621.02 ATR=8.48 SL=620.17/619.75 rawVol=314344 volSMA=23101 buf=0.424 prices=
2026-02-02T09:35:00.000-05:00,[KLB] CONF 9:35 ▲ BRK → ✓ (auto-R1: EMA)
2026-02-02T09:40:00.000-05:00,[KLB] 9:40 ▲ ~ ~ Yest L + ~ PD Cls vol=10.1x pos=^76 vwap=above ema=bull rs=+0.3% adx=26 body=57% ramp=19.9x rangeATR=3 ⚡ O621.05 H623.02 L620.6 C622.43 ATR=8.48 SL=621.58/621.16 rawVol=169868 volSMA=31251 buf=0.424 prices=619.3
2026-02-02T09:40:00.000-05:00,[KLB] 5m CHECK 9:40 ▲ pnl=0.17 SPY✓ → HOLD
2026-02-02T09:50:00.000-05:00,[KLB] 9:50 ▲ BRK Week O vol=2.7x pos=^90 vwap=above ema=bull rs=+0.3% adx=33 body=50% ramp=1.2x rangeATR=1.4 O622.97 H623.73 L622.48 C623.6 ATR=8.48 SL=622.75/622.33 rawVol=111776 volSMA=41038 buf=0.424 prices=
2026-02-02T09:50:00.000-05:00,[KLB] CONF 9:50 ▲ BRK → ✓ (auto-R1: EMA)
2026-02-02T09:55:00.000-05:00,[KLB] 5m CHECK 9:55 ▲ pnl=0.09 SPY✓ → HOLD
2026-02-03T09:30:00.000-05:00,[KLB] 9:30 ▼ ~ ~ Today O vol=2x pos=v79 vwap=above ema=bear rs=+0.1% adx=22 body=43% ramp=2.1x rangeATR=1.7 O628.5 H628.71 L628.13 C628.25 ATR=8.57 SL=629.11/629.54 rawVol=7006 volSMA=3554 buf=0.429 prices=
2026-02-03T09:35:00.000-05:00,[KLB] 9:35 ▼ RNG range break vol=14.3x
2026-02-03T09:35:00.000-05:00,[KLB] 9:35 ▼ BRK PM L vol=14.3x pos=v69 vwap=below ema=bear rs=-0.2% adx=26 body=53% ramp=15.9x rangeATR=5.4 ⚡ O628.25 H628.68 L625.98 C626.83 ATR=8.57 SL=627.69/628.12 rawVol=177778 volSMA=12395 buf=0.429 prices=628.07
2026-02-03T09:35:00.000-05:00,[KLB] CONF 9:35 ▼ BRK → ✓ (auto-R1: EMA)
2026-02-03T09:40:00.000-05:00,[KLB] 9:40 ▼ BRK ORB L vol=9.4x pos=v88 vwap=below ema=bear rs=-0.4% adx=30 body=67% ramp=18.4x rangeATR=3.3 ⚡ O626.85 H627.26 L625.27 C625.51 ATR=8.57 SL=626.37/626.8 rawVol=133069 volSMA=18941 buf=0.429 prices=625.98
2026-02-03T09:40:00.000-05:00,"[KLB] 9:40 ▼ ~ ~ Yest H
~ VWAP + ~ PD Cls vol=9.4x pos=v88 vwap=below ema=bear rs=-0.4% adx=30 body=67% ramp=18.4x rangeATR=3.3 ⚡ O626.85 H627.26 L625.27 C625.51 ATR=8.57 SL=626.37/626.8 rawVol=133069 volSMA=18941 buf=0.429 prices=628.49"
2026-02-03T09:40:00.000-05:00,[KLB] CONF 9:40 ▼ BRK → ✓ (auto-R1: EMA)
2026-02-03T09:45:00.000-05:00,[KLB] 9:45 ▼ BRK PD LH L vol=6.6x pos=v74 vwap=below ema=bear rs=-0.6% adx=34 body=59% ramp=24.4x rangeATR=3.6 ⚡ O625.51 H625.91 L623.19 C623.91 ATR=8.57 SL=624.77/625.2 rawVol=184777 volSMA=28099 buf=0.429 prices=
2026-02-03T09:45:00.000-05:00,[KLB] CONF 9:45 ▼ BRK → ✓ (auto-R1: EMA)
2026-02-03T09:50:00.000-05:00,[KLB] 5m CHECK 9:50 ▼ pnl=-0.13 SPY~ → BAIL
2026-02-03T10:00:00.000-05:00,[KLB] 10:00 ▼ BRK Week O vol=5.1x pos=v94 vwap=below ema=bear rs=-0.8% adx=45 body=86% ramp=1x rangeATR=2.4 ⚡ ⚠ O623.06 H623.25 L620.76 C620.91 ATR=8.57 SL=621.77/622.2 rawVol=269624 volSMA=52753 buf=0.429 prices=
2026-02-03T10:00:00.000-05:00,[KLB] CONF 10:00 ▼ BRK → ✓ (auto-R1: EMA)
2026-02-03T10:05:00.000-05:00,[KLB] 5m CHECK 10:05 ▼ pnl=0.05 SPY✓ → HOLD
2026-02-03T10:25:00.000-05:00,[KLB] 10:25 ▼ BRK Yest L + Week L vol=2x pos=v99 vwap=below ema=bear rs=-1% adx=60 body=76% ramp=0.9x rangeATR=2.3 ⚡ O619.59 H620.28 L617.25 C617.28 ATR=8.57 SL=618.14/618.57 rawVol=194708 volSMA=96176 buf=0.429 prices=618.66/618.27
2026-02-03T10:25:00.000-05:00,[KLB] CONF 10:25 ▼ BRK → ✓ (auto-R1: EMA)
2026-02-03T10:30:00.000-05:00,[KLB] 5m CHECK 10:30 ▼ pnl=-0.19 SPY✓ → HOLD
2026-02-03T10:35:00.000-05:00,[KLB] 10:35 ▼ BRK Yest L + Week L vol=1.1x pos=v97 vwap=below ema=bear rs=-1% adx=65 body=69% ramp=0.8x rangeATR=1.1 O618.88 H619.31 L617.77 C617.81 ATR=8.57 SL=618.67/619.1 rawVol=115455 volSMA=106066 buf=0.429 prices=618.66/618.27
2026-02-03T10:35:00.000-05:00,[KLB] CONF 10:35 ▼ BRK → ✓ (auto-R1: EMA)
2026-02-03T10:40:00.000-05:00,[KLB] 5m CHECK 10:40 ▼ pnl=-0.13 SPY✓ → HOLD
2026-02-04T09:30:00.000-05:00,[KLB] 9:30 ▲ ~ ~ Today O vol=1.6x pos=^92 vwap=above ema=bear rs=+0.1% adx=35 body=91% ramp=0.7x rangeATR=1.4 ⚠ O614.34 H615.1 L614.33 C615.04 ATR=9.32 SL=614.11/613.64 rawVol=9440 volSMA=6033 buf=0.466 prices=
2026-02-04T09:35:00.000-05:00,[KLB] 9:35 ▼ FADE at 615.02
2026-02-04T09:35:00.000-05:00,[KLB] 9:35 ▼ RNG range break vol=14.1x
2026-02-04T09:35:00.000-05:00,[KLB] 9:35 ▼ BRK PM L vol=14.1x pos=v65 vwap=below ema=bear rs=-0.3% adx=37 body=63% ramp=15.2x rangeATR=4.9 ⚡ O615.02 H615.07 L611.29 C612.62 ATR=9.32 SL=613.55/614.02 rawVol=286632 volSMA=20287 buf=0.466 prices=613.6
2026-02-04T09:35:00.000-05:00,[KLB] 9:35 ▼ ~ ~ VWAP vol=14.1x pos=v65 vwap=below ema=bear rs=-0.3% adx=37 body=63% ramp=15.2x rangeATR=4.9 ⚡ O615.02 H615.07 L611.29 C612.62 ATR=9.32 SL=613.55/614.02 rawVol=286632 volSMA=20287 buf=0.466 prices=
2026-02-04T09:35:00.000-05:00,[KLB] CONF 9:35 ▼ BRK → ✓ (auto-R1: EMA)
2026-02-04T09:40:00.000-05:00,[KLB] 9:40 ▲ ~ ~ PM L + ~ PD LH L vol=5.6x pos=^75 vwap=above ema=bear rs=-0.2% adx=38 body=57% ramp=25.2x rangeATR=3.1 ⚡ O612.62 H614.98 L612.12 C614.26 ATR=9.32 SL=613.33/612.86 rawVol=156942 volSMA=28086 buf=0.466 prices=613.6
2026-02-04T09:40:00.000-05:00,[KLB] 5m CHECK 9:40 ▼ pnl=-0.18 SPY~ → BAIL
2026-02-04T09:45:00.000-05:00,[KLB] 9:45 ▼ ~ x~ ORB H vol=3.6x pos=v59 vwap=below ema=bear rs=-0.2% adx=39 body=20% ramp=35.2x rangeATR=2.2 ⚡ O614.22 H615.1 L612.87 C613.78 ATR=9.32 SL=614.71/615.18 rawVol=120872 volSMA=33790 buf=0.466 prices=615.07
2026-02-04T09:55:00.000-05:00,[KLB] 9:55 ▼ FADE at 613.6
2026-02-04T09:55:00.000-05:00,[KLB] 9:55 ▼ BRK PM L vol=3x pos=v48 vwap=below ema=bear rs=-0.3% adx=41 body=38% ramp=0.8x rangeATR=2.3 ⚡ O614.08 H614.36 L611.6 C613.04 ATR=9.32 SL=613.97/614.44 rawVol=135741 volSMA=45680 buf=0.466 prices=613.6
2026-02-04T09:55:00.000-05:00,[KLB] CONF 9:55 ▼ BRK → ✓ (auto-R1: EMA)
2026-02-04T10:00:00.000-05:00,[KLB] 10:00 ▼ BRK Yest L + ORB L + PD LH L vol=2.7x pos=v93 vwap=below ema=bear rs=-0.4% adx=43 body=87% ramp=0.6x rangeATR=2.3 ⚡ ⚠ O613.05 H613.25 L610.21 C610.42 ATR=9.32 SL=611.35/611.82 rawVol=104044 volSMA=50703 buf=0.466 prices=610.96/611.29
2026-02-04T10:00:00.000-05:00,[KLB] CONF 10:00 ▼ BRK → ✓ (auto-R1: EMA)
2026-02-04T10:05:00.000-05:00,[KLB] 5m CHECK 10:05 ▼ pnl=0.11 SPY✓ → HOLD
2026-02-04T10:20:00.000-05:00,[KLB] 10:20 ▼ BRK Yest L vol=1.6x pos=v79 vwap=below ema=bear rs=-0.5% adx=46 body=50% ramp=0.9x rangeATR=1 O611.07 H611.48 L610.07 C610.36 ATR=9.32 SL=611.29/611.76 rawVol=78360 volSMA=81413 buf=0.466 prices=610.96
2026-02-04T10:20:00.000-05:00,[KLB] CONF 10:20 ▼ BRK → ✓ (auto-R1: EMA)
2026-02-04T10:25:00.000-05:00,[KLB] 5m CHECK 10:25 ▼ pnl=-0.18 SPY~ → BAIL
2026-02-04T10:35:00.000-05:00,[KLB] 10:35 ▼ BRK Yest L + ORB L vol=1.1x pos=v90 vwap=below ema=bear rs=-0.5% adx=43 body=80% ramp=0.8x rangeATR=1.4 ⚠ O611.74 H611.96 L609.7 C609.93 ATR=9.32 SL=610.86/611.33 rawVol=107125 volSMA=95838 buf=0.466 prices=610.96/611.29
2026-02-04T10:35:00.000-05:00,[KLB] CONF 10:35 ▼ BRK → ✓ (auto-R1: EMA)
2026-02-04T10:40:00.000-05:00,[KLB] 5m CHECK 10:40 ▼ pnl=-0.06 SPY~ → HOLD
2026-02-05T09:30:00.000-05:00,[KLB] 9:30 ▲ ~ ~ Today O vol=1.2x pos=^82 vwap=below ema=bear rs=-0.8% adx=35 body=33% ramp=1.3x rangeATR=0.9 O599.9 H600.41 L599.42 C600.23 ATR=9.8 SL=599.25/598.76 rawVol=23956 volSMA=19404 buf=0.49 prices=
2026-02-05T09:40:00.000-05:00,[KLB] 9:40 ▲ RNG range break vol=8.5x
2026-02-05T09:40:00.000-05:00,[KLB] 9:40 ▲ ~ ~ VWAP vol=8.5x pos=^98 vwap=above ema=bear rs=+0.3% adx=34 body=60% ramp=20.8x rangeATR=2.4 ⚡ O601.21 H603.39 L599.88 C603.33 ATR=9.8 SL=602.35/601.86 rawVol=317120 volSMA=53891 buf=0.49 prices=
2026-02-05T10:00:00.000-05:00,[KLB] 10:00 ▼ BRK Yest L vol=2.1x pos=v89 vwap=below ema=bear rs=+0.1% adx=28 body=77% ramp=0.6x rangeATR=1.6 O602.43 H602.76 L599.95 C600.27 ATR=9.8 SL=601.25/601.74 rawVol=200734 volSMA=95741 buf=0.49 prices=600.47
2026-02-05T10:00:00.000-05:00,"[KLB] 10:00 ▼ ~ ~ ORB H
~ VWAP vol=2.1x pos=v89 vwap=below ema=bear rs=+0.1% adx=28 body=77% ramp=0.6x rangeATR=1.6 O602.43 H602.76 L599.95 C600.27 ATR=9.8 SL=601.25/601.74 rawVol=200734 volSMA=95741 buf=0.49 prices=601.25"
2026-02-05T10:00:00.000-05:00,[KLB] CONF 10:00 ▼ BRK → ✓ (auto-R1: EMA)
2026-02-05T10:05:00.000-05:00,[KLB] 10:05 ▼ BRK PM L vol=2.5x pos=v80 vwap=below ema=bear rs=0% adx=29 body=54% ramp=0.7x rangeATR=1.7 O600.26 H601.02 L598.04 C598.64 ATR=9.8 SL=599.62/600.11 rawVol=274371 volSMA=108975 buf=0.49 prices=598.74
2026-02-05T10:05:00.000-05:00,[KLB] 10:05 ▼ ~ ~ ORB H vol=2.5x pos=v80 vwap=below ema=bear rs=0% adx=29 body=54% ramp=0.7x rangeATR=1.7 O600.26 H601.02 L598.04 C598.64 ATR=9.8 SL=599.62/600.11 rawVol=274371 volSMA=108975 buf=0.49 prices=601.25
2026-02-05T10:05:00.000-05:00,[KLB] CONF 10:05 ▼ BRK → ✓ (auto-R1: EMA)
2026-02-05T10:10:00.000-05:00,[KLB] 5m CHECK 10:10 ▼ pnl=0.08 SPY✓ → HOLD
2026-02-05T10:15:00.000-05:00,[KLB] 10:15 ▼ BRK ORB L vol=1.6x pos=v99 vwap=below ema=bear rs=-0.2% adx=32 body=79% ramp=1.1x rangeATR=1.8 O597.86 H598.53 L595.08 C595.13 ATR=9.8 SL=596.11/596.6 rawVol=196431 volSMA=126765 buf=0.49 prices=597.35
2026-02-05T10:15:00.000-05:00,[KLB] CONF 10:15 ▼ BRK → ✓ (auto-R1: EMA)
2026-02-05T10:20:00.000-05:00,[KLB] 5m CHECK 10:20 ▼ pnl=-0.2 SPY✓ → HOLD
2026-02-06T09:35:00.000-05:00,[KLB] 9:35 ▲ RNG range break vol=12.6x
2026-02-06T10:15:00.000-05:00,[KLB] 10:15 ▼ ~ x~ PM H vol=1.8x pos=v93 vwap=below ema=bull rs=-0.3% adx=18 body=19% ramp=1x rangeATR=1.8 O600.97 H602.82 L600.32 C600.49 ATR=9.89 SL=601.48/601.97 rawVol=160366 volSMA=96548 buf=0.494 prices=602.91
2026-02-06T10:25:00.000-05:00,[KLB] 10:25 ▼ ~ x~ PM H + x~ ORB H vol=1.4x pos=v70 vwap=below ema=bull rs=-0.1% adx=17 body=15% ramp=1.1x rangeATR=1.5 O602.38 H603.66 L601.32 C602.03 ATR=9.89 SL=603.02/603.51 rawVol=153990 volSMA=110724 buf=0.494 prices=602.91/603.21
2026-02-06T10:30:00.000-05:00,[KLB] 10:30 ▲ FADE at 602.91
2026-02-09T09:40:00.000-05:00,[KLB] 9:40 ▲ RNG range break vol=7.2x
2026-02-10T09:40:00.000-05:00,[KLB] 9:40 ▼ RNG range break vol=10.3x
2026-02-10T09:40:00.000-05:00,[KLB] 9:40 ▼ ~ ~ Yest H + ~ PD Cls vol=10.3x pos=v68 vwap=below ema=bull rs=-0.1% adx=22 body=52% ramp=21.7x rangeATR=3.2 ⚡ O615.06 H615.37 L613.49 C614.09 ATR=10.29 SL=615.12/615.63 rawVol=191330 volSMA=31814 buf=0.515 prices=616.46
2026-02-10T09:50:00.000-05:00,[KLB] 9:50 ▼ BRK PM L vol=3x pos=v65 vwap=below ema=bear rs=-0.2% adx=28 body=58% ramp=1.2x rangeATR=1.9 O613.71 H613.8 L612.44 C612.92 ATR=10.29 SL=613.95/614.46 rawVol=117555 volSMA=43283 buf=0.515 prices=613.31
2026-02-10T09:50:00.000-05:00,[KLB] 9:50 ▼ ~ ~ VWAP vol=3x pos=v65 vwap=below ema=bear rs=-0.2% adx=28 body=58% ramp=1.2x rangeATR=1.9 O613.71 H613.8 L612.44 C612.92 ATR=10.29 SL=613.95/614.46 rawVol=117555 volSMA=43283 buf=0.515 prices=
2026-02-10T09:50:00.000-05:00,[KLB] CONF 9:50 ▼ BRK → ✓ (auto-R1: EMA)
2026-02-10T09:55:00.000-05:00,[KLB] 5m CHECK 9:55 ▼ pnl=-0.21 SPY~ → BAIL
2026-02-10T10:05:00.000-05:00,[KLB] 10:05 ▲ ~ ~ VWAP vol=1.7x pos=^90 vwap=above ema=bull rs=0% adx=24 body=43% ramp=0.7x rangeATR=0.7 O615.69 H616 L615.42 C615.94 ATR=10.29 SL=614.91/614.4 rawVol=69154 volSMA=57623 buf=0.515 prices=
2026-02-10T10:10:00.000-05:00,[KLB] 10:10 ▲ FADE at 616.46
2026-02-10T13:25:00.000-05:00,[KLB] 13:25 ▼ ~ x~ Yest H vol=1.7x pos=v37 vwap=below ema=bear rs=-0.1% adx=14 body=3% ramp=1.6x rangeATR=1.3 O614.09 H614.38 L613.51 C614.06 ATR=10.29 SL=615.09/615.6 rawVol=56850 volSMA=34325 buf=0.515 prices=616.46
2026-02-11T09:40:00.000-05:00,[KLB] 9:40 ▼ ~ ~ Yest H vol=8x pos=v87 vwap=below ema=bull rs=-0.1% adx=37 body=49% ramp=14.6x rangeATR=2.3 ⚡ O615.63 H616.33 L614.5 C614.74 ATR=9.98 SL=615.74/616.24 rawVol=176746 volSMA=34242 buf=0.499 prices=617.02
2026-02-11T10:15:00.000-05:00,[KLB] 10:15 ▼ ~ ~ PD Cls vol=2.4x pos=v58 vwap=below ema=bull rs=-0.2% adx=31 body=47% ramp=0.9x rangeATR=2.1 ⚡ O611.97 H612.24 L609.71 C610.77 ATR=9.98 SL=611.77/612.27 rawVol=176264 volSMA=73731 buf=0.499 prices=
2026-02-11T10:25:00.000-05:00,[KLB] 10:25 ▼ BRK PM L vol=1.6x pos=v87 vwap=below ema=bear rs=-0.4% adx=34 body=79% ramp=1.6x rangeATR=1.4 O609.53 H609.66 L607.87 C608.11 ATR=9.98 SL=609.11/609.61 rawVol=142085 volSMA=86113 buf=0.499 prices=609.88
2026-02-11T10:25:00.000-05:00,[KLB] CONF 10:25 ▼ BRK → ✓ (auto-R1: EMA)
2026-02-11T10:30:00.000-05:00,[KLB] 5m CHECK 10:30 ▼ pnl=0 SPY✓ → HOLD
2026-02-11T11:05:00.000-05:00,[KLB] 11:05 ▼ ~ ~ VWAP vol=0.7x pos=v89 vwap=below ema=bear rs=-0.2% adx=30 body=57% ramp=0.9x rangeATR=1 O612.2 H612.67 L611.2 C611.36 ATR=9.98 SL=612.36/612.86 rawVol=54076 volSMA=115674 buf=0.499 prices=
2026-02-11T12:05:00.000-05:00,[KLB] 12:05 ▼ BRK Yest L + PD LH L vol=1.5x pos=v80 vwap=below ema=bear rs=-0.3% adx=22 body=72% ramp=1.8x rangeATR=0.8 O610.65 H610.73 L609.74 C609.94 ATR=9.98 SL=610.94/611.44 rawVol=93661 volSMA=62104 buf=0.499 prices=611.01
2026-02-11T12:05:00.000-05:00,[KLB] CONF 12:05 ▼ BRK → ✓ (auto-R1: EMA)
2026-02-11T12:10:00.000-05:00,[KLB] 5m CHECK 12:10 ▼ pnl=-0.13 SPY✓ → HOLD
2026-02-12T09:45:00.000-05:00,[KLB] 9:45 ▼ RNG range break vol=5.7x
2026-02-12T09:45:00.000-05:00,[KLB] 9:45 ▼ ~ ~ ORB H vol=5.7x pos=v96 vwap=below ema=bull rs=-0.1% adx=23 body=62% ramp=26.6x rangeATR=3.1 ⚡ O615.05 H615.72 L613.72 C613.81 ATR=9.97 SL=614.81/615.31 rawVol=156822 volSMA=27626 buf=0.499 prices=615.45
2026-02-12T09:50:00.000-05:00,[KLB] 9:50 ▼ ~ ~ PD Cls vol=5.4x pos=v89 vwap=below ema=bull rs=-0.2% adx=24 body=72% ramp=2.3x rangeATR=2.7 ⚡ O613.81 H614.15 L612.15 C612.36 ATR=9.97 SL=613.36/613.86 rawVol=203984 volSMA=37625 buf=0.499 prices=
2026-02-12T10:00:00.000-05:00,[KLB] 10:00 ▼ ~ ~ VWAP vol=2.8x pos=v77 vwap=below ema=bear rs=-0.3% adx=28 body=76% ramp=1.1x rangeATR=2.4 ⚡ O612.94 H612.97 L610.87 C611.35 ATR=9.97 SL=612.35/612.85 rawVol=144822 volSMA=51742 buf=0.499 prices=
2026-02-12T11:00:00.000-05:00,[KLB] 11:00 ▼ BRK Yest L vol=1.1x pos=v95 vwap=below ema=bear rs=-0.5% adx=47 body=76% ramp=1.1x rangeATR=1.1 O607.6 H607.85 L606.53 C606.6 ATR=9.97 SL=607.6/608.1 rawVol=115329 volSMA=102291 buf=0.499 prices=607.69
2026-02-12T11:00:00.000-05:00,[KLB] CONF 11:00 ▼ BRK → ✓ (auto-R1: EMA)
2026-02-12T11:05:00.000-05:00,[KLB] 5m CHECK 11:05 ▼ pnl=0.02 SPY✓ → HOLD
2026-02-13T09:40:00.000-05:00,[KLB] 9:40 ▼ RNG range break vol=9.4x
2026-02-13T10:00:00.000-05:00,[KLB] 10:00 ▼ ~ x~ ORB H vol=1.8x pos=v86 vwap=below ema=bear rs=+0.1% adx=17 body=28% ramp=0.6x rangeATR=1.8 O600.15 H601.82 L598.93 C599.34 ATR=10.42 SL=600.38/600.9 rawVol=143625 volSMA=111471 buf=0.521 prices=601.79
2026-02-13T15:30:00.000-05:00,"[KLB] 15:30 ▼ ~ ~ PM H + ~ ORB H
~ VWAP vol=2.7x pos=v83 vwap=below ema=bear rs=+0.2% adx=29 body=69% ramp=1.4x rangeATR=1.6 O602.01 H602.23 L600.64 C600.91 ATR=10.42 SL=601.95/602.47 rawVol=174867 volSMA=65104 buf=0.521 prices=602.3/601.79"
2026-02-17T09:35:00.000-05:00,[KLB] 9:35 ▲ RNG range break vol=15.1x
2026-02-17T09:35:00.000-05:00,"[KLB] 9:35 ▲ ~ ~ Yest L
~ VWAP + ~ PD LH L + ~ Today O vol=15.1x pos=^98 vwap=above ema=bull rs=+0.2% adx=31 body=64% ramp=20x rangeATR=4 ⚡ O598.38 H600.86 L597.12 C600.78 ATR=10.4 SL=599.74/599.22 rawVol=478097 volSMA=31632 buf=0.52 prices=596.42"
2026-02-17T09:40:00.000-05:00,[KLB] 9:40 ▲ ~ ~ Yest L vol=11.5x pos=^75 vwap=above ema=bull rs=+0.2% adx=34 body=53% ramp=27.8x rangeATR=1.8 O600.82 H602.2 L600.43 C601.75 ATR=10.4 SL=600.71/600.19 rawVol=202747 volSMA=41518 buf=0.52 prices=596.42
2026-02-17T09:45:00.000-05:00,[KLB] 9:45 ▼ ~ ~ Yest H + ~ ORB H + ~ PD Cls vol=3.5x pos=v89 vwap=below ema=bull rs=+0.1% adx=34 body=78% ramp=34.3x rangeATR=2.6 ⚡ O601.71 H602.04 L599.04 C599.37 ATR=10.4 SL=600.41/600.93 rawVol=174249 volSMA=49901 buf=0.52 prices=606.48/600.86
2026-02-17T09:55:00.000-05:00,[KLB] 9:55 ▼ RNG range break vol=3.4x
2026-02-17T10:00:00.000-05:00,[KLB] 10:00 ▼ BRK PM L vol=3x pos=v88 vwap=below ema=bear rs=-0.2% adx=30 body=69% ramp=0.7x rangeATR=1.2 O595.34 H595.68 L593.96 C594.16 ATR=10.4 SL=595.2/595.72 rawVol=161375 volSMA=78174 buf=0.52 prices=595.03
2026-02-17T10:00:00.000-05:00,[KLB] CONF 10:00 ▼ BRK → ✓ (auto-R1: EMA)
2026-02-17T10:05:00.000-05:00,[KLB] 5m CHECK 10:05 ▼ pnl=-0.17 SPY~ → BAIL
2026-02-17T10:25:00.000-05:00,[KLB] 10:25 ▼ ~ ~ VWAP vol=1x pos=v88 vwap=below ema=bear rs=-0.1% adx=24 body=83% ramp=0.9x rangeATR=1.5 ⚠ O597.8 H597.93 L595.31 C595.63 ATR=10.4 SL=596.67/597.19 rawVol=108073 volSMA=109791 buf=0.52 prices=
2026-02-17T10:35:00.000-05:00,[KLB] 10:35 ▼ BRK PM L vol=1.2x pos=v88 vwap=below ema=bear rs=-0.2% adx=22 body=70% ramp=0.8x rangeATR=1.3 O595.16 H595.56 L593.34 C593.6 ATR=10.4 SL=594.64/595.16 rawVol=145677 volSMA=119427 buf=0.52 prices=595.03
2026-02-17T10:35:00.000-05:00,[KLB] CONF 10:35 ▼ BRK → ✓ (auto-R1: EMA)
2026-02-17T10:40:00.000-05:00,[KLB] 5m CHECK 10:40 ▼ pnl=0.01 SPY✓ → HOLD
2026-02-17T11:40:00.000-05:00,[KLB] 11:40 ▲ ~ ~ Yest L vol=0.8x pos=^69 vwap=above ema=bull rs=+0.1% adx=24 body=53% ramp=1x rangeATR=1 O600.03 H601.3 L599.78 C600.83 ATR=10.4 SL=599.79/599.27 rawVol=92631 volSMA=110133 buf=0.52 prices=596.42
2026-02-17T11:55:00.000-05:00,[KLB] 11:55 ▲ ~ ~ Yest L vol=0.5x pos=^100 vwap=above ema=bull rs=+0.1% adx=25 body=87% ramp=0.5x rangeATR=0.6 ⚠ O600.14 H600.85 L600.03 C600.85 ATR=10.4 SL=599.81/599.29 rawVol=46195 volSMA=100190 buf=0.52 prices=596.42
2026-02-17T12:30:00.000-05:00,[KLB] 12:30 ▲ ~ ~ Yest L vol=0.8x pos=^99 vwap=above ema=bull rs=+0.1% adx=21 body=90% ramp=0.9x rangeATR=1.1 ⚠ O599.42 H600.72 L599.3 C600.7 ATR=10.4 SL=599.66/599.14 rawVol=62201 volSMA=76119 buf=0.52 prices=596.42
2026-02-17T15:45:00.000-05:00,[KLB] 15:45 ▲ ~ ~ Yest L vol=1.5x pos=^77 vwap=above ema=bull rs=+0.1% adx=22 body=75% ramp=1.1x rangeATR=1.5 O600.42 H601.7 L600.4 C601.4 ATR=10.4 SL=600.36/599.84 rawVol=83933 volSMA=56241 buf=0.52 prices=596.42
2026-02-18T09:35:00.000-05:00,[KLB] 9:35 ▼ RNG range break vol=16.9x
2026-02-18T09:35:00.000-05:00,[KLB] 9:35 ▼ BRK PM L vol=16.9x pos=v80 vwap=below ema=bear rs=-0.1% adx=26 body=51% ramp=70.6x rangeATR=3.2 ⚡ O602.12 H602.69 L600.73 C601.13 ATR=10.41 SL=602.17/602.69 rawVol=513191 volSMA=30321 buf=0.521 prices=601.29
2026-02-18T09:35:00.000-05:00,"[KLB] 9:35 ▼ ~ ~ Yest H
~ VWAP + ~ Today O + ~ PD Cls vol=16.9x pos=v80 vwap=below ema=bear rs=-0.1% adx=26 body=51% ramp=70.6x rangeATR=3.2 ⚡ O602.12 H602.69 L600.73 C601.13 ATR=10.41 SL=602.17/602.69 rawVol=513191 volSMA=30321 buf=0.521 prices=603.95"
2026-02-18T09:35:00.000-05:00,[KLB] CONF 9:35 ▼ BRK → ✓ (auto-R1: EMA)
2026-02-18T09:40:00.000-05:00,[KLB] 5m CHECK 9:40 ▼ pnl=-0.08 SPY~ → HOLD
2026-02-18T09:50:00.000-05:00,[KLB] 9:50 ▼ ~ ~ ORB H vol=2.7x pos=v92 vwap=below ema=bear rs=+0% adx=27 body=56% ramp=1.4x rangeATR=2.3 ⚡ O603.06 H603.8 L601.73 C601.9 ATR=10.41 SL=602.94/603.46 rawVol=185141 volSMA=67370 buf=0.521 prices=602.69
2026-02-18T14:40:00.000-05:00,[KLB] 14:40 ▼ ~ ~ PM H vol=1.8x pos=v65 vwap=below ema=bear rs=+0.3% adx=39 body=62% ramp=1.5x rangeATR=1.9 O605.84 H605.89 L604.56 C605.02 ATR=10.41 SL=606.06/606.58 rawVol=110809 volSMA=62472 buf=0.521 prices=605.8
2026-02-19T09:30:00.000-05:00,[KLB] 9:30 ▼ BRK PD LH L vol=1.1x pos=v79 vwap=below ema=bear rs=-0.3% adx=23 body=77% ramp=0.5x rangeATR=1.7 O603.65 H603.67 L602.73 C602.93 ATR=10.31 SL=603.96/604.48 rawVol=5559 volSMA=5085 buf=0.516 prices=
2026-02-19T09:30:00.000-05:00,[KLB] CONF 9:30 ▼ BRK → ✓ (auto-R1: EMA)
2026-02-19T09:35:00.000-05:00,[KLB] 5m CHECK 9:35 ▼ pnl=0.01 SPY~ → HOLD
2026-02-19T09:40:00.000-05:00,[KLB] 9:40 ▼ RNG range break vol=9.3x
2026-02-19T09:45:00.000-05:00,[KLB] 9:45 ▲ ~ ~ PM L + ~ Yest L vol=4.4x pos=^85 vwap=above ema=bear rs=-0.1% adx=25 body=35% ramp=75.9x rangeATR=2.5 ⚡ O602.34 H603.35 L601.34 C603.05 ATR=10.31 SL=602.02/601.5 rawVol=192451 volSMA=43995 buf=0.516 prices=601.92/600.72
2026-02-19T10:05:00.000-05:00,[KLB] 10:05 ▲ RNG range break vol=3.2x
2026-02-19T12:05:00.000-05:00,[KLB] 12:05 ▼ ~ ~ VWAP vol=0.7x pos=v70 vwap=below ema=bear rs=+0.1% adx=21 body=53% ramp=1.1x rangeATR=0.8 O603.04 H603.19 L602.31 C602.57 ATR=10.31 SL=603.6/604.12 rawVol=42225 volSMA=67930 buf=0.516 prices=
2026-02-19T12:30:00.000-05:00,[KLB] 12:30 ▼ ~ ~ ORB H vol=0.7x pos=v75 vwap=below ema=bear rs=+0.1% adx=23 body=66% ramp=0.9x rangeATR=0.9 O604.09 H604.18 L603.16 C603.42 ATR=10.31 SL=604.45/604.97 rawVol=45848 volSMA=64252 buf=0.516 prices=603.96
2026-02-19T12:35:00.000-05:00,[KLB] 12:35 ▼ ~ x~ ORB H vol=0.7x pos=v71 vwap=below ema=bear rs=+0.1% adx=23 body=20% ramp=0.8x rangeATR=0.5 O603.38 H603.67 L603.11 C603.27 ATR=10.31 SL=604.3/604.82 rawVol=45035 volSMA=62133 buf=0.516 prices=603.96
2026-02-19T12:50:00.000-05:00,[KLB] 12:50 ▼ BRK ORB L + PD LH L vol=1.7x pos=v76 vwap=below ema=bear rs=+0% adx=24 body=75% ramp=1.2x rangeATR=1.4 O603.01 H603.02 L601.57 C601.92 ATR=10.31 SL=602.95/603.47 rawVol=102568 volSMA=60937 buf=0.516 prices=602.35
2026-02-19T12:50:00.000-05:00,[KLB] CONF 12:50 ▼ BRK → ✓ (auto-R1: EMA)
2026-02-19T12:55:00.000-05:00,[KLB] 5m CHECK 12:55 ▼ pnl=0.01 SPY~ → HOLD
2026-02-19T13:20:00.000-05:00,[KLB] 13:20 ▼ BRK PM L + ORB L vol=1.4x pos=v95 vwap=below ema=bear rs=+0% adx=28 body=94% ramp=0.9x rangeATR=1.4 ⚠ O602.76 H602.77 L601.26 C601.34 ATR=10.31 SL=602.37/602.89 rawVol=89574 volSMA=65995 buf=0.516 prices=601.92/602.35
2026-02-19T13:20:00.000-05:00,[KLB] CONF 13:20 ▼ BRK → ✓ (auto-R1: EMA)
2026-02-19T13:25:00.000-05:00,[KLB] 5m CHECK 13:25 ▼ pnl=-0.01 SPY~ → HOLD
2026-02-20T09:35:00.000-05:00,[KLB] 9:35 ▲ ~ ~ PM L + ~ PD LH L vol=13.4x pos=^91 vwap=above ema=bear rs=+0.2% adx=35 body=65% ramp=12.8x rangeATR=4 ⚡ O600.11 H602.63 L599.24 C602.32 ATR=9.94 SL=601.33/600.83 rawVol=345373 volSMA=25785 buf=0.497 prices=599.7
2026-02-20T09:40:00.000-05:00,[KLB] 9:40 ▲ RNG range break vol=9.6x
2026-02-20T09:40:00.000-05:00,[KLB] 9:40 ▲ ~ ~ Yest L vol=9.6x pos=^58 vwap=above ema=bear rs=+0.3% adx=35 body=45% ramp=18.1x rangeATR=2.4 ⚡ O602.32 H604.33 L602.03 C603.36 ATR=9.94 SL=602.37/601.87 rawVol=208333 volSMA=36125 buf=0.497 prices=600.75
2026-02-20T09:45:00.000-05:00,[KLB] 9:45 ▲ ~ ~ VWAP + ~ PD Cls vol=5x pos=^78 vwap=above ema=bear rs=+0.5% adx=35 body=69% ramp=21.7x rangeATR=2.4 ⚡ O603.44 H605.73 L603.24 C605.17 ATR=9.94 SL=604.18/603.68 rawVol=124481 volSMA=42081 buf=0.497 prices=
2026-02-23T09:35:00.000-05:00,[KLB] 9:35 ▲ RNG range break vol=15.2x
2026-02-23T09:35:00.000-05:00,[KLB] 9:35 ▲ ~ ~ Today O vol=15.2x pos=^46 vwap=above ema=bear rs=-0.1% adx=23 body=31% ramp=24.3x rangeATR=3.2 ⚡ O606.58 H608 L606.34 C607.1 ATR=10.02 SL=606.1/605.6 rawVol=295692 volSMA=19456 buf=0.501 prices=
2026-02-23T09:45:00.000-05:00,[KLB] 9:45 ▼ FADE at 606.61
2026-02-23T09:45:00.000-05:00,[KLB] 9:45 ▼ RNG range break vol=5.2x
2026-02-23T09:45:00.000-05:00,[KLB] 9:45 ▼ BRK ORB L vol=5.2x pos=v99 vwap=below ema=bear rs=-0.4% adx=24 body=99% ramp=37x rangeATR=3.7 ⚡ ⚠ O606.96 H606.96 L604.17 C604.19 ATR=10.02 SL=605.19/605.69 rawVol=182816 volSMA=37822 buf=0.501 prices=606.34
2026-02-23T09:45:00.000-05:00,[KLB] 9:45 ▼ ~ ~ VWAP vol=5.2x pos=v99 vwap=below ema=bear rs=-0.4% adx=24 body=99% ramp=37x rangeATR=3.7 ⚡ ⚠ O606.96 H606.96 L604.17 C604.19 ATR=10.02 SL=605.19/605.69 rawVol=182816 volSMA=37822 buf=0.501 prices=
2026-02-23T09:45:00.000-05:00,[KLB] CONF 9:45 ▼ BRK → ✓ (auto-R1: EMA)
2026-02-23T09:50:00.000-05:00,[KLB] 5m CHECK 9:50 ▼ pnl=-0.03 SPY~ → HOLD
2026-02-24T09:35:00.000-05:00,[KLB] 9:35 ▼ RNG range break vol=15.9x
2026-02-24T09:35:00.000-05:00,[KLB] 9:35 ▼ ~ ~ VWAP + ~ PD Cls vol=15.9x pos=v75 vwap=below ema=bull rs=-0.1% adx=22 body=57% ramp=30.3x rangeATR=4.5 ⚡ O602.37 H602.87 L600.09 C600.78 ATR=10 SL=601.78/602.28 rawVol=365106 volSMA=22959 buf=0.5 prices=
2026-02-24T09:40:00.000-05:00,[KLB] 9:40 ▲ FADE at 602.02
2026-02-24T09:40:00.000-05:00,[KLB] 9:40 ▲ ~ ~ PM L + ~ Yest L vol=8x pos=^90 vwap=above ema=bear rs=-0.1% adx=24 body=55% ramp=32.2x rangeATR=3.8 ⚡ O600.77 H602.66 L599.74 C602.37 ATR=10 SL=601.37/600.87 rawVol=305892 volSMA=38030 buf=0.5 prices=602.02/599.05
2026-02-24T09:45:00.000-05:00,[KLB] 9:45 ▲ RNG range break vol=6.3x
2026-02-24T09:45:00.000-05:00,[KLB] 9:45 ▲ ~ ~ VWAP vol=6.3x pos=^99 vwap=above ema=bull rs=+0.1% adx=23 body=98% ramp=40.5x rangeATR=2.9 ⚡ ⚠ O602.36 H604.96 L602.33 C604.93 ATR=10 SL=603.93/603.43 rawVol=225250 volSMA=48458 buf=0.5 prices=
2026-02-25T09:30:00.000-05:00,[KLB] 9:30 ▲ ~ ~ Today O vol=2.8x pos=^90 vwap=below ema=bull rs=+0.4% adx=24 body=45% ramp=1.9x rangeATR=1.1 O610.9 H611.12 L610.72 C611.08 ATR=9.95 SL=610.08/609.59 rawVol=18117 volSMA=6539 buf=0.498 prices=
2026-02-25T09:35:00.000-05:00,[KLB] 9:35 ▲ RNG range break vol=14x
2026-02-25T09:45:00.000-05:00,[KLB] 9:45 ▲ ~ ~ VWAP vol=6.1x pos=^86 vwap=above ema=bull rs=+0.3% adx=31 body=58% ramp=14.7x rangeATR=2 O613.14 H613.91 L612.84 C613.76 ATR=9.95 SL=612.76/612.27 rawVol=157486 volSMA=40955 buf=0.498 prices=
2026-02-26T09:30:00.000-05:00,[KLB] 9:30 ▼ RNG range break vol=4.4x
2026-02-26T09:50:00.000-05:00,[KLB] 9:50 ▼ BRK ORB L vol=3.6x pos=v62 vwap=below ema=bear rs=-0.1% adx=30 body=56% ramp=1.4x rangeATR=1.8 O613.62 H613.69 L612.38 C612.88 ATR=9.88 SL=613.87/614.36 rawVol=269777 volSMA=75795 buf=0.494 prices=613.47
2026-02-26T09:50:00.000-05:00,[KLB] 9:50 ▼ ~ ~ VWAP vol=3.6x pos=v62 vwap=below ema=bear rs=-0.1% adx=30 body=56% ramp=1.4x rangeATR=1.8 O613.62 H613.69 L612.38 C612.88 ATR=9.88 SL=613.87/614.36 rawVol=269777 volSMA=75795 buf=0.494 prices=
2026-02-26T09:50:00.000-05:00,[KLB] CONF 9:50 ▼ BRK → ✓ (auto-R1: EMA)
2026-02-26T09:55:00.000-05:00,[KLB] 5m CHECK 9:55 ▼ pnl=0.03 SPY✓ → HOLD
2026-02-26T10:15:00.000-05:00,[KLB] 10:15 ▼ BRK Yest L vol=2x pos=v98 vwap=below ema=bear rs=-0.4% adx=46 body=73% ramp=0.9x rangeATR=2.6 ⚡ O610.84 H611.5 L608.87 C608.91 ATR=9.88 SL=609.9/610.39 rawVol=260833 volSMA=130667 buf=0.494 prices=611
2026-02-26T10:15:00.000-05:00,[KLB] 10:15 ▼ ~ ~ Week H vol=2x pos=v98 vwap=below ema=bear rs=-0.4% adx=46 body=73% ramp=0.9x rangeATR=2.6 ⚡ O610.84 H611.5 L608.87 C608.91 ATR=9.88 SL=609.9/610.39 rawVol=260833 volSMA=130667 buf=0.494 prices=610.35
2026-02-26T10:15:00.000-05:00,[KLB] CONF 10:15 ▼ BRK → ✓ (auto-R1: EMA)
2026-02-26T10:20:00.000-05:00,[KLB] 5m CHECK 10:20 ▼ pnl=0.28 SPY✓ → HOLD
2026-02-27T09:30:00.000-05:00,[KLB] 9:30 ▼ ~ ~ Today O vol=2.8x pos=v67 vwap=below ema=bear rs=-0.9% adx=39 body=39% ramp=3x rangeATR=1.3 O603.21 H603.46 L602.56 C602.86 ATR=10.08 SL=603.87/604.37 rawVol=37730 volSMA=13315 buf=0.504 prices=
2026-02-27T09:45:00.000-05:00,[KLB] 9:45 ▼ BRK Yest L vol=3.5x pos=v49 vwap=below ema=bear rs=+0.2% adx=33 body=48% ramp=16.6x rangeATR=2.9 ⚡ O605.06 H605.09 L602.19 C603.67 ATR=10.08 SL=604.68/605.18 rawVol=181105 volSMA=51539 buf=0.504 prices=603.98
2026-02-27T09:45:00.000-05:00,[KLB] 9:45 ▼ ~ ~ ORB H vol=3.5x pos=v49 vwap=below ema=bear rs=+0.2% adx=33 body=48% ramp=16.6x rangeATR=2.9 ⚡ O605.06 H605.09 L602.19 C603.67 ATR=10.08 SL=604.68/605.18 rawVol=181105 volSMA=51539 buf=0.504 prices=605.1
2026-02-27T09:45:00.000-05:00,[KLB] CONF 9:45 ▼ BRK → ✓ (auto-R1: EMA)
2026-02-27T09:50:00.000-05:00,[KLB] 9:50 ▲ RNG range break vol=3.4x
2026-02-27T09:50:00.000-05:00,[KLB] 5m CHECK 9:50 ▼ pnl=-0.2 SPY~ → BAIL
2026-02-27T10:00:00.000-05:00,[KLB] 10:00 ▼ ~ x~ ORB H vol=1.7x pos=v35 vwap=below ema=bear rs=+0.3% adx=28 body=1% ramp=0.5x rangeATR=0.9 O604.61 H604.98 L603.88 C604.6 ATR=10.08 SL=605.61/606.11 rawVol=82792 volSMA=70383 buf=0.504 prices=605.1
2026-02-27T10:45:00.000-05:00,[KLB] 10:45 ▲ ~ ~ VWAP vol=0.7x pos=^87 vwap=above ema=bull rs=+0.4% adx=22 body=54% ramp=0.7x rangeATR=1 O606.82 H607.63 L606.42 C607.47 ATR=10.08 SL=606.46/605.96 rawVol=92858 volSMA=128280 buf=0.504 prices=
2026-02-27T14:50:00.000-05:00,[KLB] 14:50 ▼ ~ x~ ORB H vol=1.4x pos=v84 vwap=below ema=bear rs=+0.3% adx=9 body=20% ramp=1x rangeATR=0.6 O604.71 H604.99 L604.55 C604.62 ATR=10.08 SL=605.63/606.13 rawVol=20517 volSMA=40153 buf=0.504 prices=605.1
2026-03-02T09:35:00.000-05:00,[KLB] 9:35 ▲ RNG range break vol=13.6x
2026-03-02T09:45:00.000-05:00,[KLB] 9:45 ▲ ~ ~ Yest L vol=2.1x pos=^67 vwap=above ema=bull rs=+0.3% adx=23 body=65% ramp=37x rangeATR=1.1 O602.76 H604.01 L602.73 C603.59 ATR=9.87 SL=602.6/602.11 rawVol=126445 volSMA=61660 buf=0.493 prices=602.19
2026-03-02T10:40:00.000-05:00,[KLB] 10:40 ▲ ~ ~ VWAP + ~ PD LH L vol=1.1x pos=^100 vwap=above ema=bull rs=+0.3% adx=39 body=66% ramp=1x rangeATR=1.3 O604.34 H605.54 L603.72 C605.54 ATR=9.87 SL=604.55/604.06 rawVol=131405 volSMA=123641 buf=0.493 prices=
2026-03-02T11:45:00.000-05:00,[KLB] 11:45 ▲ ~ ~ PD Cls vol=1x pos=^89 vwap=above ema=bull rs=+0.4% adx=31 body=85% ramp=1.4x rangeATR=1 ⚠ O606.71 H607.97 L606.65 C607.83 ATR=9.87 SL=606.84/606.35 rawVol=99993 volSMA=104661 buf=0.493 prices=
2026-03-02T14:05:00.000-05:00,[KLB] 14:05 ▲ BRK Week O vol=1.1x pos=^93 vwap=above ema=bull rs=+0.4% adx=21 body=75% ramp=0.8x rangeATR=1.1 O606.87 H607.53 L606.73 C607.47 ATR=9.87 SL=606.48/605.99 rawVol=60602 volSMA=56598 buf=0.493 prices=
2026-03-02T14:05:00.000-05:00,[KLB] CONF 14:05 ▲ BRK → ✓ (auto-R1: EMA)
2026-03-02T14:10:00.000-05:00,[KLB] 5m CHECK 14:10 ▲ pnl=0.08 SPY✓ → HOLD
2026-03-03T09:40:00.000-05:00,[KLB] 9:40 ▲ ~ ~ VWAP vol=6.1x pos=^57 vwap=above ema=bear rs=+0.1% adx=25 body=42% ramp=16.4x rangeATR=3.2 ⚡ O596.16 H599.39 L595.6 C597.75 ATR=10.01 SL=596.75/596.25 rawVol=390145 volSMA=63863 buf=0.501 prices=
2026-03-03T09:45:00.000-05:00,[KLB] 9:45 ▼ BRK Yest L vol=3.2x pos=v82 vwap=below ema=bear rs=+0.2% adx=26 body=65% ramp=18x rangeATR=1.8 O597.76 H598.17 L595.84 C596.25 ATR=10.01 SL=597.25/597.75 rawVol=241698 volSMA=75497 buf=0.501 prices=597.99
2026-03-03T09:45:00.000-05:00,[KLB] CONF 9:45 ▼ BRK → ✓ (auto-R1: EMA)
2026-03-03T09:50:00.000-05:00,[KLB] 5m CHECK 9:50 ▼ pnl=0.07 SPY✓ → HOLD
2026-03-03T10:00:00.000-05:00,[KLB] 10:00 ▼ BRK ORB L vol=2x pos=v88 vwap=below ema=bear rs=+0.2% adx=25 body=78% ramp=0.7x rangeATR=1.2 O596.55 H596.72 L595 C595.2 ATR=10.01 SL=596.2/596.7 rawVol=219394 volSMA=111231 buf=0.501 prices=595.86
2026-03-03T10:00:00.000-05:00,[KLB] 10:00 ▼ ~ ~ VWAP vol=2x pos=v88 vwap=below ema=bear rs=+0.2% adx=25 body=78% ramp=0.7x rangeATR=1.2 O596.55 H596.72 L595 C595.2 ATR=10.01 SL=596.2/596.7 rawVol=219394 volSMA=111231 buf=0.501 prices=
2026-03-03T10:00:00.000-05:00,[KLB] CONF 10:00 ▼ BRK → ✓ (auto-R1: EMA)
2026-03-03T10:05:00.000-05:00,[KLB] 5m CHECK 10:05 ▼ pnl=0.01 SPY✓ → HOLD
2026-03-03T11:45:00.000-05:00,[KLB] 11:45 ▲ ~ ~ Yest L vol=1.2x pos=^92 vwap=above ema=bull rs=+0.2% adx=23 body=36% ramp=1.3x rangeATR=1.1 O598.42 H599.14 L597.51 C599.01 ATR=10.01 SL=598.01/597.51 rawVol=244369 volSMA=202584 buf=0.501 prices=597.99
2026-03-03T11:50:00.000-05:00,[KLB] 11:50 ▲ BRK Month O vol=1.3x pos=^56 vwap=above ema=bull rs=+0.2% adx=24 body=54% ramp=1.5x rangeATR=1.3 O599.01 H600.9 L598.97 C600.06 ATR=10.01 SL=599.06/598.56 rawVol=268245 volSMA=204905 buf=0.501 prices=
2026-03-03T11:50:00.000-05:00,[KLB] 11:50 ▲ ~ ~ Week L vol=1.3x pos=^56 vwap=above ema=bull rs=+0.2% adx=24 body=54% ramp=1.5x rangeATR=1.3 O599.01 H600.9 L598.97 C600.06 ATR=10.01 SL=599.06/598.56 rawVol=268245 volSMA=204905 buf=0.501 prices=599.05
2026-03-03T11:50:00.000-05:00,[KLB] CONF 11:50 ▲ BRK → ✓ (auto-R1: EMA)
2026-03-03T11:55:00.000-05:00,[KLB] 5m CHECK 11:55 ▲ pnl=0.01 SPY✓ → HOLD
2026-03-03T12:15:00.000-05:00,[KLB] 12:15 ▲ ~ ~ Yest L vol=0.5x pos=^95 vwap=above ema=bull rs=+0.2% adx=25 body=52% ramp=0.7x rangeATR=0.7 O598.78 H599.3 L598.39 C599.25 ATR=10.01 SL=598.25/597.75 rawVol=82858 volSMA=171869 buf=0.501 prices=597.99
2026-03-03T12:20:00.000-05:00,[KLB] 12:20 ▲ ~ ~ Yest L + ~ Week L vol=0.6x pos=^89 vwap=above ema=bull rs=+0.2% adx=25 body=36% ramp=0.9x rangeATR=0.8 O599.24 H599.76 L598.66 C599.64 ATR=10.01 SL=598.64/598.14 rawVol=104944 volSMA=168225 buf=0.501 prices=597.99/599.05
2026-03-03T12:25:00.000-05:00,[KLB] 12:25 ▲ ~ ~ Yest L + ~ Week L vol=0.6x pos=^100 vwap=above ema=bull rs=+0.2% adx=26 body=42% ramp=0.7x rangeATR=1 O599.64 H600.21 L598.84 C600.21 ATR=10.01 SL=599.21/598.71 rawVol=78972 volSMA=162725 buf=0.501 prices=597.99/599.05
2026-03-03T12:45:00.000-05:00,[KLB] 12:45 ▲ ~ ~ Yest L + ~ Week L vol=1x pos=^95 vwap=above ema=bull rs=+0.2% adx=23 body=94% ramp=1.3x rangeATR=1.2 ⚠ O598.54 H600.21 L598.51 C600.13 ATR=10.01 SL=599.13/598.63 rawVol=107652 volSMA=144743 buf=0.501 prices=597.99/599.05
2026-03-03T13:05:00.000-05:00,[KLB] 13:05 ▲ ~ ~ Yest L + ~ Week L vol=1.2x pos=^71 vwap=above ema=bull rs=+0.1% adx=20 body=71% ramp=1.1x rangeATR=1.1 O598.84 H600.33 L598.84 C599.9 ATR=10.01 SL=598.9/598.4 rawVol=152802 volSMA=130460 buf=0.501 prices=597.99/599.05
2026-03-04T09:30:00.000-05:00,[KLB] 9:30 ▼ ~ ~ Today O vol=2.5x pos=v100 vwap=below ema=bull rs=+0.2% adx=29 body=96% ramp=1.5x rangeATR=1 ⚠ O604.77 H604.8 L604.07 C604.07 ATR=10.46 SL=605.12/605.64 rawVol=29234 volSMA=11825 buf=0.523 prices=
2026-03-04T09:35:00.000-05:00,[KLB] 9:35 ▲ FADE at 604.16
2026-03-04T09:35:00.000-05:00,[KLB] 9:35 ▲ RNG range break vol=11.6x
2026-03-04T09:35:00.000-05:00,[KLB] 9:35 ▲ ~ ~ VWAP vol=11.6x pos=^98 vwap=above ema=bull rs=+0.3% adx=30 body=84% ramp=11.7x rangeATR=3.5 ⚡ ⚠ O604.16 H606.88 L603.73 C606.81 ATR=10.46 SL=605.76/605.24 rawVol=319583 volSMA=27615 buf=0.523 prices=
2026-03-05T09:35:00.000-05:00,[KLB] 9:35 ▲ RNG range break vol=11.6x
2026-03-05T09:35:00.000-05:00,[KLB] 9:35 ▲ ~ ~ Today O vol=11.6x pos=^98 vwap=above ema=bear rs=+0.1% adx=34 body=98% ramp=9.1x rangeATR=3.2 ⚡ ⚠ O607.4 H610.03 L607.38 C609.99 ATR=10.52 SL=608.94/608.41 rawVol=308813 volSMA=26545 buf=0.526 prices=
2026-03-05T09:45:00.000-05:00,[KLB] 9:45 ▼ ~ ~ ORB H vol=3.1x pos=v90 vwap=below ema=bear rs=+0.2% adx=32 body=63% ramp=19.6x rangeATR=1.6 O609.98 H610.36 L608.93 C609.08 ATR=10.52 SL=610.13/610.66 rawVol=87131 volSMA=35526 buf=0.526 prices=610.03
2026-03-05T10:15:00.000-05:00,[KLB] 10:15 ▲ ~ ~ VWAP vol=1.2x pos=^92 vwap=above ema=bull rs=+0.4% adx=32 body=63% ramp=0.8x rangeATR=1.1 O611.25 H612.11 L610.9 C612.01 ATR=10.52 SL=610.96/610.43 rawVol=90536 volSMA=72763 buf=0.526 prices=
2026-03-05T10:35:00.000-05:00,[KLB] 10:35 ▼ BRK ORB L vol=1.9x pos=v45 vwap=below ema=bear rs=+0.2% adx=30 body=45% ramp=1.3x rangeATR=1.6 O608.03 H608.04 L606.06 C607.14 ATR=10.52 SL=608.19/608.72 rawVol=173578 volSMA=93196 buf=0.526 prices=607.38
2026-03-05T10:35:00.000-05:00,[KLB] CONF 10:35 ▼ BRK → ✓ (auto-R1: EMA)
2026-03-05T10:40:00.000-05:00,[KLB] 5m CHECK 10:40 ▼ pnl=-0.15 SPY~ → BAIL
2026-03-05T11:05:00.000-05:00,"[KLB] 11:05 ▼ ~ ~ ORB H
~ VWAP vol=0.9x pos=v94 vwap=below ema=bear rs=+0.4% adx=23 body=77% ramp=0.8x rangeATR=1.2 O609.7 H609.95 L608.41 C608.51 ATR=10.52 SL=609.56/610.09 rawVol=100011 volSMA=115333 buf=0.526 prices=610.03"
2026-03-05T11:20:00.000-05:00,[KLB] 11:20 ▼ BRK ORB L vol=1.2x pos=v94 vwap=below ema=bear rs=+0.3% adx=24 body=70% ramp=1.2x rangeATR=1.1 O607.4 H607.73 L606.31 C606.4 ATR=10.52 SL=607.45/607.98 rawVol=134427 volSMA=108311 buf=0.526 prices=607.38
2026-03-05T11:20:00.000-05:00,[KLB] CONF 11:20 ▼ BRK → ✓ (auto-R1: EMA)
2026-03-05T11:25:00.000-05:00,[KLB] 5m CHECK 11:25 ▼ pnl=-0.1 SPY✓ → HOLD
2026-03-05T12:10:00.000-05:00,[KLB] 12:10 ▼ ~ ~ ORB H vol=1.4x pos=v98 vwap=below ema=bear rs=+0.4% adx=20 body=81% ramp=1.9x rangeATR=1.5 ⚠ O610.38 H610.69 L608.81 C608.85 ATR=10.52 SL=609.9/610.43 rawVol=117838 volSMA=83710 buf=0.526 prices=610.03
2026-03-05T14:35:00.000-05:00,[KLB] 14:35 ▼ BRK Yest L vol=1x pos=v57 vwap=below ema=bear rs=+0.2% adx=21 body=57% ramp=1.2x rangeATR=0.9 O603.82 H603.82 L602.73 C603.2 ATR=10.52 SL=604.25/604.78 rawVol=81105 volSMA=77885 buf=0.526 prices=603.43
2026-03-05T14:35:00.000-05:00,[KLB] CONF 14:35 ▼ BRK → ✓ (auto-R1: EMA)
2026-03-05T14:40:00.000-05:00,[KLB] 5m CHECK 14:40 ▼ pnl=-0.02 SPY✓ → HOLD
2026-03-05T15:50:00.000-05:00,[KLB] 15:50 ▲ ~ ~ PM L vol=1.3x pos=^99 vwap=above ema=bull rs=+0.2% adx=24 body=49% ramp=1x rangeATR=1 O606.95 H607.49 L606.4 C607.48 ATR=10.52 SL=606.43/605.9 rawVol=102908 volSMA=78393 buf=0.526 prices=606.83
2026-03-06T10:10:00.000-05:00,[KLB] 10:10 ▼ BRK Yest L vol=1.2x pos=v96 vwap=below ema=bear rs=+0.3% adx=34 body=88% ramp=1x rangeATR=1.7 ⚠ O602.28 H602.48 L600.05 C600.15 ATR=10.52 SL=601.2/601.73 rawVol=108715 volSMA=87757 buf=0.526 prices=602.26
2026-03-06T10:10:00.000-05:00,"[KLB] 10:10 ▼ ~ ~ ORB H
~ VWAP vol=1.2x pos=v96 vwap=below ema=bear rs=+0.3% adx=34 body=88% ramp=1x rangeATR=1.7 ⚠ O602.28 H602.48 L600.05 C600.15 ATR=10.52 SL=601.2/601.73 rawVol=108715 volSMA=87757 buf=0.526 prices=601.45"
2026-03-06T10:10:00.000-05:00,[KLB] CONF 10:10 ▼ BRK → ✓ (auto-R1: EMA)
2026-03-06T10:15:00.000-05:00,[KLB] 5m CHECK 10:15 ▼ pnl=-0.26 SPY~ → BAIL
2026-03-06T10:50:00.000-05:00,[KLB] 10:50 ▼ BRK PD LH L vol=1x pos=v78 vwap=above ema=bear rs=+0.4% adx=24 body=60% ramp=0.8x rangeATR=1 O603.98 H604.22 L602.87 C603.17 ATR=10.52 SL=604.22/604.75 rawVol=72736 volSMA=114503 buf=0.526 prices=
2026-03-06T10:50:00.000-05:00,[KLB] CONF 10:50 ▼ BRK → ✓ (auto-R1: EMA)
2026-03-06T10:55:00.000-05:00,[KLB] 5m CHECK 10:55 ▼ pnl=0.03 SPY~ → HOLD
2026-03-06T15:35:00.000-05:00,[KLB] 15:35 ▼ BRK ORB L vol=1.9x pos=v71 vwap=below ema=bear rs=+0% adx=20 body=40% ramp=1x rangeATR=0.8 O599.54 H599.81 L598.92 C599.18 ATR=10.52 SL=600.23/600.76 rawVol=170359 volSMA=88385 buf=0.526 prices=599.58
2026-03-06T15:35:00.000-05:00,[KLB] CONF 15:35 ▼ BRK → ✓ (auto-R1: EMA)
2026-03-06T15:40:00.000-05:00,[KLB] 5m CHECK 15:40 ▼ pnl=-0.03 SPY~ → HOLD
