Date,Message
2025-09-29T09:35:00.000-04:00,[KLB] 9:35 ▼ RNG range break vol=17.6x
2025-09-29T09:35:00.000-04:00,[KLB] 9:35 ▼ ~ ~ Yest H + ~ Today O vol=17.6x pos=v76 vwap=below ema=bear rs=-0.2% adx=22 body=36% ramp=35x rangeATR=5.6 ⚡ O748.98 H750.85 L746.12 C747.26 ATR=16.14 SL=748.87/749.68 rawVol=56408 volSMA=3197 buf=0.807 prices=751.93
2025-09-29T10:20:00.000-04:00,[KLB] 10:20 ▼ ~ ~ VWAP vol=1.2x pos=v97 vwap=below ema=bear rs=-0.3% adx=30 body=87% ramp=0.8x rangeATR=1.7 ⚠ O748.25 H748.5 L746.09 C746.16 ATR=16.14 SL=747.77/748.58 rawVol=16267 volSMA=13112 buf=0.807 prices=
2025-09-29T13:30:00.000-04:00,[KLB] 13:30 ▼ BRK PM L vol=2.5x pos=v72 vwap=below ema=bear rs=-0.3% adx=21 body=46% ramp=1x rangeATR=1 O744.65 H744.91 L743.89 C744.18 ATR=16.14 SL=745.79/746.6 rawVol=15675 volSMA=6264 buf=0.807 prices=745.35
2025-09-29T13:30:00.000-04:00,[KLB] CONF 13:30 ▼ BRK → ✓ (auto-R1: EMA)
2025-09-29T13:35:00.000-04:00,[KLB] 5m CHECK 13:35 ▼ pnl=-0.02 SPY~ → HOLD
2025-09-29T13:45:00.000-04:00,[KLB] 13:45 ▼ ~ ~ PD Cls vol=1.3x pos=v74 vwap=below ema=bear rs=-0.4% adx=24 body=36% ramp=0.8x rangeATR=0.7 O743.82 H744.07 L743.41 C743.58 ATR=16.14 SL=745.19/746 rawVol=5737 volSMA=6618 buf=0.807 prices=
2025-09-30T09:30:00.000-04:00,[KLB] 9:30 ▼ ~ ~ Today O + ~ PD Cls vol=1.8x pos=v97 vwap=above ema=bull rs=-0.2% adx=30 body=89% ramp=1.4x rangeATR=4.7 ⚡ ⚠ O744.61 H744.86 L741.5 C741.61 ATR=15.82 SL=743.19/743.98 rawVol=833 volSMA=456 buf=0.791 prices=
2025-09-30T09:35:00.000-04:00,[KLB] 9:35 ▼ RNG range break vol=17.3x
2025-09-30T09:35:00.000-04:00,[KLB] 9:35 ▼ BRK PM L + Yest L + Week L + PD LH L vol=17.3x pos=v79 vwap=below ema=bear rs=-0.8% adx=33 body=66% ramp=97.8x rangeATR=7 ⚡ O741.7 H742.98 L733.67 C735.6 ATR=15.82 SL=737.18/737.97 rawVol=57672 volSMA=3337 buf=0.791 prices=741.12/739.15/737.35
2025-09-30T09:35:00.000-04:00,[KLB] CONF 9:35 ▼ BRK → ✓ (auto-R1: EMA)
2025-09-30T09:40:00.000-04:00,[KLB] 9:40 ▼ BRK ORB L vol=9.9x pos=v75 vwap=below ema=bear rs=-1.4% adx=35 body=66% ramp=199.4x rangeATR=3.9 ⚡ O735.75 H736.32 L729.75 C731.4 ATR=15.82 SL=732.98/733.77 rawVol=65737 volSMA=6623 buf=0.791 prices=733.67
2025-09-30T09:40:00.000-04:00,[KLB] 9:40 ▼ ~ ~ VWAP vol=9.9x pos=v75 vwap=below ema=bear rs=-1.4% adx=35 body=66% ramp=199.4x rangeATR=3.9 ⚡ O735.75 H736.32 L729.75 C731.4 ATR=15.82 SL=732.98/733.77 rawVol=65737 volSMA=6623 buf=0.791 prices=
2025-09-30T09:40:00.000-04:00,[KLB] CONF 9:40 ▼ BRK → ✓ (auto-R1: EMA)
2025-09-30T09:45:00.000-04:00,[KLB] 5m CHECK 9:45 ▼ pnl=-0.1 SPY~ → HOLD
2025-10-01T09:35:00.000-04:00,[KLB] 9:35 ▼ RNG range break vol=15.6x
2025-10-01T09:35:00.000-04:00,[KLB] 9:35 ▼ BRK PM L + Month O vol=15.6x pos=v83 vwap=below ema=bear rs=-0.9% adx=44 body=80% ramp=34.9x rangeATR=3.7 ⚡ O721.55 H721.77 L715.47 C716.53 ATR=15.91 SL=718.12/718.92 rawVol=141896 volSMA=9117 buf=0.796 prices=721.56
2025-10-01T09:35:00.000-04:00,[KLB] 9:35 ▼ ~ ~ VWAP + ~ Today O vol=15.6x pos=v83 vwap=below ema=bear rs=-0.9% adx=44 body=80% ramp=34.9x rangeATR=3.7 ⚡ O721.55 H721.77 L715.47 C716.53 ATR=15.91 SL=718.12/718.92 rawVol=141896 volSMA=9117 buf=0.796 prices=
2025-10-01T09:35:00.000-04:00,[KLB] CONF 9:35 ▼ BRK → ✓ (auto-R1: EMA)
2025-10-01T09:40:00.000-04:00,[KLB] 5m CHECK 9:40 ▼ pnl=-0.12 SPY~ → BAIL
2025-10-01T09:50:00.000-04:00,[KLB] 9:50 ▼ BRK ORB L vol=4.3x pos=v98 vwap=below ema=bear rs=-1% adx=47 body=98% ramp=1.6x rangeATR=2.3 ⚡ ⚠ O719.32 H719.32 L714.37 C714.48 ATR=15.91 SL=716.07/716.87 rawVol=90033 volSMA=20940 buf=0.796 prices=715.47
2025-10-01T09:50:00.000-04:00,[KLB] CONF 9:50 ▼ BRK → ✓ (auto-R1: EMA)
2025-10-01T09:55:00.000-04:00,[KLB] 5m CHECK 9:55 ▼ pnl=0.04 SPY~ → HOLD
2025-10-02T09:35:00.000-04:00,[KLB] 9:35 ▼ RNG range break vol=16.1x
2025-10-02T09:45:00.000-04:00,[KLB] 9:45 ▲ RNG range break vol=5.2x
2025-10-02T10:15:00.000-04:00,[KLB] 10:15 ▼ ~ x~ ORB H vol=1.1x pos=v31 vwap=below ema=bull rs=+0.3% adx=17 body=12% ramp=0.5x rangeATR=1 O722.88 H723.16 L721.66 C722.7 ATR=16.5 SL=724.35/725.18 rawVol=14376 volSMA=20987 buf=0.825 prices=723.64
2025-10-02T11:25:00.000-04:00,[KLB] 11:25 ▼ ~ x~ Yest H vol=0.5x pos=v99 vwap=below ema=bear rs=+0.1% adx=22 body=28% ramp=0.8x rangeATR=1.1 O720.76 H721.95 L720.27 C720.29 ATR=16.5 SL=721.94/722.77 rawVol=9736 volSMA=20171 buf=0.825 prices=721.85
2025-10-02T12:05:00.000-04:00,[KLB] 12:05 ▼ ~ ~ VWAP vol=1x pos=v70 vwap=below ema=bear rs=+0% adx=22 body=65% ramp=0.8x rangeATR=0.6 O720.82 H720.86 L720 C720.26 ATR=16.5 SL=721.91/722.74 rawVol=14768 volSMA=15011 buf=0.825 prices=
2025-10-02T13:25:00.000-04:00,[KLB] 13:25 ▲ ~ ~ VWAP vol=0.6x pos=^78 vwap=above ema=bull rs=+0.5% adx=21 body=65% ramp=0.9x rangeATR=0.8 O723.51 H724.27 L723.39 C724.08 ATR=16.5 SL=722.43/721.6 rawVol=6214 volSMA=10970 buf=0.825 prices=
2025-10-02T13:30:00.000-04:00,[KLB] 13:30 ▲ ~ ~ PM H vol=1.3x pos=^83 vwap=above ema=bull rs=+0.6% adx=22 body=66% ramp=0.8x rangeATR=0.7 O724.06 H724.69 L723.93 C724.56 ATR=16.5 SL=722.91/722.08 rawVol=13689 volSMA=10911 buf=0.825 prices=
2025-10-02T13:40:00.000-04:00,[KLB] 13:40 ▲ ~ ~ PM H vol=2.1x pos=^67 vwap=above ema=bull rs=+0.6% adx=25 body=45% ramp=1.7x rangeATR=0.7 O724.41 H725 L724.25 C724.75 ATR=16.5 SL=723.1/722.27 rawVol=24112 volSMA=11736 buf=0.825 prices=
2025-10-03T09:35:00.000-04:00,[KLB] 9:35 ▼ RNG range break vol=16.4x
2025-10-03T09:35:00.000-04:00,[KLB] 9:35 ▼ BRK PM L + PD LH L + Month O vol=16.4x pos=v94 vwap=below ema=bear rs=-1.3% adx=36 body=84% ramp=140.9x rangeATR=8.6 ⚡ ⚠ O729.89 H731 L720.01 C720.69 ATR=16.07 SL=722.3/723.1 rawVol=74459 volSMA=4539 buf=0.803 prices=727.54
2025-10-03T09:35:00.000-04:00,"[KLB] 9:35 ▼ ~ ~ Yest H
~ VWAP + ~ Today O + ~ PD Cls vol=16.4x pos=v94 vwap=below ema=bear rs=-1.3% adx=36 body=84% ramp=140.9x rangeATR=8.6 ⚡ ⚠ O729.89 H731 L720.01 C720.69 ATR=16.07 SL=722.3/723.1 rawVol=74459 volSMA=4539 buf=0.803 prices=727.77"
2025-10-03T09:35:00.000-04:00,[KLB] CONF 9:35 ▼ BRK → ✓ (auto-R1: EMA)
2025-10-03T09:40:00.000-04:00,[KLB] 5m CHECK 9:40 ▼ pnl=0 SPY~ → HOLD
2025-10-03T09:45:00.000-04:00,[KLB] 9:45 ▼ BRK Yest L + ORB L vol=6.5x pos=v71 vwap=below ema=bear rs=-1.8% adx=42 body=64% ramp=317.3x rangeATR=2.9 ⚡ O720.4 H720.74 L715.85 C717.25 ATR=16.07 SL=718.86/719.66 rawVol=82044 volSMA=12651 buf=0.803 prices=718.14/720.01
2025-10-03T09:45:00.000-04:00,[KLB] CONF 9:45 ▼ BRK → ✓ (auto-R1: EMA)
2025-10-03T09:50:00.000-04:00,[KLB] 5m CHECK 9:50 ▼ pnl=-0.09 SPY~ → HOLD
2025-10-03T11:45:00.000-04:00,[KLB] 11:45 ▼ BRK Yest L vol=3.7x pos=v61 vwap=below ema=bear rs=-2.1% adx=38 body=58% ramp=3.8x rangeATR=2 ⚡ O718.16 H718.25 L715.04 C716.3 ATR=16.07 SL=717.91/718.71 rawVol=100754 volSMA=27534 buf=0.803 prices=718.14
2025-10-03T11:45:00.000-04:00,[KLB] CONF 11:45 ▼ BRK → ✓ (auto-R1: EMA)
2025-10-03T11:50:00.000-04:00,[KLB] 5m CHECK 11:50 ▼ pnl=0.02 SPY~ → HOLD
2025-10-03T13:55:00.000-04:00,[KLB] 13:55 ▼ 🔇 QBS ramp=0.4x vol=1.6x pos=v80 vwap=below ema=bear adx=39 body=75% rangeATR=1.7 O714.87 H715 L712.5 C713 ATR=16.07
2025-10-03T14:10:00.000-04:00,[KLB] CONF 14:10 ▼ QBS → ✗ (failed)
2025-10-06T09:30:00.000-04:00,[KLB] 9:30 ▼ RNG range break vol=3.1x
2025-10-06T09:30:00.000-04:00,[KLB] 9:30 ▼ ~ ~ Today O vol=3.1x pos=v79 vwap=above ema=bear rs=+0.3% adx=59 body=65% ramp=1.5x rangeATR=5 ⚡ O708.71 H709.5 L703.72 C704.96 ATR=16.41 SL=706.6/707.42 rawVol=8556 volSMA=2780 buf=0.82 prices=
2025-10-06T09:35:00.000-04:00,[KLB] 9:35 ▼ BRK PM L vol=14.5x pos=v90 vwap=below ema=bear rs=-1.1% adx=62 body=89% ramp=14.6x rangeATR=5.4 ⚡ ⚠ O705.04 H705.19 L695.8 C696.71 ATR=16.41 SL=698.35/699.17 rawVol=145395 volSMA=10027 buf=0.82 prices=703.72
2025-10-06T09:35:00.000-04:00,[KLB] 9:35 ▼ ~ ~ VWAP vol=14.5x pos=v90 vwap=below ema=bear rs=-1.1% adx=62 body=89% ramp=14.6x rangeATR=5.4 ⚡ ⚠ O705.04 H705.19 L695.8 C696.71 ATR=16.41 SL=698.35/699.17 rawVol=145395 volSMA=10027 buf=0.82 prices=
2025-10-06T09:35:00.000-04:00,[KLB] CONF 9:35 ▼ BRK → ✓ (auto-R1: EMA)
2025-10-06T09:40:00.000-04:00,[KLB] 9:40 ▼ BRK ORB L vol=8.6x pos=v87 vwap=below ema=bear rs=-1.4% adx=64 body=80% ramp=28.7x rangeATR=1.8 O696.84 H697.08 L693.7 C694.14 ATR=16.41 SL=695.78/696.6 rawVol=137260 volSMA=16883 buf=0.82 prices=695.8
2025-10-06T09:40:00.000-04:00,[KLB] CONF 9:40 ▼ BRK → ✓ (auto-R1: EMA)
2025-10-06T09:45:00.000-04:00,[KLB] 5m CHECK 9:45 ▼ pnl=0.14 SPY~ → HOLD
2025-10-06T14:45:00.000-04:00,[KLB] 14:45 ▲ ~ ~ PM H vol=1x pos=^88 vwap=above ema=bull rs=+1.6% adx=38 body=68% ramp=0.9x rangeATR=1 O715.7 H716.85 L715.4 C716.68 ATR=16.41 SL=715.04/714.22 rawVol=16751 volSMA=16984 buf=0.82 prices=
2025-10-07T09:30:00.000-04:00,[KLB] 9:30 ▼ RNG range break vol=4.2x
2025-10-07T09:40:00.000-04:00,[KLB] 9:40 ▼ ~ x~ Yest H vol=10.8x pos=v52 vwap=below ema=bull rs=-0.5% adx=18 body=18% ramp=72.1x rangeATR=2.8 ⚡ O714.62 H715.8 L712.37 C714 ATR=17.12 SL=715.71/716.57 rawVol=35774 volSMA=5329 buf=0.856 prices=716.88
2025-10-07T09:50:00.000-04:00,[KLB] 9:50 ▼ ~ ~ VWAP vol=4.3x pos=v69 vwap=below ema=bear rs=-0.8% adx=21 body=48% ramp=1.6x rangeATR=1.4 O713.01 H713.41 L711.5 C712.1 ATR=17.12 SL=713.81/714.67 rawVol=36193 volSMA=8392 buf=0.856 prices=
2025-10-07T10:00:00.000-04:00,[KLB] 10:00 ▼ BRK PM L + ORB L + PD LH L vol=3.6x pos=v97 vwap=below ema=bear rs=-1% adx=25 body=75% ramp=0.9x rangeATR=2.3 ⚡ O712.5 H713.29 L709.81 C709.9 ATR=17.12 SL=711.61/712.47 rawVol=41933 volSMA=11701 buf=0.856 prices=711.33/712.3
2025-10-07T10:00:00.000-04:00,[KLB] CONF 10:00 ▼ BRK → ✓ (auto-R1: EMA)
2025-10-07T10:05:00.000-04:00,[KLB] 5m CHECK 10:05 ▼ pnl=-0.04 SPY~ → HOLD
2025-10-07T15:55:00.000-04:00,[KLB] 15:55 ▲ ~ ~ PM L vol=3x pos=^100 vwap=above ema=bull rs=-0.2% adx=22 body=55% ramp=1.7x rangeATR=1.3 O712.3 H712.96 L711.76 C712.96 ATR=17.12 SL=711.25/710.39 rawVol=29374 volSMA=9870 buf=0.856 prices=711.33
2025-10-08T09:30:00.000-04:00,[KLB] 9:30 ▲ RNG range break vol=6.1x
2025-10-08T09:30:00.000-04:00,[KLB] 9:30 ▲ ~ ~ Yest L + ~ Today O + ~ PD Cls vol=6.1x pos=^55 vwap=above ema=bear rs=+0.2% adx=22 body=35% ramp=3.1x rangeATR=3.7 ⚡ O713.24 H714.95 L712.8 C713.99 ATR=16.81 SL=712.31/711.47 rawVol=4082 volSMA=665 buf=0.84 prices=705.75
2025-10-08T09:40:00.000-04:00,[KLB] 9:40 ▼ RNG range break vol=8.3x
2025-10-08T09:40:00.000-04:00,[KLB] 9:40 ▼ BRK PM L + ORB L vol=8.3x pos=v69 vwap=below ema=bear rs=-0.3% adx=22 body=65% ramp=34.2x rangeATR=2.8 ⚡ O712.47 H712.56 L710.17 C710.92 ATR=16.81 SL=712.6/713.44 rawVol=29810 volSMA=3642 buf=0.84 prices=711.22/712.27
2025-10-08T09:40:00.000-04:00,[KLB] CONF 9:40 ▼ BRK → ✓ (auto-R1: EMA)
2025-10-08T09:45:00.000-04:00,[KLB] 9:45 ▼ BRK Week L + PD LH L vol=6.8x pos=v77 vwap=below ema=bear rs=-0.6% adx=23 body=76% ramp=18.1x rangeATR=2.9 ⚡ O710.8 H710.84 L707.84 C708.53 ATR=16.81 SL=710.21/711.05 rawVol=37437 volSMA=5504 buf=0.84 prices=710.18
2025-10-08T09:45:00.000-04:00,[KLB] 9:45 ▼ ~ ~ VWAP vol=6.8x pos=v77 vwap=below ema=bear rs=-0.6% adx=23 body=76% ramp=18.1x rangeATR=2.9 ⚡ O710.8 H710.84 L707.84 C708.53 ATR=16.81 SL=710.21/711.05 rawVol=37437 volSMA=5504 buf=0.84 prices=
2025-10-08T09:45:00.000-04:00,[KLB] CONF 9:45 ▼ BRK → ✓ (auto-R1: EMA)
2025-10-08T09:50:00.000-04:00,[KLB] 5m CHECK 9:50 ▼ pnl=-0.13 SPY~ → BAIL
2025-10-09T09:30:00.000-04:00,[KLB] 9:30 ▼ ~ ~ PM H + ~ Today O vol=2.3x pos=v83 vwap=below ema=bull rs=+0.1% adx=29 body=49% ramp=3.2x rangeATR=3.4 ⚡ O719.18 H719.92 L717.8 C718.15 ATR=16.45 SL=719.8/720.62 rawVol=1611 volSMA=698 buf=0.823 prices=719.92
2025-10-09T09:35:00.000-04:00,[KLB] 9:35 ▲ FADE at 719.92
2025-10-09T09:35:00.000-04:00,[KLB] 9:35 ▲ RNG range break vol=16x
2025-10-09T09:35:00.000-04:00,[KLB] 9:35 ▲ ~ ~ PD LH L + ~ PD Cls + ~ PM H + ~ Yest H vol=16x pos=^88 vwap=above ema=bull rs=+0.4% adx=32 body=57% ramp=51x rangeATR=4.8 ⚡ O718.32 H721.29 L716.98 C720.77 ATR=16.45 SL=719.12/718.3 rawVol=54423 volSMA=3402 buf=0.823 prices=
2025-10-09T09:45:00.000-04:00,[KLB] 9:45 ▼ RNG range break vol=8.3x
2025-10-09T09:45:00.000-04:00,"[KLB] 9:45 ▼ ~ ~ PM H + ~ Yest H
~ VWAP vol=8.3x pos=v77 vwap=below ema=bull rs=-0.2% adx=33 body=66% ramp=45.5x rangeATR=3.5 ⚡ O719.44 H720 L715.16 C716.26 ATR=16.45 SL=717.91/718.73 rawVol=40060 volSMA=8989 buf=0.823 prices=719.92/719.65"
2025-10-09T10:10:00.000-04:00,[KLB] 10:10 ▲ ~ ~ PM H vol=1.1x pos=^78 vwap=above ema=bull rs=+0.4% adx=27 body=67% ramp=0.5x rangeATR=0.5 O718.88 H719.65 L718.78 C719.46 ATR=16.45 SL=717.81/716.99 rawVol=16280 volSMA=15511 buf=0.823 prices=
2025-10-09T10:40:00.000-04:00,[KLB] 10:40 ▲ ~ ~ Yest H vol=0.6x pos=^75 vwap=above ema=bull rs=+0.5% adx=21 body=65% ramp=0.6x rangeATR=1.2 O717.15 H718.98 L716.96 C718.47 ATR=16.45 SL=716.82/716 rawVol=13218 volSMA=20868 buf=0.823 prices=
2025-10-10T09:30:00.000-04:00,[KLB] 9:30 ▼ ~ ~ Yest H + ~ PD Cls vol=2.2x pos=v100 vwap=below ema=bear rs=+0.2% adx=25 body=52% ramp=2.6x rangeATR=5.8 ⚡ O733.26 H735.38 L731 C731 ATR=16.78 SL=732.68/733.52 rawVol=1486 volSMA=682 buf=0.839 prices=733.51
2025-10-10T09:35:00.000-04:00,[KLB] 9:35 ▼ RNG range break vol=16.2x
2025-10-10T09:35:00.000-04:00,[KLB] 9:35 ▼ ~ x~ Yest H vol=16.2x pos=v59 vwap=below ema=bear rs=-0.1% adx=29 body=2% ramp=29x rangeATR=6.1 ⚡ O731 H735.27 L727.7 C730.83 ATR=16.78 SL=732.51/733.35 rawVol=58331 volSMA=3595 buf=0.839 prices=733.51
2025-10-10T09:40:00.000-04:00,[KLB] 9:40 ▲ ~ ~ PM L + ~ PD LH L vol=6.2x pos=^83 vwap=above ema=bear rs=0% adx=32 body=62% ramp=43.6x rangeATR=1.7 O730.9 H732.69 L730.43 C732.31 ATR=16.78 SL=730.63/729.79 rawVol=31981 volSMA=5174 buf=0.839 prices=731
2025-10-10T09:45:00.000-04:00,[KLB] 9:45 ▼ FADE at 731
2025-10-10T09:55:00.000-04:00,[KLB] 9:55 ▼ BRK PM L + PD LH L vol=2.2x pos=v72 vwap=below ema=bear rs=-0.2% adx=40 body=48% ramp=0.8x rangeATR=1.8 O731.3 H731.95 L729.22 C729.98 ATR=16.78 SL=731.66/732.5 rawVol=19876 volSMA=8866 buf=0.839 prices=731
2025-10-10T09:55:00.000-04:00,[KLB] 9:55 ▼ ~ ~ VWAP vol=2.2x pos=v72 vwap=below ema=bear rs=-0.2% adx=40 body=48% ramp=0.8x rangeATR=1.8 O731.3 H731.95 L729.22 C729.98 ATR=16.78 SL=731.66/732.5 rawVol=19876 volSMA=8866 buf=0.839 prices=
2025-10-10T09:55:00.000-04:00,[KLB] CONF 9:55 ▼ BRK → ✓ (auto-R1: EMA)
2025-10-10T10:00:00.000-04:00,[KLB] 5m CHECK 10:00 ▼ pnl=-0.08 SPY~ → HOLD
2025-10-10T10:35:00.000-04:00,[KLB] 10:35 ▼ BRK PM L vol=1.7x pos=v93 vwap=below ema=bear rs=-0.2% adx=39 body=74% ramp=1.1x rangeATR=1.6 O732.1 H732.6 L730 C730.17 ATR=16.78 SL=731.85/732.69 rawVol=27377 volSMA=16167 buf=0.839 prices=731
2025-10-10T10:35:00.000-04:00,[KLB] CONF 10:35 ▼ BRK → ✓ (auto-R1: EMA)
2025-10-10T10:40:00.000-04:00,[KLB] 5m CHECK 10:40 ▼ pnl=-0.02 SPY~ → HOLD
2025-10-10T11:00:00.000-04:00,[KLB] 11:00 ▼ BRK PM L + ORB L + PD LH L vol=1.5x pos=v85 vwap=below ema=bear rs=-0.3% adx=39 body=82% ramp=0.8x rangeATR=3.3 ⚡ ⚠ O730.93 H731.13 L724.7 C725.66 ATR=16.78 SL=727.34/728.18 rawVol=31639 volSMA=21053 buf=0.839 prices=731/727.7
2025-10-10T11:00:00.000-04:00,[KLB] CONF 11:00 ▼ BRK → ✓ (auto-R1: EMA)
2025-10-10T11:05:00.000-04:00,[KLB] 11:05 ▼ BRK Month O vol=2.7x pos=v83 vwap=below ema=bear rs=-0.9% adx=41 body=83% ramp=1.8x rangeATR=3.7 ⚡ ⚠ O725.28 H725.28 L716.1 C717.67 ATR=16.78 SL=719.35/720.19 rawVol=66860 volSMA=24365 buf=0.839 prices=
2025-10-10T11:05:00.000-04:00,[KLB] CONF 11:05 ▼ BRK → ✓ (auto-R1: EMA)
2025-10-10T11:10:00.000-04:00,[KLB] 5m CHECK 11:10 ▼ pnl=-0.07 SPY✓ → HOLD
2025-10-10T11:35:00.000-04:00,[KLB] 11:35 ▼ BRK Yest L vol=1.9x pos=v75 vwap=below ema=bear rs=-1.1% adx=54 body=75% ramp=1.2x rangeATR=1.2 O713.42 H713.42 L709.81 C710.7 ATR=16.78 SL=712.38/713.22 rawVol=50198 volSMA=26789 buf=0.839 prices=712.44
2025-10-10T11:35:00.000-04:00,[KLB] CONF 11:35 ▼ BRK → ✓ (auto-R1: EMA)
2025-10-10T11:40:00.000-04:00,[KLB] 5m CHECK 11:40 ▼ pnl=-0.05 SPY✓ → HOLD
2025-10-10T13:10:00.000-04:00,[KLB] 13:10 ▼ BRK Week L vol=1.9x pos=v57 vwap=below ema=bear rs=-0.8% adx=49 body=44% ramp=1.7x rangeATR=0.6 O710.26 H710.44 L709.05 C709.65 ATR=16.78 SL=711.33/712.17 rawVol=40578 volSMA=21841 buf=0.839 prices=710.18
2025-10-10T13:10:00.000-04:00,[KLB] CONF 13:10 ▼ BRK → ✓ (auto-R1: EMA)
2025-10-10T13:15:00.000-04:00,[KLB] 5m CHECK 13:15 ▼ pnl=0.01 SPY✓ → HOLD
2025-10-10T14:15:00.000-04:00,[KLB] 14:15 ▼ BRK Yest L vol=2.3x pos=v86 vwap=below ema=bear rs=-1% adx=35 body=64% ramp=1.4x rangeATR=1.3 O711.67 H712.25 L709.66 C710.01 ATR=16.78 SL=711.69/712.53 rawVol=41795 volSMA=17922 buf=0.839 prices=712.44
2025-10-10T14:15:00.000-04:00,[KLB] CONF 14:15 ▼ BRK → ✓ (auto-R1: EMA)
2025-10-10T14:20:00.000-04:00,[KLB] 5m CHECK 14:20 ▼ pnl=-0.05 SPY✓ → HOLD
2025-10-10T15:30:00.000-04:00,[KLB] 15:30 ▼ BRK Week L vol=1.8x pos=v75 vwap=below ema=bear rs=-0.5% adx=27 body=65% ramp=1.5x rangeATR=1.4 O710.9 H711.13 L708.94 C709.48 ATR=16.78 SL=711.16/712 rawVol=32657 volSMA=17922 buf=0.839 prices=710.18
2025-10-10T15:30:00.000-04:00,[KLB] CONF 15:30 ▼ BRK → ✓ (auto-R1: EMA)
2025-10-10T15:35:00.000-04:00,[KLB] 5m CHECK 15:35 ▼ pnl=0.02 SPY✓ → HOLD
2025-10-13T09:30:00.000-04:00,[KLB] 9:30 ▲ ~ ~ Today O vol=1.9x pos=^70 vwap=below ema=bear rs=+1.2% adx=28 body=51% ramp=0.7x rangeATR=2 O712.25 H714.21 L711.8 C713.48 ATR=17.78 SL=711.7/710.81 rawVol=2181 volSMA=1145 buf=0.889 prices=
2025-10-13T09:35:00.000-04:00,[KLB] 9:35 ▼ FADE at 713.01
2025-10-13T09:35:00.000-04:00,[KLB] 9:35 ▼ RNG range break vol=14.3x
2025-10-13T09:35:00.000-04:00,[KLB] 9:35 ▼ BRK PM L vol=14.3x pos=v94 vwap=below ema=bear rs=-0.5% adx=28 body=56% ramp=20.3x rangeATR=3.7 ⚡ O713 H715.16 L709.42 C709.79 ATR=17.78 SL=711.57/712.46 rawVol=56268 volSMA=3946 buf=0.889 prices=710.5
2025-10-13T09:35:00.000-04:00,[KLB] 9:35 ▼ ~ ~ VWAP vol=14.3x pos=v94 vwap=below ema=bear rs=-0.5% adx=28 body=56% ramp=20.3x rangeATR=3.7 ⚡ O713 H715.16 L709.42 C709.79 ATR=17.78 SL=711.57/712.46 rawVol=56268 volSMA=3946 buf=0.889 prices=
2025-10-13T09:35:00.000-04:00,[KLB] CONF 9:35 ▼ BRK → ✓ (auto-R1: EMA)
2025-10-13T09:40:00.000-04:00,[KLB] 5m CHECK 9:40 ▼ pnl=-0.07 SPY~ → HOLD
2025-10-13T09:45:00.000-04:00,[KLB] 9:45 ▲ ~ ~ PM L vol=5.5x pos=^84 vwap=above ema=bear rs=+0.2% adx=26 body=67% ramp=29.7x rangeATR=2.6 ⚡ O711.25 H715.41 L710.39 C714.62 ATR=17.78 SL=712.84/711.95 rawVol=30406 volSMA=7429 buf=0.889 prices=710.5
2025-10-13T10:35:00.000-04:00,[KLB] 10:35 ▲ ~ ~ VWAP vol=0.6x pos=^100 vwap=above ema=bull rs=+0.6% adx=22 body=57% ramp=0.8x rangeATR=1.3 O716.36 H718.01 L715.15 C718 ATR=17.78 SL=716.22/715.33 rawVol=10294 volSMA=17454 buf=0.889 prices=
2025-10-14T09:35:00.000-04:00,[KLB] 9:35 ▼ RNG range break vol=14.6x
2025-10-14T11:45:00.000-04:00,[KLB] 11:45 ▲ ~ ~ Yest L + ~ PD LH L + ~ PM H vol=1.5x pos=^91 vwap=above ema=bull rs=+0.2% adx=20 body=75% ramp=2.4x rangeATR=1.7 O711.55 H714 L711.1 C713.73 ATR=17.56 SL=711.97/711.1 rawVol=13967 volSMA=9026 buf=0.878 prices=707.64
2025-10-14T12:15:00.000-04:00,[KLB] 12:15 ▲ ~ ~ PM H vol=0.7x pos=^80 vwap=above ema=bull rs=-0.1% adx=21 body=63% ramp=0.9x rangeATR=0.7 O711.65 H712.57 L711.45 C712.35 ATR=17.56 SL=710.59/709.72 rawVol=5662 volSMA=7738 buf=0.878 prices=
2025-10-14T12:20:00.000-04:00,[KLB] 12:20 ▲ ~ ~ Yest L vol=0.8x pos=^91 vwap=above ema=bull rs=-0.1% adx=20 body=63% ramp=0.9x rangeATR=0.8 O712.41 H713.37 L712.04 C713.25 ATR=17.56 SL=711.49/710.62 rawVol=4947 volSMA=7519 buf=0.878 prices=707.64
2025-10-14T12:50:00.000-04:00,[KLB] 12:50 ▲ ~ ~ Yest L vol=1.4x pos=^82 vwap=above ema=bull rs=-0.3% adx=21 body=82% ramp=1x rangeATR=1.7 ⚠ O712.2 H714.82 L712.2 C714.34 ATR=17.56 SL=712.58/711.71 rawVol=10513 volSMA=7400 buf=0.878 prices=707.64
2025-10-14T15:45:00.000-04:00,[KLB] 15:45 ▼ BRK Yest L vol=2.7x pos=v82 vwap=below ema=bear rs=-0.8% adx=20 body=79% ramp=2.8x rangeATR=2.4 ⚡ O708.15 H708.25 L705.21 C705.75 ATR=17.56 SL=707.51/708.38 rawVol=18525 volSMA=6773 buf=0.878 prices=707.64
2025-10-14T15:45:00.000-04:00,"[KLB] 15:45 ▼ ~ ~ ORB H
~ VWAP vol=2.7x pos=v82 vwap=below ema=bear rs=-0.8% adx=20 body=79% ramp=2.8x rangeATR=2.4 ⚡ O708.15 H708.25 L705.21 C705.75 ATR=17.56 SL=707.51/708.38 rawVol=18525 volSMA=6773 buf=0.878 prices=708"
2025-10-14T15:45:00.000-04:00,[KLB] CONF 15:45 ▼ BRK → ✓ (auto-R1: EMA)
2025-10-14T15:50:00.000-04:00,[KLB] 5m CHECK 15:50 ▼ pnl=-0.06 SPY✗ → BAIL
2025-10-15T09:30:00.000-04:00,[KLB] 9:30 ▲ RNG range break vol=5.7x
2025-10-15T09:30:00.000-04:00,[KLB] 9:30 ▲ ~ ~ VWAP + ~ Today O vol=5.7x pos=^86 vwap=above ema=bull rs=+0.7% adx=22 body=76% ramp=4.4x rangeATR=5.8 ⚡ O714.15 H717.77 L713.71 C717.22 ATR=17.47 SL=715.47/714.6 rawVol=3185 volSMA=558 buf=0.874 prices=
2025-10-15T09:40:00.000-04:00,[KLB] 9:40 ▲ ~ ~ ORB H vol=5.9x pos=^100 vwap=above ema=bull rs=+0% adx=26 body=93% ramp=57.1x rangeATR=2 ⚡ ⚠ O715.14 H717.07 L715 C717.07 ATR=17.47 SL=715.32/714.45 rawVol=22526 volSMA=3822 buf=0.874 prices=
2025-10-15T09:45:00.000-04:00,[KLB] 9:45 ▲ ~ ~ PM H vol=7.8x pos=^56 vwap=above ema=bull rs=+0.2% adx=28 body=56% ramp=31.2x rangeATR=2.6 ⚡ O717.08 H720.03 L717.08 C718.72 ATR=17.47 SL=716.97/716.1 rawVol=49000 volSMA=6257 buf=0.874 prices=
2025-10-15T10:15:00.000-04:00,[KLB] 10:15 ▲ BRK Month O vol=2.9x pos=^62 vwap=above ema=bull rs=+0.3% adx=36 body=60% ramp=1.2x rangeATR=1.3 O720.57 H722.64 L720.54 C721.84 ATR=17.47 SL=720.09/719.22 rawVol=28760 volSMA=13930 buf=0.874 prices=
2025-10-15T10:15:00.000-04:00,[KLB] CONF 10:15 ▲ BRK → ✓ (auto-R1: EMA)
2025-10-15T10:20:00.000-04:00,[KLB] 5m CHECK 10:20 ▲ pnl=0.01 SPY✓ → HOLD
2025-10-15T12:40:00.000-04:00,[KLB] 12:40 ▼ ~ x~ PM H vol=0.4x pos=v92 vwap=below ema=bull rs=+0.2% adx=18 body=10% ramp=0.9x rangeATR=0.9 O717.33 H718.35 L717.1 C717.2 ATR=17.47 SL=718.95/719.82 rawVol=3543 volSMA=8965 buf=0.874 prices=717.77
2025-10-15T12:45:00.000-04:00,[KLB] 12:45 ▼ ~ x~ PM H vol=0.4x pos=v52 vwap=below ema=bull rs=+0.3% adx=17 body=12% ramp=0.4x rangeATR=0.5 🔇 O717.29 H717.59 L716.84 C717.2 ATR=17.47 SL=718.95/719.82 rawVol=2216 volSMA=8469 buf=0.874 prices=717.77
2025-10-15T14:30:00.000-04:00,[KLB] 14:30 ▼ ~ x~ ORB H vol=0.7x pos=v90 vwap=below ema=bear rs=+0.3% adx=13 body=21% ramp=1.1x rangeATR=0.7 O716.47 H717.1 L716.19 C716.28 ATR=17.47 SL=718.03/718.9 rawVol=5262 volSMA=7529 buf=0.874 prices=717.19
2025-10-15T15:35:00.000-04:00,[KLB] 15:35 ▼ ~ x~ ORB H vol=1.9x pos=v82 vwap=below ema=bull rs=+0.2% adx=15 body=11% ramp=1x rangeATR=0.6 O716.64 H717.04 L716.48 C716.58 ATR=17.47 SL=718.33/719.2 rawVol=11118 volSMA=5953 buf=0.874 prices=717.19
2025-10-15T15:55:00.000-04:00,[KLB] 15:55 ▼ ~ x~ ORB H vol=2.9x pos=v76 vwap=below ema=bull rs=+0.3% adx=16 body=23% ramp=1.1x rangeATR=2.1 ⚡ O715.98 H717.12 L715 C715.5 ATR=17.47 SL=717.25/718.12 rawVol=24120 volSMA=8446 buf=0.874 prices=717.19
2025-10-16T09:30:00.000-04:00,[KLB] 9:30 ▼ RNG range break vol=4.2x
2025-10-16T09:30:00.000-04:00,"[KLB] 9:30 ▼ ~ ~ Yest H
~ VWAP + ~ Today O + ~ PD Cls vol=4.2x pos=v99 vwap=below ema=bull rs=+0.3% adx=29 body=86% ramp=8.6x rangeATR=2.8 ⚡ ⚠ O718.82 H719.01 L717.49 C717.51 ATR=17.31 SL=719.24/720.11 rawVol=1680 volSMA=398 buf=0.866 prices=723.9"
2025-10-16T09:35:00.000-04:00,[KLB] 9:35 ▲ RNG range break vol=15.1x
2025-10-16T09:35:00.000-04:00,[KLB] 9:35 ▲ ~ ~ PM L + ~ PM H + ~ Yest H vol=15.1x pos=^82 vwap=above ema=bull rs=+0.4% adx=27 body=79% ramp=34.3x rangeATR=5.5 ⚡ O717.29 H721.77 L717.18 C720.93 ATR=17.31 SL=719.2/718.33 rawVol=23987 volSMA=1591 buf=0.866 prices=717.49
2025-10-16T09:45:00.000-04:00,[KLB] 9:45 ▲ ~ ~ PM H + ~ ORB H vol=7.8x pos=^83 vwap=above ema=bull rs=+0.6% adx=25 body=44% ramp=26.4x rangeATR=3.1 ⚡ O720.81 H722.98 L719.44 C722.37 ATR=17.31 SL=720.64/719.77 rawVol=35755 volSMA=4558 buf=0.866 prices=
2025-10-16T09:50:00.000-04:00,[KLB] 9:50 ▲ FADE at 723.9
2025-10-16T09:50:00.000-04:00,[KLB] 9:50 ▲ ~ ~ VWAP vol=7.3x pos=^68 vwap=above ema=bull rs=+1% adx=27 body=65% ramp=4.2x rangeATR=2.6 ⚡ O722.1 H725.48 L722 C724.36 ATR=17.31 SL=722.63/721.76 rawVol=52353 volSMA=7124 buf=0.866 prices=
2025-10-16T11:05:00.000-04:00,[KLB] 11:05 ▼ ~ x~ ORB H vol=0.5x pos=v43 vwap=below ema=bull rs=+0.4% adx=16 body=14% ramp=0.8x rangeATR=0.6 O721.17 H721.44 L720.5 C721.04 ATR=17.31 SL=722.77/723.64 rawVol=6352 volSMA=16308 buf=0.866 prices=721.77
2025-10-16T11:50:00.000-04:00,[KLB] 11:50 ▼ ~ ~ Yest H vol=1.3x pos=v84 vwap=below ema=bear rs=+0.3% adx=21 body=83% ramp=0.6x rangeATR=0.7 ⚠ O718.2 H718.21 L717.02 C717.21 ATR=17.31 SL=718.94/719.81 rawVol=13860 volSMA=10827 buf=0.866 prices=723.9
2025-10-16T12:05:00.000-04:00,[KLB] 12:05 ▼ ~ x~ Yest H vol=1.2x pos=v29 vwap=below ema=bear rs=+0.3% adx=24 body=15% ramp=1.1x rangeATR=1.1 O717.63 H717.88 L716.1 C717.37 ATR=17.31 SL=719.1/719.97 rawVol=12683 volSMA=10535 buf=0.866 prices=723.9
2025-10-16T12:10:00.000-04:00,[KLB] 12:10 ▼ ~ ~ Yest H vol=1.2x pos=v100 vwap=below ema=bear rs=+0.1% adx=26 body=66% ramp=1.1x rangeATR=1.1 O717.38 H718 L716.18 C716.18 ATR=17.31 SL=717.91/718.78 rawVol=10141 volSMA=10382 buf=0.866 prices=723.9
2025-10-17T09:30:00.000-04:00,[KLB] 9:30 ▼ ~ ~ Today O vol=1x pos=v88 vwap=below ema=bull rs=-0.3% adx=39 body=79% ramp=1x rangeATR=2 ⚡ O708.4 H708.62 L706.11 C706.42 ATR=17.62 SL=708.18/709.06 rawVol=1062 volSMA=1053 buf=0.881 prices=
2025-10-17T09:35:00.000-04:00,[KLB] 9:35 ▲ FADE at 707.08
2025-10-17T09:35:00.000-04:00,[KLB] 9:35 ▲ ~ ~ PD LH L vol=11.2x pos=^93 vwap=above ema=bull rs=+0.3% adx=37 body=70% ramp=30.5x rangeATR=2.9 ⚡ O707.08 H710.29 L706.12 C710.01 ATR=17.62 SL=708.25/707.37 rawVol=25386 volSMA=2263 buf=0.881 prices=
2025-10-17T09:40:00.000-04:00,[KLB] 9:40 ▲ ~ ~ VWAP vol=9x pos=^70 vwap=above ema=bull rs=+0.6% adx=36 body=47% ramp=115.1x rangeATR=1.5 O710.32 H712.07 L709.78 C711.39 ATR=17.62 SL=709.63/708.75 rawVol=36974 volSMA=4100 buf=0.881 prices=
2025-10-17T09:45:00.000-04:00,[KLB] 9:45 ▼ ~ ~ PM H + ~ ORB H + ~ PD Cls vol=4.5x pos=v96 vwap=below ema=bull rs=+0.3% adx=34 body=70% ramp=61.6x rangeATR=2.5 ⚡ O711.42 H712.5 L708.27 C708.44 ATR=17.62 SL=710.2/711.08 rawVol=23925 volSMA=5268 buf=0.881 prices=712/710.29
2025-10-17T09:55:00.000-04:00,[KLB] 9:55 ▲ FADE at 712
2025-10-17T09:55:00.000-04:00,[KLB] 9:55 ▲ RNG range break vol=3.4x
2025-10-17T09:55:00.000-04:00,[KLB] 9:55 ▲ ~ ~ Yest L + ~ PM H vol=3.4x pos=^100 vwap=above ema=bull rs=+0.6% adx=31 body=94% ramp=1.1x rangeATR=1.9 ⚠ O710.14 H713.61 L709.93 C713.6 ATR=17.62 SL=711.84/710.96 rawVol=24528 volSMA=7131 buf=0.881 prices=703.88
2025-10-17T10:10:00.000-04:00,[KLB] 10:10 ▲ ~ ~ PM H vol=1.2x pos=^75 vwap=above ema=bull rs=+0.5% adx=30 body=72% ramp=0.6x rangeATR=0.8 O710.68 H712.33 L710.64 C711.9 ATR=17.62 SL=710.14/709.26 rawVol=7706 volSMA=9011 buf=0.881 prices=
2025-10-17T10:15:00.000-04:00,[KLB] 10:15 ▲ ~ ~ Yest L + ~ PM H vol=1.9x pos=^88 vwap=above ema=bull rs=+0.6% adx=30 body=65% ramp=0.6x rangeATR=2.1 ⚡ O711.81 H715.58 L710.72 C714.98 ATR=17.62 SL=713.22/712.34 rawVol=18441 volSMA=9766 buf=0.881 prices=703.88
2025-10-17T10:45:00.000-04:00,[KLB] 10:45 ▼ ~ x~ PM H vol=1x pos=v73 vwap=below ema=bull rs=+0.3% adx=26 body=3% ramp=0.7x rangeATR=0.9 O710.51 H711.91 L709.91 C710.44 ATR=17.62 SL=712.2/713.08 rawVol=13240 volSMA=14347 buf=0.881 prices=712
2025-10-17T11:10:00.000-04:00,[KLB] 11:10 ▼ ~ x~ PM H vol=0.3x pos=v89 vwap=below ema=bull rs=+0.3% adx=21 body=9% ramp=1.2x rangeATR=0.7 O710.28 H711.5 L709.98 C710.15 ATR=17.62 SL=711.91/712.79 rawVol=4706 volSMA=16391 buf=0.881 prices=712
2025-10-17T15:40:00.000-04:00,[KLB] 15:40 ▲ ~ ~ Yest H vol=2x pos=^100 vwap=above ema=bull rs=+0.7% adx=28 body=99% ramp=1.4x rangeATR=0.9 ⚠ O717.02 H717.93 L717.01 C717.93 ATR=17.62 SL=716.17/715.29 rawVol=19662 volSMA=9998 buf=0.881 prices=
2025-10-20T09:30:00.000-04:00,[KLB] 9:30 ▼ 🔇 QBS ramp=0.4x vol=0.5x pos=v100 vwap=below ema=bull adx=29 body=86% rangeATR=3.4 ⚡ O723.22 H723.55 L721.14 C721.14 ATR=17.25
2025-10-20T09:30:00.000-04:00,[KLB] 9:30 ▼ ~ ~ PM H + ~ Today O vol=0.5x pos=v100 vwap=below ema=bull rs=+0.4% adx=29 body=86% ramp=0.4x rangeATR=3.4 ⚡ ⚠ 🔇 O723.22 H723.55 L721.14 C721.14 ATR=17.25 SL=722.86/723.73 rawVol=516 volSMA=1028 buf=0.862 prices=723.55
2025-10-20T09:35:00.000-04:00,[KLB] 9:35 ▲ FADE at 723.55
2025-10-20T09:35:00.000-04:00,[KLB] 9:35 ▲ RNG range break vol=13.7x
2025-10-20T09:35:00.000-04:00,[KLB] 9:35 ▲ BRK Month O vol=13.7x pos=^75 vwap=above ema=bull rs=+0.2% adx=29 body=54% ramp=7.9x rangeATR=4.9 ⚡ O721.26 H725.25 L720.19 C723.99 ATR=17.25 SL=722.27/721.4 rawVol=43548 volSMA=3184 buf=0.862 prices=
2025-10-20T09:35:00.000-04:00,[KLB] CONF 9:35 ▲ BRK → ✓ (auto-R1: EMA)
2025-10-20T09:40:00.000-04:00,[KLB] 5m CHECK 9:40 ▲ pnl=-0.03 SPY~ → HOLD
2025-10-20T09:45:00.000-04:00,[KLB] 9:45 ▲ ~ ~ PM H + ~ ORB H vol=5.2x pos=^84 vwap=above ema=bull rs=+0.3% adx=30 body=55% ramp=41.4x rangeATR=1.8 O723.64 H725.25 L722.99 C724.89 ATR=17.25 SL=723.17/722.3 rawVol=28220 volSMA=5436 buf=0.862 prices=
2025-10-20T09:45:00.000-04:00,[KLB] CONF 9:45 ▼ QBS → ✗ (failed)
2025-10-20T09:50:00.000-04:00,[KLB] 9:50 ▲ ~ ~ VWAP + ~ Week H + ~ ORB H vol=5.3x pos=^91 vwap=above ema=bull rs=+0.5% adx=32 body=76% ramp=1.9x rangeATR=2.3 ⚡ O724.5 H727.27 L724 C726.98 ATR=17.25 SL=725.26/724.39 rawVol=38785 volSMA=7345 buf=0.862 prices=
2025-10-21T09:50:00.000-04:00,[KLB] 9:50 ▼ RNG range break vol=4.1x
2025-10-21T10:10:00.000-04:00,[KLB] 10:10 ▼ ~ x~ Yest H vol=1.9x pos=v97 vwap=below ema=bear rs=-0.4% adx=20 body=22% ramp=0.6x rangeATR=1.2 O732.2 H733.73 L731.69 C731.75 ATR=17.22 SL=733.47/734.33 rawVol=13981 volSMA=10692 buf=0.861 prices=733.77
2025-10-21T10:55:00.000-04:00,[KLB] 10:55 ▼ ~ x~ Yest H vol=0.9x pos=v79 vwap=below ema=bear rs=-0.7% adx=17 body=23% ramp=1.9x rangeATR=0.9 O731.64 H732.34 L731.09 C731.35 ATR=17.22 SL=733.07/733.93 rawVol=13324 volSMA=14265 buf=0.861 prices=733.77
2025-10-21T11:00:00.000-04:00,[KLB] 11:00 ▼ ~ x~ Yest H vol=0.9x pos=v81 vwap=below ema=bear rs=-0.8% adx=17 body=10% ramp=1.9x rangeATR=1 O731.41 H732.42 L731 C731.27 ATR=17.22 SL=732.99/733.85 rawVol=6790 volSMA=14525 buf=0.861 prices=733.77
2025-10-22T09:30:00.000-04:00,[KLB] 9:30 ▼ ~ ~ Today O vol=8.5x pos=v100 vwap=above ema=bull rs=+0.1% adx=25 body=41% ramp=2.6x rangeATR=2 ⚡ O734.22 H735.2 L733.54 C733.54 ATR=16.69 SL=735.21/736.04 rawVol=5328 volSMA=624 buf=0.834 prices=
2025-10-22T09:35:00.000-04:00,[KLB] 9:35 ▼ BRK PD LH L vol=14.3x pos=v88 vwap=below ema=bear rs=-0.1% adx=24 body=79% ramp=12.1x rangeATR=2.9 ⚡ O733.82 H734.08 L731.24 C731.57 ATR=16.69 SL=733.24/734.07 rawVol=30898 volSMA=2156 buf=0.834 prices=
2025-10-22T09:35:00.000-04:00,[KLB] 9:35 ▼ ~ ~ PD Cls vol=14.3x pos=v88 vwap=below ema=bear rs=-0.1% adx=24 body=79% ramp=12.1x rangeATR=2.9 ⚡ O733.82 H734.08 L731.24 C731.57 ATR=16.69 SL=733.24/734.07 rawVol=30898 volSMA=2156 buf=0.834 prices=
2025-10-22T09:35:00.000-04:00,[KLB] CONF 9:35 ▼ BRK → ✓ (auto-R1: EMA)
2025-10-22T09:40:00.000-04:00,[KLB] 9:40 ▲ FADE at 733.83
2025-10-22T09:40:00.000-04:00,[KLB] 9:40 ▲ ~ ~ Yest L + ~ PD LH L + ~ ORB H vol=6.3x pos=^100 vwap=above ema=bull rs=+0.1% adx=23 body=83% ramp=17.8x rangeATR=2.6 ⚡ ⚠ O731.59 H734.03 L731.08 C734.03 ATR=16.69 SL=732.36/731.53 rawVol=19657 volSMA=3129 buf=0.834 prices=728.75
2025-10-22T09:40:00.000-04:00,[KLB] 5m CHECK 9:40 ▼ pnl=-0.15 SPY~ → BAIL
2025-10-22T09:45:00.000-04:00,[KLB] 9:45 ▼ ~ ~ ORB H vol=3.8x pos=v62 vwap=below ema=bull rs=-0.1% adx=22 body=55% ramp=10x rangeATR=1.6 O734.02 H734.15 L732.3 C733 ATR=16.69 SL=734.67/735.5 rawVol=14431 volSMA=3815 buf=0.834 prices=734.08
2025-10-22T09:50:00.000-04:00,[KLB] 9:50 ▲ FADE at 734.08
2025-10-22T09:50:00.000-04:00,[KLB] 9:50 ▲ RNG range break vol=4.2x
2025-10-22T09:50:00.000-04:00,[KLB] 9:50 ▲ ~ ~ Yest L + ~ PM H + ~ ORB H vol=4.2x pos=^100 vwap=above ema=bull rs=+0.4% adx=21 body=87% ramp=1.5x rangeATR=2.4 ⚡ ⚠ O732.99 H735.71 L732.59 C735.71 ATR=16.69 SL=734.04/733.21 rawVol=20250 volSMA=4824 buf=0.834 prices=728.75
2025-10-22T09:55:00.000-04:00,[KLB] 9:55 ▲ ~ ~ VWAP + ~ Yest H vol=6.4x pos=^93 vwap=above ema=bull rs=+0.7% adx=22 body=81% ramp=1.4x rangeATR=2.5 ⚡ ⚠ O735.72 H738.95 L735.27 C738.69 ATR=16.69 SL=737.02/736.19 rawVol=44983 volSMA=7058 buf=0.834 prices=
2025-10-22T11:00:00.000-04:00,[KLB] 11:00 ▲ ~ ~ Yest L + ~ PM H + ~ Yest H + ~ ORB H vol=1.1x pos=^91 vwap=above ema=bull rs=+0.6% adx=20 body=87% ramp=1.3x rangeATR=1.8 ⚠ O733.06 H736.66 L732.91 C736.34 ATR=16.69 SL=734.67/733.84 rawVol=26313 volSMA=22956 buf=0.834 prices=728.75
2025-10-22T11:20:00.000-04:00,[KLB] 11:20 ▼ ~ x~ ORB H vol=0.5x pos=v60 vwap=below ema=bull rs=+0.3% adx=17 body=22% ramp=0.6x rangeATR=0.7 O733.52 H734.07 L732.61 C733.2 ATR=16.69 SL=734.87/735.7 rawVol=6559 volSMA=22317 buf=0.834 prices=734.08
2025-10-22T13:40:00.000-04:00,[KLB] 13:40 ▼ ~ ~ Week H vol=1.9x pos=v100 vwap=below ema=bear rs=-0.1% adx=31 body=97% ramp=1.1x rangeATR=1.4 ⚠ O727.18 H727.24 L724.89 C724.89 ATR=16.69 SL=726.56/727.39 rawVol=12620 volSMA=6608 buf=0.834 prices=725.49
2025-10-22T13:45:00.000-04:00,[KLB] 13:45 ▼ ~ ~ Week H vol=1.8x pos=v60 vwap=below ema=bear rs=0% adx=33 body=35% ramp=2x rangeATR=0.6 O724.85 H725.1 L724.1 C724.5 ATR=16.69 SL=726.17/727 rawVol=11125 volSMA=6834 buf=0.834 prices=725.49
2025-10-22T13:55:00.000-04:00,[KLB] 13:55 ▼ ~ ~ Week H vol=1.2x pos=v99 vwap=below ema=bear rs=+0% adx=33 body=78% ramp=1.5x rangeATR=0.9 O725.56 H725.86 L724.43 C724.45 ATR=16.69 SL=726.12/726.95 rawVol=9048 volSMA=7510 buf=0.834 prices=725.49
2025-10-22T15:40:00.000-04:00,[KLB] 15:40 ▲ ~ ~ Yest L vol=1x pos=^86 vwap=above ema=bull rs=+0.5% adx=29 body=51% ramp=0.8x rangeATR=1 O732.69 H733.45 L732.27 C733.29 ATR=16.69 SL=731.62/730.79 rawVol=7913 volSMA=8232 buf=0.834 prices=728.75
2025-10-23T09:30:00.000-04:00,[KLB] 9:30 ▲ ~ ~ Yest L + ~ PD Cls + ~ Yest H vol=0.9x pos=^100 vwap=above ema=bull rs=0% adx=25 body=90% ramp=0.8x rangeATR=1.8 ⚠ O733.05 H734.35 L732.91 C734.35 ATR=16.68 SL=732.68/731.85 rawVol=227 volSMA=319 buf=0.834 prices=724.03
2025-10-23T09:35:00.000-04:00,[KLB] 9:35 ▲ RNG range break vol=16.7x
2025-10-23T09:40:00.000-04:00,[KLB] 9:40 ▲ ~ ~ Today O + ~ PM H + ~ ORB H vol=9.1x pos=^73 vwap=above ema=bull rs=+0.2% adx=31 body=69% ramp=65.9x rangeATR=3.1 ⚡ O734.35 H737.95 L734.23 C736.93 ATR=16.68 SL=735.26/734.43 rawVol=32184 volSMA=3530 buf=0.834 prices=
2025-10-23T09:50:00.000-04:00,[KLB] 9:50 ▲ ~ ~ VWAP vol=6.8x pos=^100 vwap=above ema=bull rs=+0.5% adx=38 body=97% ramp=3.4x rangeATR=2.3 ⚡ ⚠ O737.83 H740.99 L737.74 C740.99 ATR=16.68 SL=739.32/738.49 rawVol=50819 volSMA=7455 buf=0.834 prices=
2025-10-23T14:05:00.000-04:00,[KLB] 14:05 ▼ ~ ~ VWAP vol=0.5x pos=v73 vwap=below ema=bear rs=-0.3% adx=27 body=59% ramp=0.8x rangeATR=0.6 O737.12 H737.21 L736.57 C736.74 ATR=16.68 SL=738.41/739.24 rawVol=3849 volSMA=8382 buf=0.834 prices=
2025-10-23T14:10:00.000-04:00,[KLB] 14:10 ▼ ~ ~ ORB H vol=1.1x pos=v72 vwap=below ema=bear rs=-0.5% adx=28 body=70% ramp=0.8x rangeATR=1 O736.68 H736.7 L735.6 C735.91 ATR=16.68 SL=737.58/738.41 rawVol=8599 volSMA=7999 buf=0.834 prices=736.75
2025-10-23T14:35:00.000-04:00,[KLB] 14:35 ▼ ~ ~ PM H vol=1.1x pos=v96 vwap=below ema=bear rs=-0.7% adx=32 body=80% ramp=0.4x rangeATR=1.2 ⚠ 🔇 O735.29 H735.47 L734.3 C734.35 ATR=16.68 SL=736.02/736.85 rawVol=11390 volSMA=10148 buf=0.834 prices=735
2025-10-23T14:45:00.000-04:00,[KLB] 14:45 ▼ ~ ~ Yest H vol=1x pos=v66 vwap=below ema=bear rs=-0.8% adx=35 body=46% ramp=1.2x rangeATR=0.6 O733.91 H734.02 L733.46 C733.65 ATR=16.68 SL=735.32/736.15 rawVol=9912 volSMA=10192 buf=0.834 prices=740.6
2025-10-23T15:10:00.000-04:00,[KLB] 15:10 ▼ ~ x~ PM H vol=0.8x pos=v54 vwap=below ema=bear rs=-0.7% adx=37 body=1% ramp=0.9x rangeATR=0.9 O734.39 H734.78 L734.05 C734.39 ATR=16.68 SL=736.05/736.89 rawVol=8157 volSMA=9890 buf=0.834 prices=735
2025-10-23T15:45:00.000-04:00,[KLB] 15:45 ▼ ~ ~ PM H vol=1.4x pos=v89 vwap=below ema=bear rs=-0.6% adx=29 body=46% ramp=1.8x rangeATR=0.8 O734.51 H734.77 L734.16 C734.23 ATR=16.68 SL=735.9/736.73 rawVol=16787 volSMA=11973 buf=0.834 prices=735
2025-10-24T09:30:00.000-04:00,[KLB] 9:30 ▼ ~ ~ VWAP + ~ Today O vol=1.2x pos=v100 vwap=below ema=bull rs=+0.7% adx=28 body=94% ramp=0.9x rangeATR=3.5 ⚡ ⚠ O739.14 H739.32 L736.32 C736.32 ATR=16.15 SL=737.94/738.74 rawVol=925 volSMA=779 buf=0.808 prices=
2025-10-24T09:35:00.000-04:00,[KLB] 9:35 ▲ FADE at 736.79
2025-10-24T09:40:00.000-04:00,[KLB] 9:40 ▼ ~ ~ ORB H vol=7.4x pos=v88 vwap=below ema=bull rs=-0.2% adx=29 body=53% ramp=43x rangeATR=2.6 ⚡ O737.72 H738.86 L735.66 C736.04 ATR=16.15 SL=737.66/738.46 rawVol=29563 volSMA=3997 buf=0.808 prices=739.26
2025-10-24T09:45:00.000-04:00,[KLB] 9:45 ▼ RNG range break vol=5.9x
2025-10-24T09:45:00.000-04:00,[KLB] 9:45 ▼ ~ ~ Yest H vol=5.9x pos=v100 vwap=below ema=bull rs=-0.5% adx=31 body=59% ramp=44.8x rangeATR=2.2 ⚡ O736 H737.21 L734.26 C734.26 ATR=16.15 SL=735.88/736.68 rawVol=33390 volSMA=5648 buf=0.808 prices=742.41
2025-10-24T09:50:00.000-04:00,[KLB] 9:50 ▼ BRK PM L + PD LH L vol=4.7x pos=v69 vwap=below ema=bear rs=-0.6% adx=33 body=39% ramp=2.5x rangeATR=2.2 ⚡ O734.48 H735.44 L732.2 C733.22 ATR=16.15 SL=734.84/735.64 rawVol=28824 volSMA=7081 buf=0.808 prices=735
2025-10-24T09:50:00.000-04:00,[KLB] 9:50 ▼ ~ ~ Yest H + ~ PD Cls vol=4.7x pos=v69 vwap=below ema=bear rs=-0.6% adx=33 body=39% ramp=2.5x rangeATR=2.2 ⚡ O734.48 H735.44 L732.2 C733.22 ATR=16.15 SL=734.84/735.64 rawVol=28824 volSMA=7081 buf=0.808 prices=742.41
2025-10-24T09:50:00.000-04:00,[KLB] CONF 9:50 ▼ BRK → ✓ (auto-R1: EMA)
2025-10-24T09:55:00.000-04:00,[KLB] 5m CHECK 9:55 ▼ pnl=0.03 SPY~ → HOLD
2025-10-24T10:55:00.000-04:00,[KLB] 10:55 ▼ BRK PM L + ORB L vol=1.8x pos=v64 vwap=below ema=bear rs=-0.4% adx=24 body=55% ramp=2.4x rangeATR=1.4 O735.34 H735.55 L733.3 C734.1 ATR=16.15 SL=735.72/736.52 rawVol=31803 volSMA=18150 buf=0.808 prices=735/735.66
2025-10-24T10:55:00.000-04:00,[KLB] 10:55 ▼ ~ ~ Yest H vol=1.8x pos=v64 vwap=below ema=bear rs=-0.4% adx=24 body=55% ramp=2.4x rangeATR=1.4 O735.34 H735.55 L733.3 C734.1 ATR=16.15 SL=735.72/736.52 rawVol=31803 volSMA=18150 buf=0.808 prices=742.41
2025-10-24T10:55:00.000-04:00,[KLB] CONF 10:55 ▼ BRK → ✓ (auto-R1: EMA)
2025-10-24T11:00:00.000-04:00,[KLB] 5m CHECK 11:00 ▼ pnl=0.07 SPY~ → HOLD
2025-10-24T12:30:00.000-04:00,[KLB] 12:30 ▼ ~ x~ Yest H vol=0.6x pos=v55 vwap=below ema=bear rs=-0.5% adx=24 body=16% ramp=1.5x rangeATR=0.6 O734.45 H734.72 L734.03 C734.34 ATR=16.15 SL=735.96/736.76 rawVol=7118 volSMA=10955 buf=0.808 prices=742.41
2025-10-24T14:35:00.000-04:00,[KLB] 14:35 ▲ ~ ~ ORB H vol=1.6x pos=^91 vwap=above ema=bull rs=+0% adx=36 body=67% ramp=1.8x rangeATR=0.8 O738.57 H739.01 L738.43 C738.96 ATR=16.15 SL=737.34/736.54 rawVol=13535 volSMA=8483 buf=0.808 prices=
2025-10-24T15:10:00.000-04:00,[KLB] 15:10 ▲ ~ ~ ORB H vol=0.9x pos=^94 vwap=above ema=bull rs=+0.1% adx=40 body=94% ramp=0.5x rangeATR=1.2 ⚠ 🔇 O738.5 H739.54 L738.5 C739.48 ATR=16.15 SL=737.86/737.06 rawVol=9701 volSMA=10793 buf=0.808 prices=
2025-10-27T09:35:00.000-04:00,[KLB] 9:35 ▲ RNG range break vol=16.4x
2025-10-27T09:45:00.000-04:00,[KLB] 9:45 ▲ ~ ~ PM H vol=5.1x pos=^74 vwap=above ema=bull rs=+0.3% adx=25 body=44% ramp=31.3x rangeATR=2.2 ⚡ O750.8 H752.7 L750 C752 ATR=15.72 SL=750.43/749.64 rawVol=29053 volSMA=7432 buf=0.786 prices=
2025-10-27T09:50:00.000-04:00,[KLB] 9:50 ▲ ~ ~ VWAP vol=3.3x pos=^73 vwap=above ema=bull rs=+0.5% adx=28 body=50% ramp=1.3x rangeATR=2.5 ⚡ O751.73 H754.41 L750.94 C753.47 ATR=15.72 SL=751.9/751.11 rawVol=25420 volSMA=8693 buf=0.786 prices=
2025-10-27T10:00:00.000-04:00,[KLB] 10:00 ▲ ~ ~ ORB H vol=3x pos=^92 vwap=above ema=bull rs=+0.7% adx=34 body=87% ramp=0.7x rangeATR=1.3 ⚠ O753.62 H755.56 L753.52 C755.4 ATR=15.72 SL=753.83/753.04 rawVol=36107 volSMA=12113 buf=0.786 prices=
2025-10-27T11:35:00.000-04:00,[KLB] 11:35 ▲ ~ ~ PM H vol=0.9x pos=^94 vwap=above ema=bull rs=+0.2% adx=27 body=94% ramp=0.8x rangeATR=1.2 ⚠ O750.51 H752.3 L750.5 C752.2 ATR=15.72 SL=750.63/749.84 rawVol=8884 volSMA=15093 buf=0.786 prices=
2025-10-27T11:45:00.000-04:00,[KLB] 11:45 ▲ ~ ~ PM H vol=1.6x pos=^100 vwap=above ema=bull rs=+0.2% adx=25 body=100% ramp=0.8x rangeATR=1.3 ⚠ O750.45 H752.39 L750.45 C752.39 ATR=15.72 SL=750.82/750.03 rawVol=21294 volSMA=13588 buf=0.786 prices=
2025-10-27T12:45:00.000-04:00,[KLB] 12:45 ▼ ~ x~ PM H vol=1.2x pos=v80 vwap=below ema=bull rs=-0.1% adx=16 body=4% ramp=1.2x rangeATR=0.8 O750 H750.71 L749.77 C749.96 ATR=15.72 SL=751.53/752.32 rawVol=7444 volSMA=10955 buf=0.786 prices=751
2025-10-27T14:50:00.000-04:00,[KLB] 14:50 ▼ ~ x~ PM H vol=1.2x pos=v62 vwap=below ema=bear rs=-0.1% adx=14 body=18% ramp=1.4x rangeATR=1.1 O750.57 H750.95 L750.08 C750.41 ATR=15.72 SL=751.98/752.77 rawVol=6697 volSMA=5761 buf=0.786 prices=751
2025-10-27T14:55:00.000-04:00,[KLB] 14:55 ▼ ~ x~ PM H vol=1.2x pos=v41 vwap=below ema=bear rs=-0.1% adx=13 body=1% ramp=1.4x rangeATR=0.9 O750.43 H750.71 L750 C750.42 ATR=15.72 SL=751.99/752.78 rawVol=4365 volSMA=5751 buf=0.786 prices=751
2025-10-28T09:30:00.000-04:00,[KLB] 9:30 ▲ 🔇 QBS ramp=0.5x vol=1.4x pos=^61 vwap=below ema=bear adx=21 body=49% rangeATR=1.8 O752.68 H754 L752.5 C753.42 ATR=15.84
2025-10-28T09:30:00.000-04:00,[KLB] 9:30 ▲ ~ ~ Today O vol=1.4x pos=^61 vwap=below ema=bear rs=+0.4% adx=21 body=49% ramp=0.5x rangeATR=1.8 🔇 O752.68 H754 L752.5 C753.42 ATR=15.84 SL=751.84/751.04 rawVol=1603 volSMA=1177 buf=0.792 prices=
2025-10-28T09:35:00.000-04:00,[KLB] 9:35 ▲ RNG range break vol=14.3x
2025-10-28T09:35:00.000-04:00,[KLB] 9:35 ▲ ~ ~ PM H vol=14.3x pos=^59 vwap=above ema=bear rs=+0.3% adx=22 body=55% ramp=16x rangeATR=3.4 ⚡ O752.63 H755.87 L752.49 C754.48 ATR=15.84 SL=752.9/752.1 rawVol=56671 volSMA=3972 buf=0.792 prices=
2025-10-28T09:35:00.000-04:00,[KLB] CONF 9:35 ▲ QBS → ✓ (auto-promote)
2025-10-28T09:40:00.000-04:00,[KLB] 9:40 ▲ ~ ~ PM H + ~ ORB H vol=9.7x pos=^99 vwap=above ema=bull rs=+0.5% adx=22 body=51% ramp=30.7x rangeATR=2.1 ⚡ O754.29 H755.47 L753.2 C755.45 ATR=15.84 SL=753.87/753.07 rawVol=38023 volSMA=5834 buf=0.792 prices=
2025-10-28T09:40:00.000-04:00,[KLB] 5m CHECK 9:40 ▲ pnl=0.06 SPY~ → HOLD
2025-10-28T09:45:00.000-04:00,[KLB] 9:45 ▲ ~ ~ VWAP + ~ ORB H vol=6x pos=^86 vwap=above ema=bull rs=+0.9% adx=25 body=83% ramp=38.2x rangeATR=2.7 ⚡ ⚠ O755.19 H758.39 L755.06 C757.94 ATR=15.84 SL=756.36/755.56 rawVol=49429 volSMA=8296 buf=0.792 prices=
2025-10-28T10:20:00.000-04:00,[KLB] 10:20 ▼ ~ ~ PD Cls vol=1.7x pos=v100 vwap=below ema=bull rs=-0.2% adx=25 body=91% ramp=1.3x rangeATR=1.6 ⚠ O751.85 H752.08 L749.41 C749.41 ATR=15.84 SL=750.99/751.78 rawVol=27306 volSMA=16676 buf=0.792 prices=
2025-10-28T10:25:00.000-04:00,[KLB] 10:25 ▼ BRK PM L vol=1.6x pos=v100 vwap=below ema=bear rs=-0.3% adx=25 body=55% ramp=1x rangeATR=0.7 O749.48 H749.97 L748.88 C748.88 ATR=15.84 SL=750.46/751.26 rawVol=16733 volSMA=17487 buf=0.792 prices=749.9
2025-10-28T10:25:00.000-04:00,[KLB] CONF 10:25 ▼ BRK → ✓ (auto-R1: EMA)
2025-10-28T10:30:00.000-04:00,[KLB] 10:30 ▼ BRK Yest L vol=1.6x pos=v92 vwap=below ema=bear rs=-0.6% adx=26 body=88% ramp=0.9x rangeATR=1.1 ⚠ O748.9 H748.98 L747.09 C747.24 ATR=15.84 SL=748.82/749.62 rawVol=30902 volSMA=19018 buf=0.792 prices=748.01
2025-10-28T10:30:00.000-04:00,[KLB] CONF 10:30 ▼ BRK → ✓ (auto-R1: EMA)
2025-10-28T10:35:00.000-04:00,[KLB] 5m CHECK 10:35 ▼ pnl=0.02 SPY~ → HOLD
2025-10-28T14:10:00.000-04:00,[KLB] 14:10 ▲ ~ ~ ORB H vol=0.7x pos=^38 vwap=above ema=bull rs=+0.3% adx=22 body=38% ramp=0.7x rangeATR=1 O755.3 H756.42 L755.3 C755.73 ATR=15.84 SL=754.15/753.35 rawVol=8855 volSMA=13300 buf=0.792 prices=
2025-10-29T09:30:00.000-04:00,[KLB] 9:30 ▲ RNG range break vol=3.6x
2025-10-29T09:35:00.000-04:00,[KLB] 9:35 ▼ ~ ~ PM H + ~ Yest H + ~ Today O vol=16.5x pos=v87 vwap=below ema=bear rs=-0.4% adx=21 body=30% ramp=51.7x rangeATR=6.7 ⚡ O754.52 H759.07 L751.03 C752.08 ATR=15.63 SL=753.64/754.42 rawVol=88768 volSMA=5385 buf=0.781 prices=757.08/758.4
2025-10-29T09:40:00.000-04:00,[KLB] 9:40 ▼ RNG range break vol=9.9x
2025-10-29T09:40:00.000-04:00,[KLB] 9:40 ▼ ~ x~ Yest H vol=9.9x pos=v62 vwap=below ema=bear rs=-0.6% adx=22 body=28% ramp=130.7x rangeATR=3.7 ⚡ O752.05 H753.99 L748.31 C750.48 ATR=15.63 SL=752.04/752.82 rawVol=73160 volSMA=9005 buf=0.781 prices=758.4
2025-10-29T09:45:00.000-04:00,[KLB] 9:45 ▼ ~ ~ VWAP vol=6.3x pos=v76 vwap=below ema=bear rs=-1% adx=21 body=56% ramp=60.1x rangeATR=2.4 ⚡ O750.21 H751 L747 C747.95 ATR=15.63 SL=749.51/750.29 rawVol=81760 volSMA=13075 buf=0.781 prices=
2025-10-30T09:30:00.000-04:00,[KLB] 9:30 ▼ ~ ~ VWAP + ~ Today O vol=1.8x pos=v80 vwap=below ema=bear rs=-0.5% adx=49 body=78% ramp=1.2x rangeATR=3.9 ⚡ O679.11 H679.45 L666.6 C669.13 ATR=15.7 SL=670.7/671.48 rawVol=68315 volSMA=37942 buf=0.785 prices=
2025-10-30T09:35:00.000-04:00,[KLB] 9:35 ▼ RNG range break vol=9.5x
2025-10-30T09:35:00.000-04:00,[KLB] 9:35 ▼ BRK PM L vol=9.5x pos=v49 vwap=below ema=bear rs=-1.3% adx=51 body=45% ramp=6.8x rangeATR=4.4 ⚡ O668.75 H669.55 L650.17 C660 ATR=15.7 SL=661.57/662.35 rawVol=675215 volSMA=70843 buf=0.785 prices=666.6
2025-10-30T09:35:00.000-04:00,[KLB] CONF 9:35 ▼ BRK → ✓ (auto-R1: EMA)
2025-10-30T09:40:00.000-04:00,[KLB] 5m CHECK 9:40 ▼ pnl=-0.01 SPY~ → HOLD
2025-10-30T10:00:00.000-04:00,[KLB] 10:00 ▼ ~ ~ ORB H vol=1.5x pos=v97 vwap=below ema=bear rs=-0.6% adx=51 body=67% ramp=0.5x rangeATR=1 O669.74 H671.42 L665.7 C665.9 ATR=15.7 SL=667.47/668.25 rawVol=207998 volSMA=141086 buf=0.785 prices=669.55
2025-10-30T10:05:00.000-04:00,[KLB] 10:05 ▼ BRK PM L vol=1.8x pos=v94 vwap=below ema=bear rs=-1% adx=50 body=42% ramp=0.6x rangeATR=1.2 O665.88 H669.43 L662.6 C663 ATR=15.7 SL=664.57/665.35 rawVol=273440 volSMA=153767 buf=0.785 prices=666.6
2025-10-30T10:05:00.000-04:00,[KLB] 10:05 ▼ ~ ~ ORB H vol=1.8x pos=v94 vwap=below ema=bear rs=-1% adx=50 body=42% ramp=0.6x rangeATR=1.2 O665.88 H669.43 L662.6 C663 ATR=15.7 SL=664.57/665.35 rawVol=273440 volSMA=153767 buf=0.785 prices=669.55
2025-10-30T10:05:00.000-04:00,[KLB] CONF 10:05 ▼ BRK → ✓ (auto-R1: EMA)
2025-10-30T10:10:00.000-04:00,[KLB] 5m CHECK 10:10 ▼ pnl=-0.14 SPY~ → BAIL
2025-10-30T14:45:00.000-04:00,[KLB] 14:45 ▼ BRK PM L vol=1.5x pos=v87 vwap=below ema=bear rs=-0.4% adx=25 body=35% ramp=1.2x rangeATR=1.5 O666.46 H668.71 L664.38 C664.95 ATR=15.7 SL=666.52/667.3 rawVol=86701 volSMA=56893 buf=0.785 prices=666.6
2025-10-30T14:45:00.000-04:00,[KLB] CONF 14:45 ▼ BRK → ✓ (auto-R1: EMA)
2025-10-30T14:50:00.000-04:00,[KLB] 5m CHECK 14:50 ▼ pnl=-0.12 SPY~ → BAIL
2025-10-31T09:35:00.000-04:00,[KLB] 9:35 ▼ RNG range break vol=13.3x
2025-10-31T09:35:00.000-04:00,[KLB] 9:35 ▼ BRK PM L + PD LH L vol=13.3x pos=v86 vwap=below ema=bear rs=-1.6% adx=38 body=83% ramp=27.1x rangeATR=6.8 ⚡ ⚠ O674.51 H674.89 L660.5 C662.57 ATR=21.83 SL=664.75/665.84 rawVol=317049 volSMA=23817 buf=1.091 prices=669.11
2025-10-31T09:35:00.000-04:00,"[KLB] 9:35 ▼ ~ ~ Yest H
~ VWAP + ~ PD Cls vol=13.3x pos=v86 vwap=below ema=bear rs=-1.6% adx=38 body=83% ramp=27.1x rangeATR=6.8 ⚡ ⚠ O674.51 H674.89 L660.5 C662.57 ATR=21.83 SL=664.75/665.84 rawVol=317049 volSMA=23817 buf=1.091 prices=680.96"
2025-10-31T09:35:00.000-04:00,[KLB] CONF 9:35 ▼ BRK → ✓ (auto-R1: EMA)
2025-10-31T09:40:00.000-04:00,[KLB] 5m CHECK 9:40 ▼ pnl=0.03 SPY~ → HOLD
2025-10-31T09:50:00.000-04:00,[KLB] 9:50 ▼ BRK ORB L vol=3.8x pos=v84 vwap=below ema=bear rs=-2.2% adx=40 body=43% ramp=1.4x rangeATR=2.3 ⚡ O660.57 H663 L657.15 C658.06 ATR=21.83 SL=660.24/661.33 rawVol=180676 volSMA=48179 buf=1.091 prices=660.5
2025-10-31T09:50:00.000-04:00,[KLB] CONF 9:50 ▼ BRK → ✓ (auto-R1: EMA)
2025-10-31T09:55:00.000-04:00,[KLB] 5m CHECK 9:55 ▼ pnl=0.07 SPY~ → HOLD
2025-10-31T14:30:00.000-04:00,[KLB] 14:30 ▼ BRK Yest L vol=3.9x pos=v68 vwap=below ema=bear rs=-3.5% adx=26 body=66% ramp=2.4x rangeATR=1.8 O650.13 H650.19 L647.1 C648.09 ATR=21.83 SL=650.27/651.36 rawVol=238284 volSMA=60513 buf=1.091 prices=650.17
2025-10-31T14:30:00.000-04:00,[KLB] CONF 14:30 ▼ BRK → ✓ (auto-R1: EMA)
2025-10-31T14:35:00.000-04:00,[KLB] 5m CHECK 14:35 ▼ pnl=0.08 SPY✓ → HOLD
2025-11-03T09:30:00.000-05:00,[KLB] 9:30 ▼ ~ ~ Today O vol=2.3x pos=v100 vwap=above ema=bull rs=+0.5% adx=22 body=89% ramp=1.2x rangeATR=2.5 ⚡ ⚠ O657.78 H658 L655.9 C655.91 ATR=22.36 SL=658.15/659.26 rawVol=11079 volSMA=4820 buf=1.118 prices=
2025-11-03T09:35:00.000-05:00,[KLB] 9:35 ▼ RNG range break vol=12.2x
2025-11-03T10:00:00.000-05:00,[KLB] 10:00 ▲ FADE at 656
2025-11-03T10:10:00.000-05:00,[KLB] 10:10 ▲ ~ ~ VWAP + ~ ORB H vol=2.5x pos=^57 vwap=above ema=bull rs=+0.7% adx=22 body=51% ramp=1x rangeATR=1.8 O656.02 H659.3 L655.83 C657.81 ATR=22.36 SL=655.57/654.45 rawVol=93936 volSMA=37764 buf=1.118 prices=
2025-11-03T10:25:00.000-05:00,[KLB] 10:25 ▼ ~ ~ VWAP vol=1.4x pos=v81 vwap=below ema=bear rs=+0% adx=21 body=80% ramp=0.7x rangeATR=1.5 O654.74 H654.78 L651.51 C652.13 ATR=22.36 SL=654.37/655.48 rawVol=64998 volSMA=44837 buf=1.118 prices=
2025-11-03T10:30:00.000-05:00,[KLB] 10:30 ▼ BRK PM L + ORB L vol=2.5x pos=v75 vwap=below ema=bear rs=-0.4% adx=23 body=70% ramp=1.1x rangeATR=2.2 ⚡ O652.12 H652.36 L647.2 C648.5 ATR=22.36 SL=650.74/651.85 rawVol=127299 volSMA=50901 buf=1.118 prices=652/652
2025-11-03T10:30:00.000-05:00,[KLB] CONF 10:30 ▼ BRK → ✓ (auto-R1: EMA)
2025-11-03T10:35:00.000-05:00,[KLB] 10:35 ▼ BRK PD LH L vol=2.4x pos=v37 vwap=below ema=bear rs=-0.5% adx=25 body=37% ramp=1.4x rangeATR=1 O648.5 H648.5 L646.01 C647.57 ATR=22.36 SL=649.81/650.92 rawVol=62339 volSMA=53787 buf=1.118 prices=
2025-11-03T10:35:00.000-05:00,[KLB] 10:35 ▼ ~ ~ PD Cls vol=2.4x pos=v37 vwap=below ema=bear rs=-0.5% adx=25 body=37% ramp=1.4x rangeATR=1 O648.5 H648.5 L646.01 C647.57 ATR=22.36 SL=649.81/650.92 rawVol=62339 volSMA=53787 buf=1.118 prices=
2025-11-03T10:35:00.000-05:00,[KLB] CONF 10:35 ▼ BRK → ✓ (auto-R1: EMA)
2025-11-03T10:40:00.000-05:00,[KLB] 5m CHECK 10:40 ▼ pnl=-0.06 SPY✓ → HOLD
2025-11-03T13:10:00.000-05:00,[KLB] 13:10 ▼ BRK PD LH L vol=2.1x pos=v83 vwap=below ema=bear rs=-1.2% adx=21 body=72% ramp=1.3x rangeATR=1.1 O647.58 H647.75 L646.12 C646.4 ATR=22.36 SL=648.64/649.75 rawVol=52162 volSMA=24609 buf=1.118 prices=
2025-11-03T13:10:00.000-05:00,[KLB] CONF 13:10 ▼ BRK → ✓ (auto-R1: EMA)
2025-11-03T13:15:00.000-05:00,[KLB] 13:15 ▼ BRK Yest L + Week L vol=3.6x pos=v82 vwap=below ema=bear rs=-1.5% adx=23 body=82% ramp=1.9x rangeATR=1.4 ⚠ O646.41 H646.41 L644.32 C644.7 ATR=22.36 SL=646.94/648.05 rawVol=102230 volSMA=28654 buf=1.118 prices=645.57/645.57
2025-11-03T13:15:00.000-05:00,[KLB] CONF 13:15 ▼ BRK → ✓ (auto-R1: EMA)
2025-11-03T13:20:00.000-05:00,[KLB] 5m CHECK 13:20 ▼ pnl=-0.06 SPY~ → HOLD
2025-11-04T09:30:00.000-05:00,[KLB] 9:30 ▼ ~ ~ VWAP vol=2x pos=v78 vwap=below ema=bear rs=-1.1% adx=28 body=62% ramp=1.3x rangeATR=3.4 ⚡ O630.31 H630.88 L627.22 C628.04 ATR=22.42 SL=630.28/631.4 rawVol=5547 volSMA=2837 buf=1.121 prices=
2025-11-04T09:35:00.000-05:00,[KLB] 9:35 ▲ RNG range break vol=15.1x
2025-11-04T09:35:00.000-05:00,[KLB] 9:35 ▲ ~ ~ VWAP + ~ Today O vol=15.1x pos=^92 vwap=above ema=bear rs=+1.4% adx=27 body=74% ramp=19.1x rangeATR=5.9 ⚡ O628.04 H636.46 L626.3 C635.6 ATR=22.42 SL=633.36/632.24 rawVol=173188 volSMA=11467 buf=1.121 prices=
2025-11-04T09:55:00.000-05:00,[KLB] 9:55 ▲ ~ ~ Yest L + ~ PD LH L + ~ PD Cls + ~ PM H + ~ ORB H vol=3x pos=^88 vwap=above ema=bull rs=+1.3% adx=24 body=71% ramp=0.8x rangeATR=2.3 ⚡ O634.16 H638.8 L633.25 C638.11 ATR=22.42 SL=635.87/634.75 rawVol=76535 volSMA=25570 buf=1.121 prices=636.18
2025-11-04T10:05:00.000-05:00,[KLB] 10:05 ▲ ~ ~ Yest L vol=2.4x pos=^91 vwap=above ema=bull rs=+1.6% adx=26 body=44% ramp=0.9x rangeATR=1.7 O638.78 H641.1 L636.69 C640.7 ATR=22.42 SL=638.46/637.34 rawVol=50935 volSMA=31719 buf=1.121 prices=636.18
2025-11-04T10:35:00.000-05:00,[KLB] 10:35 ▲ ~ ~ PM H + ~ ORB H vol=0.8x pos=^100 vwap=above ema=bull rs=+1% adx=22 body=80% ramp=0.9x rangeATR=1.1 O635.3 H637.5 L634.75 C637.49 ATR=22.42 SL=635.25/634.13 rawVol=31099 volSMA=40484 buf=1.121 prices=
2025-11-05T09:35:00.000-05:00,[KLB] 9:35 ▼ RNG range break vol=12.7x
2025-11-05T09:40:00.000-05:00,[KLB] 9:40 ▼ ~ ~ ORB H vol=8.2x pos=v100 vwap=below ema=bull rs=-0.4% adx=27 body=48% ramp=19.5x rangeATR=1.6 O630.83 H632.11 L629.64 C629.64 ATR=21.94 SL=631.83/632.93 rawVol=82101 volSMA=11284 buf=1.097 prices=632.56
2025-11-05T10:00:00.000-05:00,[KLB] 10:00 ▲ FADE at 632.56
2025-11-05T10:00:00.000-05:00,[KLB] 10:00 ▲ ~ ~ ORB H vol=2.7x pos=^88 vwap=above ema=bull rs=-0.3% adx=24 body=54% ramp=0.9x rangeATR=2.3 ⚡ O630.37 H633.36 L628.83 C632.8 ATR=21.94 SL=630.61/629.51 rawVol=66323 volSMA=24393 buf=1.097 prices=
2025-11-05T10:10:00.000-05:00,[KLB] 10:10 ▲ ~ ~ VWAP vol=0.9x pos=^98 vwap=above ema=bull rs=-0.3% adx=22 body=33% ramp=0.9x rangeATR=0.9 O632.6 H633.2 L631.47 C633.17 ATR=21.94 SL=630.98/629.88 rawVol=25152 volSMA=29562 buf=1.097 prices=
2025-11-05T10:25:00.000-05:00,[KLB] 10:25 ▲ ~ ~ PM H vol=1x pos=^97 vwap=above ema=bull rs=+0.2% adx=21 body=79% ramp=0.5x rangeATR=1.3 O633.8 H635.92 L633.34 C635.84 ATR=21.94 SL=633.65/632.55 rawVol=34773 volSMA=33663 buf=1.097 prices=
2025-11-05T11:25:00.000-05:00,[KLB] 11:25 ▲ ~ ~ PM H vol=0.4x pos=^86 vwap=above ema=bull rs=+0.3% adx=21 body=75% ramp=0.9x rangeATR=1.3 O635.06 H637.37 L634.78 C637 ATR=21.94 SL=634.81/633.71 rawVol=12996 volSMA=36571 buf=1.097 prices=
2025-11-06T09:30:00.000-05:00,[KLB] 9:30 ▼ ~ ~ Today O + ~ PD Cls vol=1.7x pos=v100 vwap=above ema=bear rs=-0.2% adx=24 body=83% ramp=1x rangeATR=3.8 ⚡ ⚠ O639 H639.71 L635.58 C635.58 ATR=21.49 SL=637.73/638.8 rawVol=2880 volSMA=1730 buf=1.075 prices=
2025-11-06T09:35:00.000-05:00,[KLB] 9:35 ▼ RNG range break vol=15.6x
2025-11-06T09:35:00.000-05:00,[KLB] 9:35 ▼ BRK PM L + PD LH L vol=15.6x pos=v69 vwap=below ema=bear rs=-0.9% adx=28 body=67% ramp=28.7x rangeATR=4.8 ⚡ O635.85 H635.99 L628.75 C630.98 ATR=21.49 SL=633.13/634.2 rawVol=115794 volSMA=7430 buf=1.075 prices=635.58
2025-11-06T09:35:00.000-05:00,"[KLB] 9:35 ▼ ~ ~ Yest H
~ VWAP vol=15.6x pos=v69 vwap=below ema=bear rs=-0.9% adx=28 body=67% ramp=28.7x rangeATR=4.8 ⚡ O635.85 H635.99 L628.75 C630.98 ATR=21.49 SL=633.13/634.2 rawVol=115794 volSMA=7430 buf=1.075 prices=642.23"
2025-11-06T09:35:00.000-05:00,[KLB] CONF 9:35 ▼ BRK → ✓ (auto-R1: EMA)
2025-11-06T09:40:00.000-05:00,[KLB] 5m CHECK 9:40 ▼ pnl=0.13 SPY~ → HOLD
2025-11-06T09:45:00.000-05:00,[KLB] 9:45 ▼ BRK Yest L + ORB L vol=6.9x pos=v74 vwap=below ema=bear rs=-1.6% adx=36 body=72% ramp=45.5x rangeATR=1.9 O628 H628.04 L624.48 C625.42 ATR=21.49 SL=627.57/628.64 rawVol=112600 volSMA=16330 buf=1.075 prices=626.54/628.75
2025-11-06T09:45:00.000-05:00,[KLB] CONF 9:45 ▼ BRK → ✓ (auto-R1: EMA)
2025-11-06T09:50:00.000-05:00,[KLB] 5m CHECK 9:50 ▼ pnl=-0.11 SPY~ → BAIL
2025-11-06T10:05:00.000-05:00,[KLB] 10:05 ▼ BRK Yest L vol=2.2x pos=v97 vwap=below ema=bear rs=-1.4% adx=47 body=96% ramp=0.6x rangeATR=1.8 ⚠ O627.04 H627.1 L623.1 C623.2 ATR=21.49 SL=625.35/626.42 rawVol=57641 volSMA=26212 buf=1.075 prices=626.54
2025-11-06T10:05:00.000-05:00,[KLB] CONF 10:05 ▼ BRK → ✓ (auto-R1: EMA)
2025-11-06T10:10:00.000-05:00,[KLB] 5m CHECK 10:10 ▼ pnl=0.03 SPY✓ → HOLD
2025-11-07T09:35:00.000-05:00,[KLB] 9:35 ▼ ~ ~ Today O vol=14.6x pos=v72 vwap=above ema=bear rs=-0.3% adx=21 body=58% ramp=15.3x rangeATR=3.9 ⚡ O616.5 H617.4 L611.32 C613 ATR=21.24 SL=615.12/616.19 rawVol=107927 volSMA=7417 buf=1.062 prices=
2025-11-07T09:40:00.000-05:00,[KLB] 9:40 ▼ RNG range break vol=8.8x
2025-11-07T09:40:00.000-05:00,[KLB] 9:40 ▼ BRK PM L + ORB L vol=8.8x pos=v94 vwap=below ema=bear rs=-0.9% adx=21 body=71% ramp=30.7x rangeATR=3.5 ⚡ O612.87 H614.41 L607.5 C607.94 ATR=21.24 SL=610.06/611.13 rawVol=97562 volSMA=12206 buf=1.062 prices=611.61/611.32
2025-11-07T09:40:00.000-05:00,[KLB] 9:40 ▼ ~ ~ VWAP vol=8.8x pos=v94 vwap=below ema=bear rs=-0.9% adx=21 body=71% ramp=30.7x rangeATR=3.5 ⚡ O612.87 H614.41 L607.5 C607.94 ATR=21.24 SL=610.06/611.13 rawVol=97562 volSMA=12206 buf=1.062 prices=
2025-11-07T09:40:00.000-05:00,[KLB] CONF 9:40 ▼ BRK → ✓ (auto-R1: EMA)
2025-11-07T09:45:00.000-05:00,[KLB] 5m CHECK 9:45 ▼ pnl=-0.02 SPY✓ → HOLD
2025-11-07T13:30:00.000-05:00,[KLB] 13:30 ▲ ~ ~ PM L vol=1x pos=^84 vwap=above ema=bull rs=-0.2% adx=21 body=84% ramp=1.2x rangeATR=1.5 ⚠ O611.04 H613.16 L611.04 C612.83 ATR=21.24 SL=610.71/609.64 rawVol=37129 volSMA=35647 buf=1.062 prices=611.61
2025-11-07T13:40:00.000-05:00,[KLB] 13:40 ▲ ~ ~ PM L vol=0.9x pos=^96 vwap=above ema=bull rs=-0.1% adx=26 body=72% ramp=0.9x rangeATR=1.8 O612.44 H614.47 L611.8 C614.36 ATR=21.24 SL=612.24/611.17 rawVol=33111 volSMA=35384 buf=1.062 prices=611.61
2025-11-07T13:55:00.000-05:00,[KLB] 13:55 ▲ ~ ~ PM L vol=0.7x pos=^99 vwap=above ema=bull rs=-0.2% adx=29 body=45% ramp=0.9x rangeATR=0.8 O611.92 H612.5 L611.23 C612.49 ATR=21.24 SL=610.37/609.3 rawVol=25363 volSMA=35693 buf=1.062 prices=611.61
2025-11-07T14:45:00.000-05:00,[KLB] 14:45 ▲ ~ ~ ORB H vol=1.2x pos=^85 vwap=above ema=bull rs=+0% adx=39 body=79% ramp=1.6x rangeATR=1.2 O616.58 H618.17 L616.49 C617.91 ATR=21.24 SL=615.79/614.72 rawVol=32204 volSMA=26982 buf=1.062 prices=
2025-11-07T14:55:00.000-05:00,[KLB] 14:55 ▲ ~ ~ ORB H vol=0.6x pos=^99 vwap=above ema=bull rs=+0% adx=40 body=89% ramp=1.2x rangeATR=1.7 ⚠ O616.11 H618.42 L615.85 C618.39 ATR=21.24 SL=616.27/615.2 rawVol=16081 volSMA=26629 buf=1.062 prices=
2025-11-07T15:00:00.000-05:00,[KLB] 15:00 ▲ ~ ~ Yest L + ~ PD LH L + ~ PD Cls vol=1.2x pos=^97 vwap=above ema=bull rs=+0.2% adx=41 body=80% ramp=0.9x rangeATR=1 ⚠ O618.23 H619.56 L617.96 C619.51 ATR=21.24 SL=617.39/616.32 rawVol=31008 volSMA=25871 buf=1.062 prices=618
2025-11-07T15:10:00.000-05:00,[KLB] 15:10 ▲ ~ ~ Yest L vol=1.7x pos=^100 vwap=above ema=bull rs=+0.3% adx=44 body=47% ramp=1.3x rangeATR=1.2 O619.05 H619.99 L618 C619.99 ATR=21.24 SL=617.87/616.8 rawVol=44560 volSMA=26148 buf=1.062 prices=618
2025-11-07T15:45:00.000-05:00,[KLB] 15:45 ▲ ~ ~ Yest L vol=1x pos=^98 vwap=above ema=bull rs=+0.2% adx=39 body=41% ramp=0.8x rangeATR=1 O618.94 H619.66 L617.98 C619.63 ATR=21.24 SL=617.5/616.44 rawVol=25802 volSMA=25479 buf=1.062 prices=618
2025-11-07T15:55:00.000-05:00,[KLB] 15:55 ▲ ~ ~ Yest L vol=2.4x pos=^80 vwap=above ema=bull rs=+0.3% adx=38 body=78% ramp=2.2x rangeATR=1.7 O618.04 H620.88 L617.97 C620.3 ATR=21.24 SL=618.18/617.11 rawVol=68275 volSMA=27895 buf=1.062 prices=618
2025-11-10T09:30:00.000-05:00,[KLB] 9:30 ▼ ~ ~ Today O vol=2.7x pos=v91 vwap=above ema=bull rs=+0.9% adx=21 body=36% ramp=1.8x rangeATR=3.2 ⚡ O632.2 H634 L630.75 C631.04 ATR=21.22 SL=633.16/634.22 rawVol=5130 volSMA=1922 buf=1.061 prices=
2025-11-10T09:35:00.000-05:00,[KLB] 9:35 ▼ RNG range break vol=14.7x
2025-11-10T09:35:00.000-05:00,[KLB] 9:35 ▼ BRK PM L vol=14.7x pos=v98 vwap=below ema=bear rs=-1% adx=22 body=90% ramp=17.4x rangeATR=4.4 ⚡ ⚠ O630.9 H631.4 L625.4 C625.5 ATR=21.22 SL=627.62/628.68 rawVol=101913 volSMA=6948 buf=1.061 prices=628.16
2025-11-10T09:35:00.000-05:00,[KLB] 9:35 ▼ ~ ~ VWAP vol=14.7x pos=v98 vwap=below ema=bear rs=-1% adx=22 body=90% ramp=17.4x rangeATR=4.4 ⚡ ⚠ O630.9 H631.4 L625.4 C625.5 ATR=21.22 SL=627.62/628.68 rawVol=101913 volSMA=6948 buf=1.061 prices=
2025-11-10T09:35:00.000-05:00,[KLB] CONF 9:35 ▼ BRK → ✓ (auto-R1: EMA)
2025-11-10T09:40:00.000-05:00,[KLB] 5m CHECK 9:40 ▼ pnl=-0.13 SPY~ → BAIL
2025-11-10T09:45:00.000-05:00,[KLB] 9:45 ▲ ~ ~ PM L vol=6x pos=^80 vwap=above ema=bear rs=-0.4% adx=23 body=43% ramp=26.7x rangeATR=1.7 O628.39 H630.31 L627.24 C629.7 ATR=21.22 SL=627.58/626.52 rawVol=56537 volSMA=13454 buf=1.061 prices=628.16
2025-11-10T09:50:00.000-05:00,[KLB] 9:50 ▼ ~ ~ ORB H vol=2.8x pos=v78 vwap=below ema=bear rs=-0.5% adx=23 body=31% ramp=1.7x rangeATR=1.5 O629.91 H631.25 L628.42 C629.04 ATR=21.22 SL=631.16/632.22 rawVol=43541 volSMA=15474 buf=1.061 prices=631.4
2025-11-11T09:35:00.000-05:00,[KLB] 9:35 ▼ ~ ~ Today O vol=11.6x pos=v75 vwap=above ema=bear rs=-0.2% adx=23 body=34% ramp=20.3x rangeATR=3 ⚡ O628 H629.5 L625.84 C626.75 ATR=20.91 SL=628.84/629.89 rawVol=34578 volSMA=2981 buf=1.046 prices=
2025-11-11T09:50:00.000-05:00,[KLB] 9:50 ▼ BRK ORB L vol=3.8x pos=v57 vwap=below ema=bear rs=-0.5% adx=20 body=57% ramp=2.8x rangeATR=1.7 O625.84 H625.85 L623.49 C624.5 ATR=20.91 SL=626.59/627.64 rawVol=31437 volSMA=8274 buf=1.046 prices=625.84
2025-11-11T09:50:00.000-05:00,[KLB] CONF 9:50 ▼ BRK → ✓ (auto-R1: EMA)
2025-11-11T09:55:00.000-05:00,[KLB] 5m CHECK 9:55 ▼ pnl=0.01 SPY~ → HOLD
2025-11-11T10:35:00.000-05:00,[KLB] 10:35 ▼ BRK PM L vol=2.8x pos=v79 vwap=below ema=bear rs=-1.1% adx=21 body=79% ramp=1.6x rangeATR=1.7 O622.29 H622.29 L619.62 C620.19 ATR=20.91 SL=622.28/623.33 rawVol=53959 volSMA=19245 buf=1.046 prices=620.82
2025-11-11T10:35:00.000-05:00,[KLB] 10:35 ▼ ~ ~ VWAP vol=2.8x pos=v79 vwap=below ema=bear rs=-1.1% adx=21 body=79% ramp=1.6x rangeATR=1.7 O622.29 H622.29 L619.62 C620.19 ATR=20.91 SL=622.28/623.33 rawVol=53959 volSMA=19245 buf=1.046 prices=
2025-11-11T10:35:00.000-05:00,[KLB] CONF 10:35 ▼ BRK → ✓ (auto-R1: EMA)
2025-11-11T10:40:00.000-05:00,[KLB] 5m CHECK 10:40 ▼ pnl=-0.05 SPY~ → HOLD
2025-11-11T15:30:00.000-05:00,[KLB] 15:30 ▲ ~ ~ VWAP vol=1.5x pos=^83 vwap=above ema=bull rs=-0.7% adx=20 body=48% ramp=1.2x rangeATR=0.7 O626.36 H626.7 L626.18 C626.61 ATR=20.91 SL=624.52/623.47 rawVol=11128 volSMA=11063 buf=1.046 prices=
2025-11-12T09:30:00.000-05:00,[KLB] 9:30 ▼ RNG range break vol=6.7x
2025-11-12T09:35:00.000-05:00,[KLB] 9:35 ▼ ~ ~ Yest H + ~ Today O + ~ PD Cls vol=15.8x pos=v94 vwap=below ema=bull rs=-0.3% adx=23 body=76% ramp=39.1x rangeATR=3.7 ⚡ O628.13 H628.68 L625.55 C625.75 ATR=20.3 SL=627.78/628.8 rawVol=62026 volSMA=3927 buf=1.015 prices=629.56
2025-11-12T09:40:00.000-05:00,[KLB] 9:40 ▼ BRK ORB L + PD LH L vol=9.5x pos=v92 vwap=below ema=bear rs=-0.8% adx=26 body=78% ramp=73.9x rangeATR=3.2 ⚡ O625.72 H626.19 L622.87 C623.13 ATR=20.3 SL=625.16/626.18 rawVol=52531 volSMA=6517 buf=1.015 prices=625.55
2025-11-12T09:40:00.000-05:00,[KLB] 9:40 ▼ ~ ~ VWAP vol=9.5x pos=v92 vwap=below ema=bear rs=-0.8% adx=26 body=78% ramp=73.9x rangeATR=3.2 ⚡ O625.72 H626.19 L622.87 C623.13 ATR=20.3 SL=625.16/626.18 rawVol=52531 volSMA=6517 buf=1.015 prices=
2025-11-12T09:40:00.000-05:00,[KLB] CONF 9:40 ▼ BRK → ✓ (auto-R1: EMA)
2025-11-12T09:45:00.000-05:00,[KLB] 5m CHECK 9:45 ▼ pnl=0.05 SPY~ → HOLD
2025-11-13T09:30:00.000-05:00,[KLB] 9:30 ▲ RNG range break vol=4.3x
2025-11-13T09:30:00.000-05:00,[KLB] 9:30 ▲ ~ ~ PM L + ~ Yest L + ~ PD Cls vol=4.3x pos=^87 vwap=above ema=bear rs=-0.4% adx=30 body=82% ramp=2.2x rangeATR=4.5 ⚡ ⚠ O609 H613.63 L608.78 C613 ATR=20.37 SL=610.96/609.94 rawVol=11479 volSMA=2698 buf=1.018 prices=608.58/607.77
2025-11-13T09:40:00.000-05:00,[KLB] 9:40 ▼ ~ ~ ORB H vol=9.4x pos=v70 vwap=below ema=bear rs=+0% adx=31 body=39% ramp=30.5x rangeATR=3.4 ⚡ O613.95 H615.66 L610.17 C611.79 ATR=20.37 SL=613.83/614.85 rawVol=122300 volSMA=13062 buf=1.018 prices=613.96
2025-11-13T09:45:00.000-05:00,[KLB] 9:45 ▼ ~ x~ ORB H vol=7.1x pos=v95 vwap=below ema=bear rs=+0.1% adx=33 body=11% ramp=19.3x rangeATR=1.9 O611.69 H614.41 L611.18 C611.34 ATR=20.37 SL=613.38/614.4 rawVol=84840 volSMA=17229 buf=1.018 prices=613.96
2025-11-13T10:00:00.000-05:00,[KLB] 10:00 ▲ ~ ~ ORB H vol=2.5x pos=^44 vwap=above ema=bull rs=+0.4% adx=34 body=32% ramp=0.5x rangeATR=1.4 O613.2 H615.56 L612.88 C614.07 ATR=20.37 SL=612.03/611.01 rawVol=55379 volSMA=24834 buf=1.018 prices=
2025-11-13T10:10:00.000-05:00,[KLB] 10:10 ▲ ~ ~ VWAP + ~ PM H + ~ ORB H vol=1.6x pos=^95 vwap=above ema=bull rs=+0.7% adx=35 body=91% ramp=0.7x rangeATR=2.3 ⚡ ⚠ O612.66 H617.3 L612.45 C617.05 ATR=20.37 SL=615.01/613.99 rawVol=45683 volSMA=27922 buf=1.018 prices=
2025-11-13T10:40:00.000-05:00,[KLB] 10:40 ▲ ~ ~ ORB H vol=0.6x pos=^83 vwap=above ema=bull rs=+0.7% adx=35 body=83% ramp=0.7x rangeATR=1.2 ⚠ O612.72 H615.15 L612.71 C614.74 ATR=20.37 SL=612.7/611.68 rawVol=19846 volSMA=34058 buf=1.018 prices=
2025-11-14T09:30:00.000-05:00,"[KLB] 9:30 ▲ ~ ~ Week L
~ VWAP + ~ Today O vol=0.3x pos=^88 vwap=above ema=bear rs=-1% adx=30 body=49% ramp=1.1x rangeATR=1 O601.28 H602.1 L600.75 C601.94 ATR=19.96 SL=599.94/598.95 rawVol=1255 volSMA=3750 buf=0.998 prices=601.2"
2025-11-14T09:35:00.000-05:00,[KLB] 9:35 ▼ FADE at 601.2
2025-11-14T09:35:00.000-05:00,[KLB] 9:35 ▼ RNG range break vol=12.7x
2025-11-14T09:35:00.000-05:00,[KLB] 9:35 ▼ BRK Week L vol=12.7x pos=v88 vwap=below ema=bear rs=-0.7% adx=30 body=88% ramp=9.3x rangeATR=3.8 ⚡ ⚠ O601.75 H601.8 L595.15 C595.93 ATR=19.96 SL=597.93/598.92 rawVol=124702 volSMA=9836 buf=0.998 prices=601.2
2025-11-14T09:35:00.000-05:00,[KLB] 9:35 ▼ ~ ~ VWAP vol=12.7x pos=v88 vwap=below ema=bear rs=-0.7% adx=30 body=88% ramp=9.3x rangeATR=3.8 ⚡ ⚠ O601.75 H601.8 L595.15 C595.93 ATR=19.96 SL=597.93/598.92 rawVol=124702 volSMA=9836 buf=0.998 prices=
2025-11-14T09:35:00.000-05:00,[KLB] CONF 9:35 ▼ BRK → ✓ (auto-R1: EMA)
2025-11-14T09:40:00.000-05:00,[KLB] 9:40 ▲ ~ ~ PM L vol=5.3x pos=^92 vwap=above ema=bear rs=-0.2% adx=30 body=83% ramp=17.5x rangeATR=3 ⚡ ⚠ O595.98 H601.61 L595.38 C601.12 ATR=19.96 SL=599.12/598.13 rawVol=70269 volSMA=13156 buf=0.998 prices=596.03
2025-11-14T09:40:00.000-05:00,[KLB] 5m CHECK 9:40 ▼ pnl=-0.26 SPY~ → BAIL
2025-11-14T10:05:00.000-05:00,[KLB] 10:05 ▼ BRK PD LH L vol=1.6x pos=v97 vwap=above ema=bear rs=-0.2% adx=23 body=70% ramp=0.7x rangeATR=0.9 O604.31 H604.9 L602.76 C602.82 ATR=19.96 SL=604.82/605.81 rawVol=41461 volSMA=26111 buf=0.998 prices=
2025-11-14T10:05:00.000-05:00,[KLB] CONF 10:05 ▼ BRK → ✓ (auto-R1: EMA)
2025-11-14T10:10:00.000-05:00,[KLB] 5m CHECK 10:10 ▼ pnl=-0.03 SPY✗ → BAIL
2025-11-14T10:20:00.000-05:00,[KLB] 10:20 ▲ ~ ~ PD LH L vol=1.8x pos=^39 vwap=above ema=bull rs=+0.3% adx=21 body=39% ramp=0.9x rangeATR=1.5 O604.65 H608.64 L604.65 C606.21 ATR=19.96 SL=604.21/603.22 rawVol=58725 volSMA=31868 buf=0.998 prices=
2025-11-14T10:30:00.000-05:00,[KLB] 10:30 ▲ ~ ~ PM H vol=1.2x pos=^95 vwap=above ema=bull rs=+0.5% adx=22 body=76% ramp=1.1x rangeATR=1.4 O606.24 H609.27 L605.5 C609.1 ATR=19.96 SL=607.1/606.11 rawVol=40409 volSMA=34654 buf=0.998 prices=
2025-11-14T10:40:00.000-05:00,[KLB] 10:40 ▲ ~ ~ Yest L + ~ PD Cls vol=1.3x pos=^100 vwap=above ema=bull rs=+0.6% adx=25 body=64% ramp=0.9x rangeATR=1 O608.78 H610.38 L607.9 C610.37 ATR=19.96 SL=608.37/607.38 rawVol=49003 volSMA=38020 buf=0.998 prices=603
2025-11-14T10:50:00.000-05:00,[KLB] 10:50 ▲ ~ ~ Yest L vol=1.4x pos=^58 vwap=above ema=bull rs=+0.5% adx=28 body=45% ramp=1.5x rangeATR=1.2 O609.5 H612 L609.11 C610.8 ATR=19.96 SL=608.8/607.81 rawVol=56357 volSMA=41638 buf=0.998 prices=603
2025-11-14T11:20:00.000-05:00,[KLB] 11:20 ▲ ~ ~ Yest L vol=0.7x pos=^70 vwap=above ema=bull rs=+0.3% adx=28 body=67% ramp=0.7x rangeATR=0.7 O609.06 H610.66 L609 C610.17 ATR=19.96 SL=608.17/607.18 rawVol=26870 volSMA=39366 buf=0.998 prices=603
2025-11-14T12:05:00.000-05:00,[KLB] 12:05 ▲ ~ ~ Yest L vol=0.4x pos=^100 vwap=above ema=bull rs=-0.1% adx=24 body=58% ramp=0.9x rangeATR=0.8 O609.06 H610.01 L608.38 C610.01 ATR=19.96 SL=608.01/607.02 rawVol=11802 volSMA=29199 buf=0.998 prices=603
2025-11-14T12:10:00.000-05:00,[KLB] 12:10 ▲ ~ ~ Yest L vol=0.9x pos=^85 vwap=above ema=bull rs=+0.1% adx=23 body=57% ramp=0.9x rangeATR=0.7 O610.01 H610.98 L609.62 C610.78 ATR=19.96 SL=608.78/607.79 rawVol=26004 volSMA=28478 buf=0.998 prices=603
2025-11-17T09:30:00.000-05:00,[KLB] 9:30 ▲ RNG range break vol=5.5x
2025-11-17T09:30:00.000-05:00,[KLB] 9:30 ▲ ~ ~ VWAP + ~ PD LH L + ~ Today O + ~ PD Cls + ~ Yest H vol=5.5x pos=^75 vwap=above ema=bear rs=-0.2% adx=30 body=74% ramp=4.6x rangeATR=4.1 ⚡ O605.38 H611 L605.28 C609.59 ATR=19.85 SL=607.6/606.61 rawVol=15027 volSMA=2721 buf=0.993 prices=
2025-11-17T09:35:00.000-05:00,[KLB] 9:35 ▼ FADE at 607.8
2025-11-17T09:35:00.000-05:00,[KLB] 9:35 ▼ RNG range break vol=9.6x
2025-11-17T09:35:00.000-05:00,[KLB] 9:35 ▼ BRK PM L + PD LH L vol=9.6x pos=v91 vwap=below ema=bear rs=-1% adx=28 body=90% ramp=10x rangeATR=3.5 ⚡ ⚠ O609.64 H609.7 L603.6 C604.15 ATR=19.85 SL=606.14/607.13 rawVol=50247 volSMA=5217 buf=0.993 prices=604.62
2025-11-17T09:35:00.000-05:00,"[KLB] 9:35 ▼ ~ ~ Yest H
~ VWAP vol=9.6x pos=v91 vwap=below ema=bear rs=-1% adx=28 body=90% ramp=10x rangeATR=3.5 ⚡ ⚠ O609.64 H609.7 L603.6 C604.15 ATR=19.85 SL=606.14/607.13 rawVol=50247 volSMA=5217 buf=0.993 prices=613.68"
2025-11-17T09:35:00.000-05:00,[KLB] CONF 9:35 ▼ BRK → ✓ (auto-R1: EMA)
2025-11-17T09:40:00.000-05:00,[KLB] 5m CHECK 9:40 ▼ pnl=-0.1 SPY✗ → BAIL
2025-11-17T10:05:00.000-05:00,[KLB] 10:05 ▼ ~ ~ Yest H + ~ ORB H vol=3.3x pos=v70 vwap=below ema=bear rs=-0.5% adx=24 body=56% ramp=0.8x rangeATR=1.7 O609.89 H610.4 L606.77 C607.86 ATR=19.85 SL=609.85/610.84 rawVol=61729 volSMA=18981 buf=0.993 prices=613.68/609.7
2025-11-17T10:10:00.000-05:00,[KLB] 10:10 ▼ BRK PD LH L vol=3x pos=v83 vwap=below ema=bear rs=-0.7% adx=23 body=57% ramp=0.7x rangeATR=1.5 O607.76 H608.63 L605.32 C605.88 ATR=19.85 SL=607.87/608.86 rawVol=30938 volSMA=20516 buf=0.993 prices=
2025-11-17T10:10:00.000-05:00,[KLB] CONF 10:10 ▼ BRK → ✓ (auto-R1: EMA)
2025-11-17T10:15:00.000-05:00,[KLB] 5m CHECK 10:15 ▼ pnl=-0.02 SPY✗ → BAIL
2025-11-18T09:30:00.000-05:00,[KLB] 9:30 ▼ RNG range break vol=6.3x
2025-11-18T09:45:00.000-05:00,[KLB] 9:45 ▼ ~ ~ VWAP vol=3.6x pos=v89 vwap=below ema=bear rs=-0.1% adx=25 body=64% ramp=3.4x rangeATR=1.9 O593 H594 L590.08 C590.5 ATR=19.6 SL=592.46/593.44 rawVol=57178 volSMA=16016 buf=0.98 prices=
2025-11-18T09:50:00.000-05:00,[KLB] 9:50 ▼ BRK ORB L vol=3.4x pos=v85 vwap=below ema=bear rs=-0.3% adx=25 body=45% ramp=1.4x rangeATR=1.6 O590.45 H591.79 L588.51 C588.99 ATR=19.6 SL=590.95/591.93 rawVol=65240 volSMA=19024 buf=0.98 prices=590.95
2025-11-18T09:50:00.000-05:00,[KLB] CONF 9:50 ▼ BRK → ✓ (auto-R1: EMA)
2025-11-18T09:55:00.000-05:00,[KLB] 9:55 ▼ BRK PM L vol=3x pos=v93 vwap=below ema=bear rs=-0.4% adx=26 body=64% ramp=1x rangeATR=1.3 O589.18 H590 L587.2 C587.39 ATR=19.6 SL=589.35/590.33 rawVol=60465 volSMA=21844 buf=0.98 prices=589.33
2025-11-18T09:55:00.000-05:00,[KLB] CONF 9:55 ▼ BRK → ✓ (auto-R1: EMA)
2025-11-18T10:00:00.000-05:00,[KLB] 5m CHECK 10:00 ▼ pnl=0.02 SPY✓ → HOLD
2025-11-18T12:55:00.000-05:00,[KLB] 12:55 ▲ ~ ~ Week L + ~ ORB H vol=1.8x pos=^83 vwap=above ema=bull rs=+1% adx=23 body=52% ramp=3x rangeATR=1.7 O596.46 H599.44 L595.11 C598.7 ATR=19.6 SL=596.74/595.76 rawVol=51100 volSMA=28506 buf=0.98 prices=595.2
2025-11-18T13:35:00.000-05:00,[KLB] 13:35 ▲ ~ ~ Week L + ~ ORB H vol=0.6x pos=^94 vwap=above ema=bull rs=+0.7% adx=26 body=93% ramp=1x rangeATR=1.3 ⚠ O594.8 H597.66 L594.79 C597.48 ATR=19.6 SL=595.52/594.54 rawVol=15259 volSMA=25470 buf=0.98 prices=595.2
2025-11-18T14:40:00.000-05:00,[KLB] 14:40 ▲ ~ ~ Yest L + ~ PD Cls + ~ PM H vol=1.9x pos=^95 vwap=above ema=bull rs=+1.5% adx=28 body=94% ramp=1.3x rangeATR=1.7 ⚠ O599.3 H602.9 L599.29 C602.71 ATR=19.6 SL=600.75/599.77 rawVol=35290 volSMA=18142 buf=0.98 prices=595.4
2025-11-18T14:50:00.000-05:00,[KLB] 14:50 ▲ ~ ~ Yest L + ~ PM H vol=0.9x pos=^37 vwap=above ema=bull rs=+1.5% adx=30 body=32% ramp=2.3x rangeATR=0.9 O601.75 H603.6 L601.66 C602.37 ATR=19.6 SL=600.41/599.43 rawVol=16593 volSMA=18579 buf=0.98 prices=595.4
2025-11-18T15:00:00.000-05:00,[KLB] 15:00 ▲ ~ ~ PM H vol=0.6x pos=^95 vwap=above ema=bull rs=+1.4% adx=30 body=79% ramp=0.5x rangeATR=1 O600.31 H602.03 L599.99 C601.92 ATR=19.6 SL=599.96/598.98 rawVol=10140 volSMA=17978 buf=0.98 prices=
2025-11-19T09:30:00.000-05:00,[KLB] 9:30 ▼ RNG range break vol=3.7x
2025-11-19T09:30:00.000-05:00,[KLB] 9:30 ▼ ~ ~ Today O vol=3.7x pos=v76 vwap=above ema=bear rs=+0.1% adx=31 body=76% ramp=1x rangeATR=2.2 ⚡ O595.25 H595.25 L592.96 C593.5 ATR=19.62 SL=595.46/596.44 rawVol=4799 volSMA=1287 buf=0.981 prices=
2025-11-19T09:35:00.000-05:00,[KLB] 9:35 ▼ BRK PM L vol=15.3x pos=v85 vwap=below ema=bear rs=-0.8% adx=34 body=85% ramp=22.2x rangeATR=3.6 ⚡ ⚠ O593.72 H593.72 L588.88 C589.6 ATR=19.62 SL=591.56/592.54 rawVol=81323 volSMA=5319 buf=0.981 prices=592.96
2025-11-19T09:35:00.000-05:00,[KLB] 9:35 ▼ ~ ~ VWAP vol=15.3x pos=v85 vwap=below ema=bear rs=-0.8% adx=34 body=85% ramp=22.2x rangeATR=3.6 ⚡ ⚠ O593.72 H593.72 L588.88 C589.6 ATR=19.62 SL=591.56/592.54 rawVol=81323 volSMA=5319 buf=0.981 prices=
2025-11-19T09:35:00.000-05:00,[KLB] CONF 9:35 ▼ BRK → ✓ (auto-R1: EMA)
2025-11-19T09:40:00.000-05:00,[KLB] 9:40 ▼ BRK ORB L vol=9.5x pos=v82 vwap=below ema=bear rs=-1.1% adx=38 body=33% ramp=33.1x rangeATR=2.6 ⚡ O589.49 H591.4 L587.48 C588.18 ATR=19.62 SL=590.14/591.12 rawVol=66315 volSMA=8597 buf=0.981 prices=588.88
2025-11-19T09:40:00.000-05:00,[KLB] CONF 9:40 ▼ BRK → ✓ (auto-R1: EMA)
2025-11-19T09:45:00.000-05:00,[KLB] 5m CHECK 9:45 ▼ pnl=-0.11 SPY✗ → BAIL
2025-11-19T12:35:00.000-05:00,[KLB] 12:35 ▼ BRK Yest L vol=2.1x pos=v75 vwap=below ema=bear rs=-1.9% adx=43 body=73% ramp=2.7x rangeATR=1.7 O584.12 H584.17 L581.5 C582.16 ATR=19.62 SL=584.12/585.1 rawVol=59289 volSMA=28088 buf=0.981 prices=583.78
2025-11-19T12:35:00.000-05:00,[KLB] CONF 12:35 ▼ BRK → ✓ (auto-R1: EMA)
2025-11-19T12:40:00.000-05:00,[KLB] 5m CHECK 12:40 ▼ pnl=0.02 SPY~ → HOLD
2025-11-20T09:30:00.000-05:00,[KLB] 9:30 ▲ ~ ~ VWAP + ~ PM H vol=0.6x pos=^83 vwap=above ema=bull rs=+1.5% adx=27 body=83% ramp=0.8x rangeATR=2 ⚠ O601.69 H603.81 L601.69 C603.45 ATR=19.39 SL=601.51/600.54 rawVol=1608 volSMA=2508 buf=0.97 prices=
2025-11-20T09:35:00.000-05:00,[KLB] 9:35 ▼ ~ ~ PM H vol=14x pos=v58 vwap=below ema=bull rs=-0.5% adx=26 body=33% ramp=13.2x rangeATR=3.3 ⚡ O602.44 H603.49 L599.18 C601 ATR=19.39 SL=602.94/603.91 rawVol=115158 volSMA=8241 buf=0.97 prices=604
2025-11-20T09:40:00.000-05:00,[KLB] 9:40 ▲ FADE at 604
2025-11-20T09:40:00.000-05:00,[KLB] 9:40 ▲ RNG range break vol=7.8x
2025-11-20T09:40:00.000-05:00,[KLB] 9:40 ▲ ~ ~ Today O + ~ PM H + ~ ORB H vol=7.8x pos=^97 vwap=above ema=bull rs=+0.2% adx=25 body=97% ramp=30.7x rangeATR=3 ⚡ ⚠ O601.13 H605.8 L601.13 C605.65 ATR=19.39 SL=603.71/602.74 rawVol=103250 volSMA=13275 buf=0.97 prices=
2025-11-20T10:25:00.000-05:00,[KLB] 10:25 ▲ ~ ~ ORB H vol=1.1x pos=^82 vwap=above ema=bull rs=-0.4% adx=23 body=72% ramp=0.6x rangeATR=1.1 O601.19 H603.37 L600.95 C602.94 ATR=19.39 SL=601/600.03 rawVol=38523 volSMA=34918 buf=0.97 prices=
2025-11-20T11:30:00.000-05:00,[KLB] 11:30 ▼ ~ x~ Yest H vol=1x pos=v76 vwap=below ema=bear rs=-0.9% adx=31 body=6% ramp=0.8x rangeATR=1.4 O593.77 H595.8 L592.92 C593.61 ATR=19.39 SL=595.55/596.52 rawVol=35786 volSMA=35538 buf=0.97 prices=595.33
2025-11-20T11:40:00.000-05:00,[KLB] 11:40 ▼ ~ ~ Yest H vol=0.9x pos=v58 vwap=below ema=bear rs=-0.8% adx=33 body=53% ramp=0.8x rangeATR=1.4 O593.7 H593.83 L591 C592.19 ATR=19.39 SL=594.13/595.1 rawVol=29689 volSMA=32573 buf=0.97 prices=595.33
2025-11-20T11:50:00.000-05:00,[KLB] 11:50 ▲ ~ ~ PD Cls vol=1x pos=^49 vwap=below ema=bear rs=-0.7% adx=36 body=39% ramp=1.2x rangeATR=1.2 O590.59 H592.83 L590.32 C591.56 ATR=19.39 SL=589.62/588.65 rawVol=31157 volSMA=29681 buf=0.97 prices=
2025-11-20T11:55:00.000-05:00,[KLB] 11:55 ▼ FADE at 590.32
2025-11-21T09:30:00.000-05:00,[KLB] 9:30 ▼ ~ ~ Today O + ~ PD Cls vol=1.6x pos=v83 vwap=below ema=bull rs=+0.4% adx=22 body=73% ramp=1.6x rangeATR=0.9 O589.21 H589.33 L588.2 C588.39 ATR=19.68 SL=590.36/591.34 rawVol=2039 volSMA=1314 buf=0.984 prices=
2025-11-21T09:35:00.000-05:00,[KLB] 9:35 ▲ FADE at 588.5
2025-11-21T09:35:00.000-05:00,[KLB] 9:35 ▲ RNG range break vol=15.1x
2025-11-21T09:35:00.000-05:00,"[KLB] 9:35 ▲ ~ ~ Yest L
~ VWAP + ~ PM H vol=15.1x pos=^87 vwap=above ema=bull rs=+0.7% adx=23 body=69% ramp=24.9x rangeATR=3.9 ⚡ O588.5 H593.55 L587.41 C592.73 ATR=19.68 SL=590.76/589.78 rawVol=71874 volSMA=4758 buf=0.984 prices=583.35"
2025-11-21T09:45:00.000-05:00,[KLB] 9:45 ▲ ~ ~ ORB H vol=5x pos=^57 vwap=above ema=bull rs=+1.1% adx=26 body=55% ramp=39.3x rangeATR=1.9 O592.28 H595.72 L592.2 C594.21 ATR=19.68 SL=592.24/591.26 rawVol=47140 volSMA=9514 buf=0.984 prices=
2025-11-21T09:55:00.000-05:00,[KLB] 9:55 ▲ ~ ~ PM H vol=2.7x pos=^80 vwap=above ema=bull rs=+0.5% adx=26 body=33% ramp=1x rangeATR=1.4 O591.34 H592.88 L590 C592.3 ATR=19.68 SL=590.33/589.35 rawVol=35930 volSMA=13252 buf=0.984 prices=
2025-11-21T10:55:00.000-05:00,[KLB] 10:55 ▼ ~ ~ VWAP vol=1.2x pos=v50 vwap=below ema=bear rs=-0.3% adx=20 body=47% ramp=1.1x rangeATR=1 O587.31 H587.39 L584.83 C586.1 ATR=19.68 SL=588.07/589.05 rawVol=36041 volSMA=31268 buf=0.984 prices=
2025-11-21T11:00:00.000-05:00,[KLB] 11:00 ▼ BRK PD LH L vol=1.7x pos=v100 vwap=below ema=bear rs=-0.5% adx=20 body=100% ramp=1.1x rangeATR=1.1 ⚠ O586.14 H586.14 L583.27 C583.27 ATR=19.68 SL=585.24/586.22 rawVol=56575 volSMA=34017 buf=0.984 prices=
2025-11-21T11:00:00.000-05:00,[KLB] CONF 11:00 ▼ BRK → ✓ (auto-R1: EMA)
2025-11-21T11:05:00.000-05:00,[KLB] 5m CHECK 11:05 ▼ pnl=0.01 SPY✓ → HOLD
2025-11-21T12:25:00.000-05:00,[KLB] 12:25 ▲ ~ ~ PM H + ~ ORB H vol=0.6x pos=^94 vwap=above ema=bull rs=0% adx=21 body=57% ramp=0.9x rangeATR=1 O592.24 H593.59 L591.45 C593.47 ATR=19.68 SL=591.5/590.52 rawVol=15063 volSMA=23690 buf=0.984 prices=
2025-11-21T12:45:00.000-05:00,[KLB] 12:45 ▲ ~ ~ ORB H vol=1.4x pos=^95 vwap=above ema=bull rs=+0.1% adx=26 body=48% ramp=1x rangeATR=0.9 O593.8 H594.8 L592.92 C594.7 ATR=19.68 SL=592.73/591.75 rawVol=11102 volSMA=19515 buf=0.984 prices=
2025-11-21T14:10:00.000-05:00,[KLB] 14:10 ▲ ~ ~ Week L vol=2.6x pos=^82 vwap=above ema=bull rs=+0.2% adx=26 body=64% ramp=1.2x rangeATR=1.2 O595.82 H597.5 L595.45 C597.14 ATR=19.68 SL=595.17/594.19 rawVol=39811 volSMA=15395 buf=0.984 prices=595.2
2025-11-21T14:40:00.000-05:00,[KLB] 14:40 ▲ ~ ~ Week L vol=0.6x pos=^52 vwap=above ema=bull rs=0% adx=32 body=52% ramp=0.7x rangeATR=0.8 O595.7 H597 L595.7 C596.38 ATR=19.68 SL=594.41/593.43 rawVol=9010 volSMA=16235 buf=0.984 prices=595.2
2025-11-21T15:10:00.000-05:00,[KLB] 15:10 ▲ ~ ~ Week L vol=1.2x pos=^85 vwap=above ema=bull rs=+0.3% adx=24 body=58% ramp=1.4x rangeATR=0.7 O595.4 H596.2 L595.1 C596.04 ATR=19.68 SL=594.07/593.09 rawVol=20108 volSMA=16505 buf=0.984 prices=595.2
2025-11-24T09:30:00.000-05:00,[KLB] 9:30 ▼ RNG range break vol=3.7x
2025-11-24T09:45:00.000-05:00,[KLB] 9:45 ▲ RNG range break vol=4.9x
2025-11-24T10:30:00.000-05:00,[KLB] 10:30 ▲ ~ ~ Week H vol=1x pos=^85 vwap=above ema=bull rs=+1.7% adx=32 body=68% ramp=1x rangeATR=1.4 O609.13 H611.83 L608.6 C611.34 ATR=19.43 SL=609.4/608.43 rawVol=33251 volSMA=34138 buf=0.972 prices=
2025-11-24T10:35:00.000-05:00,[KLB] 10:35 ▲ ~ ~ Week H vol=1.2x pos=^83 vwap=above ema=bull rs=+1.8% adx=34 body=54% ramp=1x rangeATR=1.1 O611.31 H613.07 L610.61 C612.64 ATR=19.43 SL=610.7/609.73 rawVol=45411 volSMA=36387 buf=0.972 prices=
2025-11-24T11:05:00.000-05:00,[KLB] 11:05 ▲ ~ ~ Week H vol=0.6x pos=^93 vwap=above ema=bull rs=+1.7% adx=42 body=88% ramp=0.7x rangeATR=1.2 ⚠ O611.21 H613.78 L611.09 C613.58 ATR=19.43 SL=611.64/610.67 rawVol=29778 volSMA=46170 buf=0.972 prices=
2025-11-24T11:45:00.000-05:00,[KLB] 11:45 ▲ ~ ~ Week H vol=0.4x pos=^58 vwap=above ema=bull rs=+1.3% adx=35 body=31% ramp=0.7x rangeATR=0.7 O610.93 H611.85 L610.6 C611.32 ATR=19.43 SL=609.38/608.41 rawVol=12644 volSMA=29904 buf=0.972 prices=
2025-11-25T09:40:00.000-05:00,[KLB] 9:40 ▲ ~ ~ VWAP vol=5.1x pos=^89 vwap=above ema=bull rs=-0.2% adx=50 body=54% ramp=24.9x rangeATR=2.1 ⚡ O621.81 H624.03 L620.6 C623.65 ATR=19.65 SL=621.69/620.7 rawVol=78496 volSMA=15395 buf=0.982 prices=
2025-11-25T10:00:00.000-05:00,[KLB] 10:00 ▲ RNG range break vol=3.3x
2025-11-25T10:00:00.000-05:00,[KLB] 10:00 ▲ ~ ~ PM H + ~ ORB H vol=3.3x pos=^89 vwap=above ema=bull rs=+0.7% adx=40 body=89% ramp=0.9x rangeATR=2.6 ⚡ ⚠ O623.5 H629.2 L623.49 C628.59 ATR=19.65 SL=626.63/625.64 rawVol=96658 volSMA=29034 buf=0.982 prices=
2025-11-25T10:10:00.000-05:00,[KLB] 10:10 ▲ ~ ~ PM H + ~ ORB H vol=0.9x pos=^85 vwap=above ema=bull rs=+0.5% adx=39 body=85% ramp=0.9x rangeATR=1.5 ⚠ O623.57 H627.35 L623.57 C626.8 ATR=19.65 SL=624.84/623.85 rawVol=30917 volSMA=32544 buf=0.982 prices=
2025-11-25T10:30:00.000-05:00,[KLB] 10:30 ▲ ~ ~ PM H vol=1.2x pos=^82 vwap=above ema=bull rs=+0.4% adx=35 body=45% ramp=1.2x rangeATR=1.3 O625.22 H627.31 L623.99 C626.72 ATR=19.65 SL=624.76/623.77 rawVol=48427 volSMA=39344 buf=0.982 prices=
2025-11-26T09:30:00.000-05:00,[KLB] 9:30 ▲ RNG range break vol=3.5x
2025-11-26T09:30:00.000-05:00,[KLB] 9:30 ▲ ~ ~ PD LH L + ~ Today O + ~ PD Cls + ~ Yest H vol=3.5x pos=^97 vwap=above ema=bear rs=+0.4% adx=44 body=92% ramp=2.3x rangeATR=3.9 ⚡ ⚠ O633.4 H638 L633.19 C637.84 ATR=19.96 SL=635.84/634.85 rawVol=7966 volSMA=2300 buf=0.998 prices=
2025-11-26T09:40:00.000-05:00,[KLB] 9:40 ▼ BRK ORB L vol=9.3x pos=v61 vwap=below ema=bear rs=-0.6% adx=40 body=54% ramp=27.8x rangeATR=2.1 ⚡ O636.31 H636.55 L633.49 C634.67 ATR=19.96 SL=636.67/637.66 rawVol=56311 volSMA=9198 buf=0.998 prices=635.81
2025-11-26T09:40:00.000-05:00,[KLB] 9:40 ▼ ~ ~ Yest H vol=9.3x pos=v61 vwap=below ema=bear rs=-0.6% adx=40 body=54% ramp=27.8x rangeATR=2.1 ⚡ O636.31 H636.55 L633.49 C634.67 ATR=19.96 SL=636.67/637.66 rawVol=56311 volSMA=9198 buf=0.998 prices=637.05
2025-11-26T09:40:00.000-05:00,[KLB] CONF 9:40 ▼ BRK → ✓ (auto-R1: EMA)
2025-11-26T09:45:00.000-05:00,[KLB] 5m CHECK 9:45 ▼ pnl=0.05 SPY~ → HOLD
2025-11-26T11:45:00.000-05:00,[KLB] 11:45 ▲ ~ ~ VWAP + ~ Yest H + ~ ORB H vol=1.2x pos=^85 vwap=above ema=bull rs=-0.5% adx=20 body=56% ramp=1.1x rangeATR=1.6 O636.83 H638.31 L636.21 C638 ATR=19.96 SL=636/635.01 rawVol=19011 volSMA=16205 buf=0.998 prices=
2025-11-26T13:30:00.000-05:00,[KLB] 13:30 ▼ ~ x~ Yest H vol=0.7x pos=v99 vwap=below ema=bull rs=-0.8% adx=18 body=20% ramp=0.7x rangeATR=0.7 O635.75 H636.34 L635.59 C635.6 ATR=19.96 SL=637.6/638.59 rawVol=6583 volSMA=9687 buf=0.998 prices=637.05
2025-11-26T13:45:00.000-05:00,[KLB] 13:45 ▼ ~ ~ VWAP vol=1.1x pos=v96 vwap=below ema=bear rs=-1% adx=23 body=83% ramp=1.5x rangeATR=1.1 ⚠ O634.56 H634.71 L633.58 C633.62 ATR=19.96 SL=635.62/636.61 rawVol=7523 volSMA=8680 buf=0.998 prices=
2025-11-28T09:35:00.000-05:00,[KLB] 9:35 ▲ RNG range break vol=13.9x
2025-11-28T09:35:00.000-05:00,[KLB] 9:35 ▲ ~ ~ Today O vol=13.9x pos=^62 vwap=below ema=bear rs=+0% adx=22 body=36% ramp=12x rangeATR=3.9 ⚡ O636.08 H637.65 L635.52 C636.84 ATR=19.01 SL=634.94/633.99 rawVol=29248 volSMA=2101 buf=0.951 prices=
2025-11-28T09:45:00.000-05:00,[KLB] 9:45 ▲ ~ ~ PM H + ~ Yest H vol=12.6x pos=^77 vwap=above ema=bull rs=+0.6% adx=27 body=59% ramp=80.6x rangeATR=4.5 ⚡ O637.8 H641.09 L637.09 C640.17 ATR=19.01 SL=638.27/637.32 rawVol=111539 volSMA=8887 buf=0.951 prices=
2025-11-28T09:50:00.000-05:00,[KLB] 9:50 ▲ ~ ~ VWAP + ~ PM H vol=10.3x pos=^91 vwap=above ema=bull rs=+0.7% adx=30 body=32% ramp=5.7x rangeATR=3 ⚡ O640.09 H641.41 L638.21 C641.11 ATR=19.01 SL=639.21/638.26 rawVol=38862 volSMA=10796 buf=0.951 prices=
2025-12-01T10:00:00.000-05:00,[KLB] 10:00 ▲ ~ ~ VWAP + ~ PM H + ~ ORB H vol=2.6x pos=^89 vwap=above ema=bull rs=+0.4% adx=36 body=79% ramp=0.6x rangeATR=2 O642.2 H645.09 L641.89 C644.73 ATR=18.69 SL=642.86/641.93 rawVol=28015 volSMA=10611 buf=0.934 prices=
2025-12-01T11:40:00.000-05:00,[KLB] 11:40 ▲ ~ ~ PM H vol=0.5x pos=^75 vwap=above ema=bull rs=+0.2% adx=21 body=43% ramp=0.8x rangeATR=0.4 O643.15 H643.5 L642.99 C643.37 ATR=18.69 SL=641.5/640.57 rawVol=4794 volSMA=12585 buf=0.934 prices=
2025-12-01T11:45:00.000-05:00,[KLB] 11:45 ▲ ~ ~ PM H + ~ ORB H vol=0.7x pos=^77 vwap=above ema=bull rs=+0.3% adx=22 body=69% ramp=0.9x rangeATR=1.2 O643.3 H644.82 L643.17 C644.44 ATR=18.69 SL=642.57/641.64 rawVol=8697 volSMA=12209 buf=0.934 prices=
2025-12-01T12:05:00.000-05:00,[KLB] 12:05 ▲ ~ ~ PM H + ~ ORB H vol=0.7x pos=^100 vwap=above ema=bull rs=+0.1% adx=22 body=64% ramp=1x rangeATR=0.6 O643.21 H643.68 L642.95 C643.68 ATR=18.69 SL=641.81/640.88 rawVol=7308 volSMA=10290 buf=0.934 prices=
2025-12-02T09:30:00.000-05:00,[KLB] 9:30 ▼ RNG range break vol=3.2x
2025-12-02T09:40:00.000-05:00,[KLB] 9:40 ▲ ~ ~ PM L + ~ Yest H + ~ ORB H vol=7.4x pos=^85 vwap=above ema=bear rs=+0% adx=22 body=67% ramp=15.4x rangeATR=3.3 ⚡ O640.73 H643.85 L640.06 C643.27 ATR=18.08 SL=641.46/640.56 rawVol=32439 volSMA=4410 buf=0.904 prices=642.21
2025-12-02T09:45:00.000-05:00,[KLB] 9:45 ▼ FADE at 642.21
2025-12-02T09:45:00.000-05:00,[KLB] 9:45 ▼ BRK PM L vol=5.2x pos=v100 vwap=below ema=bear rs=-0.4% adx=24 body=91% ramp=21.5x rangeATR=2.5 ⚡ ⚠ O643.21 H643.5 L640.2 C640.2 ATR=18.08 SL=642.01/642.91 rawVol=30873 volSMA=5929 buf=0.904 prices=642.21
2025-12-02T09:45:00.000-05:00,[KLB] 9:45 ▼ ~ ~ Yest H + ~ ORB H vol=5.2x pos=v100 vwap=below ema=bear rs=-0.4% adx=24 body=91% ramp=21.5x rangeATR=2.5 ⚡ ⚠ O643.21 H643.5 L640.2 C640.2 ATR=18.08 SL=642.01/642.91 rawVol=30873 volSMA=5929 buf=0.904 prices=645.32/643.5
2025-12-02T09:45:00.000-05:00,[KLB] CONF 9:45 ▼ BRK → ✓ (auto-R1: EMA)
2025-12-02T09:50:00.000-05:00,[KLB] 5m CHECK 9:50 ▼ pnl=-0.02 SPY~ → HOLD
2025-12-02T11:25:00.000-05:00,[KLB] 11:25 ▼ BRK PM L + ORB L vol=1.6x pos=v95 vwap=below ema=bear rs=-0.2% adx=21 body=79% ramp=1.3x rangeATR=1.5 O641.38 H641.75 L639.45 C639.57 ATR=18.08 SL=641.38/642.28 rawVol=28420 volSMA=17739 buf=0.904 prices=642.21/640.51
2025-12-02T11:25:00.000-05:00,"[KLB] 11:25 ▼ ~ ~ Yest H
~ VWAP vol=1.6x pos=v95 vwap=below ema=bear rs=-0.2% adx=21 body=79% ramp=1.3x rangeATR=1.5 O641.38 H641.75 L639.45 C639.57 ATR=18.08 SL=641.38/642.28 rawVol=28420 volSMA=17739 buf=0.904 prices=645.32"
2025-12-02T11:25:00.000-05:00,[KLB] CONF 11:25 ▼ BRK → ✓ (auto-R1: EMA)
2025-12-02T11:30:00.000-05:00,[KLB] 5m CHECK 11:30 ▼ pnl=0.01 SPY~ → HOLD
2025-12-03T09:30:00.000-05:00,[KLB] 9:30 ▲ 🔇 QBS ramp=0.2x vol=1x pos=^57 vwap=above ema=bear adx=40 body=57% rangeATR=1.8 O643.43 H645.5 L643.43 C644.61 ATR=17.49
2025-12-03T09:30:00.000-05:00,[KLB] 9:30 ▲ ~ ~ Today O vol=1x pos=^57 vwap=above ema=bear rs=-0.1% adx=40 body=57% ramp=0.2x rangeATR=1.8 🔇 O643.43 H645.5 L643.43 C644.61 ATR=17.49 SL=642.86/641.99 rawVol=1572 volSMA=1609 buf=0.874 prices=
2025-12-03T09:35:00.000-05:00,[KLB] 9:35 ▼ FADE at 644.41
2025-12-03T09:45:00.000-05:00,[KLB] 9:45 ▲ ~ ~ ORB H vol=4x pos=^97 vwap=above ema=bear rs=+0.2% adx=38 body=97% ramp=24.5x rangeATR=2 ⚠ O643.24 H646.07 L643.24 C645.98 ATR=17.49 SL=644.23/643.36 rawVol=22645 volSMA=5736 buf=0.874 prices=
2025-12-03T09:45:00.000-05:00,[KLB] CONF 9:45 ▲ QBS → ✓ (auto-promote)
2025-12-03T09:50:00.000-05:00,[KLB] 5m CHECK 9:50 ▲ pnl=0.05 SPY~ → HOLD
2025-12-03T10:10:00.000-05:00,[KLB] 10:10 ▼ ~ ~ Yest H + ~ Week H vol=2x pos=v82 vwap=below ema=bear rs=+0.1% adx=28 body=82% ramp=0.6x rangeATR=1.9 ⚠ O647.86 H647.86 L644.76 C645.31 ATR=17.49 SL=647.06/647.93 rawVol=23856 volSMA=11985 buf=0.874 prices=647.87/648.05
2025-12-03T10:15:00.000-05:00,[KLB] 10:15 ▼ ~ ~ ORB H vol=1.8x pos=v62 vwap=below ema=bear rs=-0.1% adx=27 body=46% ramp=0.9x rangeATR=1.5 O645.3 H645.71 L643.15 C644.13 ATR=17.49 SL=645.88/646.75 rawVol=21017 volSMA=13004 buf=0.874 prices=644.66
2025-12-03T10:25:00.000-05:00,[KLB] 10:25 ▼ ~ ~ ORB H vol=1.6x pos=v52 vwap=below ema=bear rs=-0.3% adx=26 body=37% ramp=1x rangeATR=1.1 O644.34 H644.61 L642.75 C643.65 ATR=17.49 SL=645.4/646.27 rawVol=24637 volSMA=14978 buf=0.874 prices=644.66
2025-12-03T10:30:00.000-05:00,[KLB] 10:30 ▼ ~ ~ VWAP vol=1.6x pos=v70 vwap=below ema=bear rs=-0.3% adx=26 body=45% ramp=0.8x rangeATR=0.4 O643.66 H643.85 L643.11 C643.33 ATR=17.49 SL=645.08/645.95 rawVol=16334 volSMA=15770 buf=0.874 prices=
2025-12-03T10:40:00.000-05:00,[KLB] 10:40 ▼ ~ ~ ORB H vol=1.2x pos=v86 vwap=below ema=bear rs=-0.5% adx=26 body=55% ramp=0.9x rangeATR=1 O644 H644.49 L642.9 C643.12 ATR=17.49 SL=644.87/645.74 rawVol=21473 volSMA=17699 buf=0.874 prices=644.66
2025-12-03T10:50:00.000-05:00,[KLB] 10:50 ▼ ~ ~ ORB H vol=0.5x pos=v100 vwap=below ema=bear rs=-0.4% adx=24 body=72% ramp=0.8x rangeATR=0.5 O644.52 H644.75 L643.93 C643.93 ATR=17.49 SL=645.68/646.55 rawVol=10099 volSMA=18372 buf=0.874 prices=644.66
2025-12-03T10:55:00.000-05:00,[KLB] 10:55 ▼ ~ x~ ORB H vol=0.5x pos=v82 vwap=below ema=bear rs=-0.4% adx=24 body=18% ramp=0.6x rangeATR=0.5 O643.83 H644.31 L643.55 C643.69 ATR=17.49 SL=645.44/646.31 rawVol=9950 volSMA=18591 buf=0.874 prices=644.66
2025-12-03T11:10:00.000-05:00,[KLB] 11:10 ▼ ~ ~ ORB H vol=0.7x pos=v100 vwap=below ema=bear rs=-0.4% adx=23 body=96% ramp=1x rangeATR=0.5 ⚠ O644.19 H644.22 L643.53 C643.53 ATR=17.49 SL=645.28/646.15 rawVol=13174 volSMA=20216 buf=0.874 prices=644.66
2025-12-03T15:15:00.000-05:00,[KLB] 15:15 ▼ ~ x~ ORB H vol=1.1x pos=v73 vwap=below ema=bear rs=-0.7% adx=12 body=27% ramp=0.9x rangeATR=0.9 O644.18 H644.44 L643.88 C644.03 ATR=17.49 SL=645.78/646.65 rawVol=6213 volSMA=7010 buf=0.874 prices=644.66
2025-12-03T15:35:00.000-05:00,[KLB] 15:35 ▼ ~ x~ ORB H vol=1.6x pos=v46 vwap=below ema=bear rs=-0.6% adx=13 body=30% ramp=1.2x rangeATR=1.1 O644.06 H644.16 L643.55 C643.88 ATR=17.49 SL=645.63/646.5 rawVol=6781 volSMA=7515 buf=0.874 prices=644.66
2025-12-04T09:30:00.000-05:00,[KLB] 9:30 ▲ ~ ~ Today O vol=0.9x pos=^64 vwap=above ema=bull rs=+0.2% adx=38 body=38% ramp=0.4x rangeATR=1.1 🔇 O674.25 H677.67 L673 C676.01 ATR=17.05 SL=674.31/673.45 rawVol=31697 volSMA=33566 buf=0.852 prices=
2025-12-04T09:35:00.000-05:00,[KLB] 9:35 ▼ ~ ~ VWAP vol=7.5x pos=v97 vwap=below ema=bull rs=-1.9% adx=37 body=91% ramp=1.2x rangeATR=3.1 ⚡ ⚠ O675.8 H676.76 L661.61 C662.05 ATR=17.05 SL=663.75/664.61 rawVol=398398 volSMA=53204 buf=0.852 prices=
2025-12-04T15:30:00.000-05:00,[KLB] 15:30 ▼ BRK ORB L vol=2x pos=v81 vwap=below ema=bear rs=-1.9% adx=26 body=80% ramp=0.7x rangeATR=1.8 O662.54 H662.58 L660.15 C660.6 ATR=17.05 SL=662.3/663.16 rawVol=33651 volSMA=16740 buf=0.852 prices=661.61
2025-12-04T15:30:00.000-05:00,[KLB] CONF 15:30 ▼ BRK → ✓ (auto-R1: EMA)
2025-12-04T15:35:00.000-05:00,[KLB] 5m CHECK 15:35 ▼ pnl=-0.05 SPY✓ → HOLD
2025-12-05T09:30:00.000-05:00,[KLB] 9:30 ▲ ~ ~ Today O vol=2.8x pos=^84 vwap=below ema=bear rs=+0.2% adx=25 body=84% ramp=1.8x rangeATR=3 ⚡ ⚠ O662.13 H664.95 L662.13 C664.51 ATR=18.44 SL=662.67/661.74 rawVol=3150 volSMA=1136 buf=0.922 prices=
2025-12-05T09:35:00.000-05:00,[KLB] 9:35 ▲ RNG range break vol=15.9x
2025-12-05T09:45:00.000-05:00,[KLB] 9:45 ▼ ~ ~ PM H vol=3.1x pos=v72 vwap=below ema=bear rs=+0% adx=25 body=71% ramp=37.6x rangeATR=2.2 ⚡ O666.96 H667.02 L663.59 C664.54 ATR=18.44 SL=666.38/667.31 rawVol=30802 volSMA=10010 buf=0.922 prices=667
2025-12-05T09:50:00.000-05:00,[KLB] 9:50 ▼ FADE at 664
2025-12-05T09:55:00.000-05:00,[KLB] 9:55 ▼ ~ ~ VWAP vol=3.2x pos=v97 vwap=below ema=bear rs=-0.4% adx=23 body=43% ramp=0.7x rangeATR=1.4 O663.99 H665.23 L662.94 C663.01 ATR=18.44 SL=664.85/665.78 rawVol=35484 volSMA=13944 buf=0.922 prices=
2025-12-05T10:10:00.000-05:00,[KLB] 10:10 ▲ ~ ~ PM H vol=2.5x pos=^60 vwap=above ema=bull rs=+0.1% adx=21 body=35% ramp=1x rangeATR=0.6 O666.25 H667.04 L665.99 C666.62 ATR=18.44 SL=664.78/663.85 rawVol=30231 volSMA=19412 buf=0.922 prices=
2025-12-05T10:15:00.000-05:00,[KLB] 10:15 ▲ ~ ~ PM H + ~ ORB H vol=1.8x pos=^75 vwap=above ema=bull rs=+0.2% adx=21 body=54% ramp=1x rangeATR=1.4 O666.73 H668.61 L666.22 C668.01 ATR=18.44 SL=666.17/665.24 rawVol=38783 volSMA=21337 buf=0.922 prices=
2025-12-05T10:20:00.000-05:00,[KLB] 10:20 ▲ ~ ~ VWAP vol=4.4x pos=^91 vwap=above ema=bull rs=+0.9% adx=23 body=91% ramp=1.6x rangeATR=2.3 ⚡ ⚠ O668.07 H672.51 L668.07 C672.11 ATR=18.44 SL=670.27/669.34 rawVol=119670 volSMA=27232 buf=0.922 prices=
2025-12-08T09:35:00.000-05:00,[KLB] 9:35 ▲ RNG range break vol=13.6x
2025-12-08T09:35:00.000-05:00,[KLB] 9:35 ▲ ~ ~ PM L + ~ PD LH L + ~ Today O + ~ PM H vol=13.6x pos=^95 vwap=above ema=bear rs=+0.6% adx=29 body=73% ramp=21.4x rangeATR=5.7 ⚡ O669.69 H673.3 L668.69 C673.05 ATR=18.06 SL=671.24/670.34 rawVol=53934 volSMA=3975 buf=0.903 prices=669.5
2025-12-08T09:45:00.000-05:00,[KLB] 9:45 ▼ ~ ~ PM H + ~ Yest H + ~ ORB H vol=5.9x pos=v90 vwap=below ema=bear rs=+0.3% adx=31 body=88% ramp=35.6x rangeATR=2.6 ⚡ ⚠ O673.66 H673.7 L670.34 C670.69 ATR=18.06 SL=672.5/673.4 rawVol=56692 volSMA=9591 buf=0.903 prices=673.49/674.69/673.3
2025-12-08T09:50:00.000-05:00,[KLB] 9:50 ▼ FADE at 669.5
2025-12-08T09:50:00.000-05:00,[KLB] 9:50 ▼ RNG range break vol=5.4x
2025-12-08T09:50:00.000-05:00,[KLB] 9:50 ▼ BRK PM L + ORB L + PD LH L vol=5.4x pos=v80 vwap=below ema=bear rs=-0.2% adx=30 body=77% ramp=3.3x rangeATR=3.3 ⚡ O670.64 H670.78 L665.65 C666.68 ATR=18.06 SL=668.49/669.39 rawVol=71505 volSMA=13161 buf=0.903 prices=669.5/668.69
2025-12-08T09:50:00.000-05:00,[KLB] 9:50 ▼ ~ ~ VWAP vol=5.4x pos=v80 vwap=below ema=bear rs=-0.2% adx=30 body=77% ramp=3.3x rangeATR=3.3 ⚡ O670.64 H670.78 L665.65 C666.68 ATR=18.06 SL=668.49/669.39 rawVol=71505 volSMA=13161 buf=0.903 prices=
2025-12-08T09:50:00.000-05:00,[KLB] CONF 9:50 ▼ BRK → ✓ (auto-R1: EMA)
2025-12-08T09:55:00.000-05:00,[KLB] 5m CHECK 9:55 ▼ pnl=-0.04 SPY~ → HOLD
2025-12-09T09:35:00.000-05:00,[KLB] 9:35 ▼ RNG range break vol=18.5x
2025-12-09T09:35:00.000-05:00,[KLB] 9:35 ▼ BRK PM L vol=18.5x pos=v84 vwap=below ema=bear rs=-1.1% adx=27 body=74% ramp=39.3x rangeATR=8.4 ⚡ O663.63 H664.48 L655.57 C657.04 ATR=17.6 SL=658.8/659.68 rawVol=82603 volSMA=4468 buf=0.88 prices=662.12
2025-12-09T09:35:00.000-05:00,[KLB] 9:35 ▼ ~ ~ VWAP + ~ Today O vol=18.5x pos=v84 vwap=below ema=bear rs=-1.1% adx=27 body=74% ramp=39.3x rangeATR=8.4 ⚡ O663.63 H664.48 L655.57 C657.04 ATR=17.6 SL=658.8/659.68 rawVol=82603 volSMA=4468 buf=0.88 prices=
2025-12-09T09:35:00.000-05:00,[KLB] CONF 9:35 ▼ BRK → ✓ (auto-R1: EMA)
2025-12-09T09:40:00.000-05:00,[KLB] 5m CHECK 9:40 ▼ pnl=-0.01 SPY~ → HOLD
2025-12-09T09:50:00.000-05:00,[KLB] 9:50 ▼ BRK ORB L vol=5.9x pos=v98 vwap=below ema=bear rs=-1.7% adx=36 body=84% ramp=2.1x rangeATR=2.1 ⚡ ⚠ O656.24 H656.68 L653.61 C653.67 ATR=17.6 SL=655.43/656.31 rawVol=55799 volSMA=13278 buf=0.88 prices=655.57
2025-12-09T09:50:00.000-05:00,[KLB] CONF 9:50 ▼ BRK → ✓ (auto-R1: EMA)
2025-12-09T09:55:00.000-05:00,[KLB] 5m CHECK 9:55 ▼ pnl=-0.04 SPY~ → HOLD
2025-12-09T12:20:00.000-05:00,[KLB] 12:20 ▼ BRK ORB L vol=1.7x pos=v95 vwap=below ema=bear rs=-1.6% adx=24 body=95% ramp=1.6x rangeATR=1.4 ⚠ O655.88 H655.88 L654.35 C654.42 ATR=17.6 SL=656.18/657.06 rawVol=25220 volSMA=15051 buf=0.88 prices=655.57
2025-12-09T12:20:00.000-05:00,[KLB] CONF 12:20 ▼ BRK → ✓ (auto-R1: EMA)
2025-12-09T12:25:00.000-05:00,[KLB] 5m CHECK 12:25 ▼ pnl=-0.03 SPY~ → HOLD
2025-12-10T09:30:00.000-05:00,[KLB] 9:30 ▼ 🔇 QBS ramp=0.1x vol=0.4x pos=v85 vwap=below ema=bear adx=44 body=85% rangeATR=1.7 O652.3 H652.3 L649 C649.5 ATR=17.31
2025-12-10T09:30:00.000-05:00,[KLB] 9:30 ▼ ~ ~ VWAP + ~ Today O vol=0.4x pos=v85 vwap=below ema=bear rs=-0.1% adx=44 body=85% ramp=0.1x rangeATR=1.7 ⚠ 🔇 O652.3 H652.3 L649 C649.5 ATR=17.31 SL=651.23/652.1 rawVol=1089 volSMA=2792 buf=0.865 prices=
2025-12-10T09:40:00.000-05:00,[KLB] CONF 9:40 ▼ QBS → ✓ (auto-promote)
2025-12-10T09:45:00.000-05:00,[KLB] 5m CHECK 9:45 ▼ pnl=0.03 SPY~ → HOLD
2025-12-10T11:55:00.000-05:00,[KLB] 11:55 ▲ ~ ~ VWAP vol=1x pos=^100 vwap=above ema=bull rs=+0.3% adx=29 body=73% ramp=0.7x rangeATR=0.6 O652.64 H653.21 L652.43 C653.21 ATR=17.31 SL=651.48/650.61 rawVol=13248 volSMA=12707 buf=0.865 prices=
2025-12-10T13:05:00.000-05:00,[KLB] 13:05 ▼ BRK ORB L vol=4.5x pos=v61 vwap=below ema=bear rs=-0.6% adx=23 body=58% ramp=3.5x rangeATR=2.4 ⚡ O649.01 H649.09 L646.29 C647.38 ATR=17.31 SL=649.11/649.98 rawVol=51689 volSMA=11459 buf=0.865 prices=649.1
2025-12-10T13:05:00.000-05:00,[KLB] CONF 13:05 ▼ BRK → ✓ (auto-R1: EMA)
2025-12-10T13:10:00.000-05:00,[KLB] 5m CHECK 13:10 ▼ pnl=-0.01 SPY~ → HOLD
2025-12-10T13:25:00.000-05:00,[KLB] 13:25 ▼ BRK PM L vol=2.6x pos=v68 vwap=below ema=bear rs=-0.9% adx=32 body=68% ramp=1x rangeATR=1.6 O646.09 H646.09 L644.22 C644.82 ATR=17.31 SL=646.55/647.42 rawVol=36396 volSMA=14040 buf=0.865 prices=645.43
2025-12-10T13:25:00.000-05:00,[KLB] CONF 13:25 ▼ BRK → ✓ (auto-R1: EMA)
2025-12-10T13:30:00.000-05:00,[KLB] 5m CHECK 13:30 ▼ pnl=0 SPY~ → HOLD
2025-12-11T09:30:00.000-05:00,[KLB] 9:30 ▼ 🔇 QBS ramp=0.3x vol=0.8x pos=v59 vwap=below ema=bear adx=29 body=50% rangeATR=3 ⚡ O644.33 H644.53 L642.36 C643.25 ATR=17.04
2025-12-11T09:30:00.000-05:00,[KLB] 9:30 ▼ ~ ~ Today O vol=0.8x pos=v59 vwap=below ema=bear rs=-0.4% adx=29 body=50% ramp=0.3x rangeATR=3 ⚡ 🔇 O644.33 H644.53 L642.36 C643.25 ATR=17.04 SL=644.95/645.81 rawVol=544 volSMA=696 buf=0.852 prices=
2025-12-11T09:40:00.000-05:00,[KLB] 9:40 ▲ RNG range break vol=9.8x
2025-12-11T09:40:00.000-05:00,[KLB] 9:40 ▲ ~ ~ ORB H vol=9.8x pos=^56 vwap=above ema=bear rs=+0.3% adx=31 body=54% ramp=49.6x rangeATR=2.5 ⚡ O643.74 H646.52 L643.69 C645.27 ATR=17.04 SL=643.57/642.71 rawVol=37756 volSMA=4900 buf=0.852 prices=
2025-12-11T09:45:00.000-05:00,[KLB] 9:45 ▲ ~ ~ VWAP + ~ PD LH L + ~ PM H + ~ ORB H vol=5.8x pos=^100 vwap=above ema=bull rs=+0.8% adx=29 body=79% ramp=68.6x rangeATR=3.3 ⚡ O645.41 H648.88 L644.48 C648.88 ATR=17.04 SL=647.18/646.32 rawVol=32996 volSMA=6541 buf=0.852 prices=
2025-12-11T09:45:00.000-05:00,[KLB] CONF 9:45 ▼ QBS → ✗ (failed)
2025-12-11T10:00:00.000-05:00,[KLB] 10:00 ▲ ~ ~ PD LH L vol=2.3x pos=^97 vwap=above ema=bull rs=+1.2% adx=25 body=63% ramp=0.7x rangeATR=1.5 O647.38 H648.97 L646.57 C648.9 ATR=17.04 SL=647.2/646.34 rawVol=25035 volSMA=10807 buf=0.852 prices=
2025-12-11T10:05:00.000-05:00,[KLB] 10:05 ▲ ~ ~ Yest L + ~ Yest H vol=4.1x pos=^89 vwap=above ema=bull rs=+1.6% adx=26 body=77% ramp=1x rangeATR=2.2 ⚡ O648.74 H652.35 L648.27 C651.9 ATR=17.04 SL=650.2/649.34 rawVol=55438 volSMA=13571 buf=0.852 prices=643.4
2025-12-12T09:45:00.000-05:00,[KLB] 9:45 ▼ ~ ~ ORB H vol=5.3x pos=v90 vwap=below ema=bear rs=-0.3% adx=23 body=56% ramp=63.9x rangeATR=2.6 ⚡ O649.85 H651.01 L647.57 C647.92 ATR=16.86 SL=649.61/650.45 rawVol=36723 volSMA=7615 buf=0.843 prices=651.2
2025-12-12T09:50:00.000-05:00,[KLB] 9:50 ▼ BRK PM L vol=4.1x pos=v70 vwap=below ema=bear rs=-0.3% adx=24 body=37% ramp=1.8x rangeATR=1.2 O647.63 H648.14 L646.59 C647.05 ATR=16.86 SL=648.74/649.58 rawVol=39264 volSMA=9567 buf=0.843 prices=647.66
2025-12-12T09:50:00.000-05:00,[KLB] 9:50 ▼ ~ ~ VWAP vol=4.1x pos=v70 vwap=below ema=bear rs=-0.3% adx=24 body=37% ramp=1.8x rangeATR=1.2 O647.63 H648.14 L646.59 C647.05 ATR=16.86 SL=648.74/649.58 rawVol=39264 volSMA=9567 buf=0.843 prices=
2025-12-12T09:50:00.000-05:00,[KLB] CONF 9:50 ▼ BRK → ✓ (auto-R1: EMA)
2025-12-12T09:55:00.000-05:00,[KLB] 5m CHECK 9:55 ▼ pnl=-0.04 SPY~ → HOLD
2025-12-12T10:20:00.000-05:00,[KLB] 10:20 ▼ BRK PM L vol=1.7x pos=v92 vwap=below ema=bear rs=-0.2% adx=24 body=75% ramp=0.8x rangeATR=1.2 O647.95 H648.26 L646.41 C646.56 ATR=16.86 SL=648.25/649.09 rawVol=30138 volSMA=17594 buf=0.843 prices=647.66
2025-12-12T10:20:00.000-05:00,[KLB] CONF 10:20 ▼ BRK → ✓ (auto-R1: EMA)
2025-12-12T10:25:00.000-05:00,[KLB] 10:25 ▼ BRK ORB L vol=1.6x pos=v89 vwap=below ema=bear rs=-0.1% adx=25 body=54% ramp=1.2x rangeATR=0.8 O646.46 H646.86 L645.72 C645.84 ATR=16.86 SL=647.53/648.37 rawVol=29746 volSMA=19078 buf=0.843 prices=646.8
2025-12-12T10:25:00.000-05:00,[KLB] CONF 10:25 ▼ BRK → ✓ (auto-R1: EMA)
2025-12-12T10:30:00.000-05:00,[KLB] 5m CHECK 10:30 ▼ pnl=0.1 SPY✓ → HOLD
2025-12-12T11:25:00.000-05:00,[KLB] 11:25 ▼ BRK Yest L vol=1.8x pos=v56 vwap=below ema=bear rs=-0.4% adx=40 body=46% ramp=1.4x rangeATR=1.3 O641.1 H641.32 L639.02 C640.04 ATR=16.86 SL=641.73/642.57 rawVol=50322 volSMA=27703 buf=0.843 prices=640.8
2025-12-12T11:25:00.000-05:00,[KLB] CONF 11:25 ▼ BRK → ✓ (auto-R1: EMA)
2025-12-12T11:30:00.000-05:00,[KLB] 5m CHECK 11:30 ▼ pnl=-0.08 SPY✓ → HOLD
2025-12-12T13:50:00.000-05:00,[KLB] 13:50 ▲ ~ ~ PM L vol=0.6x pos=^100 vwap=above ema=bull rs=+0.5% adx=26 body=88% ramp=0.7x rangeATR=0.9 ⚠ O647.25 H648.17 L647.13 C648.17 ATR=16.86 SL=646.48/645.64 rawVol=7120 volSMA=15034 buf=0.843 prices=647.66
2025-12-15T09:35:00.000-05:00,[KLB] 9:35 ▼ RNG range break vol=14.2x
2025-12-15T09:45:00.000-05:00,[KLB] 9:45 ▲ RNG range break vol=5.9x
2025-12-15T11:30:00.000-05:00,[KLB] 11:30 ▲ ~ ~ Yest H vol=1.7x pos=^79 vwap=above ema=bull rs=+1.2% adx=21 body=32% ramp=1.6x rangeATR=0.6 O650.22 H650.76 L649.74 C650.55 ATR=20.82 SL=648.46/647.42 rawVol=22088 volSMA=21064 buf=1.041 prices=
2025-12-15T11:55:00.000-05:00,[KLB] 11:55 ▲ ~ ~ Yest H vol=0.9x pos=^72 vwap=above ema=bull rs=+1.3% adx=26 body=66% ramp=0.7x rangeATR=0.8 O649.51 H650.6 L649.44 C650.27 ATR=20.82 SL=648.19/647.15 rawVol=16994 volSMA=19102 buf=1.041 prices=
2025-12-15T12:30:00.000-05:00,[KLB] 12:30 ▲ ~ ~ Yest H vol=0.8x pos=^88 vwap=above ema=bull rs=+1.5% adx=27 body=84% ramp=0.9x rangeATR=0.9 ⚠ O649.31 H650.43 L649.26 C650.3 ATR=20.82 SL=648.21/647.17 rawVol=13498 volSMA=16457 buf=1.041 prices=
2025-12-15T12:40:00.000-05:00,[KLB] 12:40 ▲ ~ ~ Yest H vol=0.6x pos=^87 vwap=above ema=bull rs=+1.5% adx=27 body=87% ramp=1.2x rangeATR=1 ⚠ O649.76 H651.12 L649.76 C650.94 ATR=20.82 SL=648.86/647.82 rawVol=10196 volSMA=16052 buf=1.041 prices=
2025-12-15T13:00:00.000-05:00,[KLB] 13:00 ▲ ~ ~ Yest H vol=0.8x pos=^100 vwap=above ema=bull rs=+1.5% adx=26 body=66% ramp=1.2x rangeATR=0.9 O649.73 H650.55 L649.3 C650.55 ATR=20.82 SL=648.47/647.43 rawVol=12031 volSMA=14796 buf=1.041 prices=
2025-12-16T09:35:00.000-05:00,[KLB] 9:35 ▲ RNG range break vol=16.9x
2025-12-16T09:50:00.000-05:00,[KLB] 9:50 ▲ ~ ~ Yest H + ~ ORB H vol=3.9x pos=^67 vwap=above ema=bull rs=+0.8% adx=21 body=42% ramp=1.7x rangeATR=1.8 O648.15 H650.28 L647.44 C649.35 ATR=20.36 SL=647.31/646.3 rawVol=21912 volSMA=5661 buf=1.018 prices=
2025-12-16T09:55:00.000-05:00,[KLB] 9:55 ▲ ~ ~ VWAP vol=4.7x pos=^87 vwap=above ema=bull rs=+1.1% adx=22 body=72% ramp=1.2x rangeATR=1.5 O649.4 H651.61 L649 C651.28 ATR=20.36 SL=649.24/648.23 rawVol=34882 volSMA=7402 buf=1.018 prices=
2025-12-17T09:30:00.000-05:00,[KLB] 9:30 ▼ ~ ~ Yest H + ~ Today O + ~ PD Cls vol=2.2x pos=v100 vwap=below ema=bear rs=+0.1% adx=20 body=91% ramp=3.4x rangeATR=2.9 ⚡ ⚠ O657.49 H657.7 L655.31 C655.32 ATR=20.28 SL=657.35/658.36 rawVol=1773 volSMA=800 buf=1.014 prices=662.54
2025-12-17T15:55:00.000-05:00,[KLB] 15:55 ▼ ~ ~ VWAP vol=3.4x pos=v82 vwap=below ema=bear rs=+0.6% adx=30 body=81% ramp=1.9x rangeATR=3 ⚡ ⚠ O654.65 H654.66 L650.95 C651.63 ATR=20.28 SL=653.66/654.67 rawVol=47315 volSMA=14064 buf=1.014 prices=
2025-12-18T09:35:00.000-05:00,[KLB] 9:35 ▲ RNG range break vol=15.9x
2025-12-18T09:55:00.000-05:00,[KLB] 9:55 ▲ ~ ~ VWAP vol=3.6x pos=^84 vwap=above ema=bull rs=+0.8% adx=45 body=47% ramp=0.8x rangeATR=2 O660.44 H662.54 L659.21 C662.01 ATR=19.69 SL=660.04/659.06 rawVol=39850 volSMA=17321 buf=0.985 prices=
2025-12-18T10:00:00.000-05:00,[KLB] 10:00 ▲ ~ ~ ORB H vol=3.2x pos=^61 vwap=above ema=bull rs=+0.8% adx=47 body=36% ramp=0.8x rangeATR=1.5 O661.86 H663.92 L661.18 C662.86 ATR=19.69 SL=660.89/659.91 rawVol=65639 volSMA=20602 buf=0.985 prices=
2025-12-18T10:25:00.000-05:00,[KLB] 10:25 ▲ ~ ~ ORB H vol=1.6x pos=^96 vwap=above ema=bull rs=+1.1% adx=51 body=77% ramp=0.9x rangeATR=1.6 O662.62 H664.96 L662.07 C664.85 ATR=19.69 SL=662.88/661.9 rawVol=48729 volSMA=30327 buf=0.985 prices=
2025-12-19T09:35:00.000-05:00,[KLB] 9:35 ▼ ~ ~ Yest H + ~ Today O + ~ PD Cls vol=14.7x pos=v91 vwap=below ema=bull rs=-0.8% adx=27 body=61% ramp=8.1x rangeATR=3.7 ⚡ O666 H667.64 L662.13 C662.63 ATR=19.79 SL=664.61/665.6 rawVol=56782 volSMA=3863 buf=0.99 prices=670.56
2025-12-19T09:45:00.000-05:00,[KLB] 9:45 ▲ ~ ~ PD LH L vol=6.2x pos=^91 vwap=above ema=bull rs=-0.7% adx=23 body=53% ramp=16x rangeATR=1.3 O663.18 H664.48 L662.38 C664.29 ATR=19.79 SL=662.31/661.32 rawVol=40033 volSMA=8422 buf=0.99 prices=
2025-12-19T12:05:00.000-05:00,[KLB] 12:05 ▲ ~ ~ ORB H vol=1.1x pos=^70 vwap=above ema=bull rs=-0.4% adx=26 body=70% ramp=1.2x rangeATR=0.8 O666.73 H667.78 L666.73 C667.47 ATR=19.79 SL=665.49/664.5 rawVol=23015 volSMA=20523 buf=0.99 prices=
2025-12-19T13:05:00.000-05:00,[KLB] 13:05 ▲ ~ ~ PM H vol=1.4x pos=^100 vwap=above ema=bull rs=-0.2% adx=33 body=87% ramp=1.4x rangeATR=0.9 ⚠ O668.17 H668.94 L668.05 C668.94 ATR=19.79 SL=666.96/665.97 rawVol=18094 volSMA=19268 buf=0.99 prices=
2025-12-19T14:05:00.000-05:00,[KLB] 14:05 ▲ ~ ~ PM H vol=3.7x pos=^64 vwap=above ema=bull rs=-0.1% adx=27 body=57% ramp=2.3x rangeATR=2.5 ⚡ O668.08 H670.17 L667.94 C669.36 ATR=19.79 SL=667.38/666.39 rawVol=54763 volSMA=14702 buf=0.99 prices=
2025-12-22T09:35:00.000-05:00,[KLB] 9:35 ▲ RNG range break vol=16.8x
2025-12-22T09:45:00.000-05:00,[KLB] 9:45 ▲ ~ ~ VWAP + ~ Week H vol=7.3x pos=^85 vwap=above ema=bull rs=+1.7% adx=21 body=81% ramp=89.8x rangeATR=3.1 ⚡ ⚠ O668.87 H672.88 L668.67 C672.26 ATR=19.29 SL=670.33/669.37 rawVol=103876 volSMA=14320 buf=0.965 prices=
2025-12-22T10:15:00.000-05:00,[KLB] 10:15 ▼ ~ x~ Yest H vol=1.3x pos=v52 vwap=below ema=bull rs=+0.9% adx=26 body=2% ramp=0.6x rangeATR=1 O666.45 H667.34 L665.55 C666.41 ATR=19.29 SL=668.34/669.3 rawVol=24558 volSMA=26146 buf=0.965 prices=671
2025-12-22T11:00:00.000-05:00,[KLB] 11:00 ▼ ~ ~ PD Cls vol=1x pos=v100 vwap=below ema=bear rs=-0.4% adx=23 body=61% ramp=1.2x rangeATR=0.9 O659.71 H660.33 L658.71 C658.71 ATR=19.29 SL=660.64/661.6 rawVol=36569 volSMA=38338 buf=0.965 prices=
2025-12-22T11:35:00.000-05:00,[KLB] 11:35 ▼ BRK PM L + ORB L vol=1.8x pos=v76 vwap=below ema=bear rs=-0.6% adx=23 body=74% ramp=1.5x rangeATR=1.8 O660.34 H660.39 L657.46 C658.17 ATR=19.29 SL=660.1/661.06 rawVol=50267 volSMA=27456 buf=0.965 prices=661.15/660.29
2025-12-22T11:35:00.000-05:00,[KLB] CONF 11:35 ▼ BRK → ✓ (auto-R1: EMA)
2025-12-22T11:40:00.000-05:00,[KLB] 5m CHECK 11:40 ▼ pnl=-0.05 SPY~ → HOLD
2025-12-23T09:30:00.000-05:00,[KLB] 9:30 ▼ RNG range break vol=8.1x
2025-12-23T09:35:00.000-05:00,[KLB] 9:35 ▲ ~ ~ PM L vol=16x pos=^75 vwap=above ema=bear rs=+0% adx=31 body=46% ramp=42.5x rangeATR=4.5 ⚡ O659.48 H662.25 L658.3 C661.28 ATR=19.12 SL=659.37/658.41 rawVol=44248 volSMA=2766 buf=0.956 prices=658.42
2025-12-23T09:40:00.000-05:00,[KLB] 9:40 ▲ RNG range break vol=9.5x
2025-12-23T09:40:00.000-05:00,[KLB] 9:40 ▲ ~ ~ Yest L + ~ PD Cls + ~ PM H + ~ Yest H + ~ ORB H vol=9.5x pos=^72 vwap=above ema=bear rs=+0.2% adx=30 body=45% ramp=75.6x rangeATR=3 ⚡ O661.21 H663.5 L660.34 C662.63 ATR=19.12 SL=660.71/659.76 rawVol=38107 volSMA=4664 buf=0.956 prices=656.65
2025-12-23T09:45:00.000-05:00,[KLB] 9:45 ▲ ~ ~ Yest H + ~ ORB H vol=6.7x pos=^100 vwap=above ema=bear rs=+0.2% adx=29 body=36% ramp=19.6x rangeATR=1.5 O662.63 H663.22 L661.58 C663.22 ATR=19.12 SL=661.31/660.35 rawVol=20891 volSMA=5684 buf=0.956 prices=
2025-12-23T09:50:00.000-05:00,[KLB] 9:50 ▲ ~ ~ VWAP vol=5.3x pos=^66 vwap=above ema=bull rs=+0.4% adx=30 body=66% ramp=2x rangeATR=1.7 O663.22 H665.14 L663.22 C664.48 ATR=19.12 SL=662.57/661.61 rawVol=40885 volSMA=7718 buf=0.956 prices=
2025-12-23T10:20:00.000-05:00,[KLB] 10:20 ▲ ~ ~ Yest L + ~ Yest H vol=0.9x pos=^89 vwap=above ema=bull rs=+0.2% adx=23 body=89% ramp=0.8x rangeATR=1.3 ⚠ O660.92 H662.7 L660.92 C662.51 ATR=19.12 SL=660.6/659.64 rawVol=10911 volSMA=12388 buf=0.956 prices=656.65
2025-12-24T09:30:00.000-05:00,[KLB] 9:30 ▼ RNG range break vol=3.9x
2025-12-24T09:35:00.000-05:00,[KLB] 9:35 ▲ RNG range break vol=16.6x
2025-12-24T09:55:00.000-05:00,[KLB] 9:55 ▲ ~ ~ ORB H vol=3.4x pos=^99 vwap=above ema=bull rs=+0.5% adx=24 body=81% ramp=0.7x rangeATR=1.7 ⚠ O665.36 H666.57 L665.1 C666.55 ATR=18.31 SL=664.72/663.8 rawVol=15936 volSMA=4669 buf=0.916 prices=
2025-12-24T10:40:00.000-05:00,[KLB] 10:40 ▲ ~ ~ ORB H vol=1.2x pos=^75 vwap=above ema=bull rs=+0.4% adx=32 body=74% ramp=1.1x rangeATR=1.1 O665.45 H666.45 L665.44 C666.2 ATR=18.31 SL=664.37/663.45 rawVol=10566 volSMA=9765 buf=0.916 prices=
2025-12-26T09:30:00.000-05:00,[KLB] 9:30 ▲ RNG range break vol=3.4x
2025-12-26T09:30:00.000-05:00,[KLB] 9:30 ▲ ~ ~ PD LH L + ~ Today O + ~ PD Cls + ~ PM H + ~ Yest H vol=3.4x pos=^100 vwap=above ema=bull rs=+0.1% adx=23 body=94% ramp=0.9x rangeATR=3 ⚡ ⚠ O667.15 H668.4 L667.07 C668.4 ATR=17.43 SL=666.66/665.79 rawVol=1118 volSMA=325 buf=0.872 prices=
2025-12-26T09:35:00.000-05:00,[KLB] 9:35 ▼ ~ ~ PM H + ~ Yest H vol=16.2x pos=v65 vwap=below ema=bull rs=-0.2% adx=21 body=37% ramp=41.9x rangeATR=4.9 ⚡ O668.03 H668.88 L665.8 C666.89 ATR=17.43 SL=668.63/669.5 rawVol=27682 volSMA=1708 buf=0.872 prices=668.4/668.18
2025-12-26T10:35:00.000-05:00,[KLB] 10:35 ▼ BRK ORB L vol=1.8x pos=v41 vwap=below ema=bear rs=-0.5% adx=21 body=41% ramp=0.8x rangeATR=0.8 O665.13 H665.13 L664.38 C664.82 ATR=17.43 SL=666.56/667.43 rawVol=18652 volSMA=10145 buf=0.872 prices=665.8
2025-12-26T10:35:00.000-05:00,[KLB] CONF 10:35 ▼ BRK → ✓ (auto-R1: EMA)
2025-12-26T10:40:00.000-05:00,[KLB] 5m CHECK 10:40 ▼ pnl=0.02 SPY~ → HOLD
2025-12-26T10:45:00.000-05:00,[KLB] 10:45 ▼ ~ ~ VWAP vol=1.5x pos=v85 vwap=below ema=bear rs=-0.6% adx=23 body=52% ramp=1.4x rangeATR=0.9 O664.43 H664.69 L663.89 C664.01 ATR=17.43 SL=665.75/666.62 rawVol=17156 volSMA=11695 buf=0.872 prices=
2025-12-29T09:35:00.000-05:00,[KLB] 9:35 ▼ RNG range break vol=16.3x
2025-12-29T09:40:00.000-05:00,[KLB] 9:40 ▲ ~ ~ PM L + ~ Week L vol=5.2x pos=^90 vwap=above ema=bear rs=+0% adx=48 body=90% ramp=40.5x rangeATR=3.2 ⚡ ⚠ O656.82 H659.6 L656.82 C659.33 ATR=16.73 SL=657.66/656.82 rawVol=16654 volSMA=3227 buf=0.837 prices=658/656.65
2025-12-29T09:45:00.000-05:00,[KLB] 9:45 ▼ ~ ~ ORB H vol=5.8x pos=v79 vwap=below ema=bear rs=-0.1% adx=49 body=46% ramp=51.7x rangeATR=2.6 ⚡ O659.4 H660.25 L657.64 C658.19 ATR=16.73 SL=659.86/660.7 rawVol=25963 volSMA=4487 buf=0.837 prices=659.99
2025-12-29T09:50:00.000-05:00,[KLB] 9:50 ▼ FADE at 658
2025-12-29T09:50:00.000-05:00,[KLB] 9:50 ▼ BRK PM L vol=4.5x pos=v79 vwap=below ema=bear rs=-0.3% adx=51 body=73% ramp=1.7x rangeATR=2 O658.2 H658.34 L656.17 C656.62 ATR=16.73 SL=658.29/659.13 rawVol=25273 volSMA=5748 buf=0.837 prices=658
2025-12-29T09:50:00.000-05:00,[KLB] CONF 9:50 ▼ BRK → ✓ (auto-R1: EMA)
2025-12-29T09:55:00.000-05:00,[KLB] 5m CHECK 9:55 ▼ pnl=-0.04 SPY~ → HOLD
2025-12-29T11:45:00.000-05:00,[KLB] 11:45 ▼ BRK Week L vol=1.7x pos=v92 vwap=below ema=bear rs=-0.3% adx=32 body=89% ramp=3.8x rangeATR=1.4 ⚠ O656.97 H657 L655.58 C655.7 ATR=16.73 SL=657.37/658.21 rawVol=19791 volSMA=11325 buf=0.837 prices=656.65
2025-12-29T11:45:00.000-05:00,[KLB] 11:45 ▼ ~ ~ VWAP vol=1.7x pos=v92 vwap=below ema=bear rs=-0.3% adx=32 body=89% ramp=3.8x rangeATR=1.4 ⚠ O656.97 H657 L655.58 C655.7 ATR=16.73 SL=657.37/658.21 rawVol=19791 volSMA=11325 buf=0.837 prices=
2025-12-29T11:45:00.000-05:00,[KLB] CONF 11:45 ▼ BRK → ✓ (auto-R1: EMA)
2025-12-29T11:50:00.000-05:00,[KLB] 5m CHECK 11:50 ▼ pnl=-0.05 SPY~ → HOLD
2025-12-29T12:40:00.000-05:00,[KLB] 12:40 ▼ BRK ORB L vol=2.2x pos=v79 vwap=below ema=bear rs=-0.3% adx=37 body=77% ramp=1.5x rangeATR=1.2 O655.38 H655.4 L654.41 C654.62 ATR=16.73 SL=656.29/657.13 rawVol=25513 volSMA=11455 buf=0.837 prices=655.5
2025-12-29T12:40:00.000-05:00,[KLB] CONF 12:40 ▼ BRK → ✓ (auto-R1: EMA)
2025-12-29T12:45:00.000-05:00,[KLB] 5m CHECK 12:45 ▼ pnl=-0.03 SPY~ → HOLD
2025-12-29T14:50:00.000-05:00,"[KLB] 14:50 ▲ ~ ~ PM L
~ VWAP vol=0.8x pos=^78 vwap=above ema=bull rs=+0.1% adx=23 body=56% ramp=0.5x rangeATR=1.3 🔇 O658.59 H659.16 L658.43 C659 ATR=16.73 SL=657.33/656.49 rawVol=5745 volSMA=7302 buf=0.837 prices=658"
2025-12-29T15:15:00.000-05:00,[KLB] 15:15 ▲ ~ ~ PM L vol=0.8x pos=^90 vwap=above ema=bull rs=+0% adx=28 body=83% ramp=1x rangeATR=1.5 ⚠ O658.53 H659.3 L658.46 C659.22 ATR=16.73 SL=657.55/656.71 rawVol=6136 volSMA=7563 buf=0.837 prices=658
2025-12-29T15:25:00.000-05:00,[KLB] 15:25 ▲ ~ ~ ORB H vol=1.2x pos=^100 vwap=above ema=bull rs=+0.2% adx=30 body=100% ramp=0.8x rangeATR=0.8 ⚠ O659.48 H659.91 L659.48 C659.91 ATR=16.73 SL=658.24/657.4 rawVol=5580 volSMA=7394 buf=0.837 prices=
2025-12-30T09:30:00.000-05:00,[KLB] 9:30 ▼ ~ ~ Yest H + ~ Today O + ~ PD Cls vol=1.4x pos=v100 vwap=below ema=bull rs=-0.1% adx=24 body=100% ramp=1.2x rangeATR=2 ⚠ O659.6 H659.6 L658.5 C658.5 ATR=16.17 SL=660.12/660.93 rawVol=778 volSMA=574 buf=0.809 prices=660.25
2025-12-30T09:35:00.000-05:00,[KLB] 9:35 ▲ FADE at 660.25
2025-12-30T09:35:00.000-05:00,[KLB] 9:35 ▲ RNG range break vol=18x
2025-12-30T09:35:00.000-05:00,[KLB] 9:35 ▲ BRK Week O vol=18x pos=^98 vwap=above ema=bull rs=+1.2% adx=27 body=88% ramp=43.8x rangeATR=7.8 ⚡ ⚠ O658.78 H666.86 L657.91 C666.67 ATR=16.17 SL=665.05/664.24 rawVol=99330 volSMA=5532 buf=0.809 prices=
2025-12-30T09:35:00.000-05:00,"[KLB] 9:35 ▲ ~ ~ Yest L
~ VWAP + ~ PD LH L + ~ PM H + ~ Yest H vol=18x pos=^98 vwap=above ema=bull rs=+1.2% adx=27 body=88% ramp=43.8x rangeATR=7.8 ⚡ ⚠ O658.78 H666.86 L657.91 C666.67 ATR=16.17 SL=665.05/664.24 rawVol=99330 volSMA=5532 buf=0.809 prices=654.39"
2025-12-30T09:35:00.000-05:00,[KLB] CONF 9:35 ▲ BRK → ✓ (auto-R1: EMA)
2025-12-30T09:40:00.000-05:00,[KLB] 5m CHECK 9:40 ▲ pnl=-0.03 SPY~ → HOLD
2025-12-30T09:50:00.000-05:00,[KLB] 9:50 ▲ ~ ~ ORB H vol=2.6x pos=^83 vwap=above ema=bull rs=+1.3% adx=34 body=81% ramp=1.2x rangeATR=2.2 ⚡ ⚠ O664.83 H668.1 L664.74 C667.54 ATR=16.17 SL=665.92/665.11 rawVol=29044 volSMA=11346 buf=0.809 prices=
2025-12-30T11:50:00.000-05:00,[KLB] 11:50 ▼ ~ x~ ORB H vol=0.2x pos=v67 vwap=below ema=bull rs=+1.1% adx=23 body=11% ramp=0.6x rangeATR=0.6 O666.26 H666.58 L666.01 C666.2 ATR=16.17 SL=667.82/668.63 rawVol=3301 volSMA=13893 buf=0.809 prices=666.86
2025-12-31T09:30:00.000-05:00,[KLB] 9:30 ▼ ~ ~ PD Cls vol=2.3x pos=v66 vwap=above ema=bull rs=+0.1% adx=29 body=60% ramp=1.5x rangeATR=4.9 ⚡ O666.6 H666.75 L664.17 C665.04 ATR=16.04 SL=666.64/667.45 rawVol=921 volSMA=396 buf=0.802 prices=
2025-12-31T09:35:00.000-05:00,[KLB] 9:35 ▼ RNG range break vol=16.6x
2025-12-31T09:35:00.000-05:00,[KLB] 9:35 ▼ ~ ~ Today O vol=16.6x pos=v63 vwap=below ema=bull rs=-0.2% adx=31 body=51% ramp=19.1x rangeATR=3.8 ⚡ O664.58 H664.9 L662.26 C663.23 ATR=16.04 SL=664.83/665.64 rawVol=38436 volSMA=2315 buf=0.802 prices=
2025-12-31T14:55:00.000-05:00,[KLB] 14:55 ▼ BRK PM L vol=1.6x pos=v81 vwap=below ema=bear rs=0% adx=24 body=52% ramp=0.7x rangeATR=1 O661.92 H662.06 L661.58 C661.67 ATR=16.04 SL=663.27/664.08 rawVol=10657 volSMA=6728 buf=0.802 prices=662.5
2025-12-31T14:55:00.000-05:00,[KLB] CONF 14:55 ▼ BRK → ✓ (auto-R1: EMA)
2025-12-31T15:00:00.000-05:00,[KLB] 5m CHECK 15:00 ▼ pnl=0 SPY✓ → HOLD
2025-12-31T15:05:00.000-05:00,[KLB] 15:05 ▼ BRK ORB L vol=2.2x pos=v83 vwap=below ema=bear rs=-0.1% adx=28 body=83% ramp=3.6x rangeATR=1.9 ⚠ O661.64 H661.64 L660.66 C660.83 ATR=16.04 SL=662.43/663.24 rawVol=16405 volSMA=7585 buf=0.802 prices=662.26
2025-12-31T15:05:00.000-05:00,[KLB] 15:05 ▼ ~ ~ VWAP vol=2.2x pos=v83 vwap=below ema=bear rs=-0.1% adx=28 body=83% ramp=3.6x rangeATR=1.9 ⚠ O661.64 H661.64 L660.66 C660.83 ATR=16.04 SL=662.43/663.24 rawVol=16405 volSMA=7585 buf=0.802 prices=
2025-12-31T15:05:00.000-05:00,[KLB] CONF 15:05 ▼ BRK → ✓ (auto-R1: EMA)
2025-12-31T15:10:00.000-05:00,[KLB] 5m CHECK 15:10 ▼ pnl=0 SPY✓ → HOLD
2026-01-02T09:35:00.000-05:00,[KLB] 9:35 ▼ RNG range break vol=16.7x
2026-01-02T09:35:00.000-05:00,[KLB] 9:35 ▼ BRK PM L + Yest L + PD LH L + Week O + Month O vol=16.7x pos=v100 vwap=below ema=bear rs=-0.7% adx=23 body=81% ramp=31.5x rangeATR=6.8 ⚡ ⚠ O663.04 H664.36 L657.5 C657.5 ATR=15.36 SL=659.04/659.8 rawVol=55039 volSMA=3293 buf=0.768 prices=661/659.44
2026-01-02T09:35:00.000-05:00,[KLB] 9:35 ▼ ~ ~ VWAP + ~ PD Cls vol=16.7x pos=v100 vwap=below ema=bear rs=-0.7% adx=23 body=81% ramp=31.5x rangeATR=6.8 ⚡ ⚠ O663.04 H664.36 L657.5 C657.5 ATR=15.36 SL=659.04/659.8 rawVol=55039 volSMA=3293 buf=0.768 prices=
2026-01-02T09:35:00.000-05:00,[KLB] CONF 9:35 ▼ BRK → ✓ (auto-R1: EMA)
2026-01-02T09:40:00.000-05:00,[KLB] 9:40 ▼ BRK ORB L vol=9.9x pos=v95 vwap=below ema=bear rs=-0.8% adx=27 body=69% ramp=194.5x rangeATR=2.2 ⚡ O657.69 H658.32 L655.9 C656.01 ATR=15.36 SL=657.55/658.31 rawVol=45961 volSMA=5579 buf=0.768 prices=657.5
2026-01-02T09:40:00.000-05:00,[KLB] CONF 9:40 ▼ BRK → ✓ (auto-R1: EMA)
2026-01-02T09:45:00.000-05:00,[KLB] 5m CHECK 9:45 ▼ pnl=-0.01 SPY~ → HOLD
2026-01-02T10:15:00.000-05:00,[KLB] 10:15 ▼ BRK Yest L + Week L + ORB L + PD LH L vol=2.5x pos=v84 vwap=below ema=bear rs=-0.9% adx=27 body=77% ramp=0.8x rangeATR=2.6 ⚡ O658.85 H659.16 L654.78 C655.48 ATR=15.36 SL=657.02/657.78 rawVol=48056 volSMA=19308 buf=0.768 prices=659.44/656.65/657.5
2026-01-02T10:15:00.000-05:00,[KLB] CONF 10:15 ▼ BRK → ✓ (auto-R1: EMA)
2026-01-02T10:20:00.000-05:00,[KLB] 5m CHECK 10:20 ▼ pnl=0.01 SPY~ → HOLD
2026-01-05T09:35:00.000-05:00,[KLB] 9:35 ▲ RNG range break vol=15.3x
2026-01-05T10:00:00.000-05:00,[KLB] 10:00 ▲ ~ ~ VWAP vol=1.9x pos=^82 vwap=above ema=bull rs=+1.2% adx=32 body=71% ramp=0.6x rangeATR=0.9 O658.03 H659.24 L657.88 C659 ATR=15.76 SL=657.42/656.64 rawVol=27138 volSMA=13937 buf=0.788 prices=
2026-01-05T10:20:00.000-05:00,[KLB] 10:20 ▲ BRK Month O vol=2.2x pos=^94 vwap=above ema=bull rs=+1.8% adx=43 body=94% ramp=0.9x rangeATR=1.2 ⚠ O662.32 H664.24 L662.32 C664.12 ATR=15.76 SL=662.54/661.76 rawVol=48483 volSMA=21783 buf=0.788 prices=
2026-01-05T10:20:00.000-05:00,[KLB] 10:20 ▲ ~ ~ Yest H vol=2.2x pos=^94 vwap=above ema=bull rs=+1.8% adx=43 body=94% ramp=0.9x rangeATR=1.2 ⚠ O662.32 H664.24 L662.32 C664.12 ATR=15.76 SL=662.54/661.76 rawVol=48483 volSMA=21783 buf=0.788 prices=
2026-01-05T10:20:00.000-05:00,[KLB] CONF 10:20 ▲ BRK → ✓ (auto-R1: EMA)
2026-01-05T10:25:00.000-05:00,[KLB] 5m CHECK 10:25 ▲ pnl=-0.08 SPY~ → HOLD
2026-01-05T11:35:00.000-05:00,[KLB] 11:35 ▲ ~ ~ Yest H vol=0.6x pos=^73 vwap=above ema=bull rs=+1.5% adx=43 body=67% ramp=0.9x rangeATR=0.7 O662.24 H663.14 L662.19 C662.88 ATR=15.76 SL=661.3/660.52 rawVol=13317 volSMA=21077 buf=0.788 prices=
2026-01-05T12:05:00.000-05:00,[KLB] 12:05 ▲ ~ ~ Yest H vol=0.9x pos=^73 vwap=above ema=bull rs=+1.5% adx=40 body=71% ramp=0.9x rangeATR=1.3 O662.05 H663.47 L662.01 C663.08 ATR=15.76 SL=661.5/660.72 rawVol=11630 volSMA=12955 buf=0.788 prices=
2026-01-06T09:40:00.000-05:00,[KLB] 9:40 ▼ RNG range break vol=8.6x
2026-01-06T09:40:00.000-05:00,[KLB] 9:40 ▼ ~ ~ PM H + ~ Yest H vol=8.6x pos=v96 vwap=below ema=bull rs=-0.6% adx=21 body=92% ramp=67.9x rangeATR=4 ⚡ ⚠ O659.59 H659.72 L655.96 C656.12 ATR=15.83 SL=657.7/658.49 rawVol=29979 volSMA=3792 buf=0.792 prices=659.88/664.54
2026-01-06T09:45:00.000-05:00,[KLB] 9:45 ▼ BRK PM L vol=5.8x pos=v86 vwap=below ema=bear rs=-0.9% adx=22 body=86% ramp=42.5x rangeATR=2.6 ⚡ ⚠ O656.41 H656.42 L653.68 C654.05 ATR=15.83 SL=655.63/656.42 rawVol=28411 volSMA=5158 buf=0.792 prices=656
2026-01-06T09:45:00.000-05:00,[KLB] 9:45 ▼ ~ ~ VWAP vol=5.8x pos=v86 vwap=below ema=bear rs=-0.9% adx=22 body=86% ramp=42.5x rangeATR=2.6 ⚡ ⚠ O656.41 H656.42 L653.68 C654.05 ATR=15.83 SL=655.63/656.42 rawVol=28411 volSMA=5158 buf=0.792 prices=
2026-01-06T09:45:00.000-05:00,[KLB] CONF 9:45 ▼ BRK → ✓ (auto-R1: EMA)
2026-01-06T09:50:00.000-05:00,[KLB] 5m CHECK 9:50 ▼ pnl=-0.08 SPY~ → HOLD
2026-01-06T13:40:00.000-05:00,[KLB] 13:40 ▲ ~ ~ PM H + ~ Yest H vol=1x pos=^92 vwap=above ema=bull rs=-0.5% adx=23 body=92% ramp=0.7x rangeATR=1 ⚠ O658.58 H659.57 L658.58 C659.49 ATR=15.83 SL=657.91/657.12 rawVol=14673 volSMA=14902 buf=0.792 prices=
2026-01-06T13:55:00.000-05:00,[KLB] 13:55 ▲ ~ ~ ORB H vol=1x pos=^94 vwap=above ema=bull rs=-0.3% adx=27 body=63% ramp=1.2x rangeATR=1.7 O660.17 H661.33 L659.65 C661.24 ATR=15.83 SL=659.65/658.86 rawVol=11546 volSMA=13573 buf=0.792 prices=
2026-01-06T14:00:00.000-05:00,[KLB] 14:00 ▲ ~ ~ ORB H vol=1.3x pos=^100 vwap=above ema=bull rs=-0.1% adx=29 body=84% ramp=0.9x rangeATR=1.3 ⚠ O661.34 H662.43 L661.14 C662.43 ATR=15.83 SL=660.85/660.06 rawVol=17692 volSMA=13709 buf=0.792 prices=
2026-01-06T14:05:00.000-05:00,[KLB] 14:05 ▲ BRK Month O vol=2x pos=^96 vwap=above ema=bull rs=+0.1% adx=32 body=91% ramp=1.2x rangeATR=1.7 ⚠ O662.46 H664.18 L662.37 C664.11 ATR=15.83 SL=662.53/661.74 rawVol=28937 volSMA=14119 buf=0.792 prices=
2026-01-06T14:05:00.000-05:00,[KLB] CONF 14:05 ▲ BRK → ✓ (auto-R1: EMA)
2026-01-06T14:10:00.000-05:00,[KLB] 5m CHECK 14:10 ▲ pnl=-0.08 SPY✓ → HOLD
2026-01-06T15:15:00.000-05:00,[KLB] 15:15 ▲ ~ ~ ORB H vol=0.7x pos=^93 vwap=above ema=bull rs=-0.3% adx=36 body=67% ramp=1.2x rangeATR=1.3 O660.51 H661.43 L660.19 C661.34 ATR=15.83 SL=659.76/658.97 rawVol=9069 volSMA=12328 buf=0.792 prices=
2026-01-06T15:45:00.000-05:00,[KLB] 15:45 ▲ ~ ~ PM H vol=1.5x pos=^66 vwap=above ema=bull rs=-0.6% adx=30 body=51% ramp=1.5x rangeATR=0.9 O659.41 H660.05 L659.29 C659.79 ATR=15.83 SL=658.21/657.42 rawVol=14594 volSMA=9938 buf=0.792 prices=
2026-01-06T15:55:00.000-05:00,[KLB] 15:55 ▲ ~ ~ VWAP + ~ PM H vol=3.2x pos=^89 vwap=above ema=bull rs=-0.6% adx=27 body=75% ramp=1.8x rangeATR=1.3 O658.99 H660 L658.82 C659.87 ATR=15.83 SL=658.29/657.5 rawVol=31125 volSMA=9596 buf=0.792 prices=
2026-01-07T09:30:00.000-05:00,[KLB] 9:30 ▼ RNG range break vol=4.9x
2026-01-07T09:50:00.000-05:00,[KLB] 9:50 ▼ ~ ~ VWAP vol=3.9x pos=v81 vwap=below ema=bear rs=-0.3% adx=21 body=36% ramp=1.9x rangeATR=1.2 O654.83 H655.45 L654.1 C654.35 ATR=15.67 SL=655.92/656.7 rawVol=26003 volSMA=6637 buf=0.784 prices=
2026-01-07T09:55:00.000-05:00,[KLB] 9:55 ▼ BRK PM L vol=3.5x pos=v52 vwap=below ema=bear rs=-0.3% adx=22 body=30% ramp=1x rangeATR=1.2 O654.34 H654.65 L653.2 C653.9 ATR=15.67 SL=655.47/656.25 rawVol=28301 volSMA=7984 buf=0.784 prices=654
2026-01-07T09:55:00.000-05:00,[KLB] CONF 9:55 ▼ BRK → ✓ (auto-R1: EMA)
2026-01-07T10:00:00.000-05:00,[KLB] 5m CHECK 10:00 ▼ pnl=0.13 SPY~ → HOLD
2026-01-07T10:05:00.000-05:00,[KLB] 10:05 ▼ BRK Yest L vol=4.8x pos=v96 vwap=below ema=bear rs=-1% adx=27 body=87% ramp=1.5x rangeATR=2.5 ⚡ ⚠ O651.78 H652.1 L648.5 C648.65 ATR=15.67 SL=650.22/651 rawVol=60550 volSMA=12699 buf=0.784 prices=651.9
2026-01-07T10:05:00.000-05:00,[KLB] CONF 10:05 ▼ BRK → ✓ (auto-R1: EMA)
2026-01-07T10:10:00.000-05:00,[KLB] 5m CHECK 10:10 ▼ pnl=0.13 SPY~ → HOLD
2026-01-08T09:35:00.000-05:00,[KLB] 9:35 ▼ RNG range break vol=17.7x
2026-01-08T09:45:00.000-05:00,[KLB] 9:45 ▼ ~ ~ VWAP vol=4.1x pos=v78 vwap=below ema=bear rs=-1.3% adx=25 body=52% ramp=38.7x rangeATR=2.6 ⚡ O638.5 H639.4 L635.95 C636.72 ATR=15.68 SL=638.29/639.07 rawVol=51366 volSMA=12594 buf=0.784 prices=
2026-01-08T10:00:00.000-05:00,[KLB] 10:00 ▼ 🔇 QBS ramp=0.4x vol=1.5x pos=v86 vwap=below ema=bear adx=34 body=86% rangeATR=1.6 O638.98 H639 L636.31 C636.68 ATR=15.68
2026-01-08T10:15:00.000-05:00,[KLB] CONF 10:15 ▼ QBS → ✗ (failed)
2026-01-08T15:35:00.000-05:00,[KLB] 15:35 ▲ ~ ~ PM L + ~ ORB H vol=1.6x pos=^100 vwap=above ema=bull rs=-0.1% adx=25 body=100% ramp=1.5x rangeATR=1.6 ⚠ O644.93 H646.21 L644.93 C646.21 ATR=15.68 SL=644.64/643.86 rawVol=16592 volSMA=10535 buf=0.784 prices=644.9
2026-01-09T09:30:00.000-05:00,[KLB] 9:30 ▼ ~ ~ Today O vol=2.1x pos=v100 vwap=below ema=bull rs=+0.2% adx=31 body=95% ramp=1x rangeATR=0.8 ⚠ O645.97 H646 L645.38 C645.38 ATR=15.49 SL=646.93/647.7 rawVol=1782 volSMA=857 buf=0.774 prices=
2026-01-09T09:35:00.000-05:00,[KLB] 9:35 ▲ FADE at 645.44
2026-01-09T09:40:00.000-05:00,[KLB] 9:40 ▲ RNG range break vol=11.7x
2026-01-09T09:40:00.000-05:00,[KLB] 9:40 ▲ ~ ~ VWAP + ~ PM H + ~ ORB H vol=11.7x pos=^64 vwap=above ema=bull rs=+0.4% adx=31 body=64% ramp=52x rangeATR=3.9 ⚡ O646.26 H651 L646.26 C649.3 ATR=15.49 SL=647.75/646.98 rawVol=66023 volSMA=5635 buf=0.774 prices=
2026-01-09T09:45:00.000-05:00,[KLB] 9:45 ▼ ~ ~ PM H vol=4.1x pos=v90 vwap=below ema=bull rs=+0.1% adx=30 body=66% ramp=49.8x rangeATR=2.8 ⚡ O649.32 H650.25 L646.29 C646.69 ATR=15.49 SL=648.24/649.01 rawVol=29485 volSMA=7106 buf=0.774 prices=648.54
2026-01-09T10:20:00.000-05:00,[KLB] 10:20 ▲ ~ ~ Yest L + ~ Yest H + ~ ORB H vol=1.4x pos=^75 vwap=above ema=bull rs=+0.2% adx=24 body=72% ramp=1x rangeATR=1.2 O645.74 H647.94 L645.66 C647.38 ATR=15.49 SL=645.83/645.06 rawVol=19678 volSMA=17573 buf=0.774 prices=635.72
2026-01-09T10:25:00.000-05:00,[KLB] 10:25 ▲ ~ ~ PM H vol=1.8x pos=^82 vwap=above ema=bull rs=+0.2% adx=23 body=61% ramp=0.8x rangeATR=1.1 O647.36 H649.01 L646.91 C648.64 ATR=15.49 SL=647.09/646.32 rawVol=33818 volSMA=19239 buf=0.774 prices=
2026-01-12T09:30:00.000-05:00,[KLB] 9:30 ▲ 🔇 QBS ramp=0.2x vol=1.3x pos=^80 vwap=above ema=bull adx=39 body=80% rangeATR=2.7 ⚡ O649.78 H653.7 L649.78 C652.91 ATR=15.25
2026-01-12T09:30:00.000-05:00,[KLB] 9:30 ▲ ~ ~ VWAP + ~ PD LH L + ~ Today O vol=1.3x pos=^80 vwap=above ema=bull rs=-0.4% adx=39 body=80% ramp=0.2x rangeATR=2.7 ⚡ 🔇 O649.78 H653.7 L649.78 C652.91 ATR=15.25 SL=651.39/650.62 rawVol=2468 volSMA=1833 buf=0.762 prices=
2026-01-12T09:35:00.000-05:00,[KLB] CONF 9:35 ▲ QBS → ✓ (auto-promote)
2026-01-12T09:40:00.000-05:00,[KLB] 9:40 ▼ ~ ~ Yest H + ~ ORB H vol=6.2x pos=v87 vwap=below ema=bull rs=-0.8% adx=42 body=73% ramp=19.3x rangeATR=2.9 ⚡ O653.27 H653.98 L648.55 C649.28 ATR=15.25 SL=650.8/651.57 rawVol=34747 volSMA=5645 buf=0.762 prices=654.95/653.39
2026-01-12T09:40:00.000-05:00,[KLB] 5m CHECK 9:40 ▲ pnl=-0.25 SPY~ → BAIL
2026-01-12T10:45:00.000-05:00,[KLB] 10:45 ▼ ~ ~ VWAP vol=1.8x pos=v86 vwap=below ema=bear rs=-1.4% adx=32 body=74% ramp=1.6x rangeATR=1.4 O647.43 H647.71 L645.51 C645.81 ATR=15.25 SL=647.33/648.1 rawVol=30941 volSMA=17309 buf=0.762 prices=
2026-01-12T15:50:00.000-05:00,[KLB] 15:50 ▼ BRK PM L vol=2.6x pos=v96 vwap=below ema=bear rs=-2.1% adx=25 body=96% ramp=1.3x rangeATR=1.7 ⚠ O645 H645 L643.31 C643.37 ATR=15.25 SL=644.89/645.66 rawVol=38260 volSMA=14881 buf=0.762 prices=645.26
2026-01-12T15:50:00.000-05:00,[KLB] CONF 15:50 ▼ BRK → ✓ (auto-R1: EMA)
2026-01-12T15:55:00.000-05:00,[KLB] 15:55 ▼ BRK Yest L vol=4.5x pos=v54 vwap=below ema=bear rs=-2.3% adx=28 body=54% ramp=1.6x rangeATR=2.1 ⚡ O643.38 H643.38 L641.21 C642.21 ATR=15.25 SL=643.73/644.5 rawVol=84926 volSMA=18805 buf=0.762 prices=642.85
2026-01-12T15:55:00.000-05:00,[KLB] CONF 15:55 ▼ BRK → ✓ (auto-R1: EMA)
2026-01-12T16:00:00.000-05:00,[KLB] 5m CHECK 16:00 ▼ pnl=0.01 SPY✗ → BAIL
2026-01-13T09:30:00.000-05:00,[KLB] 9:30 ▼ ~ ~ Today O + ~ PD Cls vol=2.5x pos=v97 vwap=above ema=bull rs=0% adx=24 body=67% ramp=3.2x rangeATR=4.3 ⚡ O644 H645 L641.7 C641.8 ATR=15.07 SL=643.31/644.06 rawVol=3036 volSMA=1209 buf=0.753 prices=
2026-01-13T09:35:00.000-05:00,[KLB] 9:35 ▼ RNG range break vol=15.2x
2026-01-13T09:45:00.000-05:00,[KLB] 9:45 ▼ BRK ORB L vol=6.2x pos=v73 vwap=below ema=bear rs=-0.9% adx=30 body=46% ramp=42.3x rangeATR=2.9 ⚡ O638.12 H639.18 L635.35 C636.37 ATR=15.07 SL=637.88/638.63 rawVol=62466 volSMA=10045 buf=0.753 prices=637.1
2026-01-13T09:45:00.000-05:00,[KLB] 9:45 ▼ ~ ~ VWAP vol=6.2x pos=v73 vwap=below ema=bear rs=-0.9% adx=30 body=46% ramp=42.3x rangeATR=2.9 ⚡ O638.12 H639.18 L635.35 C636.37 ATR=15.07 SL=637.88/638.63 rawVol=62466 volSMA=10045 buf=0.753 prices=
2026-01-13T09:45:00.000-05:00,[KLB] CONF 9:45 ▼ BRK → ✓ (auto-R1: EMA)
2026-01-13T09:50:00.000-05:00,[KLB] 5m CHECK 9:50 ▼ pnl=0 SPY~ → HOLD
2026-01-13T09:55:00.000-05:00,[KLB] 9:55 ▼ BRK Week L vol=4.5x pos=v98 vwap=below ema=bear rs=-1.3% adx=34 body=90% ramp=1.3x rangeATR=2.6 ⚡ ⚠ O636.51 H636.83 L632.73 C632.8 ATR=15.07 SL=634.31/635.06 rawVol=65419 volSMA=14522 buf=0.753 prices=635.72
2026-01-13T09:55:00.000-05:00,[KLB] CONF 9:55 ▼ BRK → ✓ (auto-R1: EMA)
2026-01-13T10:00:00.000-05:00,[KLB] 5m CHECK 10:00 ▼ pnl=0.22 SPY~ → HOLD
2026-01-14T09:45:00.000-05:00,[KLB] 9:45 ▼ RNG range break vol=6.8x
2026-01-14T09:55:00.000-05:00,[KLB] 9:55 ▼ BRK ORB L vol=3.1x pos=v64 vwap=below ema=bear rs=-0.4% adx=20 body=62% ramp=1.2x rangeATR=1.8 O624.51 H624.55 L622.12 C623 ATR=15.29 SL=624.53/625.29 rawVol=31970 volSMA=10199 buf=0.765 prices=623.81
2026-01-14T09:55:00.000-05:00,[KLB] CONF 9:55 ▼ BRK → ✓ (auto-R1: EMA)
2026-01-14T10:00:00.000-05:00,[KLB] 10:00 ▼ ~ ~ VWAP vol=3.6x pos=v99 vwap=below ema=bear rs=-0.5% adx=22 body=94% ramp=0.7x rangeATR=1.4 ⚠ O622.91 H623.01 L620.96 C620.98 ATR=15.29 SL=622.51/623.27 rawVol=43786 volSMA=12248 buf=0.765 prices=
2026-01-14T10:00:00.000-05:00,[KLB] 5m CHECK 10:00 ▼ pnl=0.13 SPY✓ → HOLD
2026-01-15T09:35:00.000-05:00,[KLB] 9:35 ▼ ~ x~ PM H vol=14.3x pos=v28 vwap=below ema=bull rs=0% adx=17 body=6% ramp=12.5x rangeATR=4.6 ⚡ O618.3 H618.95 L616 C618.11 ATR=15.36 SL=619.65/620.41 rawVol=74413 volSMA=5191 buf=0.768 prices=619.32
2026-01-15T09:40:00.000-05:00,[KLB] 9:40 ▲ RNG range break vol=7.5x
2026-01-15T09:50:00.000-05:00,[KLB] 9:50 ▼ RNG range break vol=4.9x
2026-01-15T10:05:00.000-05:00,[KLB] 10:05 ▼ ~ x~ ORB H vol=2.2x pos=v80 vwap=below ema=bull rs=-0.2% adx=19 body=24% ramp=0.7x rangeATR=1.6 O617.24 H618.62 L616.15 C616.65 ATR=15.36 SL=618.19/618.95 rawVol=21744 volSMA=20894 buf=0.768 prices=618.95
2026-01-15T10:25:00.000-05:00,[KLB] 10:25 ▲ ~ ~ ORB H vol=0.6x pos=^91 vwap=above ema=bull rs=+0% adx=21 body=73% ramp=0.5x rangeATR=1.4 O617.13 H618.76 L616.77 C618.58 ATR=15.36 SL=617.04/616.28 rawVol=14999 volSMA=23108 buf=0.768 prices=
2026-01-15T10:30:00.000-05:00,[KLB] 10:30 ▲ FADE at 618.95
2026-01-15T15:15:00.000-05:00,[KLB] 15:15 ▼ ~ ~ PM H vol=1x pos=v44 vwap=below ema=bear rs=+0.3% adx=37 body=44% ramp=1x rangeATR=0.7 O618.91 H618.91 L618.36 C618.67 ATR=15.36 SL=620.21/620.97 rawVol=12457 volSMA=12370 buf=0.768 prices=619.32
2026-01-15T15:20:00.000-05:00,"[KLB] 15:20 ▼ ~ ~ ORB H
~ VWAP vol=1.6x pos=v100 vwap=below ema=bear rs=+0.2% adx=39 body=95% ramp=1.2x rangeATR=1.9 ⚠ O618.66 H618.74 L617.17 C617.17 ATR=15.36 SL=618.71/619.47 rawVol=20892 volSMA=12719 buf=0.768 prices=618.95"
2026-01-16T09:35:00.000-05:00,[KLB] 9:35 ▼ ~ x~ PM H vol=17.2x pos=v58 vwap=below ema=bull rs=-0.2% adx=16 body=29% ramp=62.6x rangeATR=4.6 ⚡ O624.07 H625.23 L621.24 C622.93 ATR=14.97 SL=624.43/625.18 rawVol=64001 volSMA=3718 buf=0.749 prices=624.34
2026-01-16T09:40:00.000-05:00,[KLB] 9:40 ▲ FADE at 624.34
2026-01-16T09:40:00.000-05:00,[KLB] 9:40 ▲ RNG range break vol=9.6x
2026-01-16T10:00:00.000-05:00,[KLB] 10:00 ▲ ~ ~ ORB H vol=1.4x pos=^95 vwap=above ema=bull rs=+0.6% adx=30 body=75% ramp=0.7x rangeATR=1.3 O625.12 H626.57 L624.75 C626.48 ATR=14.97 SL=624.98/624.23 rawVol=22772 volSMA=16026 buf=0.749 prices=
2026-01-16T10:05:00.000-05:00,[KLB] 10:05 ▲ ~ ~ VWAP vol=1.6x pos=^98 vwap=above ema=bull rs=+0.8% adx=32 body=62% ramp=0.5x rangeATR=1.4 O626.24 H627.5 L625.51 C627.47 ATR=14.97 SL=625.97/625.22 rawVol=28027 volSMA=17386 buf=0.749 prices=
2026-01-16T11:25:00.000-05:00,[KLB] 11:25 ▲ ~ ~ PM H + ~ ORB H vol=0.5x pos=^86 vwap=above ema=bull rs=+0.3% adx=22 body=84% ramp=0.8x rangeATR=1.2 ⚠ O623.91 H625.4 L623.88 C625.18 ATR=14.97 SL=623.68/622.93 rawVol=11660 volSMA=22957 buf=0.749 prices=
2026-01-16T15:00:00.000-05:00,[KLB] 15:00 ▼ ~ ~ PM H vol=0.7x pos=v54 vwap=below ema=bear rs=+0.1% adx=24 body=54% ramp=0.4x rangeATR=0.6 🔇 O624.05 H624.05 L623.52 C623.76 ATR=14.97 SL=625.26/626.01 rawVol=10860 volSMA=15102 buf=0.749 prices=624.34
2026-01-16T15:15:00.000-05:00,"[KLB] 15:15 ▼ ~ ~ PM H
~ VWAP vol=0.7x pos=v73 vwap=below ema=bear rs=0% adx=25 body=47% ramp=1.1x rangeATR=1.1 O623.71 H623.96 L623.02 C623.27 ATR=14.97 SL=624.77/625.52 rawVol=10692 volSMA=15129 buf=0.749 prices=624.34"
2026-01-20T12:50:00.000-05:00,[KLB] 12:50 ▼ ~ ~ VWAP vol=0.8x pos=v92 vwap=below ema=bear rs=-0.2% adx=24 body=69% ramp=1x rangeATR=0.5 O606.67 H606.81 L606.2 C606.25 ATR=14.55 SL=607.7/608.43 rawVol=8434 volSMA=10499 buf=0.727 prices=
2026-01-21T09:35:00.000-05:00,[KLB] 9:35 ▼ RNG range break vol=14x
2026-01-21T09:35:00.000-05:00,[KLB] 9:35 ▼ ~ ~ Today O + ~ PD Cls vol=14x pos=v70 vwap=below ema=bull rs=-0.6% adx=27 body=70% ramp=12.5x rangeATR=4.4 ⚡ O606.8 H606.8 L601.36 C603 ATR=14.95 SL=604.5/605.24 rawVol=39593 volSMA=2836 buf=0.748 prices=
2026-01-21T10:35:00.000-05:00,[KLB] 10:35 ▲ ~ ~ PM H + ~ Yest H vol=1x pos=^83 vwap=above ema=bull rs=-0.1% adx=22 body=66% ramp=0.9x rangeATR=1.6 O608.07 H610.29 L607.61 C609.84 ATR=14.95 SL=608.34/607.6 rawVol=18649 volSMA=18987 buf=0.748 prices=
2026-01-21T14:45:00.000-05:00,[KLB] 14:45 ▲ ~ ~ Week L vol=1.5x pos=^74 vwap=above ema=bull rs=+0.3% adx=20 body=67% ramp=1x rangeATR=1.2 O614.29 H615.98 L614.15 C615.51 ATR=14.95 SL=614.01/613.27 rawVol=11634 volSMA=7814 buf=0.748 prices=614.23
2026-01-21T15:25:00.000-05:00,[KLB] 15:25 ▲ ~ ~ Week L vol=0.8x pos=^57 vwap=above ema=bull rs=+0.4% adx=31 body=57% ramp=0.8x rangeATR=0.6 O614.21 H615.16 L614.21 C614.75 ATR=14.95 SL=613.25/612.51 rawVol=8233 volSMA=10659 buf=0.748 prices=614.23
2026-01-21T15:40:00.000-05:00,[KLB] 15:40 ▲ ~ ~ Week L vol=1.5x pos=^61 vwap=above ema=bull rs=+0.5% adx=27 body=44% ramp=1.2x rangeATR=0.7 O614.6 H615.5 L614.42 C615.08 ATR=14.95 SL=613.58/612.84 rawVol=17155 volSMA=11628 buf=0.748 prices=614.23
2026-01-21T15:50:00.000-05:00,[KLB] 15:50 ▲ ~ ~ Week L vol=1.2x pos=^95 vwap=above ema=bull rs=+0.5% adx=24 body=31% ramp=1.8x rangeATR=0.7 O614.64 H615 L614.01 C614.95 ATR=14.95 SL=613.45/612.71 rawVol=15495 volSMA=12808 buf=0.748 prices=614.23
2026-01-22T09:30:00.000-05:00,[KLB] 9:30 ▲ ~ ~ Today O vol=0.8x pos=^88 vwap=below ema=bull rs=+0.7% adx=48 body=79% ramp=1.5x rangeATR=2.5 ⚡ O627.42 H629.98 L627.17 C629.65 ATR=15.19 SL=628.13/627.37 rawVol=1554 volSMA=1892 buf=0.759 prices=
2026-01-22T09:35:00.000-05:00,[KLB] 9:35 ▲ RNG range break vol=16.4x
2026-01-22T09:35:00.000-05:00,[KLB] 9:35 ▲ ~ ~ VWAP + ~ PM H vol=16.4x pos=^98 vwap=above ema=bull rs=+0.7% adx=49 body=61% ramp=55.4x rangeATR=4.8 ⚡ O629.35 H634.12 L626.55 C633.97 ATR=15.19 SL=632.45/631.69 rawVol=165352 volSMA=10071 buf=0.759 prices=
2026-01-22T09:45:00.000-05:00,[KLB] 9:45 ▲ ~ ~ ORB H vol=6x pos=^95 vwap=above ema=bull rs=+1.1% adx=51 body=48% ramp=70.7x rangeATR=1.9 O634.43 H636.28 L632.78 C636.1 ATR=15.19 SL=634.58/633.82 rawVol=88130 volSMA=20189 buf=0.759 prices=
2026-01-22T09:55:00.000-05:00,[KLB] 9:55 ▲ ~ ~ PM H vol=2x pos=^77 vwap=above ema=bull rs=+0.7% adx=53 body=34% ramp=0.9x rangeATR=1.2 O631.5 H633 L630.38 C632.39 ATR=15.19 SL=630.87/630.11 rawVol=55965 volSMA=28006 buf=0.759 prices=
2026-01-22T10:05:00.000-05:00,[KLB] 10:05 ▲ ~ ~ PM H vol=1.5x pos=^98 vwap=above ema=bull rs=+1% adx=51 body=69% ramp=0.5x rangeATR=1.6 O630.55 H633.25 L629.44 C633.17 ATR=15.19 SL=631.65/630.89 rawVol=49091 volSMA=33053 buf=0.759 prices=
2026-01-22T10:20:00.000-05:00,[KLB] 10:20 ▲ ~ ~ ORB H vol=1.4x pos=^68 vwap=above ema=bull rs=+1.2% adx=51 body=62% ramp=0.9x rangeATR=1 O633.55 H635.74 L633.4 C635 ATR=15.19 SL=633.48/632.72 rawVol=53677 volSMA=39709 buf=0.759 prices=
2026-01-23T09:30:00.000-05:00,[KLB] 9:30 ▲ ~ ~ Today O vol=2.9x pos=^93 vwap=below ema=bear rs=-0.1% adx=29 body=93% ramp=1.9x rangeATR=4.5 ⚡ ⚠ O641.76 H645.37 L641.76 C645.13 ATR=17.5 SL=643.38/642.5 rawVol=3506 volSMA=1203 buf=0.875 prices=
2026-01-23T09:35:00.000-05:00,[KLB] 9:35 ▲ RNG range break vol=16.1x
2026-01-23T09:35:00.000-05:00,[KLB] 9:35 ▲ ~ ~ VWAP + ~ PD LH L + ~ PD Cls + ~ PM H + ~ Yest H vol=16.1x pos=^71 vwap=above ema=bear rs=+1% adx=32 body=65% ramp=34.1x rangeATR=6.7 ⚡ O644.84 H653.8 L644.26 C651.02 ATR=17.5 SL=649.26/648.39 rawVol=97222 volSMA=6044 buf=0.875 prices=
2026-01-23T09:55:00.000-05:00,[KLB] 9:55 ▲ BRK Week O vol=4.9x pos=^90 vwap=above ema=bull rs=+1.6% adx=43 body=67% ramp=1.2x rangeATR=1.6 O652.83 H655.28 L652.09 C654.96 ATR=17.5 SL=653.21/652.33 rawVol=67290 volSMA=18775 buf=0.875 prices=
2026-01-23T09:55:00.000-05:00,[KLB] 9:55 ▲ ~ ~ Week H + ~ ORB H vol=4.9x pos=^90 vwap=above ema=bull rs=+1.6% adx=43 body=67% ramp=1.2x rangeATR=1.6 O652.83 H655.28 L652.09 C654.96 ATR=17.5 SL=653.21/652.33 rawVol=67290 volSMA=18775 buf=0.875 prices=
2026-01-23T09:55:00.000-05:00,[KLB] CONF 9:55 ▲ BRK → ✓ (auto-R1: EMA)
2026-01-23T10:00:00.000-05:00,[KLB] 5m CHECK 10:00 ▲ pnl=0.05 SPY~ → HOLD
2026-01-23T13:05:00.000-05:00,[KLB] 13:05 ▲ BRK Month O vol=1.9x pos=^89 vwap=above ema=bull rs=+3% adx=39 body=84% ramp=1.5x rangeATR=1.6 ⚠ O662.38 H664.64 L662.26 C664.38 ATR=17.5 SL=662.63/661.75 rawVol=44831 volSMA=23446 buf=0.875 prices=
2026-01-23T13:05:00.000-05:00,[KLB] CONF 13:05 ▲ BRK → ✓ (auto-R1: EMA)
2026-01-23T13:10:00.000-05:00,[KLB] 5m CHECK 13:10 ▲ pnl=0.03 SPY~ → HOLD
2026-01-26T09:35:00.000-05:00,[KLB] 9:35 ▼ RNG range break vol=13.4x
2026-01-26T09:55:00.000-05:00,[KLB] 9:55 ▲ ~ ~ PM H + ~ Week H vol=1.6x pos=^70 vwap=above ema=bull rs=-0.1% adx=27 body=55% ramp=1x rangeATR=1.1 O665.05 H666.95 L664.7 C666.28 ATR=17.83 SL=664.5/663.61 rawVol=17730 volSMA=10993 buf=0.891 prices=
2026-01-26T10:20:00.000-05:00,[KLB] 10:20 ▲ ~ ~ VWAP + ~ ORB H vol=1.6x pos=^98 vwap=above ema=bull rs=+0.3% adx=37 body=82% ramp=1x rangeATR=1.1 ⚠ O667.75 H669.63 L667.39 C669.59 ATR=17.83 SL=667.81/666.92 rawVol=24596 volSMA=15518 buf=0.891 prices=
2026-01-26T10:30:00.000-05:00,[KLB] 10:30 ▲ ~ ~ ORB H vol=1.9x pos=^94 vwap=above ema=bull rs=+0.6% adx=41 body=62% ramp=2.3x rangeATR=1.2 O669.25 H670.91 L668.45 C670.77 ATR=17.83 SL=668.99/668.1 rawVol=38324 volSMA=20056 buf=0.891 prices=
2026-01-26T10:55:00.000-05:00,[KLB] 10:55 ▲ ~ ~ ORB H vol=0.6x pos=^72 vwap=above ema=bull rs=+0.3% adx=47 body=72% ramp=0.5x rangeATR=0.7 O668.89 H670.12 L668.89 C669.77 ATR=17.83 SL=667.99/667.1 rawVol=14400 volSMA=23776 buf=0.891 prices=
2026-01-27T09:35:00.000-05:00,[KLB] 9:35 ▼ RNG range break vol=15.7x
2026-01-27T15:20:00.000-05:00,[KLB] 15:20 ▲ ~ ~ PM L vol=2.5x pos=^73 vwap=above ema=bull rs=-0.4% adx=20 body=72% ramp=1.7x rangeATR=1.3 O672.92 H674 L672.91 C673.71 ATR=17.73 SL=671.94/671.05 rawVol=28474 volSMA=11388 buf=0.887 prices=672.54
2026-01-27T15:30:00.000-05:00,[KLB] 15:30 ▲ ~ ~ PM H vol=3.4x pos=^91 vwap=above ema=bull rs=-0.1% adx=23 body=90% ramp=2x rangeATR=2.2 ⚡ ⚠ O673.65 H675.72 L673.63 C675.53 ATR=17.73 SL=673.76/672.87 rawVol=45065 volSMA=13379 buf=0.887 prices=
2026-01-27T15:35:00.000-05:00,[KLB] 15:35 ▲ ~ ~ ORB H vol=3.2x pos=^98 vwap=above ema=bull rs=0% adx=26 body=76% ramp=1.8x rangeATR=1.3 O675.44 H676.41 L675.18 C676.38 ATR=17.73 SL=674.61/673.72 rawVol=39221 volSMA=14081 buf=0.887 prices=
2026-01-28T09:30:00.000-05:00,[KLB] 9:30 ▲ ~ ~ VWAP + ~ Today O + ~ Yest H vol=0.6x pos=^57 vwap=above ema=bull rs=+0.3% adx=34 body=57% ramp=1.1x rangeATR=2.5 ⚡ O673.8 H675.8 L673.8 C674.94 ATR=17.33 SL=673.21/672.34 rawVol=967 volSMA=1577 buf=0.867 prices=
2026-01-28T09:40:00.000-05:00,[KLB] 9:40 ▼ RNG range break vol=7.7x
2026-01-28T09:40:00.000-05:00,[KLB] 9:40 ▼ ~ ~ PD Cls vol=7.7x pos=v73 vwap=below ema=bull rs=-0.3% adx=31 body=63% ramp=14.7x rangeATR=2.7 ⚡ O674.13 H674.44 L671.5 C672.29 ATR=17.33 SL=674.02/674.89 rawVol=32982 volSMA=5078 buf=0.867 prices=
2026-01-28T09:45:00.000-05:00,[KLB] 9:45 ▲ FADE at 672.97
2026-01-28T09:50:00.000-05:00,[KLB] 9:50 ▲ ~ ~ Yest L vol=4.7x pos=^85 vwap=above ema=bull rs=0% adx=28 body=78% ramp=2.6x rangeATR=1.5 O672.98 H674.79 L672.85 C674.5 ATR=17.33 SL=672.77/671.9 rawVol=33374 volSMA=8397 buf=0.867 prices=664.66
2026-01-28T09:55:00.000-05:00,[KLB] 9:55 ▲ ~ ~ PM H + ~ Yest H + ~ ORB H vol=3.6x pos=^72 vwap=above ema=bull rs=+0.1% adx=27 body=72% ramp=1.5x rangeATR=1.4 O674.41 H676.25 L674.41 C675.74 ATR=17.33 SL=674.01/673.14 rawVol=36436 volSMA=10044 buf=0.867 prices=
2026-01-28T10:05:00.000-05:00,[KLB] 10:05 ▲ RNG range break vol=3.5x
2026-01-28T10:05:00.000-05:00,[KLB] 10:05 ▲ ~ ~ PM H + ~ Yest H + ~ ORB H vol=3.5x pos=^85 vwap=above ema=bull rs=+0.4% adx=28 body=50% ramp=1.2x rangeATR=2.4 ⚡ O675.4 H677.6 L674.2 C677.1 ATR=17.33 SL=675.37/674.5 rawVol=50474 volSMA=14345 buf=0.867 prices=
2026-01-28T10:25:00.000-05:00,[KLB] 10:25 ▲ ~ ~ PM H + ~ Yest H + ~ ORB H vol=1.1x pos=^77 vwap=above ema=bull rs=+0.2% adx=26 body=77% ramp=0.3x rangeATR=1 🔇 O674.46 H676 L674.46 C675.64 ATR=17.33 SL=673.91/673.04 rawVol=22144 volSMA=20364 buf=0.867 prices=
2026-01-28T12:25:00.000-05:00,[KLB] 12:25 ▼ ~ ~ VWAP vol=2.1x pos=v73 vwap=below ema=bear rs=-0.4% adx=23 body=49% ramp=1.6x rangeATR=1.8 O670.93 H671.48 L669.15 C669.78 ATR=17.33 SL=671.51/672.38 rawVol=26053 volSMA=12372 buf=0.867 prices=
2026-01-29T09:30:00.000-05:00,[KLB] 9:30 ▲ RNG range break vol=3.6x
2026-01-29T09:40:00.000-05:00,[KLB] 9:40 ▼ RNG range break vol=9.6x
2026-01-29T09:40:00.000-05:00,[KLB] 9:40 ▼ ~ ~ VWAP vol=9.6x pos=v97 vwap=below ema=bull rs=-2.3% adx=38 body=93% ramp=18.1x rangeATR=2.9 ⚡ ⚠ O730.75 H731.19 L719 C719.41 ATR=16.92 SL=721.1/721.95 rawVol=441687 volSMA=67503 buf=0.846 prices=
2026-01-30T09:35:00.000-05:00,[KLB] 9:35 ▼ RNG range break vol=17.4x
2026-02-02T09:30:00.000-05:00,[KLB] 9:30 ▲ RNG range break vol=6.5x
2026-02-02T09:30:00.000-05:00,[KLB] 9:30 ▲ ~ ~ VWAP + ~ PD LH L + ~ PM H vol=6.5x pos=^94 vwap=above ema=bull rs=-0.4% adx=24 body=90% ramp=2.8x rangeATR=3.7 ⚡ ⚠ O709.65 H714.6 L709.47 C714.28 ATR=21.35 SL=712.15/711.08 rawVol=12494 volSMA=1916 buf=1.067 prices=
2026-02-02T10:00:00.000-05:00,[KLB] 10:00 ▼ ~ ~ VWAP vol=2.8x pos=v89 vwap=below ema=bear rs=-1.7% adx=28 body=87% ramp=0.7x rangeATR=1.4 ⚠ O708.87 H708.92 L704.89 C705.35 ATR=21.35 SL=707.48/708.55 rawVol=45779 volSMA=16490 buf=1.067 prices=
2026-02-02T14:20:00.000-05:00,[KLB] 14:20 ▲ ~ ~ PM H vol=1.1x pos=^93 vwap=above ema=bull rs=-1.1% adx=36 body=93% ramp=0.6x rangeATR=1.5 ⚠ O712.66 H714.37 L712.66 C714.25 ATR=21.35 SL=712.12/711.05 rawVol=14531 volSMA=13628 buf=1.067 prices=
2026-02-03T09:35:00.000-05:00,[KLB] 9:35 ▲ RNG range break vol=16.3x
2026-02-03T09:40:00.000-05:00,[KLB] 9:40 ▲ ~ ~ VWAP + ~ PD LH L + ~ PM H + ~ ORB H vol=9.1x pos=^94 vwap=above ema=bull rs=+1% adx=27 body=74% ramp=46.9x rangeATR=5.8 ⚡ O708.1 H714.47 L706.5 C713.96 ATR=21.09 SL=711.85/710.8 rawVol=56218 volSMA=6158 buf=1.055 prices=
2026-02-03T09:45:00.000-05:00,[KLB] 9:45 ▼ ~ ~ PM H + ~ Yest H + ~ ORB H vol=5.2x pos=v99 vwap=below ema=bull rs=+0.2% adx=30 body=84% ramp=62.8x rangeATR=4.1 ⚡ ⚠ O713.88 H715 L707.61 C707.65 ATR=21.09 SL=709.76/710.81 rawVol=42861 volSMA=8292 buf=1.055 prices=711.64/721.3/710.5
2026-02-03T10:00:00.000-05:00,[KLB] 10:00 ▼ RNG range break vol=3.6x
2026-02-04T09:30:00.000-05:00,[KLB] 9:30 ▲ ~ ~ VWAP + ~ PD LH L + ~ Today O vol=3.6x pos=^71 vwap=above ema=bear rs=+0.2% adx=45 body=58% ramp=1.1x rangeATR=2.9 ⚡ O685.27 H689.25 L684.68 C687.93 ATR=21.77 SL=685.75/684.66 rawVol=5030 volSMA=1400 buf=1.089 prices=
2026-02-04T09:35:00.000-05:00,[KLB] 9:35 ▼ FADE at 686.6
2026-02-04T09:35:00.000-05:00,[KLB] 9:35 ▼ RNG range break vol=15.1x
2026-02-04T09:35:00.000-05:00,[KLB] 9:35 ▼ BRK PM L + Yest L + PD LH L vol=15.1x pos=v82 vwap=below ema=bear rs=-1% adx=44 body=71% ramp=11.2x rangeATR=4.7 ⚡ O687.74 H688.83 L678.57 C680.41 ATR=21.77 SL=682.59/683.68 rawVol=83968 volSMA=5554 buf=1.089 prices=681.4/686.41
2026-02-04T09:35:00.000-05:00,[KLB] 9:35 ▼ ~ ~ VWAP vol=15.1x pos=v82 vwap=below ema=bear rs=-1% adx=44 body=71% ramp=11.2x rangeATR=4.7 ⚡ O687.74 H688.83 L678.57 C680.41 ATR=21.77 SL=682.59/683.68 rawVol=83968 volSMA=5554 buf=1.089 prices=
2026-02-04T09:35:00.000-05:00,[KLB] CONF 9:35 ▼ BRK → ✓ (auto-R1: EMA)
2026-02-04T09:40:00.000-05:00,[KLB] 9:40 ▲ ~ ~ PM L vol=7.1x pos=^73 vwap=above ema=bear rs=-0.7% adx=43 body=57% ramp=27.7x rangeATR=2.4 ⚡ O680.19 H685.08 L679.26 C683.49 ATR=21.77 SL=681.31/680.22 rawVol=60389 volSMA=8538 buf=1.089 prices=681.4
2026-02-04T09:40:00.000-05:00,[KLB] 5m CHECK 9:40 ▼ pnl=-0.14 SPY~ → BAIL
2026-02-04T09:45:00.000-05:00,[KLB] 9:45 ▼ FADE at 681.4
2026-02-04T09:45:00.000-05:00,[KLB] 9:45 ▼ BRK PM L vol=3.8x pos=v93 vwap=below ema=bear rs=-1.1% adx=42 body=56% ramp=21x rangeATR=1.9 O683.38 H685.23 L680.14 C680.51 ATR=21.77 SL=682.69/683.78 rawVol=40169 volSMA=10524 buf=1.089 prices=681.4
2026-02-04T09:45:00.000-05:00,[KLB] CONF 9:45 ▼ BRK → ✓ (auto-R1: EMA)
2026-02-04T09:50:00.000-05:00,[KLB] 5m CHECK 9:50 ▼ pnl=0.06 SPY~ → HOLD
2026-02-04T09:55:00.000-05:00,[KLB] 9:55 ▼ BRK ORB L vol=2.5x pos=v86 vwap=below ema=bear rs=-1.4% adx=41 body=51% ramp=0.7x rangeATR=1.2 O679.41 H680.55 L677.33 C677.78 ATR=21.77 SL=679.96/681.05 rawVol=34137 volSMA=13772 buf=1.089 prices=678.57
2026-02-04T09:55:00.000-05:00,[KLB] CONF 9:55 ▼ BRK → ✓ (auto-R1: EMA)
2026-02-04T10:00:00.000-05:00,[KLB] 5m CHECK 10:00 ▼ pnl=0.24 SPY✓ → HOLD
2026-02-05T09:30:00.000-05:00,[KLB] 9:30 ▲ ~ ~ Week L + ~ Today O vol=2.3x pos=^93 vwap=above ema=bear rs=-0.8% adx=30 body=91% ramp=1.8x rangeATR=2.9 ⚡ ⚠ O658.48 H664 L658.34 C663.61 ATR=21.95 SL=661.42/660.32 rawVol=5605 volSMA=2390 buf=1.097 prices=661.29
2026-02-05T09:35:00.000-05:00,[KLB] 9:35 ▲ RNG range break vol=12.9x
2026-02-05T09:35:00.000-05:00,"[KLB] 9:35 ▲ ~ ~ PM L + ~ Week L
~ VWAP vol=12.9x pos=^99 vwap=above ema=bear rs=+0.6% adx=29 body=31% ramp=24.1x rangeATR=5.1 ⚡ O663.19 H667.81 L653.45 C667.62 ATR=21.95 SL=665.43/664.33 rawVol=80720 volSMA=6253 buf=1.097 prices=657.02/661.29"
2026-02-05T09:40:00.000-05:00,[KLB] 9:40 ▲ ~ ~ Yest L + ~ PD LH L + ~ PD Cls + ~ ORB H vol=9.7x pos=^99 vwap=above ema=bear rs=+0.7% adx=27 body=35% ramp=34.1x rangeATR=1.7 O667.73 H669.55 L664.47 C669.51 ATR=21.95 SL=667.32/666.22 rawVol=46935 volSMA=8338 buf=1.097 prices=667.46
2026-02-05T10:05:00.000-05:00,[KLB] 10:05 ▼ FADE at 667.46
2026-02-05T10:15:00.000-05:00,[KLB] 10:15 ▼ ~ ~ VWAP vol=1.3x pos=v99 vwap=below ema=bear rs=+0.4% adx=20 body=68% ramp=0.6x rangeATR=1 O664.61 H665.77 L662.04 C662.09 ATR=21.95 SL=664.28/665.38 rawVol=21048 volSMA=17896 buf=1.097 prices=
2026-02-05T10:25:00.000-05:00,[KLB] 10:25 ▼ BRK Week L vol=1.7x pos=v78 vwap=below ema=bear rs=-0.1% adx=21 body=78% ramp=0.9x rangeATR=1.4 O663.51 H663.51 L658.51 C659.59 ATR=21.95 SL=661.78/662.88 rawVol=34092 volSMA=20355 buf=1.097 prices=661.29
2026-02-05T10:25:00.000-05:00,[KLB] CONF 10:25 ▼ BRK → ✓ (auto-R1: EMA)
2026-02-05T10:30:00.000-05:00,[KLB] 5m CHECK 10:30 ▼ pnl=0.07 SPY✓ → HOLD
2026-02-06T09:40:00.000-05:00,[KLB] 9:40 ▼ RNG range break vol=7.4x
2026-02-06T09:55:00.000-05:00,[KLB] 9:55 ▼ BRK Week L vol=2.4x pos=v99 vwap=below ema=bear rs=-1.6% adx=20 body=77% ramp=1.4x rangeATR=1.9 O662.25 H663.24 L658.62 C658.67 ATR=22.38 SL=660.91/662.03 rawVol=30325 volSMA=12752 buf=1.119 prices=661.29
2026-02-06T09:55:00.000-05:00,[KLB] 9:55 ▼ ~ ~ VWAP vol=2.4x pos=v99 vwap=below ema=bear rs=-1.6% adx=20 body=77% ramp=1.4x rangeATR=1.9 O662.25 H663.24 L658.62 C658.67 ATR=22.38 SL=660.91/662.03 rawVol=30325 volSMA=12752 buf=1.119 prices=
2026-02-06T09:55:00.000-05:00,[KLB] CONF 9:55 ▼ BRK → ✓ (auto-R1: EMA)
2026-02-06T10:00:00.000-05:00,[KLB] 10:00 ▼ BRK PM L vol=2.9x pos=v99 vwap=below ema=bear rs=-2.1% adx=23 body=95% ramp=0.7x rangeATR=1.5 ⚠ O658.62 H658.75 L655 C655.04 ATR=22.38 SL=657.28/658.4 rawVol=43189 volSMA=14870 buf=1.119 prices=657.98
2026-02-06T10:00:00.000-05:00,[KLB] CONF 10:00 ▼ BRK → ✓ (auto-R1: EMA)
2026-02-06T10:05:00.000-05:00,[KLB] 10:05 ▼ BRK Yest L vol=3.1x pos=v95 vwap=below ema=bear rs=-2.7% adx=25 body=86% ramp=0.8x rangeATR=1.9 ⚠ O654.68 H655.17 L650.15 C650.38 ATR=22.38 SL=652.62/653.74 rawVol=54148 volSMA=17466 buf=1.119 prices=653.5
2026-02-06T10:05:00.000-05:00,[KLB] CONF 10:05 ▼ BRK → ✓ (auto-R1: EMA)
2026-02-06T10:10:00.000-05:00,[KLB] 5m CHECK 10:10 ▼ pnl=0.11 SPY✗ → HOLD
2026-02-09T09:35:00.000-05:00,[KLB] 9:35 ▲ RNG range break vol=17x
2026-02-09T09:40:00.000-05:00,[KLB] 9:40 ▲ ~ ~ VWAP vol=12.1x pos=^93 vwap=above ema=bull rs=+0.6% adx=22 body=56% ramp=122.4x rangeATR=1.8 O667.01 H669 L665.86 C668.78 ATR=22.6 SL=666.52/665.39 rawVol=36288 volSMA=6303 buf=1.13 prices=
2026-02-09T09:45:00.000-05:00,[KLB] 9:45 ▼ ~ ~ PM H + ~ Yest H + ~ ORB H vol=6x pos=v85 vwap=below ema=bull rs=+0% adx=24 body=55% ramp=62.3x rangeATR=3.2 ⚡ O668.83 H670.8 L664.17 C665.18 ATR=22.6 SL=667.44/668.57 rawVol=53177 volSMA=8838 buf=1.13 prices=665.91/671.99/669.8
2026-02-09T10:55:00.000-05:00,[KLB] 10:55 ▲ ~ ~ PM H + ~ Yest H vol=0.8x pos=^93 vwap=above ema=bull rs=-0.3% adx=22 body=74% ramp=1.2x rangeATR=0.9 O664.25 H665.79 L663.9 C665.65 ATR=22.6 SL=663.39/662.26 rawVol=19613 volSMA=25354 buf=1.13 prices=
2026-02-09T11:20:00.000-05:00,[KLB] 11:20 ▲ ~ ~ ORB H vol=2x pos=^70 vwap=above ema=bull rs=+0.4% adx=30 body=65% ramp=1.8x rangeATR=1 O668.88 H670.67 L668.78 C670.1 ATR=22.6 SL=667.84/666.71 rawVol=54201 volSMA=27780 buf=1.13 prices=
2026-02-10T09:30:00.000-05:00,[KLB] 9:30 ▲ ~ ~ PD LH L + ~ Today O + ~ PD Cls + ~ Yest H vol=1.8x pos=^55 vwap=above ema=bear rs=+0.2% adx=23 body=55% ramp=0.9x rangeATR=2.8 ⚡ O676.53 H678.72 L676.53 C677.74 ATR=22.74 SL=675.47/674.33 rawVol=685 volSMA=383 buf=1.137 prices=
2026-02-10T09:45:00.000-05:00,[KLB] 9:45 ▼ FADE at 676.33
2026-02-10T09:45:00.000-05:00,[KLB] 9:45 ▼ BRK PD LH L vol=5.5x pos=v77 vwap=below ema=bear rs=-0.2% adx=25 body=57% ramp=74.9x rangeATR=2.4 ⚡ O677.69 H678.44 L674.63 C675.5 ATR=22.74 SL=677.77/678.91 rawVol=26180 volSMA=4772 buf=1.137 prices=
2026-02-10T09:45:00.000-05:00,[KLB] 9:45 ▼ ~ ~ PM H + ~ Yest H vol=5.5x pos=v77 vwap=below ema=bear rs=-0.2% adx=25 body=57% ramp=74.9x rangeATR=2.4 ⚡ O677.69 H678.44 L674.63 C675.5 ATR=22.74 SL=677.77/678.91 rawVol=26180 volSMA=4772 buf=1.137 prices=678.88/683.31
2026-02-10T09:45:00.000-05:00,[KLB] CONF 9:45 ▼ BRK → ✓ (auto-R1: EMA)
2026-02-10T09:50:00.000-05:00,[KLB] 9:50 ▼ RNG range break vol=5.3x
2026-02-10T09:50:00.000-05:00,[KLB] 9:50 ▼ BRK PM L + ORB L vol=5.3x pos=v80 vwap=below ema=bear rs=-0.6% adx=27 body=64% ramp=1.8x rangeATR=2.6 ⚡ O675.21 H675.97 L671.33 C672.26 ATR=22.74 SL=674.53/675.67 rawVol=34378 volSMA=6459 buf=1.137 prices=675.01/672.88
2026-02-10T09:50:00.000-05:00,[KLB] 9:50 ▼ ~ ~ VWAP vol=5.3x pos=v80 vwap=below ema=bear rs=-0.6% adx=27 body=64% ramp=1.8x rangeATR=2.6 ⚡ O675.21 H675.97 L671.33 C672.26 ATR=22.74 SL=674.53/675.67 rawVol=34378 volSMA=6459 buf=1.137 prices=
2026-02-10T09:50:00.000-05:00,[KLB] CONF 9:50 ▼ BRK → ✓ (auto-R1: EMA)
2026-02-10T09:55:00.000-05:00,[KLB] 5m CHECK 9:55 ▼ pnl=-0.16 SPY~ → BAIL
2026-02-10T10:15:00.000-05:00,[KLB] 10:15 ▼ BRK PM L vol=1.9x pos=v72 vwap=below ema=bear rs=-0.7% adx=33 body=71% ramp=0.6x rangeATR=1.7 O676 H676.03 L672.36 C673.4 ATR=22.74 SL=675.67/676.81 rawVol=19390 volSMA=10316 buf=1.137 prices=675.01
2026-02-10T10:15:00.000-05:00,[KLB] CONF 10:15 ▼ BRK → ✓ (auto-R1: EMA)
2026-02-10T10:20:00.000-05:00,[KLB] 10:20 ▼ BRK ORB L vol=1.8x pos=v71 vwap=below ema=bear rs=-1% adx=35 body=63% ramp=0.8x rangeATR=0.7 O673.11 H673.24 L671.7 C672.14 ATR=22.74 SL=674.41/675.55 rawVol=15087 volSMA=11041 buf=1.137 prices=672.88
2026-02-10T10:20:00.000-05:00,[KLB] CONF 10:20 ▼ BRK → ✓ (auto-R1: EMA)
2026-02-10T10:25:00.000-05:00,[KLB] 5m CHECK 10:25 ▼ pnl=0.02 SPY~ → HOLD
2026-02-10T11:05:00.000-05:00,[KLB] 11:05 ▼ BRK ORB L vol=3.8x pos=v60 vwap=below ema=bear rs=-1% adx=31 body=31% ramp=3.1x rangeATR=0.8 O671.97 H672.49 L670.69 C671.41 ATR=22.74 SL=673.68/674.82 rawVol=81248 volSMA=21437 buf=1.137 prices=672.88
2026-02-10T11:05:00.000-05:00,[KLB] CONF 11:05 ▼ BRK → ✓ (auto-R1: EMA)
2026-02-10T11:10:00.000-05:00,[KLB] 5m CHECK 11:10 ▼ pnl=0.07 SPY~ → HOLD
2026-02-10T13:05:00.000-05:00,"[KLB] 13:05 ▲ ~ ~ PM L
~ VWAP vol=0.4x pos=^71 vwap=above ema=bull rs=-0.3% adx=28 body=40% ramp=0.8x rangeATR=0.8 O675.44 H676.22 L675.1 C675.89 ATR=22.74 SL=673.62/672.48 rawVol=4264 volSMA=9494 buf=1.137 prices=675.01"
2026-02-11T09:30:00.000-05:00,[KLB] 9:30 ▼ ~ ~ PM H vol=0.8x pos=v92 vwap=below ema=bull rs=+0.7% adx=56 body=92% ramp=1.1x rangeATR=2.3 ⚡ ⚠ O676.2 H676.2 L674.13 C674.29 ATR=21.89 SL=676.48/677.57 rawVol=1194 volSMA=1452 buf=1.095 prices=676.63
2026-02-11T09:35:00.000-05:00,[KLB] 9:35 ▲ ~ ~ Today O vol=10.8x pos=^43 vwap=above ema=bull rs=+0.4% adx=56 body=38% ramp=16.3x rangeATR=4.4 ⚡ O674.15 H679.25 L673.91 C676.19 ATR=21.89 SL=674/672.91 rawVol=33838 volSMA=3141 buf=1.095 prices=
2026-02-11T09:40:00.000-05:00,[KLB] 9:40 ▼ RNG range break vol=6.4x
2026-02-11T09:40:00.000-05:00,[KLB] 9:40 ▼ ~ ~ PM H vol=6.4x pos=v96 vwap=below ema=bull rs=-0.1% adx=54 body=82% ramp=30.4x rangeATR=3.2 ⚡ ⚠ O676.15 H676.78 L672.1 C672.3 ATR=21.89 SL=674.49/675.58 rawVol=29211 volSMA=4590 buf=1.095 prices=676.63
2026-02-11T09:45:00.000-05:00,[KLB] 9:45 ▼ ~ ~ VWAP + ~ PD Cls vol=7.3x pos=v95 vwap=below ema=bull rs=-0.7% adx=51 body=70% ramp=44.5x rangeATR=3.3 ⚡ O672.45 H674 L668.03 C668.3 ATR=21.89 SL=670.49/671.58 rawVol=52849 volSMA=7226 buf=1.095 prices=
2026-02-11T09:50:00.000-05:00,[KLB] 9:50 ▲ FADE at 670.72
2026-02-12T09:30:00.000-05:00,[KLB] 9:30 ▼ 🔇 QBS ramp=0.4x vol=0.9x pos=v94 vwap=below ema=bull adx=27 body=93% rangeATR=4.6 ⚡ O673 H673.01 L669.8 C670 ATR=21.91
2026-02-12T09:30:00.000-05:00,[KLB] 9:30 ▼ ~ ~ PM H vol=0.9x pos=v94 vwap=below ema=bull rs=+0.3% adx=27 body=93% ramp=0.4x rangeATR=4.6 ⚡ ⚠ 🔇 O673 H673.01 L669.8 C670 ATR=21.91 SL=672.19/673.29 rawVol=520 volSMA=553 buf=1.096 prices=673.29
2026-02-12T09:35:00.000-05:00,[KLB] CONF 9:35 ▼ QBS → ✓ (auto-promote)
2026-02-12T09:40:00.000-05:00,[KLB] 9:40 ▼ RNG range break vol=11.9x
2026-02-12T09:40:00.000-05:00,[KLB] 9:40 ▼ ~ ~ VWAP vol=11.9x pos=v80 vwap=below ema=bull rs=-0.6% adx=25 body=75% ramp=179.2x rangeATR=2.9 ⚡ O669.58 H669.8 L665.69 C666.51 ATR=21.91 SL=668.7/669.8 rawVol=34357 volSMA=5422 buf=1.096 prices=
2026-02-12T09:40:00.000-05:00,[KLB] 5m CHECK 9:40 ▼ pnl=0.15 SPY~ → HOLD
2026-02-13T09:35:00.000-05:00,[KLB] 9:35 ▼ RNG range break vol=13.9x
2026-02-13T10:00:00.000-05:00,[KLB] 10:00 ▼ 🔇 QBS ramp=0.5x vol=1.9x pos=v80 vwap=above ema=bear adx=24 body=33% rangeATR=1.5 O644.35 H646.26 L642.2 C643 ATR=22.54
2026-02-13T10:15:00.000-05:00,[KLB] CONF 10:15 ▼ QBS → ✗ (failed)
2026-02-13T10:35:00.000-05:00,[KLB] 10:35 ▲ ~ ~ PD Cls vol=1.1x pos=^68 vwap=above ema=bear rs=+0.4% adx=22 body=66% ramp=1x rangeATR=0.7 O648.63 H650.44 L648.6 C649.85 ATR=22.54 SL=647.6/646.47 rawVol=18652 volSMA=22628 buf=1.127 prices=
2026-02-13T10:40:00.000-05:00,[KLB] 10:40 ▼ FADE at 649.81
2026-02-13T10:50:00.000-05:00,[KLB] 10:50 ▼ ~ ~ ORB H vol=0.8x pos=v77 vwap=below ema=bear rs=-0.3% adx=21 body=66% ramp=0.8x rangeATR=1.2 O645.12 H645.51 L642.04 C642.83 ATR=22.54 SL=645.08/646.21 rawVol=19069 volSMA=24500 buf=1.127 prices=645.17
2026-02-13T15:00:00.000-05:00,[KLB] 15:00 ▼ BRK Yest L vol=1.9x pos=v97 vwap=below ema=bear rs=-0.3% adx=26 body=80% ramp=1.2x rangeATR=1.1 ⚠ O645 H645.23 L643.8 C643.85 ATR=22.54 SL=646.1/647.23 rawVol=13298 volSMA=10283 buf=1.127 prices=645.28
2026-02-13T15:00:00.000-05:00,[KLB] 15:00 ▼ ~ ~ ORB H vol=1.9x pos=v97 vwap=below ema=bear rs=-0.3% adx=26 body=80% ramp=1.2x rangeATR=1.1 ⚠ O645 H645.23 L643.8 C643.85 ATR=22.54 SL=646.1/647.23 rawVol=13298 volSMA=10283 buf=1.127 prices=645.17
2026-02-13T15:00:00.000-05:00,[KLB] CONF 15:00 ▼ BRK → ✓ (auto-R1: EMA)
2026-02-13T15:05:00.000-05:00,[KLB] 15:05 ▼ ~ x~ ORB H vol=1.6x pos=v86 vwap=below ema=bear rs=-0.4% adx=28 body=21% ramp=1.5x rangeATR=0.8 O643.96 H644.63 L643.61 C643.75 ATR=22.54 SL=646/647.13 rawVol=16565 volSMA=10265 buf=1.127 prices=645.17
2026-02-13T15:05:00.000-05:00,[KLB] 5m CHECK 15:05 ▼ pnl=0 SPY~ → HOLD
2026-02-13T15:10:00.000-05:00,[KLB] 15:10 ▼ ~ ~ VWAP vol=1.6x pos=v57 vwap=below ema=bear rs=-0.5% adx=31 body=40% ramp=0.9x rangeATR=0.6 O643.78 H643.91 L643.16 C643.48 ATR=22.54 SL=645.73/646.86 rawVol=11844 volSMA=10497 buf=1.127 prices=
2026-02-13T15:30:00.000-05:00,[KLB] 15:30 ▼ BRK PM L vol=2.1x pos=v68 vwap=below ema=bear rs=-0.4% adx=40 body=57% ramp=1.4x rangeATR=1.7 O642.46 H642.71 L640.5 C641.2 ATR=22.54 SL=643.45/644.58 rawVol=25789 volSMA=12553 buf=1.127 prices=641.81
2026-02-13T15:30:00.000-05:00,[KLB] CONF 15:30 ▼ BRK → ✓ (auto-R1: EMA)
2026-02-13T15:35:00.000-05:00,[KLB] 5m CHECK 15:35 ▼ pnl=0.03 SPY~ → HOLD
2026-02-17T09:45:00.000-05:00,[KLB] 9:45 ▼ ~ ~ ORB H vol=3.4x pos=v88 vwap=below ema=bull rs=-0.6% adx=24 body=65% ramp=8.2x rangeATR=2.8 ⚡ O640.63 H642.21 L635.53 C636.3 ATR=22.14 SL=638.51/639.62 rawVol=29049 volSMA=8422 buf=1.107 prices=640
2026-02-17T10:25:00.000-05:00,[KLB] 10:25 ▼ ~ ~ VWAP vol=0.7x pos=v90 vwap=below ema=bear rs=-0.6% adx=22 body=90% ramp=0.8x rangeATR=1 ⚠ O635.72 H635.72 L632.99 C633.27 ATR=22.14 SL=635.48/636.59 rawVol=10961 volSMA=16420 buf=1.107 prices=
2026-02-17T10:35:00.000-05:00,[KLB] 10:35 ▼ BRK PM L + ORB L vol=1.9x pos=v84 vwap=below ema=bear rs=-1% adx=22 body=71% ramp=1.3x rangeATR=0.9 O631.05 H631.35 L628.86 C629.27 ATR=22.14 SL=631.48/632.59 rawVol=35347 volSMA=18804 buf=1.107 prices=631.51/631.8
2026-02-17T10:35:00.000-05:00,[KLB] CONF 10:35 ▼ BRK → ✓ (auto-R1: EMA)
2026-02-17T10:40:00.000-05:00,[KLB] 5m CHECK 10:40 ▼ pnl=0 SPY✓ → HOLD
2026-02-18T09:35:00.000-05:00,[KLB] 9:35 ▼ RNG range break vol=10.9x
2026-02-18T09:35:00.000-05:00,[KLB] 9:35 ▼ BRK PM L + Week L vol=10.9x pos=v80 vwap=below ema=bear rs=-0.6% adx=61 body=79% ramp=11.2x rangeATR=3.2 ⚡ O633.6 H633.66 L628.12 C629.23 ATR=21.54 SL=631.38/632.46 rawVol=113905 volSMA=10411 buf=1.077 prices=630.3/634.57
2026-02-18T09:35:00.000-05:00,[KLB] 9:35 ▼ ~ ~ VWAP vol=10.9x pos=v80 vwap=below ema=bear rs=-0.6% adx=61 body=79% ramp=11.2x rangeATR=3.2 ⚡ O633.6 H633.66 L628.12 C629.23 ATR=21.54 SL=631.38/632.46 rawVol=113905 volSMA=10411 buf=1.077 prices=
2026-02-18T09:35:00.000-05:00,[KLB] CONF 9:35 ▼ BRK → ✓ (auto-R1: EMA)
2026-02-18T09:40:00.000-05:00,[KLB] 5m CHECK 9:40 ▼ pnl=-0.2 SPY~ → BAIL
2026-02-18T09:50:00.000-05:00,[KLB] 9:50 ▼ ~ ~ ORB H vol=2.2x pos=v94 vwap=below ema=bear rs=-0.3% adx=60 body=81% ramp=1.2x rangeATR=1.5 ⚠ O634.21 H634.64 L631.52 C631.7 ATR=21.54 SL=633.85/634.93 rawVol=39834 volSMA=17780 buf=1.077 prices=633.66
2026-02-18T10:15:00.000-05:00,[KLB] 10:15 ▲ ~ ~ PD Cls vol=2.3x pos=^67 vwap=above ema=bear rs=+0.3% adx=46 body=36% ramp=1.3x rangeATR=1.1 O638.62 H640.3 L637.87 C639.5 ATR=21.54 SL=637.35/636.27 rawVol=72056 volSMA=30864 buf=1.077 prices=
2026-02-18T10:20:00.000-05:00,[KLB] 10:20 ▼ FADE at 639.29
2026-02-18T11:15:00.000-05:00,[KLB] 11:15 ▲ ~ ~ Yest L + ~ Yest H vol=0.3x pos=^70 vwap=above ema=bull rs=+0.3% adx=27 body=61% ramp=0.6x rangeATR=0.6 O639.24 H640.27 L639.13 C639.93 ATR=21.54 SL=637.78/636.7 rawVol=13372 volSMA=38296 buf=1.077 prices=628.8
2026-02-18T11:35:00.000-05:00,[KLB] 11:35 ▲ ~ ~ Yest L + ~ Yest H vol=0.7x pos=^54 vwap=above ema=bull rs=+0.3% adx=21 body=44% ramp=1.1x rangeATR=1 O638.89 H640.49 L638.72 C639.67 ATR=21.54 SL=637.52/636.44 rawVol=22944 volSMA=31557 buf=1.077 prices=628.8
2026-02-19T09:45:00.000-05:00,[KLB] 9:45 ▲ RNG range break vol=4.2x
2026-02-19T10:05:00.000-05:00,[KLB] 10:05 ▲ ~ ~ ORB H vol=2.1x pos=^79 vwap=above ema=bull rs=+0.5% adx=26 body=59% ramp=0.7x rangeATR=1.8 O641.24 H643.63 L640.66 C643 ATR=21.21 SL=640.88/639.82 rawVol=23455 volSMA=11167 buf=1.06 prices=
2026-02-19T10:15:00.000-05:00,[KLB] 10:15 ▲ ~ ~ ORB H vol=1.5x pos=^100 vwap=above ema=bull rs=+0.6% adx=27 body=51% ramp=0.9x rangeATR=1.5 O641.58 H642.88 L640.31 C642.88 ATR=21.21 SL=640.76/639.7 rawVol=19681 volSMA=13091 buf=1.06 prices=
2026-02-19T10:25:00.000-05:00,[KLB] 10:25 ▲ ~ ~ VWAP + ~ PM H + ~ Yest H vol=1.7x pos=^59 vwap=above ema=bull rs=+0.6% adx=28 body=39% ramp=1.1x rangeATR=1.3 O643 H644.88 L642.53 C643.91 ATR=21.21 SL=641.79/640.73 rawVol=26403 volSMA=15636 buf=1.06 prices=
2026-02-19T10:35:00.000-05:00,[KLB] 10:35 ▲ ~ ~ PM H + ~ Yest H vol=2x pos=^89 vwap=above ema=bull rs=+0.7% adx=30 body=80% ramp=1.2x rangeATR=1.6 O642.63 H645.3 L642.36 C644.98 ATR=21.21 SL=642.86/641.8 rawVol=36827 volSMA=18140 buf=1.06 prices=
2026-02-19T10:50:00.000-05:00,[KLB] 10:50 ▲ ~ ~ PM H + ~ Yest H + ~ ORB H vol=1.1x pos=^100 vwap=above ema=bull rs=+0.5% adx=31 body=82% ramp=0.7x rangeATR=1.1 ⚠ O641.96 H643.6 L641.59 C643.6 ATR=21.21 SL=641.48/640.42 rawVol=22683 volSMA=20429 buf=1.06 prices=
2026-02-19T11:00:00.000-05:00,[KLB] 11:00 ▲ ~ ~ PM H + ~ Yest H vol=0.3x pos=^80 vwap=above ema=bull rs=+0.6% adx=31 body=69% ramp=0.6x rangeATR=1 O642.46 H644.2 L642.23 C643.81 ATR=21.21 SL=641.69/640.63 rawVol=6527 volSMA=21379 buf=1.06 prices=
2026-02-19T11:15:00.000-05:00,[KLB] 11:15 ▲ ~ ~ Yest H vol=0.6x pos=^78 vwap=above ema=bull rs=+0.7% adx=32 body=38% ramp=0.8x rangeATR=0.8 O643.61 H644.45 L643.05 C644.14 ATR=21.21 SL=642.02/640.96 rawVol=12213 volSMA=19973 buf=1.06 prices=
2026-02-19T11:50:00.000-05:00,[KLB] 11:50 ▲ ~ ~ PM H vol=0.5x pos=^42 vwap=above ema=bull rs=+0.9% adx=32 body=30% ramp=0.7x rangeATR=0.6 O643.39 H644.29 L643.27 C643.7 ATR=21.21 SL=641.58/640.52 rawVol=9479 volSMA=17869 buf=1.06 prices=
2026-02-19T11:55:00.000-05:00,[KLB] 11:55 ▲ ~ ~ PM H + ~ Yest H vol=1.4x pos=^97 vwap=above ema=bull rs=+1% adx=31 body=58% ramp=1.2x rangeATR=1.6 O643.63 H645.36 L642.51 C645.28 ATR=21.21 SL=643.16/642.1 rawVol=25076 volSMA=18139 buf=1.06 prices=
2026-02-19T13:10:00.000-05:00,[KLB] 13:10 ▲ ~ ~ PM H + ~ Yest H vol=1.8x pos=^72 vwap=above ema=bull rs=+1.1% adx=27 body=60% ramp=1.3x rangeATR=1 O643.38 H644.71 L643.2 C644.29 ATR=21.21 SL=642.17/641.11 rawVol=19044 volSMA=10541 buf=1.06 prices=
2026-02-19T14:50:00.000-05:00,[KLB] 14:50 ▼ ~ x~ PM H + x~ Yest H vol=0.7x pos=v50 vwap=below ema=bull rs=+0.9% adx=18 body=16% ramp=1.8x rangeATR=1.2 O643.02 H643.5 L642.11 C642.8 ATR=21.21 SL=644.92/645.98 rawVol=5094 volSMA=7299 buf=1.06 prices=643.91/645
2026-02-20T09:30:00.000-05:00,[KLB] 9:30 ▼ ~ ~ VWAP vol=0.7x pos=v75 vwap=below ema=bear rs=-0.3% adx=30 body=34% ramp=2.3x rangeATR=3.5 ⚡ O640.75 H641.99 L639 C639.74 ATR=20.44 SL=641.78/642.81 rawVol=304 volSMA=452 buf=1.022 prices=
2026-02-20T09:35:00.000-05:00,[KLB] 9:35 ▲ RNG range break vol=16.2x
2026-02-20T09:35:00.000-05:00,[KLB] 9:35 ▲ ~ ~ PM L + ~ PD LH L + ~ Today O vol=16.2x pos=^98 vwap=above ema=bear rs=+0.6% adx=30 body=85% ramp=21.6x rangeATR=4.9 ⚡ ⚠ O639.46 H644.71 L638.71 C644.58 ATR=20.44 SL=642.54/641.51 rawVol=38894 volSMA=2396 buf=1.022 prices=639
2026-02-20T09:40:00.000-05:00,[KLB] 9:40 ▲ ~ ~ PD Cls + ~ Yest H vol=10.1x pos=^60 vwap=above ema=bear rs=+0.9% adx=31 body=46% ramp=44.9x rangeATR=2.9 ⚡ O644.71 H648.27 L644.15 C646.61 ATR=20.44 SL=644.56/643.54 rawVol=48386 volSMA=4814 buf=1.022 prices=
2026-02-20T09:45:00.000-05:00,[KLB] 9:45 ▲ ~ ~ PM H vol=7.4x pos=^66 vwap=above ema=bear rs=+1% adx=33 body=53% ramp=70.7x rangeATR=2.2 ⚡ O646.77 H649.81 L646.32 C648.62 ATR=20.44 SL=646.58/645.55 rawVol=34568 volSMA=6542 buf=1.022 prices=
2026-02-20T09:50:00.000-05:00,[KLB] 9:50 ▲ ~ ~ VWAP vol=7.4x pos=^73 vwap=above ema=bull rs=+1.4% adx=34 body=56% ramp=4x rangeATR=2 ⚡ O648.68 H651.53 L648.06 C650.61 ATR=20.44 SL=648.57/647.54 rawVol=76056 volSMA=10287 buf=1.022 prices=
2026-02-23T09:35:00.000-05:00,[KLB] 9:35 ▲ RNG range break vol=15.5x
2026-02-23T09:40:00.000-05:00,[KLB] 9:40 ▼ BRK PD LH L vol=6.5x pos=v65 vwap=above ema=bear rs=-0.2% adx=25 body=52% ramp=19.5x rangeATR=3 ⚡ O654.59 H655.11 L651.28 C652.61 ATR=20.73 SL=654.68/655.72 rawVol=33167 volSMA=5120 buf=1.037 prices=
2026-02-23T09:40:00.000-05:00,[KLB] CONF 9:40 ▼ BRK → ✓ (auto-R1: EMA)
2026-02-23T09:45:00.000-05:00,[KLB] 9:45 ▼ RNG range break vol=5.1x
2026-02-23T09:45:00.000-05:00,[KLB] 9:45 ▼ BRK PM L + ORB L vol=5.1x pos=v99 vwap=below ema=bear rs=-0.6% adx=25 body=99% ramp=37.7x rangeATR=3.1 ⚡ ⚠ O653.02 H653.02 L648.26 C648.3 ATR=20.73 SL=650.37/651.41 rawVol=29435 volSMA=6540 buf=1.037 prices=649.44/651.33
2026-02-23T09:45:00.000-05:00,[KLB] 9:45 ▼ ~ ~ VWAP vol=5.1x pos=v99 vwap=below ema=bear rs=-0.6% adx=25 body=99% ramp=37.7x rangeATR=3.1 ⚡ ⚠ O653.02 H653.02 L648.26 C648.3 ATR=20.73 SL=650.37/651.41 rawVol=29435 volSMA=6540 buf=1.037 prices=
2026-02-23T09:45:00.000-05:00,[KLB] CONF 9:45 ▼ BRK → ✓ (auto-R1: EMA)
2026-02-23T09:50:00.000-05:00,[KLB] 5m CHECK 9:50 ▼ pnl=-0.07 SPY~ → HOLD
2026-02-23T15:00:00.000-05:00,[KLB] 15:00 ▼ BRK Yest L + Week O vol=1.5x pos=v100 vwap=below ema=bear rs=-1.3% adx=34 body=89% ramp=1.2x rangeATR=1.2 ⚠ O638.75 H638.89 L637.67 C637.67 ATR=20.73 SL=639.74/640.78 rawVol=16810 volSMA=11089 buf=1.037 prices=638.78
2026-02-23T15:00:00.000-05:00,[KLB] CONF 15:00 ▼ BRK → ✓ (auto-R1: EMA)
2026-02-23T15:05:00.000-05:00,[KLB] 5m CHECK 15:05 ▼ pnl=0.04 SPY✓ → HOLD
2026-02-24T09:35:00.000-05:00,[KLB] 9:35 ▼ RNG range break vol=16.8x
2026-02-24T09:35:00.000-05:00,[KLB] 9:35 ▼ BRK PM L vol=16.8x pos=v48 vwap=below ema=bear rs=0% adx=22 body=36% ramp=69.2x rangeATR=3.5 ⚡ O633.39 H633.95 L629.36 C631.73 ATR=20.8 SL=633.81/634.85 rawVol=59055 volSMA=3512 buf=1.04 prices=631.81
2026-02-24T09:35:00.000-05:00,[KLB] CONF 9:35 ▼ BRK → ✓ (auto-R1: EMA)
2026-02-24T09:40:00.000-05:00,[KLB] 9:40 ▲ ~ ~ PM L + ~ ORB H vol=6.7x pos=^95 vwap=above ema=bear rs=+0.2% adx=24 body=66% ramp=91x rangeATR=2.7 ⚡ O631.73 H634.68 L630.48 C634.49 ATR=20.8 SL=632.41/631.37 rawVol=35129 volSMA=5254 buf=1.04 prices=631.81
2026-02-24T09:40:00.000-05:00,[KLB] 5m CHECK 9:40 ▼ pnl=-0.13 SPY~ → BAIL
2026-02-24T09:45:00.000-05:00,[KLB] 9:45 ▲ RNG range break vol=5.3x
2026-02-24T09:45:00.000-05:00,"[KLB] 9:45 ▲ ~ ~ Yest L
~ VWAP + ~ PD LH L + ~ PD Cls vol=5.3x pos=^93 vwap=above ema=bear rs=+0.4% adx=22 body=85% ramp=54.1x rangeATR=2.3 ⚡ ⚠ O634.5 H638.07 L634.19 C637.79 ATR=20.8 SL=635.71/634.67 rawVol=29363 volSMA=6643 buf=1.04 prices=636"
2026-02-24T09:55:00.000-05:00,[KLB] 9:55 ▼ FADE at 636
2026-02-24T09:55:00.000-05:00,[KLB] 9:55 ▼ BRK Yest L + PD LH L vol=2.4x pos=v85 vwap=above ema=bear rs=-0.2% adx=21 body=83% ramp=0.7x rangeATR=1.7 ⚠ O636.81 H636.86 L633.61 C634.11 ATR=20.8 SL=636.19/637.23 rawVol=20161 volSMA=8668 buf=1.04 prices=636
2026-02-24T09:55:00.000-05:00,[KLB] CONF 9:55 ▼ BRK → ✓ (auto-R1: EMA)
2026-02-24T10:00:00.000-05:00,[KLB] 10:00 ▼ BRK PM L vol=3.2x pos=v88 vwap=below ema=bear rs=-0.5% adx=22 body=88% ramp=0.6x rangeATR=1.8 ⚠ O634 H634 L630.37 C630.81 ATR=20.8 SL=632.89/633.93 rawVol=32723 volSMA=10286 buf=1.04 prices=631.81
2026-02-24T10:00:00.000-05:00,"[KLB] 10:00 ▼ ~ ~ ORB H
~ VWAP vol=3.2x pos=v88 vwap=below ema=bear rs=-0.5% adx=22 body=88% ramp=0.6x rangeATR=1.8 ⚠ O634 H634 L630.37 C630.81 ATR=20.8 SL=632.89/633.93 rawVol=32723 volSMA=10286 buf=1.04 prices=633.95"
2026-02-24T10:00:00.000-05:00,[KLB] CONF 10:00 ▼ BRK → ✓ (auto-R1: EMA)
2026-02-24T10:05:00.000-05:00,[KLB] 5m CHECK 10:05 ▼ pnl=0.07 SPY~ → HOLD
2026-02-24T13:55:00.000-05:00,[KLB] 13:55 ▲ BRK Week O vol=1.6x pos=^87 vwap=above ema=bull rs=+0.4% adx=21 body=78% ramp=1.8x rangeATR=0.8 O640.31 H641.03 L640.23 C640.93 ATR=20.8 SL=638.85/637.81 rawVol=16102 volSMA=10377 buf=1.04 prices=
2026-02-24T13:55:00.000-05:00,[KLB] CONF 13:55 ▲ BRK → ✓ (auto-R1: EMA)
2026-02-24T14:00:00.000-05:00,[KLB] 5m CHECK 14:00 ▲ pnl=-0.03 SPY✓ → HOLD
2026-02-25T09:30:00.000-05:00,[KLB] 9:30 ▲ RNG range break vol=3.3x
2026-02-25T09:30:00.000-05:00,[KLB] 9:30 ▲ ~ ~ Today O vol=3.3x pos=^100 vwap=below ema=bull rs=+0.5% adx=21 body=44% ramp=2.7x rangeATR=5.2 ⚡ O641.7 H643 L640.03 C643 ATR=20.18 SL=640.98/639.97 rawVol=1405 volSMA=429 buf=1.009 prices=
2026-02-25T09:50:00.000-05:00,[KLB] 9:50 ▲ ~ ~ VWAP vol=5.9x pos=^97 vwap=above ema=bull rs=+0.9% adx=26 body=92% ramp=2.4x rangeATR=3.2 ⚡ ⚠ O645.7 H649.64 L645.53 C649.5 ATR=20.18 SL=647.48/646.47 rawVol=56650 volSMA=9593 buf=1.009 prices=
2026-02-26T09:35:00.000-05:00,[KLB] 9:35 ▲ RNG range break vol=15.8x
2026-02-26T09:35:00.000-05:00,[KLB] 9:35 ▲ ~ ~ PM L + ~ PD LH L + ~ Today O + ~ PM H vol=15.8x pos=^89 vwap=above ema=bull rs=+0.6% adx=22 body=43% ramp=25.6x rangeATR=6.6 ⚡ O650.55 H653.89 L647.7 C653.23 ATR=19.78 SL=651.25/650.26 rawVol=47781 volSMA=3028 buf=0.989 prices=647.8
2026-02-26T09:40:00.000-05:00,[KLB] 9:40 ▲ ~ ~ PD Cls + ~ PM H + ~ Yest H + ~ ORB H vol=9.5x pos=^85 vwap=above ema=bull rs=+1% adx=24 body=44% ramp=45.8x rangeATR=4.8 ⚡ O653.45 H657.14 L650.89 C656.18 ATR=19.78 SL=654.2/653.21 rawVol=54333 volSMA=5729 buf=0.989 prices=
2026-02-26T09:45:00.000-05:00,[KLB] 9:45 ▲ ~ ~ VWAP vol=9.3x pos=^99 vwap=above ema=bull rs=+1.8% adx=27 body=82% ramp=44.7x rangeATR=3.5 ⚡ ⚠ O656.21 H660.83 L655.24 C660.79 ATR=19.78 SL=658.81/657.82 rawVol=100420 volSMA=10747 buf=0.989 prices=
2026-02-26T10:30:00.000-05:00,[KLB] 10:30 ▼ ~ x~ PM H vol=0.8x pos=v52 vwap=below ema=bull rs=+1.2% adx=28 body=29% ramp=0.9x rangeATR=1.2 O651.66 H652.25 L649.68 C650.92 ATR=19.78 SL=652.9/653.89 rawVol=16966 volSMA=21972 buf=0.989 prices=652
2026-02-26T10:55:00.000-05:00,[KLB] 10:55 ▲ FADE at 652
2026-02-27T09:30:00.000-05:00,[KLB] 9:30 ▼ RNG range break vol=5.3x
2026-02-27T09:30:00.000-05:00,[KLB] 9:30 ▼ ~ ~ VWAP + ~ Today O vol=5.3x pos=v75 vwap=below ema=bear rs=-1% adx=48 body=75% ramp=3.3x rangeATR=3.6 ⚡ O646.5 H646.5 L642.02 C643.16 ATR=19.33 SL=645.09/646.06 rawVol=3686 volSMA=693 buf=0.967 prices=
2026-02-27T09:35:00.000-05:00,[KLB] 9:35 ▲ ~ ~ PM L vol=18x pos=^64 vwap=above ema=bear rs=+0.4% adx=46 body=40% ramp=101.4x rangeATR=4.5 ⚡ O643.45 H649.33 L641.55 C646.53 ATR=19.33 SL=644.6/643.63 rawVol=127296 volSMA=7057 buf=0.967 prices=642.02
2026-03-02T09:35:00.000-05:00,[KLB] 9:35 ▲ RNG range break vol=15.4x
2026-03-02T09:35:00.000-05:00,"[KLB] 9:35 ▲ ~ ~ Yest L
~ VWAP + ~ PD LH L + ~ Today O + ~ PM H vol=15.4x pos=^97 vwap=above ema=bear rs=+0.8% adx=21 body=72% ramp=15.1x rangeATR=5.5 ⚡ O637.17 H645.12 L634.63 C644.77 ATR=19.3 SL=642.84/641.87 rawVol=60566 volSMA=3945 buf=0.965 prices=638.12"
2026-03-02T09:45:00.000-05:00,[KLB] 9:45 ▲ ~ ~ PD Cls + ~ Yest H + ~ ORB H vol=7x pos=^88 vwap=above ema=bull rs=+1.5% adx=25 body=87% ramp=22.9x rangeATR=2.6 ⚡ ⚠ O644.53 H650.36 L644.43 C649.67 ATR=19.3 SL=647.74/646.77 rawVol=66265 volSMA=9402 buf=0.965 prices=
2026-03-02T10:00:00.000-05:00,[KLB] 10:00 ▲ ~ ~ Yest H vol=1.8x pos=^91 vwap=above ema=bull rs=+1.2% adx=28 body=83% ramp=0.4x rangeATR=0.8 ⚠ 🔇 O646.76 H648.75 L646.6 C648.55 ATR=19.3 SL=646.62/645.65 rawVol=21623 volSMA=12302 buf=0.965 prices=
2026-03-02T10:15:00.000-05:00,[KLB] 10:15 ▲ ~ ~ Yest H vol=1.6x pos=^91 vwap=above ema=bull rs=+1.1% adx=30 body=91% ramp=0.8x rangeATR=1.1 ⚠ O647.17 H650.17 L647.17 C649.89 ATR=19.3 SL=647.96/646.99 rawVol=23815 volSMA=14795 buf=0.965 prices=
2026-03-02T10:25:00.000-05:00,[KLB] 10:25 ▲ BRK Week O vol=2.3x pos=^81 vwap=above ema=bull rs=+1.8% adx=32 body=53% ramp=1.9x rangeATR=1.3 O651.6 H654.27 L650.57 C653.55 ATR=19.3 SL=651.62/650.65 rawVol=29096 volSMA=18353 buf=0.965 prices=
2026-03-02T10:25:00.000-05:00,[KLB] CONF 10:25 ▲ BRK → ✓ (auto-R1: EMA)
2026-03-02T10:30:00.000-05:00,[KLB] 5m CHECK 10:30 ▲ pnl=-0.08 SPY✓ → HOLD
2026-03-03T09:30:00.000-05:00,[KLB] 9:30 ▲ ~ ~ Today O + ~ PM H vol=2.8x pos=^100 vwap=above ema=bear rs=-1.6% adx=25 body=100% ramp=4.9x rangeATR=4.1 ⚡ ⚠ O643 H649 L643 C649 ATR=19.74 SL=647.03/646.04 rawVol=2466 volSMA=879 buf=0.987 prices=
2026-03-03T09:35:00.000-05:00,[KLB] 9:35 ▲ RNG range break vol=15.9x
2026-03-03T09:35:00.000-05:00,[KLB] 9:35 ▲ ~ ~ VWAP + ~ PM H vol=15.9x pos=^51 vwap=above ema=bull rs=+0.5% adx=28 body=31% ramp=18.7x rangeATR=4.9 ⚡ O647.52 H655.88 L645.38 C650.78 ATR=19.74 SL=648.81/647.82 rawVol=64968 volSMA=4095 buf=0.987 prices=
2026-03-03T09:45:00.000-05:00,[KLB] 9:45 ▲ ~ ~ PM H vol=3.4x pos=^86 vwap=above ema=bull rs=+0.7% adx=34 body=85% ramp=21.2x rangeATR=1.5 ⚠ O648 H651.51 L647.96 C651.02 ATR=19.74 SL=649.05/648.06 rawVol=24566 volSMA=7233 buf=0.987 prices=
2026-03-03T09:50:00.000-05:00,[KLB] 9:50 ▼ FADE at 653.56
2026-03-03T09:50:00.000-05:00,[KLB] 9:50 ▼ ~ ~ PD Cls vol=2.9x pos=v94 vwap=below ema=bull rs=+0.1% adx=38 body=53% ramp=1.3x rangeATR=2.8 ⚡ O650.87 H654 L646.34 C646.79 ATR=19.74 SL=648.76/649.75 rawVol=24466 volSMA=8429 buf=0.987 prices=
2026-03-03T11:15:00.000-05:00,[KLB] 11:15 ▲ ~ ~ PM H vol=0.6x pos=^77 vwap=above ema=bull rs=+0.1% adx=33 body=37% ramp=0.9x rangeATR=0.7 O648.44 H649.67 L647.62 C649.2 ATR=19.74 SL=647.23/646.24 rawVol=7205 volSMA=21472 buf=0.987 prices=
2026-03-03T11:25:00.000-05:00,[KLB] 11:25 ▲ ~ ~ PD LH L vol=1x pos=^99 vwap=above ema=bull rs=+0.4% adx=35 body=82% ramp=1.2x rangeATR=1 ⚠ O650.18 H652.46 L649.72 C652.43 ATR=19.74 SL=650.46/649.47 rawVol=15137 volSMA=20114 buf=0.987 prices=
2026-03-03T11:50:00.000-05:00,[KLB] 11:50 ▲ ~ ~ Yest H vol=0.7x pos=^76 vwap=above ema=bull rs=+0.5% adx=38 body=68% ramp=0.6x rangeATR=1.2 O652.11 H654.86 L651.87 C654.15 ATR=19.74 SL=652.18/651.19 rawVol=12152 volSMA=17131 buf=0.987 prices=
2026-03-03T12:05:00.000-05:00,[KLB] 12:05 ▲ ~ ~ Yest H vol=0.6x pos=^100 vwap=above ema=bull rs=+0.5% adx=37 body=55% ramp=0.8x rangeATR=1 O652.42 H653.68 L651.38 C653.68 ATR=19.74 SL=651.71/650.72 rawVol=8270 volSMA=14875 buf=0.987 prices=
2026-03-03T12:45:00.000-05:00,[KLB] 12:45 ▲ ~ ~ PD LH L vol=1.7x pos=^93 vwap=above ema=bull rs=+0% adx=29 body=86% ramp=2.9x rangeATR=1.1 ⚠ O649.52 H651.66 L649.35 C651.5 ATR=19.74 SL=649.53/648.54 rawVol=18996 volSMA=11286 buf=0.987 prices=
2026-03-03T13:00:00.000-05:00,[KLB] 13:00 ▲ ~ ~ PM H vol=0.5x pos=^81 vwap=above ema=bull rs=-0.2% adx=24 body=69% ramp=0.6x rangeATR=0.6 O648.3 H649.38 L648.14 C649.15 ATR=19.74 SL=647.18/646.19 rawVol=4860 volSMA=10654 buf=0.987 prices=
2026-03-03T13:20:00.000-05:00,[KLB] 13:20 ▲ ~ ~ Yest H vol=2.7x pos=^76 vwap=above ema=bull rs=+0.3% adx=23 body=69% ramp=2.1x rangeATR=0.8 O652.49 H653.96 L652.38 C653.58 ATR=19.74 SL=651.61/650.62 rawVol=28642 volSMA=10508 buf=0.987 prices=
2026-03-03T13:25:00.000-05:00,[KLB] 13:25 ▲ ~ ~ Yest H vol=2.6x pos=^79 vwap=above ema=bull rs=+0.3% adx=24 body=77% ramp=2.8x rangeATR=0.9 O653.53 H655.25 L653.49 C654.88 ATR=19.74 SL=652.91/651.92 rawVol=17681 volSMA=10865 buf=0.987 prices=
2026-03-03T13:35:00.000-05:00,[KLB] 13:35 ▲ ~ ~ ORB H vol=1.6x pos=^85 vwap=above ema=bull rs=+0.4% adx=26 body=56% ramp=0.9x rangeATR=1 O655.09 H656.55 L654.5 C656.24 ATR=19.74 SL=654.26/653.27 rawVol=17849 volSMA=11398 buf=0.987 prices=
2026-03-03T14:20:00.000-05:00,[KLB] 14:20 ▲ ~ ~ ORB H vol=0.4x pos=^65 vwap=above ema=bull rs=+0.3% adx=28 body=47% ramp=0.7x rangeATR=0.8 O655.14 H656.22 L654.91 C655.76 ATR=19.74 SL=653.79/652.8 rawVol=4885 volSMA=13275 buf=0.987 prices=
2026-03-03T14:40:00.000-05:00,[KLB] 14:40 ▲ ~ ~ Yest H + ~ ORB H vol=0.9x pos=^60 vwap=above ema=bull rs=+0.2% adx=23 body=46% ramp=1.1x rangeATR=1.8 O653.9 H656.5 L653.51 C655.29 ATR=19.74 SL=653.32/652.33 rawVol=11189 volSMA=12271 buf=0.987 prices=
2026-03-03T14:45:00.000-05:00,[KLB] 14:45 ▲ ~ ~ ORB H vol=0.9x pos=^83 vwap=above ema=bull rs=+0.3% adx=22 body=64% ramp=1.7x rangeATR=0.9 O655.56 H656.82 L655.27 C656.55 ATR=19.74 SL=654.58/653.59 rawVol=7549 volSMA=12361 buf=0.987 prices=
2026-03-04T09:35:00.000-05:00,[KLB] 9:35 ▲ RNG range break vol=16.3x
2026-03-04T09:35:00.000-05:00,[KLB] 9:35 ▲ ~ ~ VWAP + ~ Today O + ~ PM H + ~ Week H vol=16.3x pos=^94 vwap=above ema=bull rs=+0.8% adx=25 body=87% ramp=99.1x rangeATR=4.7 ⚡ ⚠ O658.45 H664.78 L657.96 C664.36 ATR=19.77 SL=662.38/661.39 rawVol=75621 volSMA=4647 buf=0.989 prices=
2026-03-04T09:40:00.000-05:00,[KLB] 9:40 ▼ ~ ~ ORB H vol=7.1x pos=v93 vwap=below ema=bull rs=+0.5% adx=27 body=75% ramp=67.4x rangeATR=2.8 ⚡ O664.49 H665.35 L660.51 C660.85 ATR=19.77 SL=662.83/663.82 rawVol=51258 volSMA=7206 buf=0.989 prices=664.78
2026-03-04T09:45:00.000-05:00,[KLB] 9:45 ▼ ~ x~ Week H vol=5.6x pos=v82 vwap=below ema=bull rs=+0.4% adx=28 body=24% ramp=72.2x rangeATR=2 ⚡ O660.4 H662.59 L658.83 C659.5 ATR=19.77 SL=661.48/662.47 rawVol=41238 volSMA=9213 buf=0.989 prices=661
2026-03-04T09:55:00.000-05:00,[KLB] 9:55 ▲ FADE at 661
2026-03-04T09:55:00.000-05:00,[KLB] 9:55 ▲ ~ ~ Week H + ~ ORB H vol=3.2x pos=^97 vwap=above ema=bull rs=+1% adx=29 body=67% ramp=0.9x rangeATR=2.5 ⚡ O660.94 H664.69 L659.3 C664.54 ATR=19.77 SL=662.56/661.57 rawVol=42025 volSMA=13046 buf=0.989 prices=
2026-03-05T09:35:00.000-05:00,[KLB] 9:35 ▲ RNG range break vol=16.3x
2026-03-05T10:00:00.000-05:00,[KLB] 10:00 ▲ ~ ~ VWAP + ~ Yest H + ~ ORB H vol=1.8x pos=^100 vwap=above ema=bull rs=+0.6% adx=22 body=56% ramp=0.4x rangeATR=1.4 🔇 O666.98 H668.64 L665.66 C668.64 ATR=19.62 SL=666.68/665.7 rawVol=22079 volSMA=12230 buf=0.981 prices=
2026-03-05T11:05:00.000-05:00,[KLB] 11:05 ▼ ~ ~ Week H vol=0.6x pos=v100 vwap=below ema=bear rs=-0.2% adx=20 body=80% ramp=0.9x rangeATR=1.1 O661.31 H661.76 L659.47 C659.48 ATR=19.62 SL=661.44/662.42 rawVol=14458 volSMA=26241 buf=0.981 prices=661
2026-03-05T11:50:00.000-05:00,[KLB] 11:50 ▼ ~ ~ Week H vol=0.6x pos=v100 vwap=below ema=bear rs=-0.3% adx=22 body=31% ramp=1x rangeATR=0.8 O659.34 H660.43 L658.85 C658.85 ATR=19.62 SL=660.81/661.79 rawVol=11373 volSMA=18360 buf=0.981 prices=661
2026-03-05T13:55:00.000-05:00,[KLB] 13:55 ▼ BRK Week O vol=2.1x pos=v88 vwap=below ema=bear rs=-0.8% adx=23 body=88% ramp=1.2x rangeATR=1.3 ⚠ O652.76 H652.76 L650.34 C650.63 ATR=19.62 SL=652.59/653.57 rawVol=12064 volSMA=13579 buf=0.981 prices=
2026-03-05T13:55:00.000-05:00,[KLB] CONF 13:55 ▼ BRK → ✓ (auto-R1: EMA)
2026-03-05T14:00:00.000-05:00,[KLB] 5m CHECK 14:00 ▼ pnl=-0.06 SPY✓ → HOLD
2026-03-06T09:30:00.000-05:00,[KLB] 9:30 ▼ BRK Yest L vol=1.5x pos=v58 vwap=above ema=bear rs=-1.2% adx=40 body=46% ramp=0.7x rangeATR=2.8 ⚡ O649.85 H650.36 L646.36 C648.03 ATR=19.68 SL=650/650.98 rawVol=1566 volSMA=1024 buf=0.984 prices=650.31
2026-03-06T09:30:00.000-05:00,[KLB] CONF 9:30 ▼ BRK → ✓ (auto-R1: EMA)
2026-03-06T09:35:00.000-05:00,[KLB] 9:35 ▼ RNG range break vol=17.6x
2026-03-06T09:35:00.000-05:00,[KLB] 9:35 ▼ BRK PM L vol=17.6x pos=v96 vwap=below ema=bear rs=-1.3% adx=43 body=95% ramp=39.1x rangeATR=5.1 ⚡ ⚠ O648.14 H648.26 L637.83 C638.23 ATR=19.68 SL=640.2/641.18 rawVol=148974 volSMA=8457 buf=0.984 prices=646.36
2026-03-06T09:35:00.000-05:00,[KLB] 9:35 ▼ ~ ~ VWAP + ~ Today O vol=17.6x pos=v96 vwap=below ema=bear rs=-1.3% adx=43 body=95% ramp=39.1x rangeATR=5.1 ⚡ ⚠ O648.14 H648.26 L637.83 C638.23 ATR=19.68 SL=640.2/641.18 rawVol=148974 volSMA=8457 buf=0.984 prices=
2026-03-06T09:35:00.000-05:00,[KLB] CONF 9:35 ▼ BRK → ✓ (auto-R1: EMA)
2026-03-06T09:40:00.000-05:00,[KLB] 5m CHECK 9:40 ▼ pnl=-0.1 SPY✓ → HOLD
