Date,Message
2025-09-29T09:30:00.000-04:00,[KLB] 9:30 ▼ RNG range break vol=4x
2025-09-29T09:30:00.000-04:00,[KLB] 9:30 ▼ ~ ~ PD Cls vol=4x pos=v73 vwap=above ema=bull rs=+0.4% adx=24 body=64% ramp=1.1x rangeATR=4.6 ⚡ O255.44 H255.57 L254.25 C254.6 ATR=5.06 SL=255.11/255.36 rawVol=9132 volSMA=2309 buf=0.253 prices=
2025-09-29T09:35:00.000-04:00,[KLB] 9:35 ▼ ~ ~ Today O vol=15.8x pos=v93 vwap=below ema=bull rs=-0.4% adx=26 body=78% ramp=66.4x rangeATR=3.7 ⚡ O254.65 H254.84 L253.5 C253.6 ATR=5.06 SL=254.11/254.36 rawVol=161993 volSMA=10280 buf=0.253 prices=
2025-09-29T09:40:00.000-04:00,[KLB] 9:40 ▼ BRK PM L + ORB L vol=9.9x pos=v55 vwap=below ema=bear rs=-0.4% adx=28 body=45% ramp=145.8x rangeATR=1.7 O253.61 H253.68 L253.01 C253.31 ATR=5.06 SL=253.82/254.07 rawVol=126692 volSMA=16413 buf=0.253 prices=253.66/253.5
2025-09-29T09:40:00.000-04:00,[KLB] 9:40 ▼ ~ ~ VWAP vol=9.9x pos=v55 vwap=below ema=bear rs=-0.4% adx=28 body=45% ramp=145.8x rangeATR=1.7 O253.61 H253.68 L253.01 C253.31 ATR=5.06 SL=253.82/254.07 rawVol=126692 volSMA=16413 buf=0.253 prices=
2025-09-29T09:40:00.000-04:00,[KLB] CONF 9:40 ▼ BRK → ✓ (auto-R1: EMA)
2025-09-29T09:45:00.000-04:00,[KLB] 9:45 ▲ ~ ~ PM L vol=4.1x pos=^88 vwap=above ema=bear rs=-0.2% adx=29 body=80% ramp=37.2x rangeATR=2 ⚠ O253.32 H254.07 L253.26 C253.97 ATR=5.06 SL=253.46/253.21 rawVol=84077 volSMA=20451 buf=0.253 prices=253.66
2025-09-29T09:45:00.000-04:00,[KLB] 5m CHECK 9:45 ▼ pnl=-0.13 SPY~ → BAIL
2025-09-29T10:05:00.000-04:00,[KLB] 10:05 ▼ FADE at 253.66
2025-09-29T10:05:00.000-04:00,[KLB] 10:05 ▼ BRK PM L + Yest L vol=2.1x pos=v59 vwap=below ema=bear rs=-0.4% adx=32 body=34% ramp=0.7x rangeATR=1.4 O253.73 H253.88 L253.27 C253.52 ATR=5.06 SL=254.03/254.28 rawVol=74060 volSMA=35837 buf=0.253 prices=253.66/253.78
2025-09-29T10:05:00.000-04:00,[KLB] CONF 10:05 ▼ BRK → ✓ (auto-R1: EMA)
2025-09-29T10:10:00.000-04:00,[KLB] 5m CHECK 10:10 ▼ pnl=-0.13 SPY~ → BAIL
2025-09-29T12:50:00.000-04:00,[KLB] 12:50 ▼ BRK PM L + Yest L vol=1.5x pos=v68 vwap=below ema=bear rs=-0.3% adx=27 body=53% ramp=1.4x rangeATR=0.7 O253.54 H253.57 L253.38 C253.44 ATR=5.06 SL=253.95/254.2 rawVol=45515 volSMA=29506 buf=0.253 prices=253.66/253.78
2025-09-29T12:50:00.000-04:00,[KLB] CONF 12:50 ▼ BRK → ✓ (auto-R1: EMA)
2025-09-29T12:55:00.000-04:00,[KLB] 5m CHECK 12:55 ▼ pnl=0.03 SPY~ → HOLD
2025-09-29T13:45:00.000-04:00,[KLB] 13:45 ▼ BRK ORB L vol=1.1x pos=v92 vwap=below ema=bear rs=-0.3% adx=26 body=85% ramp=1x rangeATR=1.3 ⚠ O253.46 H253.48 L253.19 C253.21 ATR=5.06 SL=253.72/253.97 rawVol=28836 volSMA=26446 buf=0.253 prices=253.5
2025-09-29T13:45:00.000-04:00,[KLB] CONF 13:45 ▼ BRK → ✓ (auto-R1: EMA)
2025-09-29T13:50:00.000-04:00,[KLB] 5m CHECK 13:50 ▼ pnl=-0.01 SPY~ → HOLD
2025-09-30T09:30:00.000-04:00,[KLB] 9:30 ▲ RNG range break vol=3.3x
2025-09-30T09:35:00.000-04:00,[KLB] 9:35 ▲ ~ ~ PM H + ~ Yest H vol=18.7x pos=^68 vwap=above ema=bull rs=+0.2% adx=20 body=35% ramp=54.6x rangeATR=4.4 ⚡ O254.88 H255.57 L254.54 C255.24 ATR=4.87 SL=254.75/254.51 rawVol=120509 volSMA=6437 buf=0.244 prices=
2025-09-30T09:40:00.000-04:00,[KLB] 9:40 ▼ ~ ~ PM H + ~ Yest H vol=10.6x pos=v91 vwap=below ema=bull rs=-0.1% adx=22 body=84% ramp=156.3x rangeATR=3.7 ⚡ ⚠ O255.22 H255.29 L254.21 C254.31 ATR=4.87 SL=254.8/255.04 rawVol=145916 volSMA=13712 buf=0.244 prices=254.92/255
2025-09-30T09:45:00.000-04:00,[KLB] 9:45 ▼ ~ x~ Yest H vol=8.3x pos=v59 vwap=below ema=bull rs=-0.2% adx=23 body=2% ramp=119.8x rangeATR=2.4 ⚡ O254.32 H254.77 L253.97 C254.3 ATR=4.87 SL=254.79/255.03 rawVol=75460 volSMA=17478 buf=0.244 prices=255
2025-09-30T09:50:00.000-04:00,[KLB] 9:50 ▲ FADE at 255
2025-09-30T09:50:00.000-04:00,[KLB] 9:50 ▲ ~ ~ Yest L + ~ PM H + ~ Yest H vol=3.3x pos=^98 vwap=above ema=bull rs=+0.2% adx=25 body=87% ramp=2.4x rangeATR=2.7 ⚡ ⚠ O254.33 H255.22 L254.22 C255.2 ATR=4.87 SL=254.71/254.47 rawVol=69290 volSMA=20938 buf=0.244 prices=253.01
2025-09-30T10:00:00.000-04:00,[KLB] 10:00 ▲ ~ ~ VWAP + ~ PM H + ~ ORB H vol=2.8x pos=^83 vwap=above ema=bull rs=+0.2% adx=29 body=77% ramp=0.7x rangeATR=2 O254.81 H255.63 L254.76 C255.48 ATR=4.87 SL=254.99/254.75 rawVol=81495 volSMA=28953 buf=0.244 prices=
2025-09-30T10:45:00.000-04:00,[KLB] 10:45 ▲ ~ ~ PM H vol=0.9x pos=^92 vwap=above ema=bull rs=+0.3% adx=28 body=76% ramp=1x rangeATR=1.4 O254.87 H255.39 L254.77 C255.34 ATR=4.87 SL=254.85/254.61 rawVol=43470 volSMA=50186 buf=0.244 prices=
2025-09-30T11:00:00.000-04:00,[KLB] 11:00 ▲ ~ ~ ORB H vol=0.6x pos=^100 vwap=above ema=bull rs=+0.2% adx=29 body=96% ramp=0.9x rangeATR=1 ⚠ O255.07 H255.51 L255.05 C255.51 ATR=4.87 SL=255.02/254.78 rawVol=31554 volSMA=55546 buf=0.244 prices=
2025-09-30T11:45:00.000-04:00,[KLB] 11:45 ▼ ~ x~ PM H + x~ Yest H vol=0.6x pos=v81 vwap=below ema=bull rs=+0% adx=20 body=27% ramp=0.6x rangeATR=0.9 O254.65 H254.85 L254.48 C254.55 ATR=4.87 SL=255.04/255.28 rawVol=21651 volSMA=36697 buf=0.244 prices=254.92/255
2025-09-30T11:50:00.000-04:00,[KLB] 11:50 ▼ ~ x~ Yest H vol=0.6x pos=v38 vwap=below ema=bull rs=-0.1% adx=19 body=8% ramp=0.5x rangeATR=0.6 O254.55 H254.63 L254.37 C254.53 ATR=4.87 SL=255.02/255.26 rawVol=21713 volSMA=35290 buf=0.244 prices=255
2025-09-30T12:05:00.000-04:00,[KLB] 12:05 ▼ ~ x~ PM H vol=0.3x pos=v61 vwap=below ema=bull rs=-0.1% adx=16 body=20% ramp=0.9x rangeATR=0.7 O254.67 H254.78 L254.51 C254.62 ATR=4.87 SL=255.1/255.35 rawVol=9423 volSMA=30620 buf=0.244 prices=254.92
2025-09-30T12:45:00.000-04:00,[KLB] 12:45 ▼ ~ x~ Yest H vol=0.8x pos=v40 vwap=below ema=bull rs=-0.3% adx=11 body=20% ramp=0.8x rangeATR=0.6 O254.52 H254.56 L254.36 C254.48 ATR=4.87 SL=254.97/255.21 rawVol=19132 volSMA=23417 buf=0.244 prices=255
2025-10-01T09:30:00.000-04:00,[KLB] 9:30 ▲ ~ ~ Today O + ~ PD Cls vol=4.1x pos=^94 vwap=below ema=bull rs=-0.4% adx=48 body=33% ramp=4.6x rangeATR=2.7 ⚡ O254.83 H255.15 L254.32 C255.1 ATR=4.73 SL=254.63/254.39 rawVol=13614 volSMA=3353 buf=0.236 prices=
2025-10-01T09:35:00.000-04:00,[KLB] 9:35 ▲ RNG range break vol=16.4x
2025-10-01T09:35:00.000-04:00,[KLB] 9:35 ▲ BRK Month O vol=16.4x pos=^84 vwap=below ema=bull rs=+0.4% adx=48 body=84% ramp=108.9x rangeATR=4.4 ⚡ ⚠ O254.93 H256.8 L254.93 C256.5 ATR=4.73 SL=256.03/255.79 rawVol=304154 volSMA=18507 buf=0.236 prices=
2025-10-01T09:35:00.000-04:00,[KLB] CONF 9:35 ▲ BRK → ✓ (auto-R1: EMA)
2025-10-01T09:40:00.000-04:00,[KLB] 9:40 ▲ ~ ~ VWAP + ~ Week H + ~ ORB H vol=9.4x pos=^68 vwap=above ema=bull rs=+0.9% adx=50 body=65% ramp=86.9x rangeATR=4.2 ⚡ O256.49 H258.77 L256.4 C258.02 ATR=4.73 SL=257.55/257.31 rawVol=327558 volSMA=34881 buf=0.236 prices=
2025-10-01T09:40:00.000-04:00,[KLB] 5m CHECK 9:40 ▲ pnl=0.32 SPY~ → HOLD
2025-10-01T10:05:00.000-04:00,[KLB] 10:05 ▼ ~ x~ ORB H vol=1.2x pos=v46 vwap=below ema=bull rs=+0.3% adx=43 body=6% ramp=0.4x rangeATR=1 🔇 O256.47 H256.75 L256.05 C256.43 ATR=4.73 SL=256.9/257.14 rawVol=76229 volSMA=63783 buf=0.236 prices=256.8
2025-10-01T10:20:00.000-04:00,[KLB] 10:20 ▲ FADE at 256.8
2025-10-01T10:20:00.000-04:00,[KLB] 10:20 ▲ ~ ~ ORB H vol=1.3x pos=^94 vwap=above ema=bull rs=+0.5% adx=37 body=93% ramp=0.9x rangeATR=1.4 ⚠ O255.97 H257.02 L255.95 C256.96 ATR=4.73 SL=256.49/256.25 rawVol=97519 volSMA=75452 buf=0.236 prices=
2025-10-02T09:35:00.000-04:00,[KLB] 9:35 ▼ ~ ~ Today O vol=17.2x pos=v93 vwap=above ema=bear rs=-0.2% adx=24 body=47% ramp=55x rangeATR=4.5 ⚡ O256.6 H257.28 L255.8 C255.9 ATR=4.69 SL=256.37/256.6 rawVol=190383 volSMA=11081 buf=0.234 prices=
2025-10-02T09:40:00.000-04:00,[KLB] 9:40 ▼ RNG range break vol=10.4x
2025-10-02T09:40:00.000-04:00,[KLB] 9:40 ▼ BRK PM L + Yest L + ORB L + PD LH L + Month O vol=10.4x pos=v96 vwap=below ema=bear rs=-0.7% adx=23 body=80% ramp=104.1x rangeATR=3.9 ⚡ ⚠ O255.88 H256.14 L254.49 C254.56 ATR=4.69 SL=255.03/255.26 rawVol=145398 volSMA=18292 buf=0.234 prices=255.44/254.93/255.8
2025-10-02T09:40:00.000-04:00,"[KLB] 9:40 ▼ ~ ~ Yest H
~ VWAP + ~ PD Cls vol=10.4x pos=v96 vwap=below ema=bear rs=-0.7% adx=23 body=80% ramp=104.1x rangeATR=3.9 ⚡ ⚠ O255.88 H256.14 L254.49 C254.56 ATR=4.69 SL=255.03/255.26 rawVol=145398 volSMA=18292 buf=0.234 prices=258.79"
2025-10-02T09:40:00.000-04:00,[KLB] CONF 9:40 ▼ BRK → ✓ (auto-R1: EMA)
2025-10-02T09:45:00.000-04:00,[KLB] 5m CHECK 9:45 ▼ pnl=-0.04 SPY~ → HOLD
2025-10-02T11:40:00.000-04:00,[KLB] 11:40 ▲ ~ ~ PM H + ~ ORB H vol=1.7x pos=^54 vwap=above ema=bull rs=+0.8% adx=23 body=49% ramp=2.8x rangeATR=1.2 O257.09 H257.67 L257.06 C257.39 ATR=4.69 SL=256.92/256.69 rawVol=82424 volSMA=49226 buf=0.234 prices=
2025-10-02T11:55:00.000-04:00,[KLB] 11:55 ▲ ~ ~ PM H + ~ ORB H vol=0.3x pos=^89 vwap=above ema=bull rs=+0.6% adx=27 body=86% ramp=0.4x rangeATR=0.7 ⚠ 🔇 O256.95 H257.29 L256.94 C257.25 ATR=4.69 SL=256.78/256.55 rawVol=15978 volSMA=46259 buf=0.234 prices=
2025-10-02T12:00:00.000-04:00,[KLB] 12:00 ▲ ~ ~ Week H vol=1.1x pos=^66 vwap=above ema=bull rs=+0.8% adx=28 body=66% ramp=0.7x rangeATR=1.4 O257.25 H257.98 L257.25 C257.73 ATR=4.69 SL=257.26/257.03 rawVol=50854 volSMA=46242 buf=0.234 prices=
2025-10-02T13:00:00.000-04:00,[KLB] 13:00 ▲ ~ ~ Week H vol=0.4x pos=^84 vwap=above ema=bull rs=+0.7% adx=30 body=38% ramp=0.6x rangeATR=0.8 O257.39 H257.56 L257.24 C257.51 ATR=4.69 SL=257.04/256.81 rawVol=16910 volSMA=38073 buf=0.234 prices=
2025-10-02T13:15:00.000-04:00,[KLB] 13:15 ▲ ~ ~ Week H vol=0.9x pos=^93 vwap=above ema=bull rs=+0.8% adx=30 body=87% ramp=1.5x rangeATR=1.2 ⚠ O257.38 H257.81 L257.35 C257.78 ATR=4.69 SL=257.31/257.08 rawVol=26472 volSMA=30755 buf=0.234 prices=
2025-10-02T13:35:00.000-04:00,[KLB] 13:35 ▲ ~ ~ Week H vol=1x pos=^86 vwap=above ema=bull rs=+0.6% adx=30 body=59% ramp=0.7x rangeATR=0.6 O257.39 H257.55 L257.33 C257.52 ATR=4.69 SL=257.05/256.82 rawVol=15741 volSMA=26107 buf=0.234 prices=
2025-10-02T14:05:00.000-04:00,[KLB] 14:05 ▲ ~ ~ PM H + ~ ORB H vol=1.5x pos=^71 vwap=above ema=bull rs=+0.5% adx=28 body=50% ramp=1.2x rangeATR=1.3 O257.12 H257.45 L257.03 C257.33 ATR=4.69 SL=256.86/256.63 rawVol=30686 volSMA=20038 buf=0.234 prices=
2025-10-02T14:20:00.000-04:00,[KLB] 14:20 ▲ ~ ~ Week H vol=0.7x pos=^89 vwap=above ema=bull rs=+0.5% adx=27 body=72% ramp=0.9x rangeATR=0.6 O257.37 H257.52 L257.34 C257.5 ATR=4.69 SL=257.03/256.8 rawVol=12856 volSMA=19979 buf=0.234 prices=
2025-10-03T09:35:00.000-04:00,[KLB] 9:35 ▲ RNG range break vol=13.4x
2025-10-03T09:35:00.000-04:00,"[KLB] 9:35 ▲ ~ ~ Yest L
~ VWAP + ~ Today O vol=13.4x pos=^99 vwap=above ema=bear rs=+0.7% adx=42 body=75% ramp=24.2x rangeATR=4.4 ⚡ O254.62 H256.74 L253.95 C256.72 ATR=4.64 SL=256.26/256.02 rawVol=322751 volSMA=24130 buf=0.232 prices=254.15"
2025-10-03T09:40:00.000-04:00,[KLB] 9:40 ▲ ~ ~ PD LH L + ~ PD Cls + ~ PM H + ~ Yest H + ~ Week H vol=8.9x pos=^81 vwap=above ema=bear rs=+1.1% adx=41 body=81% ramp=37.7x rangeATR=2.1 ⚡ ⚠ O256.72 H258.15 L256.71 C257.88 ATR=4.64 SL=257.42/257.18 rawVol=258144 volSMA=36145 buf=0.232 prices=
2025-10-06T09:40:00.000-04:00,[KLB] 9:40 ▼ RNG range break vol=10.4x
2025-10-06T09:40:00.000-04:00,[KLB] 9:40 ▼ BRK PM L + ORB L + PD LH L vol=10.4x pos=v94 vwap=below ema=bear rs=-0.5% adx=24 body=94% ramp=53.3x rangeATR=3.7 ⚡ ⚠ O258.04 H258.04 L256.32 C256.43 ATR=4.69 SL=256.9/257.13 rawVol=100044 volSMA=13571 buf=0.234 prices=257.5/257.24
2025-10-06T09:40:00.000-04:00,"[KLB] 9:40 ▼ ~ ~ Yest H
~ VWAP vol=10.4x pos=v94 vwap=below ema=bear rs=-0.5% adx=24 body=94% ramp=53.3x rangeATR=3.7 ⚡ ⚠ O258.04 H258.04 L256.32 C256.43 ATR=4.69 SL=256.9/257.13 rawVol=100044 volSMA=13571 buf=0.234 prices=259.24"
2025-10-06T09:40:00.000-04:00,[KLB] CONF 9:40 ▼ BRK → ✓ (auto-R1: EMA)
2025-10-06T09:45:00.000-04:00,[KLB] 5m CHECK 9:45 ▼ pnl=0.15 SPY~ → HOLD
2025-10-07T09:35:00.000-04:00,[KLB] 9:35 ▲ RNG range break vol=15.8x
2025-10-07T10:35:00.000-04:00,[KLB] 10:35 ▼ ~ x~ PM H vol=1.3x pos=v52 vwap=below ema=bull rs=+0.1% adx=14 body=28% ramp=1.2x rangeATR=1.1 O256.68 H256.79 L256.33 C256.55 ATR=4.64 SL=257.01/257.25 rawVol=47884 volSMA=37433 buf=0.232 prices=256.9
2025-10-08T09:30:00.000-04:00,[KLB] 9:30 ▲ RNG range break vol=6x
2025-10-08T09:30:00.000-04:00,[KLB] 9:30 ▲ ~ ~ PD Cls vol=6x pos=^63 vwap=below ema=bull rs=+0.2% adx=20 body=63% ramp=2.9x rangeATR=1.9 O256.3 H256.6 L256.3 C256.49 ATR=4.45 SL=256.05/255.82 rawVol=3547 volSMA=595 buf=0.222 prices=
2025-10-08T09:40:00.000-04:00,"[KLB] 9:40 ▼ ~ ~ PM H + ~ Yest H
~ VWAP vol=8.6x pos=v78 vwap=below ema=bull rs=-0.1% adx=26 body=48% ramp=126.5x rangeATR=2.8 ⚡ O256.66 H256.89 L256.11 C256.29 ATR=4.45 SL=256.73/256.95 rawVol=123342 volSMA=14365 buf=0.222 prices=256.6/257.4"
2025-10-08T09:45:00.000-04:00,[KLB] 9:45 ▲ FADE at 256.6
2025-10-08T09:45:00.000-04:00,[KLB] 9:45 ▲ ~ ~ Yest L + ~ PM H + ~ Yest H vol=9.6x pos=^57 vwap=above ema=bull rs=+0.2% adx=29 body=53% ramp=96.8x rangeATR=3.5 ⚡ O256.28 H257.43 L256.23 C256.91 ATR=4.45 SL=256.47/256.24 rawVol=263779 volSMA=27548 buf=0.222 prices=255.43
2025-10-08T09:50:00.000-04:00,[KLB] 9:50 ▲ ~ ~ VWAP vol=8.4x pos=^72 vwap=above ema=bull rs=+0.3% adx=31 body=61% ramp=3x rangeATR=1.9 O256.92 H257.55 L256.84 C257.35 ATR=4.45 SL=256.91/256.68 rawVol=79734 volSMA=31530 buf=0.222 prices=
2025-10-08T10:10:00.000-04:00,[KLB] 10:10 ▲ ~ ~ ORB H vol=1.6x pos=^85 vwap=above ema=bull rs=+0.3% adx=39 body=71% ramp=0.5x rangeATR=1.3 🔇 O257.33 H257.78 L257.26 C257.7 ATR=4.45 SL=257.26/257.03 rawVol=38867 volSMA=43442 buf=0.222 prices=
2025-10-08T10:55:00.000-04:00,[KLB] 10:55 ▲ ~ ~ ORB H vol=0.7x pos=^96 vwap=above ema=bull rs=+0.3% adx=43 body=51% ramp=0.6x rangeATR=1.1 O257.48 H257.7 L257.3 C257.69 ATR=4.45 SL=257.24/257.02 rawVol=44681 volSMA=63163 buf=0.222 prices=
2025-10-09T09:35:00.000-04:00,[KLB] 9:35 ▼ RNG range break vol=17.8x
2025-10-09T09:55:00.000-04:00,[KLB] 9:55 ▼ BRK Month O vol=3.5x pos=v96 vwap=below ema=bear rs=-0.9% adx=21 body=91% ramp=1.1x rangeATR=2.6 ⚡ ⚠ O256.02 H256.09 L254.8 C254.85 ATR=4.3 SL=255.28/255.5 rawVol=106476 volSMA=30270 buf=0.215 prices=
2025-10-09T09:55:00.000-04:00,[KLB] 9:55 ▼ ~ ~ VWAP vol=3.5x pos=v96 vwap=below ema=bear rs=-0.9% adx=21 body=91% ramp=1.1x rangeATR=2.6 ⚡ ⚠ O256.02 H256.09 L254.8 C254.85 ATR=4.3 SL=255.28/255.5 rawVol=106476 volSMA=30270 buf=0.215 prices=
2025-10-09T09:55:00.000-04:00,[KLB] CONF 9:55 ▼ BRK → ✓ (auto-R1: EMA)
2025-10-09T10:00:00.000-04:00,[KLB] 5m CHECK 10:00 ▼ pnl=-0.07 SPY~ → HOLD
2025-10-09T11:35:00.000-04:00,[KLB] 11:35 ▼ BRK Week O vol=1.2x pos=v67 vwap=below ema=bear rs=-0.8% adx=37 body=67% ramp=1.8x rangeATR=0.8 O254.63 H254.63 L254.33 C254.43 ATR=4.3 SL=254.86/255.08 rawVol=66776 volSMA=53509 buf=0.215 prices=
2025-10-09T11:35:00.000-04:00,[KLB] CONF 11:35 ▼ BRK → ✓ (auto-R1: EMA)
2025-10-09T11:40:00.000-04:00,[KLB] 5m CHECK 11:40 ▼ pnl=0.04 SPY✓ → HOLD
2025-10-10T09:30:00.000-04:00,[KLB] 9:30 ▲ RNG range break vol=9.8x
2025-10-10T09:40:00.000-04:00,[KLB] 9:40 ▲ ~ ~ VWAP + ~ PM H + ~ ORB H vol=11.7x pos=^97 vwap=above ema=bull rs=+0.2% adx=25 body=60% ramp=102.1x rangeATR=3 ⚡ O255.37 H256.11 L254.94 C256.08 ATR=4.35 SL=255.65/255.43 rawVol=95280 volSMA=14218 buf=0.217 prices=
2025-10-10T10:00:00.000-04:00,[KLB] 10:00 ▲ ~ ~ PM H vol=1.8x pos=^80 vwap=above ema=bull rs=+0.1% adx=33 body=40% ramp=0.5x rangeATR=1.4 O255.2 H255.59 L254.94 C255.46 ATR=4.35 SL=255.03/254.81 rawVol=54325 volSMA=29665 buf=0.217 prices=
2025-10-10T10:10:00.000-04:00,[KLB] 10:10 ▲ ~ ~ PM H vol=2.5x pos=^94 vwap=above ema=bull rs=+0.1% adx=35 body=35% ramp=1x rangeATR=1.7 O255.26 H255.6 L254.76 C255.55 ATR=4.35 SL=255.12/254.9 rawVol=99411 volSMA=39681 buf=0.217 prices=
2025-10-10T10:25:00.000-04:00,[KLB] 10:25 ▲ ~ ~ PM H vol=0.9x pos=^80 vwap=above ema=bull rs=+0.1% adx=36 body=80% ramp=0.5x rangeATR=0.9 ⚠ 🔇 O255.1 H255.55 L255.1 C255.46 ATR=4.35 SL=255.03/254.81 rawVol=34631 volSMA=45865 buf=0.217 prices=
2025-10-10T10:45:00.000-04:00,[KLB] 10:45 ▼ ~ x~ PM H vol=0.7x pos=v83 vwap=below ema=bull rs=0% adx=38 body=17% ramp=0.9x rangeATR=0.5 O255.13 H255.29 L255.05 C255.09 ATR=4.35 SL=255.52/255.74 rawVol=37164 volSMA=53278 buf=0.217 prices=255.32
2025-10-10T14:45:00.000-04:00,[KLB] 14:45 ▼ BRK VW Band vol=1.2x pos=v94 vwap=below ema=bear rs=-1.3% adx=37 body=94% ramp=1.4x rangeATR=0.9 ⚠ O246.59 H246.59 L246.11 C246.14 ATR=4.35 SL=246.57/246.79 rawVol=50583 volSMA=42588 buf=0.217 prices=
2025-10-10T14:45:00.000-04:00,[KLB] CONF 14:45 ▼ BRK → ✓ (auto-R1: EMA)
2025-10-10T14:50:00.000-04:00,[KLB] 5m CHECK 14:50 ▼ pnl=-0.02 SPY✓ → HOLD
2025-10-13T09:35:00.000-04:00,[KLB] 9:35 ▼ RNG range break vol=15.7x
2025-10-13T09:35:00.000-04:00,[KLB] 9:35 ▼ ~ ~ VWAP vol=15.7x pos=v94 vwap=below ema=bull rs=-1% adx=21 body=94% ramp=30x rangeATR=4.7 ⚡ ⚠ O249.41 H249.41 L246.65 C246.81 ATR=4.92 SL=247.3/247.54 rawVol=206548 volSMA=13158 buf=0.246 prices=
2025-10-13T12:20:00.000-04:00,[KLB] 12:20 ▲ ~ ~ ORB H vol=0.8x pos=^84 vwap=above ema=bull rs=-0.5% adx=24 body=60% ramp=0.9x rangeATR=0.7 O249.13 H249.36 L249.05 C249.31 ATR=4.92 SL=248.82/248.57 rawVol=23240 volSMA=30507 buf=0.246 prices=
2025-10-13T13:00:00.000-04:00,[KLB] 13:00 ▲ ~ ~ ORB H vol=1x pos=^88 vwap=above ema=bull rs=-0.5% adx=27 body=76% ramp=1.4x rangeATR=0.9 O249.25 H249.6 L249.2 C249.55 ATR=4.92 SL=249.06/248.81 rawVol=27682 volSMA=26735 buf=0.246 prices=
2025-10-14T09:45:00.000-04:00,[KLB] 9:45 ▼ RNG range break vol=5.3x
2025-10-14T11:40:00.000-04:00,[KLB] 11:40 ▼ ~ x~ ORB H vol=1.4x pos=v89 vwap=below ema=bull rs=-0.5% adx=16 body=10% ramp=1.2x rangeATR=1.5 O246.44 H247.01 L246.29 C246.37 ATR=4.88 SL=246.86/247.1 rawVol=47679 volSMA=34820 buf=0.244 prices=247.1
2025-10-14T11:55:00.000-04:00,[KLB] 11:55 ▲ FADE at 247.1
2025-10-14T12:50:00.000-04:00,[KLB] 12:50 ▲ ~ ~ Yest L vol=1.3x pos=^70 vwap=above ema=bull rs=-0.7% adx=24 body=70% ramp=1.2x rangeATR=0.9 O247.66 H248.03 L247.66 C247.92 ATR=4.88 SL=247.43/247.19 rawVol=28649 volSMA=22839 buf=0.244 prices=245.56
2025-10-14T13:05:00.000-04:00,[KLB] 13:05 ▲ ~ ~ Yest L vol=0.6x pos=^96 vwap=above ema=bull rs=-0.7% adx=26 body=56% ramp=0.9x rangeATR=0.7 O247.58 H247.73 L247.48 C247.72 ATR=4.88 SL=247.23/246.99 rawVol=12824 volSMA=21914 buf=0.244 prices=245.56
2025-10-14T13:10:00.000-04:00,[KLB] 13:10 ▲ ~ ~ Yest L vol=0.6x pos=^84 vwap=above ema=bull rs=-0.7% adx=26 body=40% ramp=0.8x rangeATR=0.4 O247.7 H247.77 L247.65 C247.75 ATR=4.88 SL=247.26/247.02 rawVol=13468 volSMA=21685 buf=0.244 prices=245.56
2025-10-14T13:25:00.000-04:00,[KLB] 13:25 ▲ ~ ~ Yest L vol=0.8x pos=^72 vwap=above ema=bull rs=-0.8% adx=25 body=72% ramp=0.9x rangeATR=0.7 O247.57 H247.82 L247.57 C247.75 ATR=4.88 SL=247.26/247.02 rawVol=10297 volSMA=19009 buf=0.244 prices=245.56
2025-10-14T13:45:00.000-04:00,[KLB] 13:45 ▲ ~ ~ VWAP vol=0.8x pos=^95 vwap=above ema=bull rs=-0.8% adx=21 body=93% ramp=1.5x rangeATR=1.2 ⚠ O247.21 H247.61 L247.2 C247.59 ATR=4.88 SL=247.1/246.86 rawVol=15713 volSMA=19976 buf=0.244 prices=
2025-10-15T09:30:00.000-04:00,[KLB] 9:30 ▼ ~ ~ Today O vol=1.4x pos=v89 vwap=above ema=bull rs=+0.7% adx=31 body=79% ramp=0.6x rangeATR=2.3 ⚡ O250.03 H250.1 L249.4 C249.48 ATR=4.83 SL=249.96/250.2 rawVol=4502 volSMA=3211 buf=0.242 prices=
2025-10-15T09:35:00.000-04:00,[KLB] 9:35 ▼ ~ x~ PM H vol=13.1x pos=v71 vwap=below ema=bull rs=-0.1% adx=31 body=18% ramp=11.3x rangeATR=4 ⚡ O249.4 H250.25 L248.65 C249.12 ATR=4.83 SL=249.6/249.84 rawVol=122340 volSMA=9320 buf=0.242 prices=250.39
2025-10-15T10:00:00.000-04:00,[KLB] 10:00 ▲ FADE at 250.39
2025-10-15T10:00:00.000-04:00,[KLB] 10:00 ▲ RNG range break vol=3.3x
2025-10-15T10:00:00.000-04:00,[KLB] 10:00 ▲ ~ ~ VWAP + ~ PM H + ~ ORB H vol=3.3x pos=^96 vwap=above ema=bull rs=+0.3% adx=26 body=94% ramp=0.7x rangeATR=1.8 ⚠ O249.83 H250.8 L249.81 C250.76 ATR=4.83 SL=250.28/250.04 rawVol=85171 volSMA=25592 buf=0.242 prices=
2025-10-15T14:05:00.000-04:00,[KLB] 14:05 ▼ ~ ~ VWAP vol=0.6x pos=v89 vwap=below ema=bear rs=+0.4% adx=25 body=64% ramp=0.9x rangeATR=0.9 O249.5 H249.6 L249.22 C249.26 ATR=4.83 SL=249.74/249.98 rawVol=11708 volSMA=21190 buf=0.242 prices=
2025-10-16T09:30:00.000-04:00,[KLB] 9:30 ▼ RNG range break vol=12.1x
2025-10-16T09:35:00.000-04:00,[KLB] 9:35 ▼ BRK PD LH L vol=16.2x pos=v40 vwap=below ema=bear rs=-0.3% adx=22 body=38% ramp=478.4x rangeATR=4.6 ⚡ O248.33 H248.37 L246.2 C247.51 ATR=4.8 SL=247.99/248.23 rawVol=168879 volSMA=10404 buf=0.24 prices=
2025-10-16T09:35:00.000-04:00,[KLB] 9:35 ▼ ~ ~ Today O vol=16.2x pos=v40 vwap=below ema=bear rs=-0.3% adx=22 body=38% ramp=478.4x rangeATR=4.6 ⚡ O248.33 H248.37 L246.2 C247.51 ATR=4.8 SL=247.99/248.23 rawVol=168879 volSMA=10404 buf=0.24 prices=
2025-10-16T09:35:00.000-04:00,[KLB] CONF 9:35 ▼ BRK → ✓ (auto-R1: EMA)
2025-10-16T09:40:00.000-04:00,[KLB] 9:40 ▲ ~ ~ PM L vol=7x pos=^81 vwap=above ema=bear rs=-0.1% adx=26 body=74% ramp=92.5x rangeATR=1.5 O247.54 H248.21 L247.49 C248.07 ATR=4.8 SL=247.59/247.35 rawVol=111767 volSMA=15947 buf=0.24 prices=247.48
2025-10-16T09:40:00.000-04:00,[KLB] 5m CHECK 9:40 ▼ pnl=-0.12 SPY~ → BAIL
2025-10-16T09:50:00.000-04:00,[KLB] 9:50 ▼ ~ ~ ORB H vol=4.5x pos=v88 vwap=below ema=bear rs=-0.2% adx=32 body=63% ramp=1.6x rangeATR=1.5 O248.12 H248.32 L247.5 C247.6 ATR=4.8 SL=248.08/248.32 rawVol=115070 volSMA=25704 buf=0.24 prices=248.37
2025-10-16T10:05:00.000-04:00,[KLB] 10:05 ▼ FADE at 247.48
2025-10-16T10:05:00.000-04:00,[KLB] 10:05 ▼ BRK PM L + Yest L vol=2.1x pos=v84 vwap=below ema=bear rs=-0.4% adx=40 body=64% ramp=0.8x rangeATR=1.2 O247.58 H247.71 L247.07 C247.17 ATR=4.8 SL=247.65/247.89 rawVol=78461 volSMA=37983 buf=0.24 prices=247.48/247.47
2025-10-16T10:05:00.000-04:00,[KLB] 10:05 ▼ ~ ~ VWAP vol=2.1x pos=v84 vwap=below ema=bear rs=-0.4% adx=40 body=64% ramp=0.8x rangeATR=1.2 O247.58 H247.71 L247.07 C247.17 ATR=4.8 SL=247.65/247.89 rawVol=78461 volSMA=37983 buf=0.24 prices=
2025-10-16T10:05:00.000-04:00,[KLB] CONF 10:05 ▼ BRK → ✓ (auto-R1: EMA)
2025-10-16T10:10:00.000-04:00,[KLB] 5m CHECK 10:10 ▼ pnl=-0.01 SPY~ → HOLD
2025-10-16T11:55:00.000-04:00,[KLB] 11:55 ▼ ~ ~ ORB H vol=0.6x pos=v93 vwap=below ema=bear rs=+0.2% adx=32 body=37% ramp=0.8x rangeATR=0.8 O248.07 H248.33 L247.87 C247.9 ATR=4.8 SL=248.38/248.62 rawVol=20694 volSMA=36612 buf=0.24 prices=248.37
2025-10-17T09:30:00.000-04:00,[KLB] 9:30 ▲ 🔇 QBS ramp=0.4x vol=1.4x pos=^78 vwap=above ema=bull adx=31 body=42% rangeATR=2.2 ⚡ O247.5 H248.2 L247.1 C247.96 ATR=4.76
2025-10-17T09:30:00.000-04:00,[KLB] 9:30 ▲ ~ ~ Yest L + ~ PD Cls vol=1.4x pos=^78 vwap=above ema=bull rs=-0.2% adx=31 body=42% ramp=0.4x rangeATR=2.2 ⚡ 🔇 O247.5 H248.2 L247.1 C247.96 ATR=4.76 SL=247.48/247.25 rawVol=2018 volSMA=1482 buf=0.238 prices=245.13
2025-10-17T09:35:00.000-04:00,[KLB] 9:35 ▲ RNG range break vol=16.5x
2025-10-17T09:35:00.000-04:00,[KLB] CONF 9:35 ▲ QBS → ✓ (auto-promote)
2025-10-17T09:40:00.000-04:00,[KLB] 5m CHECK 9:40 ▲ pnl=-0.12 SPY~ → BAIL
2025-10-17T09:50:00.000-04:00,[KLB] 9:50 ▲ ~ ~ Yest L + ~ PM H vol=4.1x pos=^77 vwap=above ema=bull rs=0% adx=30 body=58% ramp=1.6x rangeATR=1.7 O247.52 H248.47 L247.29 C248.2 ATR=4.76 SL=247.72/247.49 rawVol=77583 volSMA=18877 buf=0.238 prices=245.13
2025-10-17T09:55:00.000-04:00,[KLB] 9:55 ▲ ~ ~ VWAP + ~ Yest H vol=3.5x pos=^59 vwap=above ema=bull rs=-0.1% adx=30 body=51% ramp=1.1x rangeATR=1 O248.24 H248.89 L248.18 C248.6 ATR=4.76 SL=248.12/247.89 rawVol=68290 volSMA=22170 buf=0.238 prices=
2025-10-17T10:15:00.000-04:00,[KLB] 10:15 ▲ ~ ~ ORB H vol=2.3x pos=^94 vwap=above ema=bull rs=+0.2% adx=33 body=93% ramp=0.9x rangeATR=1.8 ⚠ O248.55 H249.88 L248.53 C249.8 ATR=4.76 SL=249.32/249.09 rawVol=74825 volSMA=33033 buf=0.238 prices=
2025-10-17T11:05:00.000-04:00,[KLB] 11:05 ▲ ~ ~ ORB H vol=0.6x pos=^82 vwap=above ema=bull rs=+0.3% adx=35 body=69% ramp=0.5x rangeATR=1 O248.88 H249.5 L248.79 C249.37 ATR=4.76 SL=248.89/248.66 rawVol=32686 volSMA=55453 buf=0.238 prices=
2025-10-17T11:45:00.000-04:00,[KLB] 11:45 ▲ ~ ~ ORB H vol=0.8x pos=^97 vwap=above ema=bull rs=+0.3% adx=23 body=88% ramp=1.2x rangeATR=0.9 ⚠ O248.58 H249.11 L248.53 C249.09 ATR=4.76 SL=248.61/248.38 rawVol=31229 volSMA=39195 buf=0.238 prices=
2025-10-17T11:50:00.000-04:00,[KLB] 11:50 ▲ ~ ~ ORB H vol=0.8x pos=^87 vwap=above ema=bull rs=+0.3% adx=22 body=73% ramp=1.3x rangeATR=0.9 O249.05 H249.52 L248.97 C249.45 ATR=4.76 SL=248.97/248.74 rawVol=19661 volSMA=38534 buf=0.238 prices=
2025-10-20T09:30:00.000-04:00,[KLB] 9:30 ▼ RNG range break vol=5.2x
2025-10-20T09:30:00.000-04:00,[KLB] 9:30 ▼ ~ ~ VWAP + ~ Today O vol=5.2x pos=v78 vwap=below ema=bull rs=+0.4% adx=59 body=78% ramp=1.6x rangeATR=3.8 ⚡ O257.1 H257.1 L255.46 C255.82 ATR=4.85 SL=256.31/256.55 rawVol=40054 volSMA=7716 buf=0.243 prices=
2025-10-20T09:35:00.000-04:00,[KLB] 9:35 ▲ FADE at 255.89
2025-10-20T09:35:00.000-04:00,[KLB] 9:35 ▲ RNG range break vol=14.6x
2025-10-20T09:35:00.000-04:00,[KLB] 9:35 ▲ ~ ~ VWAP + ~ PM H vol=14.6x pos=^76 vwap=above ema=bull rs=+0.8% adx=57 body=67% ramp=23.5x rangeATR=5.4 ⚡ O255.94 H259.21 L255.64 C258.34 ATR=4.85 SL=257.85/257.61 rawVol=395753 volSMA=27135 buf=0.243 prices=
2025-10-20T10:30:00.000-04:00,[KLB] 10:30 ▲ ~ ~ ORB H vol=1x pos=^74 vwap=above ema=bull rs=+1% adx=44 body=69% ramp=0.6x rangeATR=1.3 O258.85 H259.76 L258.8 C259.51 ATR=4.85 SL=259.02/258.78 rawVol=96642 volSMA=96012 buf=0.243 prices=
2025-10-21T09:35:00.000-04:00,[KLB] 9:35 ▲ RNG range break vol=15.8x
2025-10-21T10:10:00.000-04:00,[KLB] 10:10 ▲ ~ ~ VWAP vol=1.4x pos=^83 vwap=above ema=bull rs=+1.1% adx=28 body=38% ramp=0.4x rangeATR=1.1 🔇 O264.17 H264.6 L263.82 C264.47 ATR=5.37 SL=263.93/263.66 rawVol=75131 volSMA=77838 buf=0.268 prices=
2025-10-21T15:30:00.000-04:00,[KLB] 15:30 ▼ ~ x~ ORB H vol=1.7x pos=v61 vwap=below ema=bull rs=+0.4% adx=30 body=24% ramp=1.5x rangeATR=1 O263.17 H263.3 L262.96 C263.09 ATR=5.37 SL=263.63/263.9 rawVol=47516 volSMA=30723 buf=0.268 prices=263.31
2025-10-21T15:45:00.000-04:00,[KLB] 15:45 ▼ ~ x~ ORB H vol=1.3x pos=v85 vwap=below ema=bear rs=+0.3% adx=34 body=30% ramp=0.9x rangeATR=0.9 O263.06 H263.21 L262.94 C262.98 ATR=5.37 SL=263.52/263.79 rawVol=42025 volSMA=33612 buf=0.268 prices=263.31
2025-10-21T15:50:00.000-04:00,[KLB] 15:50 ▼ ~ ~ VWAP vol=1.3x pos=v70 vwap=below ema=bear rs=+0.3% adx=35 body=30% ramp=0.8x rangeATR=0.8 O262.98 H263.07 L262.84 C262.91 ATR=5.37 SL=263.45/263.72 rawVol=43642 volSMA=34063 buf=0.268 prices=
2025-10-21T15:55:00.000-04:00,[KLB] 15:55 ▼ ~ ~ PM H vol=2.6x pos=v83 vwap=below ema=bear rs=+0.1% adx=36 body=48% ramp=1.5x rangeATR=1.9 O262.92 H263.13 L262.53 C262.63 ATR=5.37 SL=263.17/263.44 rawVol=99868 volSMA=38192 buf=0.268 prices=262.87
2025-10-22T09:30:00.000-04:00,[KLB] 9:30 ▲ RNG range break vol=6.9x
2025-10-22T09:35:00.000-04:00,[KLB] 9:35 ▼ RNG range break vol=16.8x
2025-10-23T09:30:00.000-04:00,[KLB] 9:30 ▲ RNG range break vol=3.5x
2025-10-23T09:30:00.000-04:00,"[KLB] 9:30 ▲ ~ ~ Yest L
~ VWAP + ~ Today O + ~ PD Cls + ~ PM H vol=3.5x pos=^93 vwap=above ema=bear rs=+0.1% adx=37 body=88% ramp=2x rangeATR=3.9 ⚡ ⚠ O258.5 H260.12 L258.42 C260 ATR=5.39 SL=259.46/259.19 rawVol=4420 volSMA=1258 buf=0.269 prices=255.43"
2025-10-23T11:55:00.000-04:00,[KLB] 11:55 ▲ ~ ~ PM H + ~ ORB H vol=2.1x pos=^96 vwap=above ema=bull rs=-0.2% adx=23 body=96% ramp=1.5x rangeATR=1 ⚠ O259.89 H260.38 L259.89 C260.36 ATR=5.39 SL=259.82/259.55 rawVol=63737 volSMA=30086 buf=0.269 prices=
2025-10-23T12:45:00.000-04:00,[KLB] 12:45 ▲ ~ ~ PM H + ~ ORB H vol=0.6x pos=^81 vwap=above ema=bull rs=-0.4% adx=26 body=48% ramp=0.9x rangeATR=0.8 O260.05 H260.26 L259.95 C260.2 ATR=5.39 SL=259.66/259.39 rawVol=14359 volSMA=24720 buf=0.269 prices=
2025-10-24T09:35:00.000-04:00,[KLB] 9:35 ▼ RNG range break vol=13.8x
2025-10-24T09:35:00.000-04:00,[KLB] 9:35 ▼ ~ ~ Today O vol=13.8x pos=v76 vwap=below ema=bull rs=-0.4% adx=32 body=47% ramp=13.2x rangeATR=4.8 ⚡ O261.1 H261.68 L259.67 C260.16 ATR=5.19 SL=260.68/260.94 rawVol=109839 volSMA=7962 buf=0.259 prices=
2025-10-24T09:40:00.000-04:00,"[KLB] 9:40 ▼ ~ ~ Yest H
~ VWAP vol=8.3x pos=v94 vwap=below ema=bull rs=-0.7% adx=31 body=44% ramp=22.1x rangeATR=2.2 ⚡ O260.09 H260.6 L259.59 C259.65 ATR=5.19 SL=260.17/260.43 rawVol=112782 volSMA=13594 buf=0.259 prices=260.62"
2025-10-24T09:45:00.000-04:00,[KLB] 9:45 ▲ ~ ~ PM L + ~ Yest L + ~ PD Cls + ~ Yest H vol=3.5x pos=^100 vwap=above ema=bull rs=-0.4% adx=30 body=80% ramp=25.2x rangeATR=1.9 ⚠ O259.59 H260.36 L259.4 C260.36 ATR=5.19 SL=259.84/259.58 rawVol=58439 volSMA=16500 buf=0.259 prices=259.28/258.01
2025-10-24T10:00:00.000-04:00,[KLB] 10:00 ▲ ~ ~ Yest L + ~ Yest H vol=2.3x pos=^86 vwap=above ema=bull rs=-0.5% adx=28 body=50% ramp=0.7x rangeATR=1.3 O259.82 H260.31 L259.55 C260.2 ATR=5.19 SL=259.68/259.42 rawVol=57546 volSMA=25950 buf=0.259 prices=258.01
2025-10-24T10:20:00.000-04:00,[KLB] 10:20 ▲ ~ ~ VWAP vol=1.5x pos=^94 vwap=above ema=bull rs=-0.3% adx=23 body=64% ramp=0.8x rangeATR=0.9 O260.56 H260.9 L260.42 C260.87 ATR=5.19 SL=260.35/260.09 rawVol=52175 volSMA=34977 buf=0.259 prices=
2025-10-24T10:45:00.000-04:00,[KLB] 10:45 ▲ ~ ~ ORB H vol=0.9x pos=^80 vwap=above ema=bull rs=0% adx=25 body=80% ramp=0.9x rangeATR=0.8 ⚠ O261.24 H261.64 L261.24 C261.56 ATR=5.19 SL=261.04/260.78 rawVol=37791 volSMA=43658 buf=0.259 prices=
2025-10-24T10:50:00.000-04:00,[KLB] 10:50 ▲ ~ ~ PM H vol=2x pos=^63 vwap=above ema=bull rs=+0.2% adx=27 body=63% ramp=1.4x rangeATR=1.5 O261.56 H262.35 L261.56 C262.06 ATR=5.19 SL=261.54/261.28 rawVol=97670 volSMA=48504 buf=0.259 prices=
2025-10-24T11:05:00.000-04:00,[KLB] 11:05 ▲ ~ ~ PM H vol=0.5x pos=^92 vwap=above ema=bull rs=+0.3% adx=30 body=65% ramp=0.6x rangeATR=0.7 O261.86 H262.13 L261.76 C262.1 ATR=5.19 SL=261.58/261.32 rawVol=27406 volSMA=52999 buf=0.259 prices=
2025-10-27T09:30:00.000-04:00,[KLB] 9:30 ▼ ~ x~ Week H vol=2.9x pos=v34 vwap=below ema=bull rs=+0.8% adx=21 body=3% ramp=2.3x rangeATR=2.5 ⚡ O264.96 H265.15 L264.54 C264.94 ATR=5.17 SL=265.46/265.72 rawVol=7040 volSMA=2457 buf=0.259 prices=265.29
2025-10-27T09:35:00.000-04:00,[KLB] 9:35 ▲ FADE at 265.29
2025-10-27T09:35:00.000-04:00,[KLB] 9:35 ▲ RNG range break vol=16.5x
2025-10-27T09:35:00.000-04:00,[KLB] 9:35 ▲ ~ ~ Today O + ~ PM H + ~ Week H vol=16.5x pos=^70 vwap=above ema=bull rs=+0.5% adx=23 body=57% ramp=31.9x rangeATR=5.4 ⚡ O264.93 H266.66 L264.69 C266.06 ATR=5.17 SL=265.54/265.28 rawVol=225736 volSMA=13645 buf=0.259 prices=
2025-10-27T09:40:00.000-04:00,[KLB] 9:40 ▼ ~ ~ PM H vol=5.4x pos=v72 vwap=below ema=bull rs=+0.2% adx=24 body=59% ramp=31x rangeATR=2.5 ⚡ O266.07 H266.2 L265.14 C265.44 ATR=5.17 SL=265.96/266.22 rawVol=101942 volSMA=18716 buf=0.259 prices=265.95
2025-10-27T09:50:00.000-04:00,[KLB] 9:50 ▲ FADE at 265.95
2025-10-27T09:50:00.000-04:00,[KLB] 9:50 ▲ ~ ~ PM H vol=3.4x pos=^96 vwap=above ema=bull rs=+0.5% adx=25 body=81% ramp=1.2x rangeATR=1.1 ⚠ O265.76 H266.21 L265.68 C266.19 ATR=5.17 SL=265.67/265.41 rawVol=82122 volSMA=27061 buf=0.259 prices=
2025-10-27T10:05:00.000-04:00,[KLB] 10:05 ▲ ~ ~ VWAP + ~ ORB H vol=2.3x pos=^78 vwap=above ema=bull rs=+0.6% adx=28 body=78% ramp=0.8x rangeATR=1.1 O266.25 H266.81 L266.25 C266.69 ATR=5.17 SL=266.17/265.91 rawVol=83469 volSMA=36950 buf=0.259 prices=
2025-10-27T10:45:00.000-04:00,[KLB] 10:45 ▲ ~ ~ PM H vol=0.7x pos=^94 vwap=above ema=bull rs=+0.3% adx=26 body=92% ramp=0.9x rangeATR=0.9 ⚠ O265.56 H265.98 L265.55 C265.95 ATR=5.17 SL=265.43/265.17 rawVol=36648 volSMA=55804 buf=0.259 prices=
2025-10-27T11:25:00.000-04:00,[KLB] 11:25 ▲ ~ ~ PM H vol=0.5x pos=^94 vwap=above ema=bull rs=+0.4% adx=21 body=89% ramp=1x rangeATR=0.8 ⚠ O265.71 H266.04 L265.69 C266.02 ATR=5.17 SL=265.5/265.24 rawVol=23978 volSMA=47000 buf=0.259 prices=
2025-10-28T09:35:00.000-04:00,[KLB] 9:35 ▲ RNG range break vol=15.1x
2025-10-28T09:45:00.000-04:00,[KLB] 9:45 ▲ ~ ~ PM H + ~ Yest H vol=4.6x pos=^84 vwap=above ema=bull rs=+0.4% adx=20 body=80% ramp=27.3x rangeATR=3 ⚡ ⚠ O268.33 H269.75 L268.27 C269.52 ATR=5.25 SL=268.99/268.73 rawVol=95701 volSMA=20996 buf=0.263 prices=
2025-10-28T10:15:00.000-04:00,[KLB] 10:15 ▼ ~ x~ Yest H vol=1.4x pos=v36 vwap=below ema=bull rs=+0.1% adx=15 body=20% ramp=0.6x rangeATR=0.9 O268.75 H268.84 L268.28 C268.64 ATR=5.25 SL=269.17/269.43 rawVol=52024 volSMA=37258 buf=0.263 prices=269.12
2025-10-29T09:30:00.000-04:00,[KLB] 9:30 ▲ ~ ~ Today O + ~ PD Cls vol=1.9x pos=^100 vwap=below ema=bear rs=+0.3% adx=26 body=85% ramp=2.3x rangeATR=2.4 ⚡ ⚠ O268.72 H269.3 L268.62 C269.3 ATR=5 SL=268.8/268.55 rawVol=4418 volSMA=2294 buf=0.25 prices=
2025-10-29T09:35:00.000-04:00,[KLB] 9:35 ▲ RNG range break vol=14.8x
2025-10-29T09:40:00.000-04:00,[KLB] 9:40 ▲ ~ ~ VWAP + ~ PM H + ~ ORB H vol=10.4x pos=^92 vwap=above ema=bull rs=+0.5% adx=26 body=63% ramp=29.3x rangeATR=3.9 ⚡ O269.64 H270.86 L269.14 C270.73 ATR=5 SL=270.23/269.98 rawVol=185397 volSMA=17751 buf=0.25 prices=
2025-10-29T09:55:00.000-04:00,[KLB] 9:55 ▲ ~ ~ PM H vol=3.5x pos=^98 vwap=above ema=bull rs=+0.5% adx=31 body=88% ramp=0.8x rangeATR=1.6 ⚠ O270.18 H270.94 L270.1 C270.92 ATR=5 SL=270.42/270.17 rawVol=38374 volSMA=29153 buf=0.25 prices=
2025-10-29T13:00:00.000-04:00,[KLB] 13:00 ▼ ~ x~ Yest H vol=1.1x pos=v43 vwap=below ema=bear rs=-0.1% adx=19 body=29% ramp=1.4x rangeATR=1 O268.97 H269.03 L268.64 C268.86 ATR=5 SL=269.36/269.61 rawVol=25247 volSMA=21963 buf=0.25 prices=269.89
2025-10-29T13:35:00.000-04:00,[KLB] 13:35 ▲ ~ ~ PM H vol=3.8x pos=^89 vwap=above ema=bull rs=+0.5% adx=22 body=76% ramp=2.8x rangeATR=1.2 O269.89 H270.32 L269.83 C270.26 ATR=5 SL=269.76/269.51 rawVol=88331 volSMA=23433 buf=0.25 prices=
2025-10-29T13:50:00.000-04:00,[KLB] 13:50 ▲ ~ ~ PM H vol=2.2x pos=^91 vwap=above ema=bull rs=+0.5% adx=25 body=50% ramp=0.9x rangeATR=2 O270.15 H270.66 L269.8 C270.58 ATR=5 SL=270.08/269.83 rawVol=61355 volSMA=27299 buf=0.25 prices=
2025-10-29T15:00:00.000-04:00,[KLB] 15:00 ▼ ~ x~ ORB H vol=1.1x pos=v71 vwap=below ema=bull rs=+0.5% adx=25 body=6% ramp=0.8x rangeATR=1.1 O269.55 H269.96 L269.33 C269.51 ATR=5 SL=270.01/270.26 rawVol=47917 volSMA=45024 buf=0.25 prices=269.78
2025-10-30T09:35:00.000-04:00,[KLB] 9:35 ▼ ~ x~ PM H vol=14.3x pos=v97 vwap=below ema=bull rs=-0.1% adx=20 body=22% ramp=20.1x rangeATR=4.7 ⚡ O271.96 H274.11 L271.24 C271.33 ATR=4.95 SL=271.83/272.07 rawVol=306761 volSMA=21484 buf=0.248 prices=273.24
2025-10-30T10:05:00.000-04:00,[KLB] 10:05 ▼ BRK PM L vol=1.9x pos=v100 vwap=below ema=bear rs=-0.7% adx=24 body=73% ramp=0.8x rangeATR=1.5 O271.08 H271.37 L270.28 C270.28 ATR=4.95 SL=270.78/271.02 rawVol=79701 volSMA=42300 buf=0.248 prices=270.85
2025-10-30T10:05:00.000-04:00,[KLB] 10:05 ▼ ~ ~ VWAP vol=1.9x pos=v100 vwap=below ema=bear rs=-0.7% adx=24 body=73% ramp=0.8x rangeATR=1.5 O271.08 H271.37 L270.28 C270.28 ATR=4.95 SL=270.78/271.02 rawVol=79701 volSMA=42300 buf=0.248 prices=
2025-10-30T10:05:00.000-04:00,[KLB] CONF 10:05 ▼ BRK → ✓ (auto-R1: EMA)
2025-10-30T10:10:00.000-04:00,[KLB] 5m CHECK 10:10 ▼ pnl=0.02 SPY~ → HOLD
2025-10-31T09:35:00.000-04:00,[KLB] 9:35 ▼ RNG range break vol=14.9x
2025-10-31T09:40:00.000-04:00,[KLB] 9:40 ▼ BRK ORB L + PD LH L vol=9.2x pos=v78 vwap=below ema=bear rs=-2.4% adx=21 body=70% ramp=21.9x rangeATR=3.6 ⚡ O273 H273.31 L269.15 C270.07 ATR=5 SL=270.57/270.82 rawVol=477431 volSMA=61934 buf=0.25 prices=272.44
2025-10-31T09:40:00.000-04:00,"[KLB] 9:40 ▼ ~ ~ Yest H
~ VWAP + ~ PD Cls vol=9.2x pos=v78 vwap=below ema=bear rs=-2.4% adx=21 body=70% ramp=21.9x rangeATR=3.6 ⚡ O273 H273.31 L269.15 C270.07 ATR=5 SL=270.57/270.82 rawVol=477431 volSMA=61934 buf=0.25 prices=274.14"
2025-10-31T09:40:00.000-04:00,[KLB] CONF 9:40 ▼ BRK → ✓ (auto-R1: EMA)
2025-10-31T09:45:00.000-04:00,[KLB] 5m CHECK 9:45 ▼ pnl=-0.12 SPY~ → BAIL
2025-10-31T09:55:00.000-04:00,[KLB] 9:55 ▼ ~ ~ Yest H vol=1.7x pos=v65 vwap=below ema=bear rs=-1.9% adx=30 body=65% ramp=0.6x rangeATR=1 O272.06 H272.06 L270.82 C271.26 ATR=5 SL=271.76/272.01 rawVol=152852 volSMA=92596 buf=0.25 prices=274.14
2025-10-31T10:00:00.000-04:00,[KLB] 10:00 ▼ BRK PD LH L vol=1.5x pos=v74 vwap=below ema=bear rs=-2.1% adx=32 body=73% ramp=0.4x rangeATR=1 🔇 O271.31 H271.32 L270.07 C270.4 ATR=5 SL=270.9/271.15 rawVol=136339 volSMA=99026 buf=0.25 prices=
2025-10-31T10:00:00.000-04:00,[KLB] CONF 10:00 ▼ BRK → ✓ (auto-R1: EMA)
2025-10-31T10:05:00.000-04:00,[KLB] 5m CHECK 10:05 ▼ pnl=0.1 SPY✓ → HOLD
2025-10-31T11:40:00.000-04:00,[KLB] 11:40 ▼ BRK PD LH L vol=1.2x pos=v82 vwap=below ema=bear rs=-2.1% adx=35 body=82% ramp=1.2x rangeATR=1.2 ⚠ O271.15 H271.15 L270.23 C270.4 ATR=5 SL=270.9/271.15 rawVol=95103 volSMA=79519 buf=0.25 prices=
2025-10-31T11:40:00.000-04:00,[KLB] CONF 11:40 ▼ BRK → ✓ (auto-R1: EMA)
2025-10-31T11:45:00.000-04:00,[KLB] 5m CHECK 11:45 ▼ pnl=-0.13 SPY~ → BAIL
2025-10-31T12:20:00.000-04:00,[KLB] 12:20 ▼ ~ x~ Yest H vol=1.6x pos=v91 vwap=below ema=bear rs=-1.3% adx=29 body=6% ramp=1.4x rangeATR=0.9 O271.52 H272.06 L271.42 C271.48 ATR=5 SL=271.98/272.23 rawVol=98803 volSMA=62284 buf=0.25 prices=274.14
2025-10-31T13:00:00.000-04:00,[KLB] 13:00 ▼ ~ ~ Yest H vol=0.9x pos=v81 vwap=below ema=bear rs=-1.3% adx=20 body=69% ramp=0.7x rangeATR=1.2 O272.21 H272.31 L271.48 C271.64 ATR=5 SL=272.14/272.39 rawVol=57988 volSMA=67547 buf=0.25 prices=274.14
2025-11-03T09:30:00.000-05:00,[KLB] 9:30 ▲ RNG range break vol=4.8x
2025-11-03T09:30:00.000-05:00,[KLB] 9:30 ▲ ~ ~ PM L + ~ Yest L + ~ PD LH L + ~ Today O + ~ PD Cls vol=4.8x pos=^100 vwap=above ema=bear rs=+0.6% adx=22 body=75% ramp=1.1x rangeATR=4.1 ⚡ O269.43 H270.47 L269.09 C270.47 ATR=5.23 SL=269.95/269.69 rawVol=12806 volSMA=2652 buf=0.261 prices=269.09/269.16
2025-11-03T09:35:00.000-05:00,[KLB] 9:35 ▼ BRK PD LH L + Month O vol=14.8x pos=v98 vwap=below ema=bear rs=-0.3% adx=22 body=74% ramp=30.2x rangeATR=3.6 ⚡ O270.43 H270.8 L269.27 C269.3 ATR=5.23 SL=269.82/270.08 rawVol=149434 volSMA=10101 buf=0.261 prices=
2025-11-03T09:35:00.000-05:00,[KLB] CONF 9:35 ▼ BRK → ✓ (auto-R1: EMA)
2025-11-03T09:40:00.000-05:00,[KLB] 9:40 ▼ FADE at 269.09
2025-11-03T09:40:00.000-05:00,[KLB] 9:40 ▼ RNG range break vol=9.6x
2025-11-03T09:40:00.000-05:00,[KLB] 9:40 ▼ BRK PM L + Yest L + ORB L vol=9.6x pos=v81 vwap=below ema=bear rs=-0.6% adx=24 body=80% ramp=55.4x rangeATR=3.2 ⚡ ⚠ O269.3 H269.32 L267.66 C267.97 ATR=5.23 SL=268.49/268.75 rawVol=111017 volSMA=15584 buf=0.261 prices=269.09/269.16/269.27
2025-11-03T09:40:00.000-05:00,[KLB] 9:40 ▼ ~ ~ VWAP vol=9.6x pos=v81 vwap=below ema=bear rs=-0.6% adx=24 body=80% ramp=55.4x rangeATR=3.2 ⚡ ⚠ O269.3 H269.32 L267.66 C267.97 ATR=5.23 SL=268.49/268.75 rawVol=111017 volSMA=15584 buf=0.261 prices=
2025-11-03T09:40:00.000-05:00,[KLB] CONF 9:40 ▼ BRK → ✓ (auto-R1: EMA)
2025-11-03T09:45:00.000-05:00,[KLB] 5m CHECK 9:45 ▼ pnl=0.1 SPY✓ → HOLD
2025-11-04T09:30:00.000-05:00,[KLB] 9:30 ▲ RNG range break vol=7.9x
2025-11-04T09:45:00.000-05:00,"[KLB] 9:45 ▲ ~ ~ Yest L
~ VWAP + ~ PM H + ~ ORB H vol=4x pos=^91 vwap=above ema=bull rs=+0.3% adx=23 body=72% ramp=13.5x rangeATR=2.3 ⚡ O268.4 H269.5 L268.14 C269.38 ATR=5.18 SL=268.86/268.6 rawVol=103831 volSMA=25748 buf=0.259 prices=266.25"
2025-11-04T10:15:00.000-05:00,[KLB] 10:15 ▼ ~ x~ PM H vol=1.9x pos=v33 vwap=below ema=bull rs=-0.4% adx=27 body=29% ramp=0.9x rangeATR=0.9 O268.42 H268.44 L267.89 C268.26 ATR=5.18 SL=268.78/269.04 rawVol=84194 volSMA=43856 buf=0.259 prices=268.46
2025-11-04T10:20:00.000-05:00,[KLB] 10:20 ▲ FADE at 268.46
2025-11-04T10:20:00.000-05:00,[KLB] 10:20 ▲ ~ ~ PM H vol=0.8x pos=^90 vwap=above ema=bull rs=-0.3% adx=27 body=67% ramp=1x rangeATR=1 O268.28 H268.76 L268.13 C268.7 ATR=5.18 SL=268.18/267.92 rawVol=35369 volSMA=45523 buf=0.259 prices=
2025-11-04T10:35:00.000-05:00,[KLB] 10:35 ▲ ~ ~ PM H vol=0.5x pos=^67 vwap=above ema=bull rs=-0.4% adx=27 body=33% ramp=0.4x rangeATR=0.7 🔇 O268.43 H268.69 L268.29 C268.56 ATR=5.18 SL=268.04/267.78 rawVol=23704 volSMA=48759 buf=0.259 prices=
2025-11-04T11:05:00.000-05:00,[KLB] 11:05 ▲ ~ ~ PM H + ~ ORB H vol=0.6x pos=^91 vwap=above ema=bull rs=-0.1% adx=23 body=91% ramp=1.7x rangeATR=1.3 ⚠ O268.3 H269.04 L268.3 C268.97 ATR=5.18 SL=268.45/268.19 rawVol=29298 volSMA=56028 buf=0.259 prices=
2025-11-04T11:10:00.000-05:00,[KLB] 11:10 ▲ ~ ~ Yest L + ~ ORB H vol=0.5x pos=^89 vwap=above ema=bull rs=+0.1% adx=23 body=56% ramp=1.2x rangeATR=1.2 O268.98 H269.46 L268.75 C269.38 ATR=5.18 SL=268.86/268.6 rawVol=21674 volSMA=55761 buf=0.259 prices=266.25
2025-11-04T11:25:00.000-05:00,[KLB] 11:25 ▲ BRK Month O vol=2.1x pos=^95 vwap=above ema=bull rs=+0.7% adx=27 body=95% ramp=2.4x rangeATR=1.6 ⚠ O269.99 H270.95 L269.99 C270.9 ATR=5.18 SL=270.38/270.12 rawVol=79789 volSMA=43250 buf=0.259 prices=
2025-11-04T11:25:00.000-05:00,[KLB] 11:25 ▲ ~ ~ Yest H vol=2.1x pos=^95 vwap=above ema=bull rs=+0.7% adx=27 body=95% ramp=2.4x rangeATR=1.6 ⚠ O269.99 H270.95 L269.99 C270.9 ATR=5.18 SL=270.38/270.12 rawVol=79789 volSMA=43250 buf=0.259 prices=
2025-11-04T11:25:00.000-05:00,[KLB] CONF 11:25 ▲ BRK → ✓ (auto-R1: EMA)
2025-11-04T11:30:00.000-05:00,[KLB] 5m CHECK 11:30 ▲ pnl=-0.05 SPY✓ → HOLD
2025-11-04T11:35:00.000-05:00,[KLB] 11:35 ▲ ~ ~ Yest H vol=0.8x pos=^100 vwap=above ema=bull rs=+0.6% adx=30 body=37% ramp=1.2x rangeATR=0.7 O270.64 H270.79 L270.38 C270.79 ATR=5.18 SL=270.27/270.01 rawVol=32501 volSMA=40727 buf=0.259 prices=
2025-11-04T12:25:00.000-05:00,[KLB] 12:25 ▲ ~ ~ Yest L vol=0.8x pos=^98 vwap=above ema=bull rs=+0.4% adx=26 body=59% ramp=0.8x rangeATR=1.4 O269.3 H269.81 L268.98 C269.79 ATR=5.18 SL=269.27/269.01 rawVol=29269 volSMA=36766 buf=0.259 prices=266.25
2025-11-04T12:50:00.000-05:00,[KLB] 12:50 ▲ ~ ~ Yest H vol=0.5x pos=^81 vwap=above ema=bull rs=+0.7% adx=20 body=76% ramp=0.9x rangeATR=0.7 O270.24 H270.59 L270.22 C270.52 ATR=5.18 SL=270/269.74 rawVol=14289 volSMA=34427 buf=0.259 prices=
2025-11-04T13:25:00.000-05:00,[KLB] 13:25 ▲ ~ ~ Yest H vol=0.7x pos=^55 vwap=above ema=bull rs=+0.9% adx=21 body=45% ramp=0.8x rangeATR=0.7 O270.42 H270.72 L270.39 C270.57 ATR=5.18 SL=270.05/269.79 rawVol=15970 volSMA=22426 buf=0.259 prices=
2025-11-04T13:45:00.000-05:00,[KLB] 13:45 ▲ ~ ~ Yest H vol=1.4x pos=^98 vwap=above ema=bull rs=+0.9% adx=20 body=51% ramp=1.6x rangeATR=1.1 O270.38 H270.63 L270.16 C270.62 ATR=5.18 SL=270.1/269.84 rawVol=27346 volSMA=19616 buf=0.259 prices=
2025-11-05T09:30:00.000-05:00,[KLB] 9:30 ▼ RNG range break vol=4.7x
2025-11-05T09:30:00.000-05:00,[KLB] 9:30 ▼ BRK PD LH L vol=4.7x pos=v61 vwap=above ema=bear rs=0% adx=23 body=58% ramp=1.6x rangeATR=3 ⚡ O269.15 H269.18 L268.25 C268.61 ATR=5.09 SL=269.12/269.37 rawVol=9224 volSMA=1947 buf=0.254 prices=
2025-11-05T09:30:00.000-05:00,[KLB] CONF 9:30 ▼ BRK → ✓ (auto-R1: EMA)
2025-11-05T09:35:00.000-05:00,[KLB] 9:35 ▼ BRK PM L + Yest L vol=15.5x pos=v95 vwap=below ema=bear rs=-0.4% adx=26 body=68% ramp=28.3x rangeATR=4.7 ⚡ O268.61 H269.15 L267.11 C267.22 ATR=5.09 SL=267.73/267.98 rawVol=133321 volSMA=8600 buf=0.254 prices=268.22/267.62
2025-11-05T09:35:00.000-05:00,[KLB] 9:35 ▼ ~ ~ VWAP + ~ Today O vol=15.5x pos=v95 vwap=below ema=bear rs=-0.4% adx=26 body=68% ramp=28.3x rangeATR=4.7 ⚡ O268.61 H269.15 L267.11 C267.22 ATR=5.09 SL=267.73/267.98 rawVol=133321 volSMA=8600 buf=0.254 prices=
2025-11-05T09:35:00.000-05:00,[KLB] CONF 9:35 ▼ BRK → ✓ (auto-R1: EMA)
2025-11-05T09:40:00.000-05:00,[KLB] 5m CHECK 9:40 ▼ pnl=-0.09 SPY~ → HOLD
2025-11-05T14:35:00.000-05:00,[KLB] 14:35 ▲ ~ ~ PM H vol=2.4x pos=^39 vwap=above ema=bull rs=+0% adx=26 body=39% ramp=0.5x rangeATR=2.4 ⚡ O270.41 H271.5 L270.41 C270.84 ATR=5.09 SL=270.33/270.08 rawVol=62050 volSMA=25611 buf=0.254 prices=
2025-11-06T09:30:00.000-05:00,[KLB] 9:30 ▼ RNG range break vol=9.1x
2025-11-06T09:45:00.000-05:00,[KLB] 9:45 ▼ ~ x~ ORB H vol=5.2x pos=v31 vwap=below ema=bear rs=+0.4% adx=23 body=16% ramp=10.9x rangeATR=2.3 ⚡ O268.91 H269.07 L267.97 C268.73 ATR=5.07 SL=269.24/269.49 rawVol=72516 volSMA=14051 buf=0.253 prices=268.92
2025-11-06T10:25:00.000-05:00,[KLB] 10:25 ▲ RNG range break vol=3.5x
2025-11-07T09:35:00.000-05:00,[KLB] 9:35 ▼ RNG range break vol=17x
2025-11-07T13:50:00.000-05:00,[KLB] 13:50 ▼ BRK PM L vol=1.3x pos=v92 vwap=below ema=bear rs=-0.3% adx=23 body=78% ramp=1.4x rangeATR=1.5 O268.4 H268.51 L267.75 C267.81 ATR=5.1 SL=268.32/268.57 rawVol=37408 volSMA=27734 buf=0.255 prices=268.5
2025-11-07T13:50:00.000-05:00,[KLB] CONF 13:50 ▼ BRK → ✓ (auto-R1: EMA)
2025-11-07T13:55:00.000-05:00,[KLB] 5m CHECK 13:55 ▼ pnl=-0.03 SPY✓ → HOLD
2025-11-07T14:15:00.000-05:00,[KLB] 14:15 ▼ BRK Yest L vol=1.3x pos=v59 vwap=below ema=bear rs=-0.6% adx=23 body=36% ramp=0.8x rangeATR=0.8 O267.75 H267.84 L267.47 C267.62 ATR=5.1 SL=268.13/268.38 rawVol=30593 volSMA=23299 buf=0.255 prices=267.89
2025-11-07T14:15:00.000-05:00,[KLB] CONF 14:15 ▼ BRK → ✓ (auto-R1: EMA)
2025-11-07T14:20:00.000-05:00,[KLB] 5m CHECK 14:20 ▼ pnl=0.03 SPY~ → HOLD
2025-11-07T14:55:00.000-05:00,[KLB] 14:55 ▼ BRK Yest L vol=1.7x pos=v63 vwap=below ema=bear rs=-1.1% adx=21 body=46% ramp=1.3x rangeATR=1.3 O267.87 H267.97 L267.38 C267.6 ATR=5.1 SL=268.11/268.36 rawVol=37268 volSMA=27771 buf=0.255 prices=267.89
2025-11-07T14:55:00.000-05:00,[KLB] CONF 14:55 ▼ BRK → ✓ (auto-R1: EMA)
2025-11-07T15:00:00.000-05:00,[KLB] 5m CHECK 15:00 ▼ pnl=0 SPY~ → HOLD
2025-11-07T15:05:00.000-05:00,[KLB] 15:05 ▼ BRK ORB L vol=1.7x pos=v83 vwap=below ema=bear rs=-1.2% adx=20 body=60% ramp=0.9x rangeATR=1.6 O267.6 H267.77 L267.02 C267.15 ATR=5.1 SL=267.66/267.91 rawVol=51020 volSMA=29599 buf=0.255 prices=267.28
2025-11-07T15:05:00.000-05:00,[KLB] CONF 15:05 ▼ BRK → ✓ (auto-R1: EMA)
2025-11-07T15:10:00.000-05:00,[KLB] 5m CHECK 15:10 ▼ pnl=0.02 SPY~ → HOLD
2025-11-10T09:35:00.000-05:00,[KLB] 9:35 ▲ RNG range break vol=16.2x
2025-11-10T09:35:00.000-05:00,[KLB] 9:35 ▲ BRK Week O + Month O vol=16.2x pos=^89 vwap=above ema=bull rs=+0.9% adx=38 body=88% ramp=28.8x rangeATR=6.9 ⚡ ⚠ O268.96 H271.86 L268.95 C271.53 ATR=5.13 SL=271.02/270.76 rawVol=157793 volSMA=9745 buf=0.256 prices=
2025-11-10T09:35:00.000-05:00,"[KLB] 9:35 ▲ ~ ~ PM L
~ VWAP + ~ Today O + ~ PM H + ~ Yest H vol=16.2x pos=^89 vwap=above ema=bull rs=+0.9% adx=38 body=88% ramp=28.8x rangeATR=6.9 ⚡ ⚠ O268.96 H271.86 L268.95 C271.53 ATR=5.13 SL=271.02/270.76 rawVol=157793 volSMA=9745 buf=0.256 prices=268.88"
2025-11-10T09:35:00.000-05:00,[KLB] CONF 9:35 ▲ BRK → ✓ (auto-R1: EMA)
2025-11-10T09:40:00.000-05:00,[KLB] 5m CHECK 9:40 ▲ pnl=0.04 SPY~ → HOLD
2025-11-10T09:45:00.000-05:00,[KLB] 9:45 ▲ ~ ~ ORB H vol=6.8x pos=^93 vwap=above ema=bull rs=+1% adx=38 body=38% ramp=35.5x rangeATR=2.1 ⚡ O271.79 H272.26 L271.22 C272.19 ATR=5.13 SL=271.68/271.42 rawVol=95150 volSMA=21873 buf=0.256 prices=
2025-11-10T09:55:00.000-05:00,[KLB] 9:55 ▲ ~ ~ Week H vol=3.3x pos=^86 vwap=above ema=bull rs=+1.5% adx=41 body=68% ramp=0.9x rangeATR=1.9 O272.82 H273.72 L272.61 C273.57 ATR=5.13 SL=273.06/272.8 rawVol=101440 volSMA=30972 buf=0.256 prices=
2025-11-11T09:30:00.000-05:00,[KLB] 9:30 ▲ ~ ~ Today O + ~ PD Cls vol=1.7x pos=^89 vwap=below ema=bull rs=-0.2% adx=21 body=62% ramp=4.9x rangeATR=2.3 ⚡ O269.52 H269.92 L269.37 C269.86 ATR=5.21 SL=269.34/269.08 rawVol=2515 volSMA=1474 buf=0.261 prices=
2025-11-11T09:35:00.000-05:00,[KLB] 9:35 ▲ RNG range break vol=15.6x
2025-11-11T09:35:00.000-05:00,[KLB] 9:35 ▲ BRK Week O + Month O vol=15.6x pos=^53 vwap=above ema=bull rs=+0.3% adx=23 body=53% ramp=17.3x rangeATR=4.8 ⚡ O269.88 H271.5 L269.88 C270.74 ATR=5.21 SL=270.22/269.96 rawVol=104831 volSMA=6701 buf=0.261 prices=
2025-11-11T09:35:00.000-05:00,[KLB] 9:35 ▲ ~ ~ PM H vol=15.6x pos=^53 vwap=above ema=bull rs=+0.3% adx=23 body=53% ramp=17.3x rangeATR=4.8 ⚡ O269.88 H271.5 L269.88 C270.74 ATR=5.21 SL=270.22/269.96 rawVol=104831 volSMA=6701 buf=0.261 prices=
2025-11-11T09:35:00.000-05:00,[KLB] CONF 9:35 ▲ BRK → ✓ (auto-R1: EMA)
2025-11-11T09:40:00.000-05:00,[KLB] 5m CHECK 9:40 ▲ pnl=0.1 SPY~ → HOLD
2025-11-11T09:45:00.000-05:00,[KLB] 9:45 ▲ ~ ~ VWAP + ~ ORB H vol=8.8x pos=^96 vwap=above ema=bull rs=+1.2% adx=27 body=96% ramp=33.3x rangeATR=4 ⚡ ⚠ O271.27 H273.24 L271.26 C273.17 ATR=5.21 SL=272.65/272.39 rawVol=160575 volSMA=18251 buf=0.261 prices=
2025-11-11T09:50:00.000-05:00,[KLB] 9:50 ▲ ~ ~ Week H vol=6.2x pos=^79 vwap=above ema=bull rs=+1.6% adx=30 body=64% ramp=3.6x rangeATR=2.5 ⚡ O273.16 H274.37 L272.95 C274.07 ATR=5.21 SL=273.55/273.29 rawVol=165357 volSMA=26487 buf=0.261 prices=
2025-11-11T10:15:00.000-05:00,[KLB] 10:15 ▲ ~ ~ Week H vol=1.5x pos=^88 vwap=above ema=bull rs=+1.4% adx=38 body=73% ramp=0.5x rangeATR=1.2 O272.86 H273.5 L272.75 C273.41 ATR=5.21 SL=272.89/272.63 rawVol=68388 volSMA=44578 buf=0.261 prices=
2025-11-11T10:25:00.000-05:00,[KLB] 10:25 ▲ ~ ~ Week H vol=1.4x pos=^100 vwap=above ema=bull rs=+1.6% adx=40 body=85% ramp=1.1x rangeATR=1.3 ⚠ O273.12 H273.86 L272.99 C273.86 ATR=5.21 SL=273.34/273.08 rawVol=72552 volSMA=50654 buf=0.261 prices=
2025-11-11T10:50:00.000-05:00,[KLB] 10:50 ▲ ~ ~ Week H vol=0.5x pos=^89 vwap=above ema=bull rs=+1.4% adx=43 body=35% ramp=0.5x rangeATR=0.6 🔇 O273.21 H273.38 L273.01 C273.34 ATR=5.21 SL=272.82/272.56 rawVol=35788 volSMA=65510 buf=0.261 prices=
2025-11-11T11:10:00.000-05:00,[KLB] 11:10 ▲ ~ ~ Week H vol=0.4x pos=^81 vwap=above ema=bull rs=+1.4% adx=41 body=41% ramp=0.9x rangeATR=0.5 O273.26 H273.45 L273.13 C273.39 ATR=5.21 SL=272.87/272.61 rawVol=20981 volSMA=70145 buf=0.261 prices=
2025-11-11T12:25:00.000-05:00,[KLB] 12:25 ▲ ~ ~ Week H vol=5.5x pos=^100 vwap=above ema=bull rs=+1.2% adx=22 body=89% ramp=2x rangeATR=1.5 ⚠ O272.91 H273.59 L272.83 C273.59 ATR=5.21 SL=273.07/272.81 rawVol=183352 volSMA=33462 buf=0.261 prices=
2025-11-11T12:45:00.000-05:00,[KLB] 12:45 ▲ ~ ~ Week H vol=0.6x pos=^100 vwap=above ema=bull rs=+1.2% adx=23 body=92% ramp=0.2x rangeATR=1.1 ⚠ 🔇 O273.1 H273.58 L273.06 C273.58 ATR=5.21 SL=273.06/272.8 rawVol=18347 volSMA=31103 buf=0.261 prices=
2025-11-12T09:30:00.000-05:00,"[KLB] 9:30 ▲ ~ ~ PM L
~ VWAP + ~ PD LH L + ~ Today O vol=1.9x pos=^100 vwap=above ema=bear rs=+0.4% adx=33 body=42% ramp=1x rangeATR=2.7 ⚡ O275 H275.23 L274.68 C275.23 ATR=5.3 SL=274.7/274.43 rawVol=2383 volSMA=1278 buf=0.265 prices=274.68"
2025-11-12T09:35:00.000-05:00,[KLB] 9:35 ▼ FADE at 274.68
2025-11-12T09:35:00.000-05:00,[KLB] 9:35 ▼ RNG range break vol=16.9x
2025-11-12T09:35:00.000-05:00,[KLB] 9:35 ▼ BRK PM L + PD LH L vol=16.9x pos=v94 vwap=below ema=bear rs=-0.6% adx=36 body=73% ramp=62.9x rangeATR=6.3 ⚡ O274.75 H275.21 L272.98 C273.12 ATR=5.3 SL=273.65/273.92 rawVol=137575 volSMA=8152 buf=0.265 prices=274.68
2025-11-12T09:35:00.000-05:00,"[KLB] 9:35 ▼ ~ ~ Week H
~ VWAP vol=16.9x pos=v94 vwap=below ema=bear rs=-0.6% adx=36 body=73% ramp=62.9x rangeATR=6.3 ⚡ O274.75 H275.21 L272.98 C273.12 ATR=5.3 SL=273.65/273.92 rawVol=137575 volSMA=8152 buf=0.265 prices=273.4"
2025-11-12T09:35:00.000-05:00,[KLB] CONF 9:35 ▼ BRK → ✓ (auto-R1: EMA)
2025-11-12T09:40:00.000-05:00,[KLB] 5m CHECK 9:40 ▼ pnl=-0.05 SPY~ → HOLD
2025-11-12T09:45:00.000-05:00,[KLB] 9:45 ▼ BRK ORB L vol=5.9x pos=v83 vwap=below ema=bear rs=-0.9% adx=42 body=72% ramp=78.3x rangeATR=3.2 ⚡ O273.37 H273.54 L272.05 C272.3 ATR=5.3 SL=272.83/273.1 rawVol=132041 volSMA=22551 buf=0.265 prices=272.98
2025-11-12T09:45:00.000-05:00,[KLB] 9:45 ▼ ~ ~ Week H vol=5.9x pos=v83 vwap=below ema=bear rs=-0.9% adx=42 body=72% ramp=78.3x rangeATR=3.2 ⚡ O273.37 H273.54 L272.05 C272.3 ATR=5.3 SL=272.83/273.1 rawVol=132041 volSMA=22551 buf=0.265 prices=273.4
2025-11-12T09:45:00.000-05:00,[KLB] CONF 9:45 ▼ BRK → ✓ (auto-R1: EMA)
2025-11-12T09:50:00.000-05:00,[KLB] 5m CHECK 9:50 ▼ pnl=0.06 SPY~ → HOLD
2025-11-12T10:15:00.000-05:00,[KLB] 10:15 ▼ ~ ~ Week H vol=0.7x pos=v69 vwap=below ema=bear rs=-0.5% adx=48 body=67% ramp=0.4x rangeATR=1 🔇 O273.32 H273.33 L272.72 C272.91 ATR=5.3 SL=273.44/273.71 rawVol=32683 volSMA=45360 buf=0.265 prices=273.4
2025-11-12T10:30:00.000-05:00,[KLB] 10:30 ▼ BRK ORB L vol=1x pos=v67 vwap=below ema=bear rs=-0.5% adx=46 body=57% ramp=1.2x rangeATR=1.3 O273.35 H273.42 L272.67 C272.92 ATR=5.3 SL=273.45/273.72 rawVol=55335 volSMA=53291 buf=0.265 prices=272.98
2025-11-12T10:30:00.000-05:00,[KLB] 10:30 ▼ ~ ~ Week H vol=1x pos=v67 vwap=below ema=bear rs=-0.5% adx=46 body=57% ramp=1.2x rangeATR=1.3 O273.35 H273.42 L272.67 C272.92 ATR=5.3 SL=273.45/273.72 rawVol=55335 volSMA=53291 buf=0.265 prices=273.4
2025-11-12T10:30:00.000-05:00,[KLB] CONF 10:30 ▼ BRK → ✓ (auto-R1: EMA)
2025-11-12T10:35:00.000-05:00,[KLB] 5m CHECK 10:35 ▼ pnl=-0.06 SPY✓ → HOLD
2025-11-12T13:40:00.000-05:00,[KLB] 13:40 ▲ ~ ~ PM L + ~ ORB H vol=0.6x pos=^86 vwap=above ema=bull rs=+0.2% adx=20 body=66% ramp=1.3x rangeATR=1.3 O274.82 H275.17 L274.73 C275.11 ATR=5.3 SL=274.58/274.31 rawVol=15081 volSMA=23323 buf=0.265 prices=274.68
2025-11-12T13:50:00.000-05:00,[KLB] 13:50 ▼ ~ ~ PD Cls vol=2.5x pos=v100 vwap=above ema=bull rs=+0.2% adx=21 body=38% ramp=3x rangeATR=1.2 O275.2 H275.46 L275.04 C275.04 ATR=5.3 SL=275.57/275.84 rawVol=68055 volSMA=27204 buf=0.265 prices=
2025-11-12T13:55:00.000-05:00,[KLB] 13:55 ▲ ~ ~ ORB H vol=0.4x pos=^68 vwap=above ema=bull rs=+0.2% adx=21 body=48% ramp=2.6x rangeATR=0.9 O275.05 H275.3 L274.99 C275.2 ATR=5.3 SL=274.67/274.4 rawVol=10574 volSMA=27072 buf=0.265 prices=
2025-11-12T14:00:00.000-05:00,[KLB] 14:00 ▲ FADE at 275.25
2025-11-12T14:00:00.000-05:00,[KLB] 14:00 ▲ ~ ~ Yest H vol=0.6x pos=^81 vwap=above ema=bull rs=+0.3% adx=22 body=66% ramp=1.3x rangeATR=0.9 O275.19 H275.46 L275.14 C275.4 ATR=5.3 SL=274.87/274.6 rawVol=15127 volSMA=27170 buf=0.265 prices=
2025-11-12T14:25:00.000-05:00,[KLB] 14:25 ▲ ~ ~ PM L vol=0.4x pos=^67 vwap=above ema=bull rs=+0.2% adx=20 body=40% ramp=0.8x rangeATR=0.8 O274.72 H274.94 L274.64 C274.84 ATR=5.3 SL=274.31/274.04 rawVol=12099 volSMA=29668 buf=0.265 prices=274.68
2025-11-13T09:30:00.000-05:00,[KLB] 9:30 ▲ RNG range break vol=3.9x
2025-11-13T09:30:00.000-05:00,[KLB] 9:30 ▲ ~ ~ Yest L + ~ PD LH L + ~ Today O + ~ PD Cls + ~ Week H vol=3.9x pos=^100 vwap=above ema=bear rs=-0.4% adx=22 body=100% ramp=2.9x rangeATR=3.7 ⚡ ⚠ O272.91 H274.21 L272.91 C274.21 ATR=5.21 SL=273.69/273.43 rawVol=5351 volSMA=1365 buf=0.261 prices=271.7
2025-11-13T09:40:00.000-05:00,[KLB] 9:40 ▲ ~ ~ PM H + ~ Yest H + ~ ORB H vol=9.1x pos=^100 vwap=above ema=bull rs=+0.7% adx=25 body=100% ramp=65.5x rangeATR=2.6 ⚡ ⚠ O274.24 H275.45 L274.24 C275.45 ATR=5.21 SL=274.93/274.67 rawVol=100777 volSMA=11073 buf=0.261 prices=
2025-11-13T09:45:00.000-05:00,[KLB] 9:45 ▲ ~ ~ VWAP vol=9.3x pos=^77 vwap=above ema=bull rs=+1.2% adx=28 body=59% ramp=51.2x rangeATR=2.8 ⚡ O275.43 H276.69 L275.16 C276.34 ATR=5.21 SL=275.82/275.56 rawVol=191422 volSMA=20643 buf=0.261 prices=
2025-11-13T13:25:00.000-05:00,[KLB] 13:25 ▼ ~ x~ Week H vol=1.2x pos=v67 vwap=below ema=bear rs=+0.6% adx=13 body=11% ramp=1.3x rangeATR=0.6 O273.11 H273.26 L272.99 C273.08 ATR=5.21 SL=273.6/273.86 rawVol=15233 volSMA=19266 buf=0.261 prices=273.4
2025-11-13T15:45:00.000-05:00,[KLB] 15:45 ▼ ~ x~ Week H vol=1.6x pos=v55 vwap=below ema=bear rs=+0.9% adx=13 body=16% ramp=1.6x rangeATR=1.2 O273.24 H273.43 L272.94 C273.16 ATR=5.21 SL=273.68/273.94 rawVol=35924 volSMA=22811 buf=0.261 prices=273.4
2025-11-14T09:30:00.000-05:00,[KLB] 9:30 ▼ ~ ~ Today O vol=2.8x pos=v64 vwap=below ema=bear rs=-1.1% adx=25 body=64% ramp=1.8x rangeATR=1.5 O271.33 H271.33 L270.55 C270.83 ATR=5.17 SL=271.35/271.61 rawVol=9255 volSMA=3298 buf=0.258 prices=
2025-11-14T09:35:00.000-05:00,[KLB] 9:35 ▼ RNG range break vol=16x
2025-11-14T09:35:00.000-05:00,[KLB] 9:35 ▼ BRK PM L + Week O + Month O vol=16x pos=v85 vwap=below ema=bear rs=-0.1% adx=27 body=45% ramp=34x rangeATR=3.7 ⚡ O271.03 H272 L269.6 C269.96 ATR=5.17 SL=270.48/270.74 rawVol=253293 volSMA=15859 buf=0.258 prices=270.55
2025-11-14T09:35:00.000-05:00,[KLB] 9:35 ▼ ~ ~ VWAP vol=16x pos=v85 vwap=below ema=bear rs=-0.1% adx=27 body=45% ramp=34x rangeATR=3.7 ⚡ O271.03 H272 L269.6 C269.96 ATR=5.17 SL=270.48/270.74 rawVol=253293 volSMA=15859 buf=0.258 prices=
2025-11-14T09:35:00.000-05:00,[KLB] CONF 9:35 ▼ BRK → ✓ (auto-R1: EMA)
2025-11-14T09:40:00.000-05:00,[KLB] 9:40 ▲ ~ ~ PM L vol=6.6x pos=^72 vwap=above ema=bear rs=0% adx=28 body=64% ramp=43.5x rangeATR=2.7 ⚡ O269.9 H271.73 L269.73 C271.17 ATR=5.17 SL=270.65/270.39 rawVol=155923 volSMA=23562 buf=0.258 prices=270.55
2025-11-14T09:40:00.000-05:00,[KLB] 5m CHECK 9:40 ▼ pnl=-0.23 SPY~ → BAIL
2025-11-14T10:00:00.000-05:00,[KLB] 10:00 ▲ ~ ~ PD Cls vol=2.3x pos=^92 vwap=above ema=bear rs=+0.2% adx=27 body=59% ramp=0.7x rangeATR=0.9 O272.57 H273.07 L272.33 C273.01 ATR=5.17 SL=272.49/272.23 rawVol=82370 volSMA=43039 buf=0.258 prices=
2025-11-14T10:05:00.000-05:00,[KLB] 10:05 ▼ FADE at 272.95
2025-11-14T10:20:00.000-05:00,[KLB] 10:20 ▲ ~ ~ Yest L + ~ PM H + ~ Week H vol=1.2x pos=^75 vwap=above ema=bull rs=+0.4% adx=21 body=69% ramp=1x rangeATR=0.8 O272.94 H273.58 L272.9 C273.41 ATR=5.17 SL=272.89/272.63 rawVol=66749 volSMA=57398 buf=0.258 prices=272.09
2025-11-14T10:30:00.000-05:00,[KLB] 10:30 ▲ ~ ~ Yest L + ~ PM H + ~ Week H vol=0.8x pos=^85 vwap=above ema=bull rs=+0.3% adx=20 body=52% ramp=0.8x rangeATR=1.2 O273.19 H273.88 L272.85 C273.73 ATR=5.17 SL=273.21/272.95 rawVol=51863 volSMA=63453 buf=0.258 prices=272.09
2025-11-14T15:40:00.000-05:00,[KLB] 15:40 ▼ ~ x~ Week H vol=1.5x pos=v44 vwap=below ema=bear rs=-0.3% adx=16 body=7% ramp=1.1x rangeATR=0.8 O273.18 H273.28 L273.01 C273.16 ATR=5.17 SL=273.68/273.94 rawVol=36084 volSMA=24615 buf=0.258 prices=273.4
2025-11-17T09:35:00.000-05:00,[KLB] 9:35 ▼ RNG range break vol=15.3x
2025-11-17T09:35:00.000-05:00,[KLB] 9:35 ▼ BRK PM L vol=15.3x pos=v78 vwap=below ema=bear rs=-0.7% adx=33 body=58% ramp=15.9x rangeATR=4.6 ⚡ O268.9 H269.37 L267 C267.53 ATR=5.25 SL=268.06/268.32 rawVol=263758 volSMA=17247 buf=0.263 prices=268.37
2025-11-17T09:35:00.000-05:00,[KLB] 9:35 ▼ ~ ~ VWAP + ~ Today O vol=15.3x pos=v78 vwap=below ema=bear rs=-0.7% adx=33 body=58% ramp=15.9x rangeATR=4.6 ⚡ O268.9 H269.37 L267 C267.53 ATR=5.25 SL=268.06/268.32 rawVol=263758 volSMA=17247 buf=0.263 prices=
2025-11-17T09:35:00.000-05:00,[KLB] CONF 9:35 ▼ BRK → ✓ (auto-R1: EMA)
2025-11-17T09:40:00.000-05:00,[KLB] 5m CHECK 9:40 ▼ pnl=-0.18 SPY✗ → BAIL
2025-11-17T09:45:00.000-05:00,"[KLB] 9:45 ▲ ~ ~ PM L
~ VWAP + ~ ORB H vol=3.6x pos=^74 vwap=above ema=bear rs=-0.1% adx=35 body=74% ramp=30.7x rangeATR=1.9 O268.46 H269.69 L268.46 C269.37 ATR=5.25 SL=268.84/268.58 rawVol=95645 volSMA=26824 buf=0.263 prices=268.37"
2025-11-17T10:10:00.000-05:00,[KLB] 10:10 ▼ BRK Yest L vol=1.4x pos=v91 vwap=above ema=bear rs=-0.1% adx=29 body=42% ramp=0.6x rangeATR=1.1 O269.44 H269.81 L269.05 C269.12 ATR=5.25 SL=269.65/269.91 rawVol=32439 volSMA=38893 buf=0.263 prices=269.6
2025-11-17T10:10:00.000-05:00,[KLB] CONF 10:10 ▼ BRK → ✓ (auto-R1: EMA)
2025-11-17T10:15:00.000-05:00,[KLB] 5m CHECK 10:15 ▼ pnl=-0.11 SPY✗ → BAIL
2025-11-17T10:35:00.000-05:00,[KLB] 10:35 ▼ ~ ~ ORB H vol=0.6x pos=v90 vwap=below ema=bear rs=-0.2% adx=28 body=63% ramp=0.8x rangeATR=0.9 O269.23 H269.39 L268.8 C268.86 ATR=5.25 SL=269.39/269.65 rawVol=29284 volSMA=45669 buf=0.263 prices=269.37
2025-11-17T11:20:00.000-05:00,[KLB] 11:20 ▼ BRK Week L + ORB L vol=2.3x pos=v77 vwap=below ema=bear rs=-0.5% adx=36 body=77% ramp=1.9x rangeATR=1 O267.25 H267.25 L266.64 C266.78 ATR=5.25 SL=267.31/267.57 rawVol=99724 volSMA=44129 buf=0.263 prices=267.46/267
2025-11-17T11:20:00.000-05:00,[KLB] CONF 11:20 ▼ BRK → ✓ (auto-R1: EMA)
2025-11-17T11:25:00.000-05:00,[KLB] 5m CHECK 11:25 ▼ pnl=-0.03 SPY~ → HOLD
2025-11-18T09:30:00.000-05:00,[KLB] 9:30 ▲ RNG range break vol=8.7x
2025-11-18T10:20:00.000-05:00,[KLB] 10:20 ▼ BRK PM L vol=2.2x pos=v39 vwap=below ema=bear rs=-0.8% adx=20 body=35% ramp=1.1x rangeATR=1.5 O266.49 H266.54 L265.33 C266.07 ATR=5.35 SL=266.61/266.87 rawVol=100067 volSMA=46142 buf=0.268 prices=266.37
2025-11-18T10:20:00.000-05:00,[KLB] CONF 10:20 ▼ BRK → ✓ (auto-R1: EMA)
2025-11-18T10:25:00.000-05:00,[KLB] 5m CHECK 10:25 ▼ pnl=-0.26 SPY✓ → HOLD
2025-11-18T13:50:00.000-05:00,[KLB] 13:50 ▲ ~ ~ Yest H vol=1.4x pos=^93 vwap=above ema=bull rs=-0.7% adx=21 body=73% ramp=0.9x rangeATR=0.8 O268.58 H268.94 L268.49 C268.91 ATR=5.35 SL=268.37/268.11 rawVol=18150 volSMA=22400 buf=0.268 prices=
2025-11-18T13:55:00.000-05:00,[KLB] 13:55 ▲ ~ ~ Yest H vol=0.8x pos=^54 vwap=above ema=bull rs=-0.7% adx=22 body=32% ramp=0.9x rangeATR=0.7 O268.88 H269.2 L268.79 C269.01 ATR=5.35 SL=268.47/268.21 rawVol=18508 volSMA=22278 buf=0.268 prices=
2025-11-19T09:30:00.000-05:00,[KLB] 9:30 ▼ RNG range break vol=12.1x
2025-11-19T09:30:00.000-05:00,[KLB] 9:30 ▼ ~ ~ VWAP + ~ Today O vol=12.1x pos=v61 vwap=below ema=bear rs=+0.1% adx=31 body=43% ramp=3.9x rangeATR=7.3 ⚡ O266.52 H266.96 L264.57 C265.5 ATR=5.36 SL=266.04/266.3 rawVol=23387 volSMA=1939 buf=0.268 prices=
2025-11-19T09:40:00.000-05:00,[KLB] 9:40 ▲ RNG range break vol=11x
2025-11-19T09:40:00.000-05:00,"[KLB] 9:40 ▲ ~ ~ Yest L + ~ Week L
~ VWAP + ~ PD LH L + ~ PD Cls + ~ PM H + ~ ORB H vol=11x pos=^83 vwap=above ema=bear rs=+0.7% adx=32 body=78% ramp=190.4x rangeATR=3.1 ⚡ O266.65 H268.13 L266.57 C267.87 ATR=5.36 SL=267.33/267.06 rawVol=130943 volSMA=18781 buf=0.268 prices=265.32/267.46"
2025-11-19T09:45:00.000-05:00,[KLB] 9:45 ▲ ~ ~ Yest L + ~ Week L + ~ PM H vol=5.3x pos=^99 vwap=above ema=bear rs=+1.1% adx=31 body=74% ramp=18.6x rangeATR=3.4 ⚡ O267.84 H269.44 L267.33 C269.41 ATR=5.36 SL=268.87/268.61 rawVol=116685 volSMA=24580 buf=0.268 prices=265.32/267.46
2025-11-19T09:55:00.000-05:00,[KLB] 9:55 ▲ ~ ~ Yest H vol=2.1x pos=^95 vwap=above ema=bull rs=+1.1% adx=28 body=62% ramp=0.7x rangeATR=2 O269.2 H270.08 L268.75 C270.02 ATR=5.36 SL=269.48/269.22 rawVol=64617 volSMA=30762 buf=0.268 prices=
2025-11-19T10:00:00.000-05:00,[KLB] 10:00 ▲ BRK Month O vol=2.3x pos=^95 vwap=above ema=bull rs=+1.3% adx=28 body=78% ramp=0.4x rangeATR=1.5 🔇 O270.05 H270.91 L269.87 C270.86 ATR=5.36 SL=270.32/270.06 rawVol=79755 volSMA=34739 buf=0.268 prices=
2025-11-19T10:00:00.000-05:00,[KLB] CONF 10:00 ▲ BRK → ✓ (auto-R1: EMA)
2025-11-19T10:05:00.000-05:00,[KLB] 5m CHECK 10:05 ▲ pnl=-0.04 SPY✓ → HOLD
2025-11-19T11:35:00.000-05:00,[KLB] 11:35 ▲ ~ ~ Yest H vol=0.4x pos=^96 vwap=above ema=bull rs=+1.5% adx=21 body=56% ramp=1.3x rangeATR=0.8 O269.75 H270.05 L269.55 C270.03 ATR=5.36 SL=269.49/269.23 rawVol=13283 volSMA=34598 buf=0.268 prices=
2025-11-20T09:30:00.000-05:00,[KLB] 9:30 ▲ ~ ~ Today O vol=0.9x pos=^100 vwap=below ema=bull rs=+1.5% adx=22 body=89% ramp=0.9x rangeATR=2.1 ⚡ ⚠ O270.09 H270.85 L270 C270.85 ATR=5.45 SL=270.3/270.03 rawVol=2121 volSMA=2481 buf=0.273 prices=
2025-11-20T09:35:00.000-05:00,[KLB] 9:35 ▲ RNG range break vol=16.7x
2025-11-20T09:40:00.000-05:00,[KLB] 9:40 ▲ ~ ~ VWAP vol=10.7x pos=^91 vwap=above ema=bull rs=+0.9% adx=28 body=62% ramp=48x rangeATR=2.2 ⚡ O272.6 H273.58 L272.2 C273.46 ATR=5.45 SL=272.91/272.64 rawVol=169041 volSMA=23328 buf=0.273 prices=
2025-11-20T09:45:00.000-05:00,[KLB] 9:45 ▲ ~ ~ ORB H vol=5.7x pos=^97 vwap=above ema=bull rs=+1.4% adx=31 body=97% ramp=84.4x rangeATR=2 ⚡ ⚠ O273.48 H274.89 L273.48 C274.85 ATR=5.45 SL=274.3/274.03 rawVol=183559 volSMA=32470 buf=0.273 prices=
2025-11-20T10:25:00.000-05:00,[KLB] 10:25 ▲ ~ ~ ORB H vol=0.6x pos=^71 vwap=above ema=bull rs=+0.9% adx=40 body=40% ramp=0.7x rangeATR=1.5 O273.46 H274.23 L273.11 C273.91 ATR=5.45 SL=273.36/273.09 rawVol=39033 volSMA=60522 buf=0.273 prices=
2025-11-20T12:45:00.000-05:00,[KLB] 12:45 ▼ ~ ~ Yest H vol=0.6x pos=v100 vwap=below ema=bear rs=+1.5% adx=41 body=92% ramp=0.7x rangeATR=0.9 ⚠ O268.87 H268.93 L268.16 C268.16 ATR=5.45 SL=268.71/268.98 rawVol=23991 volSMA=41062 buf=0.273 prices=272.21
2025-11-20T12:50:00.000-05:00,[KLB] 12:50 ▼ ~ x~ Yest H vol=0.6x pos=v96 vwap=below ema=bear rs=+1.5% adx=42 body=13% ramp=0.7x rangeATR=0.8 O268.15 H268.7 L268.03 C268.06 ATR=5.45 SL=268.61/268.88 rawVol=22313 volSMA=40424 buf=0.273 prices=272.21
2025-11-20T13:25:00.000-05:00,[KLB] 13:25 ▼ ~ ~ Yest H vol=0.5x pos=v81 vwap=below ema=bear rs=+1.2% adx=39 body=36% ramp=0.5x rangeATR=0.8 O268.61 H268.9 L268.26 C268.38 ATR=5.45 SL=268.93/269.2 rawVol=17078 volSMA=40564 buf=0.273 prices=272.21
2025-11-20T13:40:00.000-05:00,[KLB] 13:40 ▼ ~ ~ Yest H vol=0.6x pos=v80 vwap=below ema=bear rs=+1.2% adx=35 body=79% ramp=0.9x rangeATR=1.3 O268.59 H268.6 L267.55 C267.76 ATR=5.45 SL=268.31/268.58 rawVol=23095 volSMA=37185 buf=0.273 prices=272.21
2025-11-21T09:35:00.000-05:00,[KLB] 9:35 ▲ RNG range break vol=13.5x
2025-11-21T09:45:00.000-05:00,[KLB] 9:45 ▲ BRK Week O vol=7.9x pos=^94 vwap=above ema=bull rs=+1.4% adx=20 body=73% ramp=17.7x rangeATR=1.7 O268.32 H269.43 L268.01 C269.35 ATR=5.74 SL=268.78/268.49 rawVol=182383 volSMA=23140 buf=0.287 prices=
2025-11-21T09:45:00.000-05:00,[KLB] 9:45 ▲ ~ ~ VWAP + ~ ORB H vol=7.9x pos=^94 vwap=above ema=bull rs=+1.4% adx=20 body=73% ramp=17.7x rangeATR=1.7 O268.32 H269.43 L268.01 C269.35 ATR=5.74 SL=268.78/268.49 rawVol=182383 volSMA=23140 buf=0.287 prices=
2025-11-21T09:45:00.000-05:00,[KLB] CONF 9:45 ▲ BRK → ✓ (auto-R1: EMA)
2025-11-21T09:50:00.000-05:00,[KLB] 5m CHECK 9:50 ▲ pnl=-0.07 SPY~ → HOLD
2025-11-21T10:05:00.000-05:00,[KLB] 10:05 ▲ ~ ~ ORB H vol=2.6x pos=^89 vwap=above ema=bull rs=+1.3% adx=23 body=47% ramp=0.7x rangeATR=1.6 O268.4 H269.2 L267.82 C269.05 ATR=5.74 SL=268.48/268.19 rawVol=118998 volSMA=45828 buf=0.287 prices=
2025-11-21T10:55:00.000-05:00,[KLB] 10:55 ▲ ~ ~ Yest H vol=1x pos=^78 vwap=above ema=bull rs=+2.1% adx=31 body=51% ramp=1x rangeATR=1.4 O270.53 H271.46 L270.18 C271.18 ATR=5.74 SL=270.61/270.32 rawVol=83380 volSMA=84089 buf=0.287 prices=
2025-11-21T11:25:00.000-05:00,[KLB] 11:25 ▲ ~ ~ Yest H vol=0.6x pos=^72 vwap=above ema=bull rs=+1.9% adx=32 body=68% ramp=0.9x rangeATR=0.9 O270.34 H271.13 L270.31 C270.9 ATR=5.74 SL=270.33/270.04 rawVol=41506 volSMA=73441 buf=0.287 prices=
2025-11-21T12:15:00.000-05:00,[KLB] 12:15 ▲ ~ ~ Yest H vol=0.8x pos=^81 vwap=above ema=bull rs=+1.1% adx=29 body=65% ramp=0.8x rangeATR=0.7 O270.71 H271.11 L270.63 C271.02 ATR=5.74 SL=270.45/270.16 rawVol=32407 volSMA=42856 buf=0.287 prices=
2025-11-21T12:35:00.000-05:00,[KLB] 12:35 ▲ ~ ~ Yest H vol=1.1x pos=^100 vwap=above ema=bull rs=+1.1% adx=28 body=100% ramp=0.8x rangeATR=1.1 ⚠ O270.63 H271.32 L270.63 C271.32 ATR=5.74 SL=270.75/270.46 rawVol=35594 volSMA=33590 buf=0.287 prices=
2025-11-21T13:30:00.000-05:00,[KLB] 13:30 ▲ ~ ~ Yest H vol=0.6x pos=^100 vwap=above ema=bull rs=+1.4% adx=22 body=95% ramp=0.7x rangeATR=0.8 ⚠ O270.61 H270.99 L270.59 C270.99 ATR=5.74 SL=270.42/270.13 rawVol=16774 volSMA=27727 buf=0.287 prices=
2025-11-24T09:30:00.000-05:00,[KLB] 9:30 ▼ RNG range break vol=4.4x
2025-11-24T09:30:00.000-05:00,[KLB] 9:30 ▼ ~ ~ Yest H + ~ PD Cls vol=4.4x pos=v65 vwap=below ema=bull rs=+0.6% adx=31 body=49% ramp=2.6x rangeATR=2.8 ⚡ O271.52 H271.65 L270.8 C271.1 ATR=5.88 SL=271.69/271.98 rawVol=6500 volSMA=1467 buf=0.294 prices=273.33
2025-11-24T09:35:00.000-05:00,[KLB] 9:35 ▲ FADE at 273.33
2025-11-24T09:35:00.000-05:00,[KLB] 9:35 ▲ RNG range break vol=17.5x
2025-11-24T09:35:00.000-05:00,[KLB] 9:35 ▲ ~ ~ VWAP + ~ PM H + ~ Yest H vol=17.5x pos=^91 vwap=above ema=bull rs=+1.2% adx=32 body=89% ramp=62.4x rangeATR=7.3 ⚡ ⚠ O271.12 H275.42 L271.01 C275.04 ATR=5.88 SL=274.45/274.16 rawVol=207447 volSMA=11830 buf=0.294 prices=
2025-11-24T10:15:00.000-05:00,[KLB] 10:15 ▲ ~ ~ PM H vol=1.3x pos=^97 vwap=above ema=bull rs=+0.7% adx=26 body=86% ramp=0.5x rangeATR=1.9 ⚠ O272.56 H273.82 L272.4 C273.78 ATR=5.88 SL=273.19/272.9 rawVol=66038 volSMA=49477 buf=0.294 prices=
2025-11-24T13:05:00.000-05:00,[KLB] 13:05 ▲ ~ ~ Week H + ~ ORB H vol=1.6x pos=^92 vwap=above ema=bull rs=+0.6% adx=28 body=68% ramp=0.9x rangeATR=0.7 O275.21 H275.4 L275.15 C275.38 ATR=5.88 SL=274.79/274.5 rawVol=47403 volSMA=41969 buf=0.294 prices=
2025-11-24T15:05:00.000-05:00,[KLB] 15:05 ▲ 🔇 QBS ramp=0.4x vol=0.9x pos=^95 vwap=above ema=bull adx=30 body=66% rangeATR=1.7 O276.1 H276.5 L275.94 C276.47 ATR=5.88
2025-11-24T15:20:00.000-05:00,[KLB] CONF 15:20 ▲ QBS → ✓ (auto-promote)
2025-11-24T15:25:00.000-05:00,[KLB] 5m CHECK 15:25 ▲ pnl=-0.01 SPY✓ → HOLD
2025-11-25T09:30:00.000-05:00,[KLB] 9:30 ▲ RNG range break vol=3.8x
2025-11-25T09:40:00.000-05:00,[KLB] 9:40 ▲ ~ ~ VWAP + ~ ORB H vol=10.3x pos=^75 vwap=above ema=bull rs=+1.5% adx=22 body=62% ramp=200.4x rangeATR=2.8 ⚡ O278.47 H280.38 L278.18 C279.83 ATR=5.9 SL=279.24/278.95 rawVol=241873 volSMA=27720 buf=0.295 prices=
2025-11-25T10:00:00.000-05:00,[KLB] 10:00 ▲ ~ ~ ORB H vol=3.1x pos=^71 vwap=above ema=bull rs=+1.5% adx=31 body=36% ramp=0.6x rangeATR=1.2 O279.04 H279.71 L278.67 C279.41 ATR=5.9 SL=278.82/278.53 rawVol=79283 volSMA=52205 buf=0.295 prices=
2025-11-25T10:35:00.000-05:00,[KLB] 10:35 ▲ ~ ~ ORB H vol=1x pos=^87 vwap=above ema=bull rs=+1.4% adx=30 body=85% ramp=0.8x rangeATR=0.8 ⚠ O278.89 H279.63 L278.88 C279.53 ATR=5.9 SL=278.94/278.65 rawVol=67243 volSMA=76925 buf=0.295 prices=
2025-11-25T10:45:00.000-05:00,[KLB] 10:45 ▲ ~ ~ ORB H vol=0.4x pos=^100 vwap=above ema=bull rs=+1.3% adx=29 body=91% ramp=0.6x rangeATR=0.8 ⚠ O278.9 H279.57 L278.83 C279.57 ATR=5.9 SL=278.98/278.69 rawVol=28088 volSMA=80028 buf=0.295 prices=
2025-11-26T09:30:00.000-05:00,[KLB] 9:30 ▼ RNG range break vol=4.2x
2025-11-26T09:35:00.000-05:00,[KLB] 9:35 ▲ RNG range break vol=17.1x
2025-11-26T09:35:00.000-05:00,[KLB] 9:35 ▲ ~ ~ PM L + ~ PD LH L + ~ Today O + ~ PD Cls + ~ PM H + ~ Yest H vol=17.1x pos=^80 vwap=above ema=bear rs=+0.5% adx=23 body=73% ramp=89.6x rangeATR=5.8 ⚡ O276.96 H279.04 L276.8 C278.59 ATR=5.84 SL=278.01/277.71 rawVol=131543 volSMA=7689 buf=0.292 prices=276.67
2025-11-26T09:40:00.000-05:00,[KLB] 9:40 ▼ ~ ~ PM H vol=5.3x pos=v77 vwap=below ema=bear rs=+0.2% adx=23 body=63% ramp=32.1x rangeATR=2.4 ⚡ O278.59 H278.73 L277.7 C277.94 ATR=5.84 SL=278.52/278.82 rawVol=55630 volSMA=10461 buf=0.292 prices=278.36
2025-11-26T09:45:00.000-05:00,[KLB] 9:45 ▼ ~ ~ VWAP vol=4.5x pos=v81 vwap=below ema=bear rs=-0.1% adx=22 body=61% ramp=24.5x rangeATR=2.3 ⚡ O277.96 H278.18 L277.07 C277.28 ATR=5.84 SL=277.86/278.16 rawVol=38676 volSMA=12378 buf=0.292 prices=
2025-11-26T14:10:00.000-05:00,[KLB] 14:10 ▼ ~ x~ PM H vol=0.7x pos=v55 vwap=below ema=bear rs=0% adx=23 body=24% ramp=0.9x rangeATR=0.9 O278.12 H278.21 L277.92 C278.05 ATR=5.84 SL=278.63/278.93 rawVol=14121 volSMA=21606 buf=0.292 prices=278.36
2025-11-26T14:45:00.000-05:00,[KLB] 14:45 ▼ ~ x~ PM H vol=1.7x pos=v91 vwap=below ema=bear rs=0% adx=17 body=11% ramp=1.4x rangeATR=1.8 O278.22 H278.68 L278.11 C278.16 ATR=5.84 SL=278.74/279.04 rawVol=28926 volSMA=17281 buf=0.292 prices=278.36
2025-11-28T09:30:00.000-05:00,[KLB] 9:30 ▼ RNG range break vol=8.5x
2025-11-28T09:30:00.000-05:00,[KLB] 9:30 ▼ ~ ~ Yest H + ~ Today O + ~ PD Cls vol=8.5x pos=v85 vwap=below ema=bear rs=+0.2% adx=28 body=62% ramp=8.6x rangeATR=5.5 ⚡ O278 H278.3 L277.01 C277.2 ATR=5.63 SL=277.76/278.04 rawVol=7440 volSMA=873 buf=0.282 prices=279.53
2025-11-28T09:35:00.000-05:00,[KLB] 9:35 ▼ ~ x~ Yest H vol=16.8x pos=v82 vwap=below ema=bear rs=-0.1% adx=31 body=22% ramp=55.2x rangeATR=4.3 ⚡ O277.42 H278.23 L276.87 C277.12 ATR=5.63 SL=277.68/277.96 rawVol=89758 volSMA=5347 buf=0.282 prices=279.53
2025-11-28T09:40:00.000-05:00,[KLB] 9:40 ▼ ~ x~ Yest H vol=10.4x pos=v75 vwap=below ema=bear rs=-0.1% adx=35 body=12% ramp=48.7x rangeATR=2.1 ⚡ O277.14 H277.59 L276.87 C277.05 ATR=5.63 SL=277.61/277.89 rawVol=65745 volSMA=8627 buf=0.282 prices=279.53
2025-11-28T09:45:00.000-05:00,[KLB] 9:45 ▼ BRK PM L + Yest L + ORB L + PD LH L vol=6.1x pos=v63 vwap=below ema=bear rs=-0.4% adx=38 body=60% ramp=19.6x rangeATR=2.5 ⚡ O277.02 H277.05 L276.1 C276.45 ATR=5.63 SL=277.01/277.29 rawVol=43500 volSMA=10790 buf=0.282 prices=277.01/276.63/276.87
2025-11-28T09:45:00.000-05:00,[KLB] 9:45 ▼ ~ ~ VWAP vol=6.1x pos=v63 vwap=below ema=bear rs=-0.4% adx=38 body=60% ramp=19.6x rangeATR=2.5 ⚡ O277.02 H277.05 L276.1 C276.45 ATR=5.63 SL=277.01/277.29 rawVol=43500 volSMA=10790 buf=0.282 prices=
2025-11-28T09:45:00.000-05:00,[KLB] CONF 9:45 ▼ BRK → ✓ (auto-R1: EMA)
2025-11-28T09:50:00.000-05:00,[KLB] 5m CHECK 9:50 ▼ pnl=-0.07 SPY~ → HOLD
2025-11-28T09:55:00.000-05:00,[KLB] 9:55 ▼ BRK Yest L vol=3.8x pos=v89 vwap=below ema=bear rs=-0.4% adx=43 body=62% ramp=0.8x rangeATR=1.8 O276.87 H277.08 L276.29 C276.38 ATR=5.63 SL=276.94/277.22 rawVol=58277 volSMA=15187 buf=0.282 prices=276.63
2025-11-28T09:55:00.000-05:00,[KLB] CONF 9:55 ▼ BRK → ✓ (auto-R1: EMA)
2025-11-28T10:00:00.000-05:00,[KLB] 5m CHECK 10:00 ▼ pnl=0.02 SPY~ → HOLD
2025-11-28T13:00:00.000-05:00,[KLB] 13:00 ▲ ~ ~ PM H vol=3.6x pos=^62 vwap=above ema=bull rs=+0.3% adx=34 body=62% ramp=3.3x rangeATR=1.2 O278.53 H279 L278.53 C278.82 ATR=5.63 SL=278.26/277.98 rawVol=123234 volSMA=35466 buf=0.282 prices=
2025-12-01T09:30:00.000-05:00,[KLB] 9:30 ▲ RNG range break vol=3.9x
2025-12-01T09:45:00.000-05:00,[KLB] 9:45 ▼ RNG range break vol=6.7x
2025-12-01T12:05:00.000-05:00,[KLB] 12:05 ▲ ~ ~ Yest H vol=0.8x pos=^92 vwap=above ema=bull rs=-0.1% adx=22 body=83% ramp=1x rangeATR=1.2 ⚠ O278.8 H279.28 L278.75 C279.24 ATR=5.44 SL=278.7/278.42 rawVol=20451 volSMA=24392 buf=0.272 prices=
2025-12-01T13:05:00.000-05:00,[KLB] 13:05 ▲ ~ ~ Week H vol=4.9x pos=^97 vwap=above ema=bull rs=+0.3% adx=33 body=96% ramp=3.9x rangeATR=2 ⚡ ⚠ O279.49 H280.24 L279.48 C280.22 ATR=5.44 SL=279.68/279.4 rawVol=139235 volSMA=28264 buf=0.272 prices=
2025-12-01T13:25:00.000-05:00,[KLB] 13:25 ▲ ~ ~ Week H vol=2x pos=^83 vwap=above ema=bull rs=+0.3% adx=37 body=63% ramp=0.6x rangeATR=0.8 O280.17 H280.41 L280.11 C280.36 ATR=5.44 SL=279.82/279.54 rawVol=56392 volSMA=28352 buf=0.272 prices=
2025-12-02T09:30:00.000-05:00,[KLB] 9:30 ▲ ~ ~ Today O vol=1.9x pos=^67 vwap=below ema=bear rs=+0.3% adx=21 body=67% ramp=2.5x rangeATR=4.1 ⚡ O282.28 H283.43 L282.28 C283.05 ATR=5.58 SL=282.49/282.21 rawVol=3159 volSMA=1671 buf=0.279 prices=
2025-12-02T09:35:00.000-05:00,[KLB] 9:35 ▲ RNG range break vol=16.7x
2025-12-02T09:35:00.000-05:00,[KLB] 9:35 ▲ ~ ~ PD Cls + ~ PM H + ~ Yest H vol=16.7x pos=^61 vwap=above ema=bull rs=+0.2% adx=23 body=37% ramp=31.8x rangeATR=4.3 ⚡ O283.02 H284.25 L282.64 C283.62 ATR=5.58 SL=283.06/282.78 rawVol=168147 volSMA=10044 buf=0.279 prices=
2025-12-02T09:45:00.000-05:00,[KLB] 9:45 ▲ ~ ~ VWAP + ~ ORB H vol=6x pos=^85 vwap=above ema=bull rs=+0.5% adx=27 body=60% ramp=35.4x rangeATR=2.1 ⚡ O283.92 H284.68 L283.67 C284.53 ATR=5.58 SL=283.97/283.69 rawVol=56680 volSMA=17683 buf=0.279 prices=
2025-12-03T09:30:00.000-05:00,[KLB] 9:30 ▲ ~ ~ Today O + ~ PD Cls vol=2.3x pos=^89 vwap=below ema=bear rs=-0.1% adx=21 body=83% ramp=0.5x rangeATR=2.4 ⚡ ⚠ O285.8 H286.4 L285.76 C286.33 ATR=5.52 SL=285.78/285.5 rawVol=3795 volSMA=2066 buf=0.276 prices=
2025-12-03T09:35:00.000-05:00,[KLB] 9:35 ▲ RNG range break vol=17.1x
2025-12-03T09:35:00.000-05:00,[KLB] 9:35 ▲ ~ ~ PM H + ~ Yest H vol=17.1x pos=^71 vwap=above ema=bull rs=+0.5% adx=24 body=61% ramp=24.4x rangeATR=5.7 ⚡ O286.17 H288.28 L285.94 C287.59 ATR=5.52 SL=287.04/286.76 rawVol=241603 volSMA=14116 buf=0.276 prices=
2025-12-03T09:40:00.000-05:00,[KLB] 9:40 ▲ ~ ~ VWAP + ~ ORB H vol=12x pos=^77 vwap=above ema=bull rs=+0.7% adx=27 body=45% ramp=35.8x rangeATR=3.1 ⚡ O287.55 H288.61 L287.06 C288.25 ATR=5.52 SL=287.7/287.42 rawVol=122296 volSMA=20194 buf=0.276 prices=
2025-12-03T11:15:00.000-05:00,[KLB] 11:15 ▼ ~ x~ PM H vol=0.4x pos=v54 vwap=below ema=bull rs=-0.1% adx=28 body=3% ramp=0.9x rangeATR=0.7 O286.45 H286.64 L286.27 C286.44 ATR=5.52 SL=286.99/287.27 rawVol=26893 volSMA=60029 buf=0.276 prices=286.75
2025-12-03T12:35:00.000-05:00,[KLB] 12:35 ▼ ~ ~ Yest H vol=0.5x pos=v96 vwap=below ema=bear rs=-0.4% adx=23 body=79% ramp=1x rangeATR=0.7 O286.38 H286.43 L286.15 C286.16 ATR=5.52 SL=286.71/286.99 rawVol=12281 volSMA=23793 buf=0.276 prices=287.4
2025-12-03T12:40:00.000-05:00,[KLB] 12:40 ▼ ~ ~ Yest H vol=0.7x pos=v100 vwap=below ema=bear rs=-0.5% adx=23 body=71% ramp=0.9x rangeATR=0.6 O286.15 H286.21 L286 C286 ATR=5.52 SL=286.55/286.83 rawVol=14840 volSMA=21791 buf=0.276 prices=287.4
2025-12-03T13:10:00.000-05:00,[KLB] 13:10 ▼ BRK ORB L vol=1.6x pos=v100 vwap=below ema=bear rs=-0.7% adx=24 body=65% ramp=1.6x rangeATR=1.8 O285.87 H286.09 L285.47 C285.47 ATR=5.52 SL=286.02/286.3 rawVol=27774 volSMA=18197 buf=0.276 prices=285.94
2025-12-03T13:10:00.000-05:00,[KLB] CONF 13:10 ▼ BRK → ✓ (auto-R1: EMA)
2025-12-03T13:15:00.000-05:00,[KLB] 5m CHECK 13:15 ▼ pnl=-0.02 SPY✗ → BAIL
2025-12-03T14:10:00.000-05:00,[KLB] 14:10 ▼ BRK PM L vol=1.1x pos=v100 vwap=below ema=bear rs=-0.9% adx=26 body=45% ramp=1.3x rangeATR=0.8 O285.42 H285.54 L285.32 C285.32 ATR=5.52 SL=285.87/286.15 rawVol=18136 volSMA=15970 buf=0.276 prices=285.62
2025-12-03T14:10:00.000-05:00,[KLB] CONF 14:10 ▼ BRK → ✓ (auto-R1: EMA)
2025-12-03T14:15:00.000-05:00,[KLB] 5m CHECK 14:15 ▼ pnl=0 SPY✗ → BAIL
2025-12-03T14:35:00.000-05:00,[KLB] 14:35 ▼ BRK PD LH L vol=2.9x pos=v86 vwap=below ema=bear rs=-1.1% adx=31 body=86% ramp=1.8x rangeATR=2.2 ⚡ ⚠ O285.25 H285.25 L284.59 C284.68 ATR=5.52 SL=285.23/285.51 rawVol=56788 volSMA=19782 buf=0.276 prices=
2025-12-03T14:35:00.000-05:00,[KLB] CONF 14:35 ▼ BRK → ✓ (auto-R1: EMA)
2025-12-03T14:40:00.000-05:00,[KLB] 5m CHECK 14:40 ▼ pnl=0 SPY✗ → BAIL
2025-12-04T09:30:00.000-05:00,[KLB] 9:30 ▲ RNG range break vol=3.8x
2025-12-04T09:35:00.000-05:00,[KLB] 9:35 ▼ RNG range break vol=17.4x
2025-12-04T10:25:00.000-05:00,[KLB] 10:25 ▼ ~ ~ VWAP vol=1.2x pos=v96 vwap=below ema=bear rs=-0.7% adx=27 body=92% ramp=0.6x rangeATR=1.6 ⚠ O281.88 H281.92 L281.09 C281.12 ATR=5.5 SL=281.67/281.95 rawVol=42307 volSMA=35847 buf=0.275 prices=
2025-12-04T11:20:00.000-05:00,[KLB] 11:20 ▼ ~ ~ Week H vol=1.4x pos=v31 vwap=below ema=bear rs=-1.1% adx=41 body=31% ramp=1.5x rangeATR=1 O280.33 H280.33 L279.82 C280.17 ATR=5.5 SL=280.72/281 rawVol=60840 volSMA=43556 buf=0.275 prices=280.38
2025-12-04T12:20:00.000-05:00,[KLB] 12:20 ▼ ~ ~ Week H vol=1.4x pos=v100 vwap=below ema=bear rs=-1.3% adx=36 body=93% ramp=1x rangeATR=0.6 ⚠ O280.29 H280.31 L280.04 C280.04 ATR=5.5 SL=280.59/280.87 rawVol=16631 volSMA=25246 buf=0.275 prices=280.38
2025-12-04T12:40:00.000-05:00,[KLB] 12:40 ▼ ~ ~ Week H vol=1.1x pos=v100 vwap=below ema=bear rs=-1.3% adx=36 body=48% ramp=0.8x rangeATR=1.2 O280.08 H280.33 L279.85 C279.85 ATR=5.5 SL=280.4/280.68 rawVol=23156 volSMA=24026 buf=0.275 prices=280.38
2025-12-04T13:10:00.000-05:00,[KLB] 13:10 ▼ ~ ~ Week H vol=1.6x pos=v93 vwap=below ema=bear rs=-1.3% adx=30 body=91% ramp=1.3x rangeATR=1.2 ⚠ O280.25 H280.26 L279.82 C279.85 ATR=5.5 SL=280.4/280.68 rawVol=34312 volSMA=21562 buf=0.275 prices=280.38
2025-12-04T15:30:00.000-05:00,[KLB] 15:30 ▼ ~ ~ Week H vol=0.9x pos=v89 vwap=below ema=bear rs=-1% adx=25 body=68% ramp=1.1x rangeATR=0.9 O280.31 H280.37 L280.09 C280.12 ATR=5.5 SL=280.67/280.95 rawVol=27622 volSMA=31415 buf=0.275 prices=280.38
2025-12-04T15:45:00.000-05:00,[KLB] 15:45 ▼ ~ x~ Week H vol=0.9x pos=v34 vwap=below ema=bear rs=-1.1% adx=22 body=6% ramp=1.2x rangeATR=1.2 O280.15 H280.25 L279.9 C280.13 ATR=5.5 SL=280.68/280.96 rawVol=28901 volSMA=31571 buf=0.275 prices=280.38
2025-12-05T09:30:00.000-05:00,[KLB] 9:30 ▲ RNG range break vol=4.3x
2025-12-05T09:30:00.000-05:00,[KLB] 9:30 ▲ ~ ~ Today O vol=4.3x pos=^55 vwap=above ema=bear rs=+0.2% adx=22 body=55% ramp=3.3x rangeATR=3.1 ⚡ O280.23 H280.9 L280.23 C280.6 ATR=5.55 SL=280.05/279.77 rawVol=3215 volSMA=754 buf=0.277 prices=
2025-12-05T09:35:00.000-05:00,[KLB] 9:35 ▼ FADE at 280.54
2025-12-05T09:35:00.000-05:00,[KLB] 9:35 ▼ RNG range break vol=17.8x
2025-12-05T09:35:00.000-05:00,"[KLB] 9:35 ▼ ~ ~ Week H
~ VWAP + ~ PD Cls vol=17.8x pos=v98 vwap=below ema=bear rs=-0.5% adx=22 body=67% ramp=50.5x rangeATR=4.9 ⚡ O280.54 H281.03 L279.47 C279.5 ATR=5.55 SL=280.05/280.33 rawVol=121370 volSMA=6820 buf=0.277 prices=280.38"
2025-12-05T09:40:00.000-05:00,[KLB] 9:40 ▲ ~ ~ PM L + ~ PD LH L vol=7x pos=^82 vwap=above ema=bear rs=-0.1% adx=22 body=63% ramp=70.6x rangeATR=3.4 ⚡ O279.52 H280.6 L279.27 C280.36 ATR=5.55 SL=279.81/279.53 rawVol=73289 volSMA=10475 buf=0.277 prices=279.58
2025-12-05T09:45:00.000-05:00,[KLB] 9:45 ▼ FADE at 279.58
2025-12-05T09:45:00.000-05:00,[KLB] 9:45 ▼ ~ ~ Week H vol=3.9x pos=v90 vwap=below ema=bear rs=-0.4% adx=23 body=71% ramp=45.8x rangeATR=2.6 ⚡ O280.33 H280.55 L279.4 C279.51 ATR=5.55 SL=280.06/280.34 rawVol=51173 volSMA=13019 buf=0.277 prices=280.38
2025-12-05T10:05:00.000-05:00,[KLB] 10:05 ▼ ~ ~ Week H vol=2.5x pos=v100 vwap=below ema=bear rs=-0.6% adx=21 body=42% ramp=0.7x rangeATR=1.6 O280.18 H280.61 L279.87 C279.87 ATR=5.55 SL=280.42/280.7 rawVol=56280 volSMA=22687 buf=0.277 prices=280.38
2025-12-05T10:50:00.000-05:00,[KLB] 10:50 ▲ ~ ~ Week H vol=0.7x pos=^87 vwap=above ema=bull rs=-0.4% adx=21 body=39% ramp=0.7x rangeATR=0.7 O280.31 H280.47 L280.16 C280.43 ATR=5.55 SL=279.88/279.6 rawVol=26547 volSMA=39252 buf=0.277 prices=
2025-12-05T10:55:00.000-05:00,[KLB] 10:55 ▼ ~ ~ Week H vol=0.8x pos=v80 vwap=below ema=bear rs=-0.5% adx=20 body=66% ramp=0.9x rangeATR=1.5 O280.41 H280.51 L279.8 C279.94 ATR=5.55 SL=280.49/280.77 rawVol=31901 volSMA=40815 buf=0.277 prices=280.38
2025-12-05T11:10:00.000-05:00,[KLB] 11:10 ▼ ~ x~ Week H vol=0.8x pos=v63 vwap=below ema=bear rs=-0.3% adx=17 body=28% ramp=0.9x rangeATR=1 O280.09 H280.25 L279.79 C279.96 ATR=5.55 SL=280.51/280.79 rawVol=35183 volSMA=44537 buf=0.277 prices=280.38
2025-12-08T09:35:00.000-05:00,[KLB] 9:35 ▲ RNG range break vol=17.2x
2025-12-08T09:35:00.000-05:00,"[KLB] 9:35 ▲ ~ ~ Yest L
~ VWAP + ~ PD LH L + ~ Today O + ~ PD Cls + ~ PM H vol=17.2x pos=^71 vwap=above ema=bear rs=+0.4% adx=20 body=58% ramp=61x rangeATR=5.9 ⚡ O278.1 H279.65 L277.88 C279.13 ATR=5.37 SL=278.59/278.32 rawVol=117652 volSMA=6840 buf=0.269 prices=278.05"
2025-12-08T09:40:00.000-05:00,[KLB] 9:40 ▼ FADE at 278.05
2025-12-08T09:40:00.000-05:00,[KLB] 9:40 ▼ BRK Yest L + PD LH L vol=7.8x pos=v95 vwap=below ema=bear rs=0% adx=20 body=93% ramp=120.1x rangeATR=3.9 ⚡ ⚠ O279.14 H279.16 L277.63 C277.71 ATR=5.37 SL=278.25/278.52 rawVol=87247 volSMA=11194 buf=0.269 prices=278.05
2025-12-08T09:40:00.000-05:00,"[KLB] 9:40 ▼ ~ ~ PM H
~ VWAP vol=7.8x pos=v95 vwap=below ema=bear rs=0% adx=20 body=93% ramp=120.1x rangeATR=3.9 ⚡ ⚠ O279.14 H279.16 L277.63 C277.71 ATR=5.37 SL=278.25/278.52 rawVol=87247 volSMA=11194 buf=0.269 prices=278.9"
2025-12-08T09:40:00.000-05:00,[KLB] CONF 9:40 ▼ BRK → ✓ (auto-R1: EMA)
2025-12-08T09:45:00.000-05:00,[KLB] 5m CHECK 9:45 ▼ pnl=-0.03 SPY~ → HOLD
2025-12-09T09:35:00.000-05:00,[KLB] 9:35 ▲ RNG range break vol=17.6x
2025-12-09T09:40:00.000-05:00,[KLB] 9:40 ▲ ~ ~ VWAP + ~ PM H + ~ ORB H vol=10x pos=^94 vwap=above ema=bull rs=+0.5% adx=25 body=75% ramp=83x rangeATR=4 ⚡ O278.9 H280.03 L278.64 C279.94 ATR=5.24 SL=279.42/279.15 rawVol=101660 volSMA=11805 buf=0.262 prices=
2025-12-09T09:50:00.000-05:00,[KLB] 9:50 ▲ ~ ~ ORB H vol=3.3x pos=^100 vwap=above ema=bull rs=+0.3% adx=26 body=38% ramp=1.9x rangeATR=1.3 O279.09 H279.3 L278.75 C279.3 ATR=5.24 SL=278.78/278.51 rawVol=60896 volSMA=18315 buf=0.262 prices=
2025-12-09T11:05:00.000-05:00,[KLB] 11:05 ▼ ~ ~ VWAP vol=0.8x pos=v92 vwap=below ema=bear rs=-0.5% adx=21 body=64% ramp=1x rangeATR=1.3 O277.83 H277.99 L277.4 C277.45 ATR=5.24 SL=277.97/278.24 rawVol=35063 volSMA=45220 buf=0.262 prices=
2025-12-09T15:55:00.000-05:00,[KLB] 15:55 ▼ ~ ~ Yest H vol=4.2x pos=v85 vwap=below ema=bear rs=-0.3% adx=26 body=43% ramp=2.4x rangeATR=4.4 ⚡ O277.79 H278.36 L277 C277.2 ATR=5.24 SL=277.72/277.99 rawVol=104714 volSMA=24928 buf=0.262 prices=279.67
2025-12-10T09:30:00.000-05:00,"[KLB] 9:30 ▲ ~ ~ Yest L
~ VWAP + ~ Today O + ~ PD Cls + ~ PM H vol=3.8x pos=^100 vwap=above ema=bull rs=+0% adx=25 body=88% ramp=4.2x rangeATR=4.3 ⚡ ⚠ O277.25 H277.98 L277.15 C277.98 ATR=5.09 SL=277.47/277.22 rawVol=2246 volSMA=1468 buf=0.254 prices=276.92"
2025-12-10T09:35:00.000-05:00,[KLB] 9:35 ▼ ~ ~ PM H + ~ Yest H vol=13.7x pos=v94 vwap=below ema=bull rs=-0.1% adx=27 body=53% ramp=25.5x rangeATR=4.5 ⚡ O277.87 H278.35 L277.17 C277.24 ATR=5.09 SL=277.75/278 rawVol=63453 volSMA=4633 buf=0.254 prices=277.98/280.03
2025-12-10T09:45:00.000-05:00,[KLB] 9:45 ▲ ~ ~ PM H vol=7.7x pos=^100 vwap=above ema=bull rs=+0% adx=26 body=54% ramp=19.4x rangeATR=1.7 O277.5 H277.84 L277.22 C277.84 ATR=5.09 SL=277.33/277.07 rawVol=36129 volSMA=10454 buf=0.254 prices=
2025-12-10T09:50:00.000-05:00,[KLB] 9:50 ▲ FADE at 277.98
2025-12-10T09:50:00.000-05:00,[KLB] 9:50 ▲ ~ ~ PM H + ~ Yest H + ~ ORB H vol=3x pos=^59 vwap=above ema=bull rs=+0.1% adx=27 body=56% ramp=2.2x rangeATR=1.9 O277.82 H278.5 L277.8 C278.21 ATR=5.09 SL=277.7/277.45 rawVol=36686 volSMA=12273 buf=0.254 prices=
2025-12-10T13:35:00.000-05:00,[KLB] 13:35 ▲ ~ ~ Yest H + ~ ORB H vol=0.7x pos=^70 vwap=above ema=bull rs=+0.1% adx=21 body=57% ramp=0.7x rangeATR=0.7 O278.08 H278.28 L278.05 C278.21 ATR=5.09 SL=277.7/277.45 rawVol=11691 volSMA=16775 buf=0.254 prices=
2025-12-11T09:30:00.000-05:00,[KLB] 9:30 ▼ RNG range break vol=5.3x
2025-12-11T09:45:00.000-05:00,[KLB] 9:45 ▼ BRK PM L + Yest L + Week L vol=6.7x pos=v88 vwap=below ema=bear rs=-1.4% adx=22 body=81% ramp=33.3x rangeATR=4.9 ⚡ ⚠ O277.52 H277.7 L275.02 C275.35 ATR=4.96 SL=275.85/276.09 rawVol=103858 volSMA=15587 buf=0.248 prices=277/276.44/276.14
2025-12-11T09:45:00.000-05:00,[KLB] 9:45 ▼ ~ ~ VWAP vol=6.7x pos=v88 vwap=below ema=bear rs=-1.4% adx=22 body=81% ramp=33.3x rangeATR=4.9 ⚡ ⚠ O277.52 H277.7 L275.02 C275.35 ATR=4.96 SL=275.85/276.09 rawVol=103858 volSMA=15587 buf=0.248 prices=
2025-12-11T09:45:00.000-05:00,[KLB] CONF 9:45 ▼ BRK → ✓ (auto-R1: EMA)
2025-12-11T09:50:00.000-05:00,[KLB] 5m CHECK 9:50 ▼ pnl=0.12 SPY~ → HOLD
2025-12-12T09:30:00.000-05:00,[KLB] 9:30 ▲ RNG range break vol=6.8x
2025-12-12T09:35:00.000-05:00,"[KLB] 9:35 ▲ ~ ~ PM L + ~ Yest L
~ VWAP + ~ PD LH L + ~ PD Cls + ~ PM H vol=17x pos=^97 vwap=above ema=bear rs=+0.3% adx=22 body=43% ramp=59.7x rangeATR=5.3 ⚡ O278.01 H279 L276.88 C278.93 ATR=5.02 SL=278.43/278.18 rawVol=90712 volSMA=5339 buf=0.251 prices=276.91/273.81"
2025-12-12T13:30:00.000-05:00,[KLB] 13:30 ▲ ~ ~ PM H + ~ ORB H vol=0.7x pos=^86 vwap=above ema=bull rs=+1% adx=21 body=86% ramp=0.7x rangeATR=1.2 ⚠ O278.63 H279.12 L278.63 C279.05 ATR=5.02 SL=278.55/278.3 rawVol=17103 volSMA=24079 buf=0.251 prices=
2025-12-15T09:30:00.000-05:00,[KLB] 9:30 ▲ RNG range break vol=7.6x
2025-12-15T09:30:00.000-05:00,[KLB] 9:30 ▲ ~ ~ VWAP + ~ Today O + ~ PM H + ~ Week H vol=7.6x pos=^94 vwap=above ema=bull rs=+0.6% adx=25 body=73% ramp=2x rangeATR=6 ⚡ O278.89 H280.28 L278.52 C280.17 ATR=4.83 SL=279.69/279.45 rawVol=13352 volSMA=1749 buf=0.242 prices=
2025-12-15T09:35:00.000-05:00,[KLB] 9:35 ▼ RNG range break vol=15.8x
2025-12-15T09:35:00.000-05:00,[KLB] 9:35 ▼ ~ ~ PM H + ~ Yest H + ~ Week H + ~ PD Cls vol=15.8x pos=v99 vwap=below ema=bull rs=-0.5% adx=26 body=93% ramp=16.3x rangeATR=5.2 ⚡ ⚠ O280.15 H280.28 L278 C278.03 ATR=4.83 SL=278.51/278.75 rawVol=130121 volSMA=8237 buf=0.242 prices=280.28/279.22/280.03
2025-12-15T09:40:00.000-05:00,[KLB] 9:40 ▼ ~ ~ VWAP vol=10.5x pos=v92 vwap=below ema=bull rs=-0.9% adx=25 body=88% ramp=37.3x rangeATR=3 ⚡ ⚠ O277.99 H278.05 L276.51 C276.64 ATR=4.83 SL=277.12/277.36 rawVol=82548 volSMA=12362 buf=0.242 prices=
2025-12-16T09:30:00.000-05:00,[KLB] 9:30 ▼ RNG range break vol=10.3x
2025-12-16T09:30:00.000-05:00,[KLB] 9:30 ▼ BRK PD LH L vol=10.3x pos=v55 vwap=below ema=bear rs=-0.2% adx=21 body=34% ramp=10.2x rangeATR=3.9 ⚡ O273.38 H273.63 L272.47 C272.99 ATR=5.01 SL=273.49/273.74 rawVol=13466 volSMA=1307 buf=0.25 prices=
2025-12-16T09:30:00.000-05:00,[KLB] CONF 9:30 ▼ BRK → ✓ (auto-R1: EMA)
2025-12-16T09:35:00.000-05:00,[KLB] 5m CHECK 9:35 ▼ pnl=0.06 SPY~ → HOLD
2025-12-16T15:05:00.000-05:00,[KLB] 15:05 ▲ ~ ~ Yest L vol=1x pos=^98 vwap=above ema=bull rs=+0.7% adx=25 body=87% ramp=1x rangeATR=1.6 ⚠ O274.1 H274.64 L274.03 C274.63 ATR=5.01 SL=274.13/273.88 rawVol=27080 volSMA=26276 buf=0.25 prices=272.84
2025-12-17T09:30:00.000-05:00,[KLB] 9:30 ▼ ~ ~ PM H + ~ Today O vol=3.7x pos=v62 vwap=below ema=bull rs=+0.1% adx=31 body=62% ramp=3.6x rangeATR=2 O275.33 H275.33 L274.8 C275 ATR=4.92 SL=275.49/275.74 rawVol=5157 volSMA=1394 buf=0.246 prices=275.42
2025-12-17T09:35:00.000-05:00,[KLB] 9:35 ▲ FADE at 275.42
2025-12-17T09:35:00.000-05:00,[KLB] 9:35 ▲ RNG range break vol=15.9x
2025-12-17T09:35:00.000-05:00,[KLB] 9:35 ▲ ~ ~ PM H vol=15.9x pos=^70 vwap=above ema=bull rs=+0.3% adx=32 body=61% ramp=53.5x rangeATR=3.6 ⚡ O275 H276.09 L274.89 C275.73 ATR=4.92 SL=275.24/274.99 rawVol=104449 volSMA=6562 buf=0.246 prices=
2025-12-17T10:10:00.000-05:00,[KLB] 10:10 ▼ ~ x~ PM H vol=1.7x pos=v47 vwap=below ema=bull rs=+0.3% adx=35 body=15% ramp=1x rangeATR=1.1 O275.34 H275.51 L274.98 C275.26 ATR=4.92 SL=275.75/276 rawVol=41085 volSMA=24491 buf=0.246 prices=275.42
2025-12-17T10:20:00.000-05:00,[KLB] 10:20 ▲ FADE at 275.42
2025-12-17T11:05:00.000-05:00,[KLB] 11:05 ▲ ~ ~ PD Cls vol=1x pos=^76 vwap=below ema=bull rs=+0.7% adx=27 body=76% ramp=1x rangeATR=0.9 O274.58 H275 L274.58 C274.9 ATR=4.92 SL=274.41/274.16 rawVol=30743 volSMA=43297 buf=0.246 prices=
2025-12-17T11:15:00.000-05:00,"[KLB] 11:15 ▼ ~ ~ Yest H
~ VWAP vol=1.1x pos=v98 vwap=below ema=bear rs=+0.5% adx=26 body=82% ramp=0.9x rangeATR=2 ⚡ ⚠ O274.68 H274.85 L273.8 C273.82 ATR=4.92 SL=274.31/274.56 rawVol=46883 volSMA=41715 buf=0.246 prices=275.5"
2025-12-18T09:30:00.000-05:00,[KLB] 9:30 ▲ ~ ~ PM H vol=2x pos=^91 vwap=above ema=bull rs=+0.9% adx=40 body=86% ramp=4.8x rangeATR=4.7 ⚡ ⚠ O272.3 H273.74 L272.22 C273.6 ATR=4.89 SL=273.11/272.87 rawVol=3684 volSMA=1843 buf=0.244 prices=
2025-12-18T09:35:00.000-05:00,[KLB] 9:35 ▼ RNG range break vol=16.9x
2025-12-18T09:35:00.000-05:00,[KLB] 9:35 ▼ ~ ~ PM H + ~ Today O + ~ PD Cls vol=16.9x pos=v99 vwap=below ema=bull rs=-1.4% adx=38 body=95% ramp=43.7x rangeATR=6.6 ⚡ ⚠ O273.5 H273.62 L269.85 C269.9 ATR=4.89 SL=270.39/270.63 rawVol=189633 volSMA=11209 buf=0.244 prices=273.74
2025-12-18T09:40:00.000-05:00,[KLB] 9:40 ▼ BRK ORB L vol=10.2x pos=v84 vwap=below ema=bear rs=-1.9% adx=38 body=76% ramp=70.6x rangeATR=3.4 ⚡ O269.89 H270.07 L267.69 C268.08 ATR=4.89 SL=268.57/268.81 rawVol=233185 volSMA=22854 buf=0.244 prices=269.85
2025-12-18T09:40:00.000-05:00,[KLB] 9:40 ▼ ~ ~ VWAP vol=10.2x pos=v84 vwap=below ema=bear rs=-1.9% adx=38 body=76% ramp=70.6x rangeATR=3.4 ⚡ O269.89 H270.07 L267.69 C268.08 ATR=4.89 SL=268.57/268.81 rawVol=233185 volSMA=22854 buf=0.244 prices=
2025-12-18T09:40:00.000-05:00,[KLB] CONF 9:40 ▼ BRK → ✓ (auto-R1: EMA)
2025-12-18T09:45:00.000-05:00,[KLB] 5m CHECK 9:45 ▼ pnl=-0.02 SPY~ → HOLD
2025-12-18T12:45:00.000-05:00,[KLB] 12:45 ▲ ~ ~ PM L + ~ Yest L + ~ PD LH L vol=0.8x pos=^97 vwap=above ema=bull rs=-0.7% adx=23 body=97% ramp=1x rangeATR=1 ⚠ O271.39 H271.99 L271.39 C271.97 ATR=4.89 SL=271.48/271.24 rawVol=23842 volSMA=33284 buf=0.244 prices=271.27/271.64
2025-12-19T09:30:00.000-05:00,[KLB] 9:30 ▲ RNG range break vol=9.6x
2025-12-19T09:30:00.000-05:00,"[KLB] 9:30 ▲ ~ ~ Yest L
~ VWAP + ~ PD LH L + ~ Today O + ~ PD Cls + ~ PM H vol=9.6x pos=^95 vwap=above ema=bear rs=+0.2% adx=26 body=47% ramp=7.4x rangeATR=4.9 ⚡ O271.68 H272.63 L270.81 C272.54 ATR=5.02 SL=272.04/271.79 rawVol=16169 volSMA=1680 buf=0.251 prices=266.95"
2025-12-19T15:50:00.000-05:00,[KLB] 15:50 ▼ ~ ~ VWAP vol=1.3x pos=v91 vwap=below ema=bear rs=-1.1% adx=21 body=32% ramp=0.7x rangeATR=1.2 O270.59 H270.85 L270.41 C270.45 ATR=5.02 SL=270.95/271.2 rawVol=58523 volSMA=43370 buf=0.251 prices=
2025-12-22T09:30:00.000-05:00,[KLB] 9:30 ▼ RNG range break vol=6.8x
2025-12-22T09:35:00.000-05:00,[KLB] 9:35 ▲ ~ ~ Today O vol=15x pos=^63 vwap=above ema=bear rs=+0.2% adx=24 body=48% ramp=48.7x rangeATR=4.2 ⚡ O272.8 H273.88 L272.62 C273.41 ATR=4.99 SL=272.91/272.66 rawVol=124486 volSMA=8302 buf=0.25 prices=
2025-12-22T09:45:00.000-05:00,[KLB] 9:45 ▼ FADE at 272.86
2025-12-22T09:50:00.000-05:00,[KLB] 9:50 ▼ BRK PM L + ORB L vol=4.2x pos=v87 vwap=below ema=bear rs=-0.2% adx=24 body=74% ramp=2x rangeATR=1.9 O272.76 H272.86 L272.09 C272.19 ATR=4.99 SL=272.69/272.94 rawVol=93715 volSMA=22086 buf=0.25 prices=272.45/272.62
2025-12-22T09:50:00.000-05:00,[KLB] 9:50 ▼ ~ ~ VWAP vol=4.2x pos=v87 vwap=below ema=bear rs=-0.2% adx=24 body=74% ramp=2x rangeATR=1.9 O272.76 H272.86 L272.09 C272.19 ATR=4.99 SL=272.69/272.94 rawVol=93715 volSMA=22086 buf=0.25 prices=
2025-12-22T09:50:00.000-05:00,[KLB] CONF 9:50 ▼ BRK → ✓ (auto-R1: EMA)
2025-12-22T09:55:00.000-05:00,[KLB] 5m CHECK 9:55 ▼ pnl=-0.12 SPY~ → BAIL
2025-12-22T10:10:00.000-05:00,[KLB] 10:10 ▼ BRK PM L + ORB L vol=1.7x pos=v81 vwap=below ema=bear rs=-0.2% adx=26 body=46% ramp=0.7x rangeATR=1.5 O272.49 H272.74 L272.02 C272.16 ATR=4.99 SL=272.66/272.91 rawVol=60710 volSMA=36110 buf=0.25 prices=272.45/272.62
2025-12-22T10:10:00.000-05:00,[KLB] CONF 10:10 ▼ BRK → ✓ (auto-R1: EMA)
2025-12-22T10:15:00.000-05:00,[KLB] 5m CHECK 10:15 ▼ pnl=0.03 SPY~ → HOLD
2025-12-23T09:35:00.000-05:00,[KLB] 9:35 ▼ RNG range break vol=14.7x
2025-12-23T09:40:00.000-05:00,[KLB] 9:40 ▲ ~ ~ PM L + ~ PD LH L vol=5.8x pos=^97 vwap=above ema=bear rs=-0.2% adx=21 body=87% ramp=34.6x rangeATR=2 ⚡ ⚠ O270.16 H270.78 L270.09 C270.76 ATR=4.88 SL=270.27/270.03 rawVol=57633 volSMA=9947 buf=0.244 prices=270.4
2025-12-23T09:45:00.000-05:00,[KLB] 9:45 ▲ ~ ~ PM L + ~ Yest L vol=6.1x pos=^91 vwap=above ema=bear rs=-0.1% adx=21 body=49% ramp=16.6x rangeATR=2.4 ⚡ O270.75 H271.27 L270.37 C271.19 ATR=4.88 SL=270.7/270.46 rawVol=86809 volSMA=14272 buf=0.244 prices=270.4/270.51
2025-12-23T09:50:00.000-05:00,[KLB] 9:50 ▲ ~ ~ VWAP + ~ ORB H vol=4.9x pos=^88 vwap=above ema=bull rs=-0.1% adx=21 body=54% ramp=1.8x rangeATR=1.1 O271.21 H271.48 L271.07 C271.43 ATR=4.88 SL=270.94/270.7 rawVol=67988 volSMA=17654 buf=0.244 prices=
2025-12-24T09:35:00.000-05:00,[KLB] 9:35 ▲ RNG range break vol=18.5x
2025-12-24T09:35:00.000-05:00,[KLB] 9:35 ▲ ~ ~ Today O + ~ PD Cls + ~ PM H + ~ Yest H vol=18.5x pos=^80 vwap=above ema=bull rs=+0.5% adx=22 body=74% ramp=195x rangeATR=7.8 ⚡ O272.29 H274.3 L272.17 C273.87 ATR=4.74 SL=273.4/273.16 rawVol=133038 volSMA=7182 buf=0.237 prices=
2025-12-24T09:40:00.000-05:00,[KLB] 9:40 ▲ ~ ~ VWAP + ~ ORB H vol=11x pos=^59 vwap=above ema=bull rs=+0.7% adx=25 body=59% ramp=245.1x rangeATR=2.7 ⚡ O273.89 H274.74 L273.89 C274.4 ATR=4.74 SL=273.92/273.68 rawVol=97626 volSMA=12056 buf=0.237 prices=
2025-12-24T10:20:00.000-05:00,[KLB] 10:20 ▲ ~ ~ ORB H vol=2.7x pos=^88 vwap=above ema=bull rs=+0.6% adx=34 body=57% ramp=1.3x rangeATR=1.6 O274 H274.45 L273.8 C274.37 ATR=4.74 SL=273.9/273.66 rawVol=81152 volSMA=29871 buf=0.237 prices=
2025-12-24T10:45:00.000-05:00,[KLB] 10:45 ▲ ~ ~ ORB H vol=0.5x pos=^62 vwap=above ema=bull rs=+0.5% adx=36 body=51% ramp=0.5x rangeATR=0.7 O274.12 H274.33 L274.1 C274.24 ATR=4.74 SL=273.77/273.53 rawVol=19399 volSMA=36177 buf=0.237 prices=
2025-12-26T09:30:00.000-05:00,[KLB] 9:30 ▲ RNG range break vol=8.4x
2025-12-26T15:40:00.000-05:00,[KLB] 15:40 ▼ BRK ORB L vol=2.4x pos=v43 vwap=below ema=bear rs=-0.1% adx=26 body=43% ramp=1.7x rangeATR=1.7 O273.9 H273.9 L273.6 C273.77 ATR=4.63 SL=274.23/274.46 rawVol=39390 volSMA=16309 buf=0.232 prices=273.9
2025-12-26T15:40:00.000-05:00,[KLB] 15:40 ▼ ~ ~ Yest H vol=2.4x pos=v43 vwap=below ema=bear rs=-0.1% adx=26 body=43% ramp=1.7x rangeATR=1.7 O273.9 H273.9 L273.6 C273.77 ATR=4.63 SL=274.23/274.46 rawVol=39390 volSMA=16309 buf=0.232 prices=275.43
2025-12-26T15:40:00.000-05:00,[KLB] CONF 15:40 ▼ BRK → ✓ (auto-R1: EMA)
2025-12-26T15:45:00.000-05:00,[KLB] 15:45 ▼ ~ x~ Yest H vol=2.3x pos=v50 vwap=below ema=bear rs=-0.1% adx=29 body=28% ramp=1.2x rangeATR=1 O273.78 H273.82 L273.64 C273.73 ATR=4.63 SL=274.19/274.42 rawVol=33560 volSMA=17502 buf=0.232 prices=275.43
2025-12-26T15:45:00.000-05:00,[KLB] 5m CHECK 15:45 ▼ pnl=0.01 SPY~ → HOLD
2025-12-26T15:55:00.000-05:00,[KLB] 15:55 ▼ BRK PM L + PD LH L vol=5.6x pos=v77 vwap=below ema=bear rs=-0.3% adx=35 body=70% ramp=2.6x rangeATR=3.2 ⚡ O273.5 H273.55 L272.86 C273.02 ATR=4.63 SL=273.48/273.71 rawVol=162340 volSMA=29171 buf=0.232 prices=273.11
2025-12-26T15:55:00.000-05:00,[KLB] CONF 15:55 ▼ BRK → ✓ (auto-R1: EMA)
2025-12-26T16:00:00.000-05:00,[KLB] 5m CHECK 16:00 ▼ pnl=-0.07 SPY~ → HOLD
2025-12-29T09:30:00.000-05:00,[KLB] 9:30 ▲ RNG range break vol=3.1x
2025-12-29T09:30:00.000-05:00,[KLB] 9:30 ▲ ~ ~ Today O vol=3.1x pos=^98 vwap=below ema=bear rs=-0.4% adx=21 body=72% ramp=3.9x rangeATR=4.2 ⚡ O271.92 H272.72 L271.63 C272.7 ATR=4.48 SL=272.25/272.03 rawVol=3287 volSMA=1057 buf=0.224 prices=
2025-12-29T09:35:00.000-05:00,[KLB] 9:35 ▲ ~ ~ PD LH L + ~ PM H vol=16.1x pos=^52 vwap=above ema=bear rs=+0.2% adx=23 body=34% ramp=30.9x rangeATR=5 ⚡ O272.7 H274.21 L272.37 C273.33 ATR=4.48 SL=272.88/272.66 rawVol=82868 volSMA=5155 buf=0.224 prices=
2025-12-29T09:40:00.000-05:00,"[KLB] 9:40 ▲ ~ ~ Yest L
~ VWAP + ~ PD Cls + ~ PM H + ~ ORB H vol=11.2x pos=^83 vwap=above ema=bull rs=+0.3% adx=25 body=60% ramp=32.6x rangeATR=2.9 ⚡ O273.38 H274.36 L273.09 C274.14 ATR=4.48 SL=273.69/273.47 rawVol=45121 volSMA=7405 buf=0.224 prices=272.86"
2025-12-29T10:15:00.000-05:00,[KLB] 10:15 ▼ ~ x~ PM H vol=1.7x pos=v52 vwap=below ema=bull rs=+0.2% adx=31 body=19% ramp=1.2x rangeATR=1.1 O273.23 H273.39 L272.91 C273.14 ATR=4.48 SL=273.59/273.81 rawVol=19782 volSMA=14523 buf=0.224 prices=273.4
2025-12-29T10:25:00.000-05:00,[KLB] 10:25 ▲ FADE at 273.4
2025-12-29T10:25:00.000-05:00,[KLB] 10:25 ▲ ~ ~ Yest L + ~ PM H vol=2.4x pos=^96 vwap=above ema=bull rs=+0.4% adx=29 body=89% ramp=1.5x rangeATR=1.2 ⚠ O273.28 H273.79 L273.24 C273.77 ATR=4.48 SL=273.32/273.1 rawVol=43592 volSMA=17878 buf=0.224 prices=272.86
2025-12-29T11:05:00.000-05:00,[KLB] 11:05 ▼ ~ x~ PM H vol=0.3x pos=v100 vwap=below ema=bull rs=+0.2% adx=23 body=28% ramp=0.5x rangeATR=0.5 🔇 O273.27 H273.4 L273.22 C273.22 ATR=4.48 SL=273.67/273.89 rawVol=8106 volSMA=24349 buf=0.224 prices=273.4
2025-12-29T11:10:00.000-05:00,[KLB] 11:10 ▼ ~ x~ PM H vol=0.4x pos=v70 vwap=below ema=bull rs=+0.3% adx=22 body=7% ramp=0.6x rangeATR=0.8 O273.24 H273.43 L273.13 C273.22 ATR=4.48 SL=273.67/273.89 rawVol=8934 volSMA=24631 buf=0.224 prices=273.4
2025-12-29T11:20:00.000-05:00,[KLB] 11:20 ▼ ~ x~ PM H vol=0.4x pos=v33 vwap=below ema=bull rs=+0.3% adx=20 body=20% ramp=0.8x rangeATR=0.4 O273.29 H273.31 L273.16 C273.26 ATR=4.48 SL=273.71/273.93 rawVol=7513 volSMA=18925 buf=0.224 prices=273.4
2025-12-29T12:05:00.000-05:00,[KLB] 12:05 ▼ ~ x~ PM H vol=0.9x pos=v71 vwap=below ema=bull rs=+0.2% adx=17 body=6% ramp=1.4x rangeATR=0.6 O273.17 H273.28 L273.11 C273.16 ATR=4.48 SL=273.61/273.83 rawVol=9073 volSMA=11435 buf=0.224 prices=273.4
2025-12-29T12:20:00.000-05:00,[KLB] 12:20 ▼ ~ x~ PM H vol=0.5x pos=v90 vwap=below ema=bull rs=+0.3% adx=15 body=5% ramp=0.7x rangeATR=0.8 O273.1 H273.27 L273.07 C273.09 ATR=4.48 SL=273.54/273.76 rawVol=4319 volSMA=8012 buf=0.224 prices=273.4
2025-12-30T09:30:00.000-05:00,[KLB] 9:30 ▲ ~ ~ Today O vol=3.4x pos=^73 vwap=below ema=bear rs=0% adx=21 body=50% ramp=4.8x rangeATR=3.1 ⚡ O272.65 H272.99 L272.55 C272.87 ATR=4.3 SL=272.44/272.22 rawVol=2596 volSMA=774 buf=0.215 prices=
2025-12-30T10:15:00.000-05:00,[KLB] 10:15 ▼ ~ ~ VWAP vol=1.6x pos=v84 vwap=below ema=bear rs=+0% adx=20 body=51% ramp=0.9x rangeATR=1.6 O272.9 H273.09 L272.52 C272.61 ATR=4.3 SL=273.04/273.26 rawVol=21388 volSMA=14931 buf=0.215 prices=
2025-12-30T14:20:00.000-05:00,[KLB] 14:20 ▲ ~ ~ VWAP vol=1.7x pos=^82 vwap=above ema=bull rs=+0.2% adx=22 body=82% ramp=1.6x rangeATR=0.8 ⚠ O273.38 H273.52 L273.38 C273.5 ATR=4.3 SL=273.06/272.85 rawVol=16049 volSMA=9492 buf=0.215 prices=
2025-12-31T09:30:00.000-05:00,[KLB] 9:30 ▲ RNG range break vol=7.1x
2025-12-31T09:30:00.000-05:00,[KLB] 9:30 ▲ BRK Week O vol=7.1x pos=^90 vwap=above ema=bull rs=+0.1% adx=30 body=62% ramp=5.1x rangeATR=5.1 ⚡ O272.5 H273.24 L272.2 C273.14 ATR=4.13 SL=272.73/272.52 rawVol=5236 volSMA=738 buf=0.206 prices=
2025-12-31T09:30:00.000-05:00,[KLB] 9:30 ▲ ~ ~ Yest L + ~ PD LH L + ~ Today O + ~ PD Cls + ~ PM H + ~ Yest H vol=7.1x pos=^90 vwap=above ema=bull rs=+0.1% adx=30 body=62% ramp=5.1x rangeATR=5.1 ⚡ O272.5 H273.24 L272.2 C273.14 ATR=4.13 SL=272.73/272.52 rawVol=5236 volSMA=738 buf=0.206 prices=272.28
2025-12-31T09:30:00.000-05:00,[KLB] CONF 9:30 ▲ BRK → ✓ (auto-R1: EMA)
2025-12-31T09:35:00.000-05:00,[KLB] 9:35 ▼ ~ ~ PM H + ~ Yest H vol=15.8x pos=v85 vwap=below ema=bull rs=-0.1% adx=31 body=32% ramp=26.7x rangeATR=4.2 ⚡ O273.05 H273.67 L272.51 C272.68 ATR=4.13 SL=273.09/273.3 rawVol=55744 volSMA=3522 buf=0.206 prices=273.24/274.08
2025-12-31T09:35:00.000-05:00,[KLB] 5m CHECK 9:35 ▲ pnl=-0.11 SPY~ → BAIL
2025-12-31T09:40:00.000-05:00,[KLB] 9:40 ▲ ~ ~ Yest L vol=7.2x pos=^78 vwap=above ema=bull rs=+0.1% adx=33 body=44% ramp=39.8x rangeATR=1.4 O272.69 H272.96 L272.55 C272.87 ATR=4.13 SL=272.46/272.25 rawVol=39851 volSMA=5513 buf=0.206 prices=272.28
2025-12-31T09:55:00.000-05:00,[KLB] 9:55 ▲ ~ ~ Yest L + ~ PD LH L vol=2.5x pos=^98 vwap=above ema=bull rs=+0.1% adx=32 body=82% ramp=0.9x rangeATR=1.4 ⚠ O272.7 H273.08 L272.63 C273.07 ATR=4.13 SL=272.66/272.45 rawVol=24974 volSMA=9898 buf=0.206 prices=272.28
2025-12-31T10:50:00.000-05:00,[KLB] 10:50 ▼ ~ ~ VWAP vol=0.6x pos=v74 vwap=below ema=bear rs=+0% adx=22 body=70% ramp=0.4x rangeATR=1 🔇 O272.37 H272.38 L272.11 C272.18 ATR=4.13 SL=272.59/272.8 rawVol=12251 volSMA=20135 buf=0.206 prices=
2025-12-31T11:00:00.000-05:00,[KLB] 11:00 ▼ BRK Yest L vol=1.3x pos=v62 vwap=below ema=bear rs=0% adx=22 body=62% ramp=1.2x rangeATR=1.3 O272.14 H272.14 L271.77 C271.91 ATR=4.13 SL=272.32/272.53 rawVol=28031 volSMA=22316 buf=0.206 prices=272.28
2025-12-31T11:00:00.000-05:00,[KLB] CONF 11:00 ▼ BRK → ✓ (auto-R1: EMA)
2025-12-31T11:05:00.000-05:00,[KLB] 5m CHECK 11:05 ▼ pnl=-0.05 SPY✓ → HOLD
2026-01-02T09:30:00.000-05:00,[KLB] 9:30 ▼ RNG range break vol=12.1x
2026-01-02T09:40:00.000-05:00,[KLB] 9:40 ▲ RNG range break vol=9.3x
2026-01-02T09:45:00.000-05:00,[KLB] 9:45 ▲ ~ ~ VWAP + ~ Week H vol=8x pos=^100 vwap=above ema=bull rs=+1.3% adx=22 body=97% ramp=19.1x rangeATR=3.5 ⚡ ⚠ O274 H275.55 L273.96 C275.55 ATR=3.97 SL=275.15/274.95 rawVol=150214 volSMA=18828 buf=0.198 prices=
2026-01-02T10:50:00.000-05:00,[KLB] 10:50 ▼ ~ x~ Yest H + x~ ORB H vol=0.6x pos=v90 vwap=below ema=bull rs=+0.5% adx=26 body=19% ramp=0.7x rangeATR=1.1 O272.77 H273.29 L272.56 C272.63 ATR=3.97 SL=273.03/273.23 rawVol=38006 volSMA=68323 buf=0.198 prices=273.68/273.39
2026-01-02T11:00:00.000-05:00,[KLB] 11:00 ▼ ~ ~ PD Cls vol=0.9x pos=v96 vwap=below ema=bear rs=+0% adx=27 body=83% ramp=1.3x rangeATR=2.1 ⚡ ⚠ O272 H272.21 L270.6 C270.67 ATR=3.97 SL=271.07/271.27 rawVol=65485 volSMA=74446 buf=0.198 prices=
2026-01-02T11:55:00.000-05:00,[KLB] 11:55 ▼ BRK VW Band vol=1x pos=v84 vwap=below ema=bear rs=-0.2% adx=34 body=80% ramp=1.2x rangeATR=0.8 ⚠ O270.08 H270.1 L269.59 C269.67 ATR=3.97 SL=270.07/270.27 rawVol=39603 volSMA=39088 buf=0.198 prices=
2026-01-02T11:55:00.000-05:00,[KLB] CONF 11:55 ▼ BRK → ✓ (auto-R1: EMA)
2026-01-02T12:00:00.000-05:00,[KLB] 5m CHECK 12:00 ▼ pnl=0.01 SPY✓ → HOLD
2026-01-02T12:05:00.000-05:00,[KLB] 12:05 ▼ BRK Week L vol=1.5x pos=v80 vwap=below ema=bear rs=-0.4% adx=36 body=68% ramp=1.6x rangeATR=1 O269.64 H269.71 L269.11 C269.23 ATR=3.97 SL=269.63/269.83 rawVol=56833 volSMA=37432 buf=0.198 prices=269.56
2026-01-02T12:05:00.000-05:00,[KLB] CONF 12:05 ▼ BRK → ✓ (auto-R1: EMA)
2026-01-02T12:10:00.000-05:00,[KLB] 5m CHECK 12:10 ▼ pnl=-0.11 SPY✓ → HOLD
2026-01-02T13:50:00.000-05:00,[KLB] 13:50 ▼ BRK Week L vol=1.5x pos=v99 vwap=below ema=bear rs=-0.3% adx=31 body=82% ramp=0.8x rangeATR=1.9 ⚠ O269.93 H270.07 L269.26 C269.27 ATR=3.97 SL=269.66/269.86 rawVol=24484 volSMA=16264 buf=0.198 prices=269.56
2026-01-02T13:50:00.000-05:00,[KLB] CONF 13:50 ▼ BRK → ✓ (auto-R1: EMA)
2026-01-02T13:55:00.000-05:00,[KLB] 5m CHECK 13:55 ▼ pnl=-0.07 SPY✓ → HOLD
2026-01-05T09:30:00.000-05:00,"[KLB] 9:30 ▲ ~ ~ PM L
~ VWAP + ~ PD LH L vol=11.4x pos=^70 vwap=above ema=bull rs=+0.5% adx=26 body=50% ramp=6.5x rangeATR=3.7 ⚡ O270 H270.85 L269.79 C270.53 ATR=4.32 SL=270.1/269.88 rawVol=38141 volSMA=3342 buf=0.216 prices=269.79"
2026-01-05T09:35:00.000-05:00,[KLB] 9:35 ▼ RNG range break vol=14.1x
2026-01-05T09:35:00.000-05:00,[KLB] 9:35 ▼ BRK PM L + Yest L + Week L + PD LH L vol=14.1x pos=v95 vwap=below ema=bear rs=-1% adx=29 body=69% ramp=31.5x rangeATR=6.7 ⚡ O270.62 H271.51 L268.1 C268.26 ATR=4.32 SL=268.69/268.9 rawVol=157183 volSMA=11186 buf=0.216 prices=269.79/269/269
2026-01-05T09:35:00.000-05:00,"[KLB] 9:35 ▼ ~ ~ PM H
~ VWAP + ~ Today O + ~ PD Cls vol=14.1x pos=v95 vwap=below ema=bear rs=-1% adx=29 body=69% ramp=31.5x rangeATR=6.7 ⚡ O270.62 H271.51 L268.1 C268.26 ATR=4.32 SL=268.69/268.9 rawVol=157183 volSMA=11186 buf=0.216 prices=271.62"
2026-01-05T09:35:00.000-05:00,[KLB] CONF 9:35 ▼ BRK → ✓ (auto-R1: EMA)
2026-01-05T09:40:00.000-05:00,[KLB] 5m CHECK 9:40 ▼ pnl=0.04 SPY~ → HOLD
2026-01-05T09:45:00.000-05:00,[KLB] 9:45 ▲ ~ ~ Week L vol=4.5x pos=^97 vwap=above ema=bear rs=-0.7% adx=32 body=81% ramp=9.8x rangeATR=2.2 ⚡ ⚠ O268.11 H269.25 L267.89 C269.21 ATR=4.32 SL=268.78/268.56 rawVol=108123 volSMA=24163 buf=0.216 prices=269
2026-01-05T12:15:00.000-05:00,[KLB] 12:15 ▼ BRK ORB L vol=1.3x pos=v61 vwap=below ema=bear rs=-1.4% adx=24 body=58% ramp=0.9x rangeATR=0.8 O268.02 H268.03 L267.65 C267.8 ATR=4.32 SL=268.23/268.45 rawVol=41262 volSMA=32647 buf=0.216 prices=268.1
2026-01-05T12:15:00.000-05:00,[KLB] CONF 12:15 ▼ BRK → ✓ (auto-R1: EMA)
2026-01-05T12:20:00.000-05:00,[KLB] 5m CHECK 12:20 ▼ pnl=0.02 SPY✗ → BAIL
2026-01-06T09:35:00.000-05:00,[KLB] 9:35 ▼ RNG range break vol=17.4x
2026-01-06T09:35:00.000-05:00,[KLB] 9:35 ▼ BRK PM L + Yest L + PD LH L vol=17.4x pos=v97 vwap=below ema=bear rs=-0.9% adx=28 body=79% ramp=40.5x rangeATR=7.4 ⚡ O267 H267.55 L264.55 C264.64 ATR=4.39 SL=265.08/265.3 rawVol=199171 volSMA=11453 buf=0.22 prices=266.21/266.14
2026-01-06T09:35:00.000-05:00,"[KLB] 9:35 ▼ ~ ~ PM H
~ VWAP + ~ PD Cls vol=17.4x pos=v97 vwap=below ema=bear rs=-0.9% adx=28 body=79% ramp=40.5x rangeATR=7.4 ⚡ O267 H267.55 L264.55 C264.64 ATR=4.39 SL=265.08/265.3 rawVol=199171 volSMA=11453 buf=0.22 prices=267.67"
2026-01-06T09:35:00.000-05:00,[KLB] CONF 9:35 ▼ BRK → ✓ (auto-R1: EMA)
2026-01-06T09:40:00.000-05:00,[KLB] 9:40 ▼ BRK ORB L vol=9.6x pos=v60 vwap=below ema=bear rs=-1.2% adx=31 body=48% ramp=84x rangeATR=3.1 ⚡ O264.64 H264.82 L263.35 C263.94 ATR=4.39 SL=264.38/264.6 rawVol=188137 volSMA=20798 buf=0.22 prices=264.55
2026-01-06T09:40:00.000-05:00,[KLB] CONF 9:40 ▼ BRK → ✓ (auto-R1: EMA)
2026-01-06T09:45:00.000-05:00,[KLB] 5m CHECK 9:45 ▼ pnl=0.01 SPY~ → HOLD
2026-01-07T09:30:00.000-05:00,[KLB] 9:30 ▲ RNG range break vol=3.6x
2026-01-07T09:30:00.000-05:00,"[KLB] 9:30 ▲ ~ ~ Yest L
~ VWAP + ~ PD LH L + ~ PD Cls vol=3.6x pos=^70 vwap=above ema=bull rs=+0% adx=23 body=59% ramp=3.1x rangeATR=6.8 ⚡ O262.04 H263.75 L261.82 C263.18 ATR=4.47 SL=262.73/262.51 rawVol=6886 volSMA=1933 buf=0.223 prices=262.12"
2026-01-07T09:35:00.000-05:00,[KLB] 9:35 ▼ ~ ~ Today O vol=15.6x pos=v82 vwap=above ema=bull rs=-0.3% adx=27 body=52% ramp=24.7x rangeATR=4.3 ⚡ O263.2 H263.68 L262.05 C262.35 ATR=4.47 SL=262.8/263.02 rawVol=137324 volSMA=8778 buf=0.223 prices=
2026-01-07T09:45:00.000-05:00,[KLB] 9:45 ▲ ~ ~ PM L + ~ Yest L + ~ PD LH L vol=5.5x pos=^97 vwap=above ema=bull rs=-0.4% adx=27 body=45% ramp=24.4x rangeATR=2.5 ⚡ O261.88 H262.47 L261.24 C262.43 ATR=4.47 SL=261.98/261.76 rawVol=107891 volSMA=19516 buf=0.223 prices=261.4/262.12
2026-01-07T10:20:00.000-05:00,[KLB] 10:20 ▲ ~ ~ PD LH L vol=1.5x pos=^93 vwap=above ema=bull rs=-0.2% adx=22 body=56% ramp=0.8x rangeATR=1.1 O262.02 H262.4 L261.79 C262.36 ATR=4.47 SL=261.91/261.69 rawVol=41454 volSMA=43546 buf=0.223 prices=
2026-01-08T09:30:00.000-05:00,[KLB] 9:30 ▼ RNG range break vol=3.2x
2026-01-08T09:30:00.000-05:00,[KLB] 9:30 ▼ ~ ~ Today O vol=3.2x pos=v71 vwap=below ema=bear rs=-0.1% adx=24 body=40% ramp=0.9x rangeATR=2.3 ⚡ O257.33 H257.58 L256.76 C257 ATR=4.42 SL=257.44/257.66 rawVol=17575 volSMA=5576 buf=0.221 prices=
2026-01-08T09:45:00.000-05:00,[KLB] 9:45 ▼ BRK PM L + ORB L vol=5.4x pos=v85 vwap=below ema=bear rs=-0.2% adx=29 body=63% ramp=18.1x rangeATR=2.6 ⚡ O256.98 H257.28 L255.9 C256.11 ATR=4.42 SL=256.55/256.77 rawVol=175758 volSMA=32445 buf=0.221 prices=256.74/256.26
2026-01-08T09:45:00.000-05:00,[KLB] 9:45 ▼ ~ ~ VWAP vol=5.4x pos=v85 vwap=below ema=bear rs=-0.2% adx=29 body=63% ramp=18.1x rangeATR=2.6 ⚡ O256.98 H257.28 L255.9 C256.11 ATR=4.42 SL=256.55/256.77 rawVol=175758 volSMA=32445 buf=0.221 prices=
2026-01-08T09:45:00.000-05:00,[KLB] CONF 9:45 ▼ BRK → ✓ (auto-R1: EMA)
2026-01-08T09:50:00.000-05:00,[KLB] 5m CHECK 9:50 ▼ pnl=-0.1 SPY~ → HOLD
2026-01-08T10:50:00.000-05:00,[KLB] 10:50 ▼ BRK PM L vol=1.1x pos=v91 vwap=below ema=bear rs=-0.3% adx=38 body=67% ramp=1.3x rangeATR=1 O256.76 H256.9 L256.32 C256.37 ATR=4.42 SL=256.81/257.03 rawVol=64589 volSMA=79755 buf=0.221 prices=256.74
2026-01-08T10:50:00.000-05:00,[KLB] CONF 10:50 ▼ BRK → ✓ (auto-R1: EMA)
2026-01-08T10:55:00.000-05:00,[KLB] 5m CHECK 10:55 ▼ pnl=0.02 SPY~ → HOLD
2026-01-09T09:35:00.000-05:00,[KLB] 9:35 ▼ ~ ~ Yest H + ~ Today O + ~ PD Cls vol=14.1x pos=v100 vwap=below ema=bear rs=-0.2% adx=24 body=32% ramp=8.9x rangeATR=3.4 ⚡ O259.06 H260 L258.61 C258.61 ATR=4.44 SL=259.05/259.28 rawVol=139609 volSMA=9888 buf=0.222 prices=259.29
2026-01-09T09:40:00.000-05:00,[KLB] 9:40 ▼ RNG range break vol=9.6x
2026-01-09T09:40:00.000-05:00,[KLB] 9:40 ▼ BRK PM L + ORB L vol=9.6x pos=v81 vwap=below ema=bear rs=-0.6% adx=23 body=58% ramp=14x rangeATR=2 O258.6 H258.81 L257.92 C258.09 ATR=4.44 SL=258.53/258.76 rawVol=95145 volSMA=14595 buf=0.222 prices=258.36/258.61
2026-01-09T09:40:00.000-05:00,[KLB] 9:40 ▼ ~ ~ VWAP vol=9.6x pos=v81 vwap=below ema=bear rs=-0.6% adx=23 body=58% ramp=14x rangeATR=2 O258.6 H258.81 L257.92 C258.09 ATR=4.44 SL=258.53/258.76 rawVol=95145 volSMA=14595 buf=0.222 prices=
2026-01-09T09:40:00.000-05:00,[KLB] CONF 9:40 ▼ BRK → ✓ (auto-R1: EMA)
2026-01-09T09:45:00.000-05:00,[KLB] 5m CHECK 9:45 ▼ pnl=-0.04 SPY~ → HOLD
2026-01-09T09:50:00.000-05:00,[KLB] 9:50 ▼ BRK PD LH L vol=3.4x pos=v90 vwap=below ema=bear rs=-0.8% adx=22 body=75% ramp=1.6x rangeATR=3 ⚡ O258.29 H258.54 L256.91 C257.07 ATR=4.44 SL=257.51/257.74 rawVol=72615 volSMA=21561 buf=0.222 prices=
2026-01-09T09:50:00.000-05:00,[KLB] CONF 9:50 ▼ BRK → ✓ (auto-R1: EMA)
2026-01-09T09:55:00.000-05:00,[KLB] 5m CHECK 9:55 ▼ pnl=0.08 SPY~ → HOLD
2026-01-09T14:25:00.000-05:00,[KLB] 14:25 ▲ ~ ~ ORB H vol=1.4x pos=^85 vwap=above ema=bull rs=-0.3% adx=29 body=62% ramp=1.5x rangeATR=0.8 O259.75 H259.95 L259.69 C259.91 ATR=4.44 SL=259.47/259.24 rawVol=30427 volSMA=23166 buf=0.222 prices=
2026-01-09T14:40:00.000-05:00,[KLB] 14:40 ▲ ~ ~ ORB H vol=1x pos=^63 vwap=above ema=bull rs=-0.3% adx=33 body=57% ramp=0.8x rangeATR=0.5 O259.81 H259.95 L259.8 C259.9 ATR=4.44 SL=259.45/259.23 rawVol=19657 volSMA=20636 buf=0.222 prices=
2026-01-09T14:50:00.000-05:00,[KLB] 14:50 ▲ ~ ~ ORB H vol=1.4x pos=^97 vwap=above ema=bull rs=-0.3% adx=34 body=52% ramp=1.3x rangeATR=1 O259.81 H259.97 L259.68 C259.96 ATR=4.44 SL=259.52/259.29 rawVol=30465 volSMA=22083 buf=0.222 prices=
2026-01-09T15:15:00.000-05:00,[KLB] 15:15 ▲ ~ ~ ORB H vol=0.8x pos=^100 vwap=above ema=bull rs=-0.3% adx=34 body=53% ramp=0.6x rangeATR=0.5 O259.91 H259.99 L259.84 C259.99 ATR=4.44 SL=259.55/259.32 rawVol=19343 volSMA=23423 buf=0.222 prices=
2026-01-12T09:30:00.000-05:00,[KLB] 9:30 ▲ RNG range break vol=8.5x
2026-01-12T09:35:00.000-05:00,[KLB] 9:35 ▼ RNG range break vol=16.2x
2026-01-12T10:30:00.000-05:00,"[KLB] 10:30 ▲ ~ ~ Yest L
~ VWAP + ~ PM H + ~ Yest H + ~ ORB H vol=3.5x pos=^60 vwap=above ema=bull rs=+0% adx=23 body=55% ramp=1.8x rangeATR=3 ⚡ O259.07 H261.3 L258.94 C260.37 ATR=4.41 SL=259.92/259.7 rawVol=180076 volSMA=50979 buf=0.22 prices=256.22"
2026-01-12T10:40:00.000-05:00,[KLB] 10:40 ▲ ~ ~ Yest H vol=0.6x pos=^100 vwap=above ema=bull rs=-0.2% adx=26 body=97% ramp=2x rangeATR=0.7 ⚠ O259.19 H259.77 L259.17 C259.77 ATR=4.41 SL=259.33/259.11 rawVol=32291 volSMA=55136 buf=0.22 prices=
2026-01-12T11:05:00.000-05:00,[KLB] 11:05 ▲ ~ ~ Yest H vol=0.3x pos=^80 vwap=above ema=bull rs=-0.3% adx=31 body=43% ramp=0.7x rangeATR=0.9 O259.39 H259.77 L259.16 C259.65 ATR=4.41 SL=259.21/258.99 rawVol=20746 volSMA=61508 buf=0.22 prices=
2026-01-12T11:10:00.000-05:00,[KLB] 11:10 ▲ ~ ~ PM H vol=0.3x pos=^84 vwap=above ema=bull rs=-0.2% adx=31 body=52% ramp=0.5x rangeATR=0.5 O259.65 H259.86 L259.55 C259.81 ATR=4.41 SL=259.37/259.15 rawVol=12362 volSMA=61146 buf=0.22 prices=
2026-01-12T11:15:00.000-05:00,[KLB] 11:15 ▲ ~ ~ PM H + ~ ORB H vol=1x pos=^97 vwap=above ema=bull rs=-0.1% adx=32 body=89% ramp=1.2x rangeATR=0.9 ⚠ O259.79 H260.33 L259.74 C260.32 ATR=4.41 SL=259.87/259.65 rawVol=54107 volSMA=54281 buf=0.22 prices=
2026-01-12T11:25:00.000-05:00,[KLB] 11:25 ▲ ~ ~ ORB H vol=0.3x pos=^100 vwap=above ema=bull rs=-0.1% adx=33 body=72% ramp=1.9x rangeATR=0.3 O260.13 H260.26 L260.08 C260.26 ATR=4.41 SL=259.82/259.6 rawVol=14728 volSMA=46760 buf=0.22 prices=
2026-01-12T11:50:00.000-05:00,[KLB] 11:50 ▲ ~ ~ PM H + ~ ORB H vol=0.6x pos=^100 vwap=above ema=bull rs=-0.2% adx=33 body=94% ramp=1.2x rangeATR=1 ⚠ O259.75 H260.26 L259.72 C260.26 ATR=4.41 SL=259.82/259.6 rawVol=24440 volSMA=38222 buf=0.22 prices=
2026-01-13T09:30:00.000-05:00,[KLB] 9:30 ▼ RNG range break vol=4.8x
2026-01-13T09:30:00.000-05:00,[KLB] 9:30 ▼ ~ ~ VWAP + ~ Today O vol=4.8x pos=v66 vwap=below ema=bear rs=+0% adx=29 body=45% ramp=2.4x rangeATR=4.9 ⚡ O259.41 H259.75 L258.15 C258.69 ATR=4.41 SL=259.13/259.35 rawVol=13543 volSMA=2839 buf=0.221 prices=
2026-01-13T09:40:00.000-05:00,[KLB] 9:40 ▲ RNG range break vol=8.4x
2026-01-13T09:40:00.000-05:00,[KLB] 9:40 ▲ ~ ~ VWAP + ~ PD LH L + ~ PD Cls + ~ PM H + ~ Yest H + ~ ORB H vol=8.4x pos=^90 vwap=above ema=bull rs=+1.1% adx=29 body=90% ramp=68x rangeATR=3.8 ⚡ ⚠ O259.75 H261.81 L259.75 C261.61 ATR=4.41 SL=261.17/260.95 rawVol=126428 volSMA=15685 buf=0.221 prices=
2026-01-13T09:55:00.000-05:00,[KLB] 9:55 ▼ ~ x~ PM H + x~ Yest H vol=2.2x pos=v53 vwap=below ema=bull rs=+0.6% adx=28 body=28% ramp=0.6x rangeATR=1.6 O260.28 H260.54 L259.51 C259.99 ATR=4.41 SL=260.43/260.65 rawVol=51348 volSMA=23787 buf=0.221 prices=260.37/261.3
2026-01-13T10:00:00.000-05:00,[KLB] 10:00 ▼ ~ x~ PM H + x~ Yest H + x~ ORB H vol=2.1x pos=v81 vwap=below ema=bull rs=+0.6% adx=27 body=22% ramp=0.4x rangeATR=0.8 🔇 O260.01 H260.32 L259.79 C259.89 ATR=4.41 SL=260.33/260.55 rawVol=24958 volSMA=24900 buf=0.221 prices=260.37/261.3/260.11
2026-01-13T10:10:00.000-05:00,[KLB] 10:10 ▲ ~ ~ PD LH L + ~ ORB H vol=2.5x pos=^53 vwap=above ema=bull rs=+0.9% adx=24 body=47% ramp=0.8x rangeATR=0.8 O259.97 H260.49 L259.94 C260.23 ATR=4.41 SL=259.79/259.57 rawVol=26856 volSMA=29834 buf=0.221 prices=
2026-01-13T11:30:00.000-05:00,[KLB] 11:30 ▼ ~ x~ ORB H vol=0.8x pos=v32 vwap=below ema=bull rs=+0.7% adx=12 body=7% ramp=0.9x rangeATR=1 O259.94 H260.05 L259.61 C259.91 ATR=4.41 SL=260.35/260.57 rawVol=22653 volSMA=29001 buf=0.221 prices=260.11
2026-01-13T11:35:00.000-05:00,[KLB] 11:35 ▲ FADE at 260.11
2026-01-13T14:00:00.000-05:00,[KLB] 14:00 ▼ ~ x~ ORB H vol=0.9x pos=v55 vwap=below ema=bull rs=+0.9% adx=14 body=26% ramp=1x rangeATR=1.1 O260.07 H260.19 L259.77 C259.96 ATR=4.41 SL=260.4/260.62 rawVol=21816 volSMA=25650 buf=0.221 prices=260.11
2026-01-14T09:30:00.000-05:00,"[KLB] 9:30 ▼ ~ ~ PM H
~ VWAP vol=11.2x pos=v80 vwap=below ema=bear rs=-0.4% adx=32 body=48% ramp=9.8x rangeATR=5.1 ⚡ O260.4 H261 L259.12 C259.5 ATR=4.34 SL=259.93/260.15 rawVol=26237 volSMA=2332 buf=0.217 prices=261.05"
2026-01-14T09:35:00.000-05:00,[KLB] 9:35 ▲ RNG range break vol=15.2x
2026-01-14T09:35:00.000-05:00,"[KLB] 9:35 ▲ ~ ~ PM L
~ VWAP + ~ Today O + ~ PD Cls + ~ PM H + ~ Yest H vol=15.2x pos=^93 vwap=above ema=bull rs=+0.8% adx=30 body=83% ramp=31.6x rangeATR=4.9 ⚡ ⚠ O259.49 H261.83 L259.23 C261.66 ATR=4.34 SL=261.23/261.01 rawVol=144571 volSMA=9534 buf=0.217 prices=259.12"
2026-01-14T09:40:00.000-05:00,[KLB] 9:40 ▼ ~ ~ PM H + ~ Yest H + ~ ORB H vol=4.6x pos=v74 vwap=below ema=bull rs=+0.4% adx=28 body=72% ramp=36.2x rangeATR=2.7 ⚡ O261.69 H261.72 L260.1 C260.52 ATR=4.34 SL=260.95/261.17 rawVol=57597 volSMA=12406 buf=0.217 prices=261.05/261.81/261.83
2026-01-14T09:45:00.000-05:00,[KLB] 9:45 ▼ ~ ~ PM H vol=3.8x pos=v90 vwap=below ema=bull rs=+0.4% adx=26 body=47% ramp=8.3x rangeATR=1.9 O260.52 H261.03 L259.83 C259.95 ATR=4.34 SL=260.38/260.6 rawVol=58728 volSMA=15265 buf=0.217 prices=261.05
2026-01-15T09:30:00.000-05:00,[KLB] 9:30 ▲ ~ ~ Today O vol=2.4x pos=^71 vwap=above ema=bull rs=+0.7% adx=21 body=66% ramp=0.9x rangeATR=2.7 ⚡ O260.35 H261 L260.32 C260.8 ATR=4.4 SL=260.36/260.14 rawVol=3883 volSMA=1635 buf=0.22 prices=
2026-01-15T09:40:00.000-05:00,[KLB] 9:40 ▼ ~ x~ PM H + x~ ORB H vol=13.1x pos=v82 vwap=below ema=bull rs=0% adx=21 body=30% ramp=31.8x rangeATR=2.3 ⚡ O260.65 H261.04 L260.3 C260.43 ATR=4.4 SL=260.87/261.09 rawVol=57789 volSMA=12860 buf=0.22 prices=261/261.03
2026-01-15T09:45:00.000-05:00,[KLB] 9:45 ▲ ~ ~ PD Cls + ~ Yest H vol=5.2x pos=^99 vwap=above ema=bull rs=+0.1% adx=20 body=32% ramp=37.6x rangeATR=2.5 ⚡ O260.4 H260.71 L259.78 C260.7 ATR=4.4 SL=260.26/260.04 rawVol=88993 volSMA=17230 buf=0.22 prices=
2026-01-15T13:55:00.000-05:00,[KLB] 13:55 ▼ ~ ~ VWAP vol=1x pos=v54 vwap=below ema=bear rs=-0.5% adx=29 body=54% ramp=1.3x rangeATR=0.5 O259.59 H259.59 L259.46 C259.52 ATR=4.4 SL=259.96/260.18 rawVol=18049 volSMA=18547 buf=0.22 prices=
2026-01-15T14:00:00.000-05:00,[KLB] 14:00 ▼ BRK PM L vol=1.1x pos=v100 vwap=below ema=bear rs=-0.6% adx=29 body=97% ramp=1.5x rangeATR=1.1 ⚠ O259.53 H259.54 L259.23 C259.23 ATR=4.4 SL=259.67/259.89 rawVol=20228 volSMA=19085 buf=0.22 prices=259.5
2026-01-15T14:00:00.000-05:00,[KLB] CONF 14:00 ▼ BRK → ✓ (auto-R1: EMA)
2026-01-15T14:05:00.000-05:00,[KLB] 5m CHECK 14:05 ▼ pnl=0.11 SPY~ → HOLD
2026-01-15T14:40:00.000-05:00,[KLB] 14:40 ▼ BRK PD LH L vol=2.1x pos=v85 vwap=below ema=bear rs=-0.9% adx=40 body=74% ramp=1.1x rangeATR=1.8 O258.28 H258.35 L257.73 C257.82 ATR=4.4 SL=258.26/258.48 rawVol=41497 volSMA=19982 buf=0.22 prices=
2026-01-15T14:40:00.000-05:00,[KLB] CONF 14:40 ▼ BRK → ✓ (auto-R1: EMA)
2026-01-15T14:45:00.000-05:00,[KLB] 5m CHECK 14:45 ▼ pnl=0.02 SPY~ → HOLD
2026-01-16T09:30:00.000-05:00,[KLB] 9:30 ▲ RNG range break vol=4.4x
2026-01-16T09:30:00.000-05:00,[KLB] 9:30 ▲ ~ ~ Today O vol=4.4x pos=^74 vwap=below ema=bear rs=+0.3% adx=23 body=38% ramp=3.3x rangeATR=6.1 ⚡ O257.61 H258.4 L257.16 C258.08 ATR=4.37 SL=257.64/257.42 rawVol=7992 volSMA=1835 buf=0.218 prices=
2026-01-16T09:35:00.000-05:00,[KLB] 9:35 ▲ ~ ~ Yest L + ~ PD Cls vol=15.5x pos=^46 vwap=above ema=bull rs=+0.1% adx=26 body=38% ramp=30.1x rangeATR=3.9 ⚡ O257.96 H258.9 L257.88 C258.35 ATR=4.37 SL=257.91/257.69 rawVol=126803 volSMA=8167 buf=0.218 prices=257.05
2026-01-16T09:45:00.000-05:00,[KLB] 9:45 ▼ FADE at 257.9
2026-01-16T09:55:00.000-05:00,[KLB] 9:55 ▼ ~ ~ VWAP vol=5.3x pos=v70 vwap=below ema=bear rs=-0.2% adx=26 body=32% ramp=1.4x rangeATR=1.6 O257.32 H257.54 L256.97 C257.14 ATR=4.37 SL=257.58/257.8 rawVol=75739 volSMA=24165 buf=0.218 prices=
2026-01-16T10:00:00.000-05:00,[KLB] 10:00 ▼ BRK PM L + Yest L + PD LH L vol=2.7x pos=v84 vwap=below ema=bear rs=-0.2% adx=25 body=51% ramp=1.1x rangeATR=1.5 O257.15 H257.33 L256.77 C256.86 ATR=4.37 SL=257.3/257.52 rawVol=71256 volSMA=27710 buf=0.218 prices=257.15/257.05
2026-01-16T10:00:00.000-05:00,[KLB] CONF 10:00 ▼ BRK → ✓ (auto-R1: EMA)
2026-01-16T10:05:00.000-05:00,[KLB] 5m CHECK 10:05 ▼ pnl=0 SPY~ → HOLD
2026-01-20T09:30:00.000-05:00,[KLB] 9:30 ▲ RNG range break vol=9.2x
2026-01-20T09:35:00.000-05:00,[KLB] 9:35 ▲ ~ ~ VWAP + ~ PM H vol=13x pos=^69 vwap=above ema=bear rs=+0.4% adx=22 body=49% ramp=35.6x rangeATR=3.9 ⚡ O252.87 H254.79 L252.38 C254.05 ATR=4.34 SL=253.62/253.4 rawVol=180079 volSMA=13823 buf=0.217 prices=
2026-01-20T09:50:00.000-05:00,[KLB] 9:50 ▼ BRK ORB L vol=3.9x pos=v74 vwap=below ema=bear rs=-0.3% adx=27 body=63% ramp=1.3x rangeATR=1.8 O253.06 H253.2 L251.87 C252.22 ATR=4.34 SL=252.65/252.87 rawVol=108450 volSMA=28022 buf=0.217 prices=252.38
2026-01-20T09:50:00.000-05:00,[KLB] 9:50 ▼ ~ ~ VWAP vol=3.9x pos=v74 vwap=below ema=bear rs=-0.3% adx=27 body=63% ramp=1.3x rangeATR=1.8 O253.06 H253.2 L251.87 C252.22 ATR=4.34 SL=252.65/252.87 rawVol=108450 volSMA=28022 buf=0.217 prices=
2026-01-20T09:50:00.000-05:00,[KLB] CONF 9:50 ▼ BRK → ✓ (auto-R1: EMA)
2026-01-20T09:55:00.000-05:00,[KLB] 5m CHECK 9:55 ▼ pnl=-0.03 SPY~ → HOLD
2026-01-20T10:05:00.000-05:00,[KLB] 10:05 ▼ BRK ORB L vol=1.9x pos=v95 vwap=below ema=bear rs=-0.5% adx=27 body=75% ramp=0.9x rangeATR=1.6 O252.5 H252.76 L251.49 C251.55 ATR=4.34 SL=251.98/252.2 rawVol=77576 volSMA=40562 buf=0.217 prices=252.38
2026-01-20T10:05:00.000-05:00,[KLB] CONF 10:05 ▼ BRK → ✓ (auto-R1: EMA)
2026-01-20T10:10:00.000-05:00,[KLB] 5m CHECK 10:10 ▼ pnl=0.04 SPY~ → HOLD
2026-01-20T15:30:00.000-05:00,[KLB] 15:30 ▼ BRK VW Band vol=3.7x pos=v65 vwap=below ema=bear rs=-2.3% adx=51 body=63% ramp=2.7x rangeATR=2.4 ⚡ O246.15 H246.18 L245.08 C245.46 ATR=4.34 SL=245.89/246.11 rawVol=189013 volSMA=50533 buf=0.217 prices=
2026-01-20T15:30:00.000-05:00,[KLB] CONF 15:30 ▼ BRK → ✓ (auto-R1: EMA)
2026-01-20T15:35:00.000-05:00,[KLB] 5m CHECK 15:35 ▼ pnl=0.09 SPY✓ → HOLD
2026-01-21T09:30:00.000-05:00,[KLB] 9:30 ▲ RNG range break vol=3.2x
2026-01-21T09:30:00.000-05:00,[KLB] 9:30 ▲ ~ ~ VWAP + ~ Today O + ~ PM H vol=3.2x pos=^100 vwap=above ema=bull rs=+0.3% adx=32 body=69% ramp=1.6x rangeATR=2.9 ⚡ O247.84 H248.79 L247.41 C248.79 ATR=4.89 SL=248.3/248.06 rawVol=7701 volSMA=2393 buf=0.245 prices=
2026-01-21T09:35:00.000-05:00,[KLB] 9:35 ▼ ~ ~ PM H vol=15.9x pos=v79 vwap=below ema=bull rs=-0.7% adx=31 body=79% ramp=19.2x rangeATR=3.6 ⚡ O248.71 H248.71 L246.54 C247 ATR=4.89 SL=247.49/247.73 rawVol=182605 volSMA=11506 buf=0.245 prices=248.79
2026-01-21T09:50:00.000-05:00,[KLB] 9:50 ▲ ~ ~ Yest L + ~ PD Cls vol=3.1x pos=^79 vwap=above ema=bull rs=-0.8% adx=26 body=40% ramp=1.4x rangeATR=1.7 O246.77 H247.47 L246.33 C247.23 ATR=4.89 SL=246.74/246.5 rawVol=77747 volSMA=24784 buf=0.245 prices=243.42
2026-01-21T14:45:00.000-05:00,[KLB] 14:45 ▲ ~ ~ PM H + ~ ORB H vol=3.2x pos=^80 vwap=above ema=bull rs=-0.9% adx=26 body=56% ramp=1.7x rangeATR=2 O248.53 H249.33 L248.28 C249.12 ATR=4.89 SL=248.63/248.39 rawVol=100008 volSMA=31615 buf=0.245 prices=
2026-01-22T09:35:00.000-05:00,[KLB] 9:35 ▲ RNG range break vol=13.4x
2026-01-22T09:50:00.000-05:00,[KLB] 9:50 ▼ RNG range break vol=5x
2026-01-22T15:25:00.000-05:00,[KLB] 15:25 ▼ ~ ~ Yest H vol=1.9x pos=v83 vwap=below ema=bear rs=-0.1% adx=29 body=66% ramp=1.3x rangeATR=1.2 O248.96 H249.02 L248.62 C248.69 ATR=5 SL=249.19/249.44 rawVol=68984 volSMA=35435 buf=0.25 prices=251.56
2026-01-22T15:30:00.000-05:00,[KLB] 15:30 ▼ BRK PM L + ORB L vol=1.8x pos=v73 vwap=below ema=bear rs=-0.1% adx=31 body=73% ramp=1.7x rangeATR=1.2 O248.68 H248.68 L248.27 C248.38 ATR=5 SL=248.88/249.13 rawVol=52024 volSMA=37492 buf=0.25 prices=248.78/248.78
2026-01-22T15:30:00.000-05:00,[KLB] CONF 15:30 ▼ BRK → ✓ (auto-R1: EMA)
2026-01-22T15:35:00.000-05:00,[KLB] 5m CHECK 15:35 ▼ pnl=-0.06 SPY~ → HOLD
2026-01-22T15:55:00.000-05:00,[KLB] 15:55 ▼ ~ ~ Yest H vol=2x pos=v91 vwap=below ema=bear rs=-0.1% adx=34 body=86% ramp=1.7x rangeATR=1 ⚠ O248.87 H248.89 L248.54 C248.57 ATR=5 SL=249.07/249.32 rawVol=83311 volSMA=41245 buf=0.25 prices=251.56
2026-01-23T09:30:00.000-05:00,[KLB] 9:30 ▼ RNG range break vol=7.5x
2026-01-23T09:30:00.000-05:00,[KLB] 9:30 ▼ BRK Yest L + PD LH L vol=7.5x pos=v60 vwap=above ema=bear rs=-0.1% adx=29 body=43% ramp=4.9x rangeATR=5.2 ⚡ O248.13 H248.39 L246.78 C247.43 ATR=4.88 SL=247.92/248.16 rawVol=19794 volSMA=2647 buf=0.244 prices=248.15
2026-01-23T09:30:00.000-05:00,[KLB] 9:30 ▼ ~ ~ PD Cls vol=7.5x pos=v60 vwap=above ema=bear rs=-0.1% adx=29 body=43% ramp=4.9x rangeATR=5.2 ⚡ O248.13 H248.39 L246.78 C247.43 ATR=4.88 SL=247.92/248.16 rawVol=19794 volSMA=2647 buf=0.244 prices=
2026-01-23T09:30:00.000-05:00,[KLB] CONF 9:30 ▼ BRK → ✓ (auto-R1: EMA)
2026-01-23T09:35:00.000-05:00,[KLB] 9:35 ▼ BRK PM L vol=14.2x pos=v54 vwap=below ema=bear rs=-0.3% adx=32 body=52% ramp=21.2x rangeATR=4.8 ⚡ O247.38 H247.43 L245.35 C246.3 ATR=4.88 SL=246.79/247.03 rawVol=128540 volSMA=9066 buf=0.244 prices=246.78
2026-01-23T09:35:00.000-05:00,[KLB] 9:35 ▼ ~ ~ Today O vol=14.2x pos=v54 vwap=below ema=bear rs=-0.3% adx=32 body=52% ramp=21.2x rangeATR=4.8 ⚡ O247.38 H247.43 L245.35 C246.3 ATR=4.88 SL=246.79/247.03 rawVol=128540 volSMA=9066 buf=0.244 prices=
2026-01-23T09:35:00.000-05:00,[KLB] CONF 9:35 ▼ BRK → ✓ (auto-R1: EMA)
2026-01-23T09:40:00.000-05:00,[KLB] 9:40 ▼ ~ ~ VWAP vol=8.7x pos=v88 vwap=below ema=bear rs=-0.6% adx=35 body=88% ramp=37.4x rangeATR=2 ⚠ O246.27 H246.27 L245.35 C245.46 ATR=4.88 SL=245.95/246.19 rawVol=116900 volSMA=14770 buf=0.244 prices=
2026-01-23T09:40:00.000-05:00,[KLB] 5m CHECK 9:40 ▼ pnl=0.17 SPY~ → HOLD
2026-01-23T09:50:00.000-05:00,[KLB] 9:50 ▼ BRK ORB L vol=5.6x pos=v98 vwap=below ema=bear rs=-0.9% adx=41 body=90% ramp=2.8x rangeATR=2.3 ⚡ ⚠ O245.84 H245.94 L244.68 C244.71 ATR=4.88 SL=245.2/245.44 rawVol=168528 volSMA=29856 buf=0.244 prices=245.35
2026-01-23T09:50:00.000-05:00,[KLB] CONF 9:50 ▼ BRK → ✓ (auto-R1: EMA)
2026-01-23T09:55:00.000-05:00,[KLB] 5m CHECK 9:55 ▼ pnl=-0.27 SPY~ → BAIL
2026-01-23T11:40:00.000-05:00,[KLB] 11:40 ▲ ~ ~ Yest L + ~ PD LH L vol=1.1x pos=^88 vwap=above ema=bull rs=+0.2% adx=27 body=83% ramp=1.9x rangeATR=1.3 ⚠ O248.06 H248.71 L248.02 C248.63 ATR=4.88 SL=248.14/247.9 rawVol=45545 volSMA=42528 buf=0.244 prices=248.15
2026-01-23T13:50:00.000-05:00,[KLB] 13:50 ▼ ~ ~ ORB H vol=1.8x pos=v69 vwap=below ema=bear rs=-0.2% adx=20 body=69% ramp=1.4x rangeATR=0.9 O247.37 H247.37 L247.04 C247.14 ATR=4.88 SL=247.63/247.87 rawVol=45411 volSMA=25738 buf=0.244 prices=247.43
2026-01-26T09:30:00.000-05:00,[KLB] 9:30 ▲ ~ ~ VWAP + ~ Today O vol=0.6x pos=^73 vwap=above ema=bull rs=+0.2% adx=42 body=62% ramp=1.1x rangeATR=2.7 ⚡ O250.97 H251.8 L250.87 C251.55 ATR=4.87 SL=251.06/250.82 rawVol=2025 volSMA=3616 buf=0.244 prices=
2026-01-26T09:40:00.000-05:00,[KLB] 9:40 ▲ RNG range break vol=5.5x
2026-01-26T09:40:00.000-05:00,[KLB] 9:40 ▲ ~ ~ PM H + ~ ORB H vol=5.5x pos=^94 vwap=above ema=bull rs=+0.3% adx=38 body=66% ramp=34.3x rangeATR=3.6 ⚡ O251.22 H252.72 L250.62 C252.6 ATR=4.87 SL=252.11/251.87 rawVol=97709 volSMA=17828 buf=0.244 prices=
2026-01-26T10:35:00.000-05:00,[KLB] 10:35 ▲ ~ ~ Week H vol=1x pos=^94 vwap=above ema=bull rs=+0.9% adx=29 body=85% ramp=0.7x rangeATR=1.1 ⚠ O254.02 H254.75 L253.95 C254.7 ATR=4.87 SL=254.21/253.97 rawVol=62116 volSMA=64799 buf=0.244 prices=
2026-01-26T11:25:00.000-05:00,[KLB] 11:25 ▲ ~ ~ Week H vol=0.5x pos=^100 vwap=above ema=bull rs=+0.9% adx=25 body=46% ramp=0.9x rangeATR=0.7 O254.47 H254.68 L254.22 C254.68 ATR=4.87 SL=254.19/253.95 rawVol=32189 volSMA=68646 buf=0.244 prices=
2026-01-26T11:30:00.000-05:00,[KLB] 11:30 ▲ ~ ~ Week H vol=0.5x pos=^80 vwap=above ema=bull rs=+1.1% adx=24 body=71% ramp=0.7x rangeATR=0.9 O254.68 H255.2 L254.63 C255.09 ATR=4.87 SL=254.6/254.35 rawVol=29823 volSMA=65172 buf=0.244 prices=
2026-01-27T09:30:00.000-05:00,[KLB] 9:30 ▼ ~ x~ PM H vol=1.8x pos=v77 vwap=below ema=bull rs=+0.2% adx=54 body=16% ramp=1x rangeATR=2.9 ⚡ O259.26 H259.73 L258.96 C259.14 ATR=5.13 SL=259.65/259.91 rawVol=10877 volSMA=5955 buf=0.257 prices=259.8
2026-01-27T09:35:00.000-05:00,[KLB] 9:35 ▲ FADE at 259.8
2026-01-27T09:35:00.000-05:00,[KLB] 9:35 ▲ RNG range break vol=15.5x
2026-01-27T09:35:00.000-05:00,[KLB] 9:35 ▲ ~ ~ PM H vol=15.5x pos=^74 vwap=above ema=bull rs=+0.4% adx=54 body=51% ramp=64.4x rangeATR=5.3 ⚡ O259.13 H260.74 L258.66 C260.2 ATR=5.13 SL=259.69/259.43 rawVol=395145 volSMA=25549 buf=0.257 prices=
2026-01-27T09:40:00.000-05:00,[KLB] 9:40 ▲ ~ ~ VWAP + ~ PM H vol=10.4x pos=^84 vwap=above ema=bull rs=+0.6% adx=55 body=32% ramp=98.5x rangeATR=2.7 ⚡ O260.2 H260.77 L259.57 C260.58 ATR=5.13 SL=260.07/259.81 rawVol=256420 volSMA=37976 buf=0.257 prices=
2026-01-27T09:50:00.000-05:00,[KLB] 9:50 ▲ ~ ~ ORB H vol=2.9x pos=^68 vwap=above ema=bull rs=+0.6% adx=56 body=36% ramp=1.3x rangeATR=1.6 O260.62 H261.15 L260.38 C260.9 ATR=5.13 SL=260.39/260.13 rawVol=147968 volSMA=50435 buf=0.257 prices=
2026-01-27T11:05:00.000-05:00,[KLB] 11:05 ▲ ~ ~ ORB H vol=0.4x pos=^98 vwap=above ema=bull rs=+0.3% adx=33 body=98% ramp=0.9x rangeATR=0.9 ⚠ O260.36 H260.8 L260.36 C260.79 ATR=5.13 SL=260.28/260.02 rawVol=39949 volSMA=93258 buf=0.257 prices=
2026-01-27T11:40:00.000-05:00,[KLB] 11:40 ▲ ~ ~ ORB H vol=0.4x pos=^89 vwap=above ema=bull rs=+0.3% adx=29 body=84% ramp=0.7x rangeATR=0.8 ⚠ O260.52 H260.88 L260.5 C260.84 ATR=5.13 SL=260.33/260.07 rawVol=16736 volSMA=42518 buf=0.257 prices=
2026-01-27T14:10:00.000-05:00,"[KLB] 14:10 ▼ ~ ~ PM H
~ VWAP vol=0.7x pos=v95 vwap=below ema=bear rs=-0.1% adx=31 body=70% ramp=1.6x rangeATR=1.1 O259.82 H259.91 L259.54 C259.56 ATR=5.13 SL=260.07/260.33 rawVol=14785 volSMA=21492 buf=0.257 prices=259.8"
2026-01-27T14:35:00.000-05:00,[KLB] 14:35 ▼ ~ ~ PM H vol=0.9x pos=v85 vwap=below ema=bear rs=-0.1% adx=37 body=82% ramp=1.4x rangeATR=1.1 ⚠ O259.89 H259.9 L259.56 C259.61 ATR=5.13 SL=260.12/260.38 rawVol=18313 volSMA=21345 buf=0.257 prices=259.8
2026-01-27T14:45:00.000-05:00,[KLB] 14:45 ▼ ~ ~ PM H vol=0.9x pos=v62 vwap=below ema=bear rs=-0.1% adx=40 body=62% ramp=0.9x rangeATR=0.4 O259.68 H259.68 L259.55 C259.6 ATR=5.13 SL=260.11/260.37 rawVol=18887 volSMA=21504 buf=0.257 prices=259.8
2026-01-27T15:15:00.000-05:00,[KLB] 15:15 ▼ ~ x~ PM H vol=1.4x pos=v52 vwap=below ema=bear rs=-0.1% adx=41 body=21% ramp=0.8x rangeATR=1.1 O259.69 H259.79 L259.46 C259.62 ATR=5.13 SL=260.13/260.39 rawVol=17825 volSMA=20450 buf=0.257 prices=259.8
2026-01-28T09:40:00.000-05:00,[KLB] 9:40 ▼ BRK ORB L vol=7.5x pos=v85 vwap=below ema=bear rs=-0.6% adx=33 body=82% ramp=43.9x rangeATR=3.2 ⚡ ⚠ O257.59 H257.64 L255.89 C256.15 ATR=5.23 SL=256.67/256.93 rawVol=91375 volSMA=12723 buf=0.262 prices=257.34
2026-01-28T09:40:00.000-05:00,[KLB] 9:40 ▼ ~ ~ VWAP vol=7.5x pos=v85 vwap=below ema=bear rs=-0.6% adx=33 body=82% ramp=43.9x rangeATR=3.2 ⚡ ⚠ O257.59 H257.64 L255.89 C256.15 ATR=5.23 SL=256.67/256.93 rawVol=91375 volSMA=12723 buf=0.262 prices=
2026-01-28T09:40:00.000-05:00,[KLB] CONF 9:40 ▼ BRK → ✓ (auto-R1: EMA)
2026-01-28T09:45:00.000-05:00,[KLB] 5m CHECK 9:45 ▼ pnl=-0.1 SPY~ → BAIL
2026-01-28T10:05:00.000-05:00,[KLB] 10:05 ▼ BRK PM L vol=2.8x pos=v77 vwap=below ema=bear rs=-0.9% adx=26 body=77% ramp=1x rangeATR=1.5 O256.15 H256.15 L255.22 C255.43 ATR=5.23 SL=255.95/256.21 rawVol=71492 volSMA=25943 buf=0.262 prices=255.9
2026-01-28T10:05:00.000-05:00,[KLB] CONF 10:05 ▼ BRK → ✓ (auto-R1: EMA)
2026-01-28T10:10:00.000-05:00,[KLB] 5m CHECK 10:10 ▼ pnl=-0.22 SPY~ → BAIL
2026-01-28T15:20:00.000-05:00,[KLB] 15:20 ▲ ~ ~ PM L vol=1.3x pos=^92 vwap=above ema=bull rs=-0.4% adx=20 body=44% ramp=1x rangeATR=0.9 O256.16 H256.35 L255.99 C256.32 ATR=5.23 SL=255.8/255.54 rawVol=20423 volSMA=16277 buf=0.262 prices=255.9
2026-01-28T15:40:00.000-05:00,[KLB] 15:40 ▲ ~ ~ VWAP vol=1x pos=^100 vwap=above ema=bull rs=-0.2% adx=24 body=84% ramp=0.7x rangeATR=1.2 ⚠ O256.26 H256.64 L256.19 C256.64 ATR=5.23 SL=256.12/255.86 rawVol=17734 volSMA=18177 buf=0.262 prices=
2026-01-28T15:55:00.000-05:00,[KLB] 15:55 ▲ ~ ~ PM L vol=2.3x pos=^100 vwap=above ema=bull rs=-0.1% adx=25 body=78% ramp=1.7x rangeATR=2.2 ⚡ O256.12 H256.85 L255.91 C256.85 ATR=5.23 SL=256.33/256.07 rawVol=45483 volSMA=20101 buf=0.262 prices=255.9
2026-01-29T09:35:00.000-05:00,[KLB] 9:35 ▼ ~ x~ PM H vol=15.8x pos=v93 vwap=below ema=bull rs=-0.1% adx=20 body=16% ramp=17.7x rangeATR=5 ⚡ O257.99 H259.63 L257.52 C257.66 ATR=5.17 SL=258.18/258.44 rawVol=131746 volSMA=8331 buf=0.258 prices=258.76
2026-01-29T09:40:00.000-05:00,[KLB] 9:40 ▼ RNG range break vol=11.4x
2026-01-29T13:25:00.000-05:00,[KLB] 13:25 ▲ ~ ~ VWAP vol=0.6x pos=^83 vwap=above ema=bull rs=+0.4% adx=20 body=48% ramp=0.6x rangeATR=0.6 O256.9 H257.11 L256.79 C257.05 ATR=5.17 SL=256.53/256.27 rawVol=15741 volSMA=28102 buf=0.258 prices=
2026-01-29T13:35:00.000-05:00,[KLB] 13:35 ▲ ~ ~ PM L vol=0.7x pos=^97 vwap=above ema=bull rs=+0.6% adx=22 body=55% ramp=1.1x rangeATR=0.8 O257.34 H257.56 L257.18 C257.55 ATR=5.17 SL=257.03/256.77 rawVol=19622 volSMA=27857 buf=0.258 prices=257.3
2026-01-29T13:40:00.000-05:00,[KLB] 13:40 ▲ ~ ~ Yest H vol=1.2x pos=^71 vwap=above ema=bull rs=+0.7% adx=23 body=69% ramp=1.6x rangeATR=0.9 O257.55 H257.99 L257.54 C257.86 ATR=5.17 SL=257.34/257.08 rawVol=34521 volSMA=28779 buf=0.258 prices=
2026-01-29T14:10:00.000-05:00,[KLB] 14:10 ▲ ~ ~ PM L vol=0.6x pos=^81 vwap=above ema=bull rs=+0.6% adx=26 body=79% ramp=0.7x rangeATR=1 O257.32 H257.73 L257.31 C257.65 ATR=5.17 SL=257.13/256.87 rawVol=14121 volSMA=24720 buf=0.258 prices=257.3
2026-01-29T14:15:00.000-05:00,[KLB] 14:15 ▲ ~ ~ Yest H vol=0.7x pos=^80 vwap=above ema=bull rs=+0.6% adx=26 body=70% ramp=1.1x rangeATR=0.7 O257.63 H257.88 L257.6 C257.83 ATR=5.17 SL=257.31/257.05 rawVol=17470 volSMA=23732 buf=0.258 prices=
2026-01-29T15:50:00.000-05:00,[KLB] 15:50 ▲ ~ ~ PM H vol=2.4x pos=^93 vwap=above ema=bull rs=+0.8% adx=34 body=57% ramp=1.8x rangeATR=1.2 O258.43 H258.7 L258.28 C258.67 ATR=5.17 SL=258.15/257.89 rawVol=80961 volSMA=34396 buf=0.258 prices=
2026-01-30T09:30:00.000-05:00,[KLB] 9:30 ▼ RNG range break vol=5.2x
2026-01-30T09:30:00.000-05:00,[KLB] 9:30 ▼ ~ ~ VWAP + ~ Today O vol=5.2x pos=v68 vwap=below ema=bull rs=-0.4% adx=33 body=65% ramp=1.9x rangeATR=4.6 ⚡ O258.06 H258.24 L253.51 C255 ATR=5.17 SL=255.52/255.78 rawVol=51740 volSMA=9939 buf=0.259 prices=
2026-01-30T09:35:00.000-05:00,[KLB] 9:35 ▼ ~ x~ Week H vol=13.4x pos=v60 vwap=below ema=bear rs=-0.6% adx=33 body=22% ramp=17.1x rangeATR=3.7 ⚡ O255.15 H256.99 L252.2 C254.1 ATR=5.17 SL=254.62/254.88 rawVol=392716 volSMA=29346 buf=0.259 prices=254.79
2026-01-30T09:45:00.000-05:00,[KLB] 9:45 ▼ BRK Yest L vol=4.6x pos=v72 vwap=below ema=bear rs=-0.7% adx=35 body=65% ramp=12.2x rangeATR=1.6 O255.07 H255.23 L252.98 C253.6 ATR=5.17 SL=254.12/254.38 rawVol=226853 volSMA=49508 buf=0.259 prices=254.41
2026-01-30T09:45:00.000-05:00,[KLB] 9:45 ▼ ~ ~ Week H vol=4.6x pos=v72 vwap=below ema=bear rs=-0.7% adx=35 body=65% ramp=12.2x rangeATR=1.6 O255.07 H255.23 L252.98 C253.6 ATR=5.17 SL=254.12/254.38 rawVol=226853 volSMA=49508 buf=0.259 prices=254.79
2026-01-30T09:45:00.000-05:00,[KLB] CONF 9:45 ▼ BRK → ✓ (auto-R1: EMA)
2026-01-30T09:50:00.000-05:00,[KLB] 5m CHECK 9:50 ▼ pnl=-0.11 SPY~ → BAIL
2026-01-30T10:00:00.000-05:00,[KLB] 10:00 ▲ FADE at 255.17
2026-01-30T10:20:00.000-05:00,[KLB] 10:20 ▼ ~ ~ PD Cls vol=1.1x pos=v96 vwap=above ema=bear rs=+0.5% adx=28 body=73% ramp=0.6x rangeATR=1.2 O258.28 H258.69 L256.94 C257.01 ATR=5.17 SL=257.53/257.79 rawVol=107396 volSMA=101804 buf=0.259 prices=
2026-01-30T10:30:00.000-05:00,[KLB] 10:30 ▼ BRK Yest L vol=1.1x pos=v95 vwap=below ema=bear rs=-0.4% adx=26 body=91% ramp=0.8x rangeATR=2 ⚠ O256.82 H256.95 L253.93 C254.08 ATR=5.17 SL=254.6/254.86 rawVol=127499 volSMA=110941 buf=0.259 prices=254.41
2026-01-30T10:30:00.000-05:00,[KLB] 10:30 ▼ ~ ~ Week H + ~ ORB H vol=1.1x pos=v95 vwap=below ema=bear rs=-0.4% adx=26 body=91% ramp=0.8x rangeATR=2 ⚠ O256.82 H256.95 L253.93 C254.08 ATR=5.17 SL=254.6/254.86 rawVol=127499 volSMA=110941 buf=0.259 prices=254.79/256.99
2026-01-30T10:30:00.000-05:00,[KLB] CONF 10:30 ▼ BRK → ✓ (auto-R1: EMA)
2026-01-30T10:35:00.000-05:00,[KLB] 5m CHECK 10:35 ▼ pnl=-0.18 SPY~ → BAIL
2026-01-30T15:30:00.000-05:00,[KLB] 15:30 ▲ ~ ~ PM H vol=2.1x pos=^100 vwap=above ema=bull rs=+2.1% adx=23 body=100% ramp=1.6x rangeATR=0.9 ⚠ O259.38 H259.92 L259.38 C259.92 ATR=5.17 SL=259.4/259.14 rawVol=100374 volSMA=47414 buf=0.259 prices=
2026-02-02T09:30:00.000-05:00,[KLB] 9:30 ▲ RNG range break vol=7.7x
2026-02-02T09:30:00.000-05:00,[KLB] 9:30 ▲ ~ ~ PD Cls vol=7.7x pos=^97 vwap=below ema=bear rs=-0.4% adx=23 body=97% ramp=6.7x rangeATR=5.8 ⚡ ⚠ O256.99 H260.06 L256.99 C259.96 ATR=5.5 SL=259.41/259.14 rawVol=32868 volSMA=4287 buf=0.275 prices=
2026-02-02T09:35:00.000-05:00,[KLB] 9:35 ▲ BRK Month O vol=16.4x pos=^71 vwap=above ema=bull rs=+0.8% adx=26 body=65% ramp=66.8x rangeATR=5.4 ⚡ O259.95 H263.97 L259.67 C262.74 ATR=5.5 SL=262.19/261.92 rawVol=376780 volSMA=23032 buf=0.275 prices=
2026-02-02T09:35:00.000-05:00,[KLB] 9:35 ▲ ~ ~ VWAP + ~ Today O + ~ PM H + ~ Week H vol=16.4x pos=^71 vwap=above ema=bull rs=+0.8% adx=26 body=65% ramp=66.8x rangeATR=5.4 ⚡ O259.95 H263.97 L259.67 C262.74 ATR=5.5 SL=262.19/261.92 rawVol=376780 volSMA=23032 buf=0.275 prices=
2026-02-02T09:35:00.000-05:00,[KLB] CONF 9:35 ▲ BRK → ✓ (auto-R1: EMA)
2026-02-02T09:40:00.000-05:00,[KLB] 9:40 ▼ FADE at 260.06
2026-02-02T09:40:00.000-05:00,"[KLB] 9:40 ▼ ~ ~ PM H + ~ Yest H + ~ Week H
~ VWAP vol=5.6x pos=v98 vwap=below ema=bull rs=-0.6% adx=29 body=97% ramp=66.7x rangeATR=3.5 ⚡ ⚠ O262.7 H262.75 L259.28 C259.34 ATR=5.5 SL=259.89/260.16 rawVol=173196 volSMA=31141 buf=0.275 prices=260.06/261.9/261.95"
2026-02-02T09:40:00.000-05:00,[KLB] 5m CHECK 9:40 ▲ pnl=-0.62 SPY✓ → HOLD
2026-02-02T09:45:00.000-05:00,[KLB] 9:45 ▲ FADE at 260.06
2026-02-02T09:45:00.000-05:00,[KLB] 9:45 ▲ ~ ~ PM H + ~ Yest H vol=3.3x pos=^97 vwap=above ema=bull rs=0% adx=31 body=87% ramp=17.6x rangeATR=1.9 ⚠ O259.39 H261.18 L259.19 C261.13 ATR=5.5 SL=260.58/260.31 rawVol=121608 volSMA=37108 buf=0.275 prices=
2026-02-02T09:50:00.000-05:00,[KLB] 9:50 ▲ ~ ~ Week H vol=3.8x pos=^99 vwap=above ema=bull rs=+0.6% adx=34 body=86% ramp=1.1x rangeATR=1.7 ⚠ O261.17 H262.83 L260.92 C262.82 ATR=5.5 SL=262.27/262 rawVol=175450 volSMA=45677 buf=0.275 prices=
2026-02-02T10:10:00.000-05:00,[KLB] 10:10 ▲ ~ ~ ORB H vol=2.4x pos=^75 vwap=above ema=bull rs=+0.8% adx=43 body=38% ramp=0.9x rangeATR=0.8 O263.67 H264.22 L263.35 C264 ATR=5.5 SL=263.45/263.18 rawVol=187441 volSMA=76540 buf=0.275 prices=
2026-02-02T10:15:00.000-05:00,[KLB] 10:15 ▲ ~ ~ ORB H vol=2.2x pos=^94 vwap=above ema=bull rs=+1% adx=45 body=69% ramp=1x rangeATR=0.9 O263.95 H264.69 L263.7 C264.63 ATR=5.5 SL=264.08/263.81 rawVol=148230 volSMA=83785 buf=0.275 prices=
2026-02-02T11:25:00.000-05:00,[KLB] 11:25 ▲ ~ ~ ORB H vol=0.6x pos=^84 vwap=above ema=bull rs=+0.8% adx=42 body=83% ramp=0.8x rangeATR=0.9 ⚠ O263.77 H264.52 L263.76 C264.4 ATR=5.5 SL=263.85/263.58 rawVol=63463 volSMA=97644 buf=0.275 prices=
2026-02-03T09:35:00.000-05:00,[KLB] 9:35 ▲ RNG range break vol=15.5x
2026-02-03T09:55:00.000-05:00,[KLB] 9:55 ▲ ~ ~ VWAP + ~ PD Cls + ~ Yest H + ~ ORB H vol=4.4x pos=^96 vwap=above ema=bull rs=+0.8% adx=21 body=75% ramp=1.1x rangeATR=2.1 ⚡ O269.74 H270.97 L269.42 C270.91 ATR=5.91 SL=270.32/270.02 rawVol=139431 volSMA=31600 buf=0.296 prices=
2026-02-03T10:25:00.000-05:00,[KLB] 10:25 ▼ ~ x~ PM H vol=1.2x pos=v77 vwap=below ema=bull rs=+0.6% adx=21 body=3% ramp=0.6x rangeATR=1.1 O268.69 H269.37 L268.45 C268.66 ATR=5.91 SL=269.25/269.55 rawVol=60550 volSMA=58529 buf=0.296 prices=269.27
2026-02-03T10:30:00.000-05:00,[KLB] 10:30 ▲ FADE at 269.27
2026-02-03T10:30:00.000-05:00,[KLB] 10:30 ▲ ~ ~ PM H vol=1.6x pos=^94 vwap=above ema=bull rs=+0.8% adx=21 body=93% ramp=1x rangeATR=1.6 ⚠ O268.64 H270.01 L268.62 C269.93 ATR=5.91 SL=269.34/269.04 rawVol=100168 volSMA=63430 buf=0.296 prices=
2026-02-03T11:20:00.000-05:00,[KLB] 11:20 ▲ ~ ~ Yest H + ~ ORB H vol=1.3x pos=^83 vwap=above ema=bull rs=+1.1% adx=21 body=44% ramp=1.1x rangeATR=0.8 O270.09 H270.51 L269.82 C270.39 ATR=5.91 SL=269.8/269.5 rawVol=115253 volSMA=85841 buf=0.296 prices=
2026-02-03T12:35:00.000-05:00,[KLB] 12:35 ▼ ~ x~ PM H vol=1x pos=v81 vwap=below ema=bull rs=+1% adx=10 body=7% ramp=1.9x rangeATR=0.9 O268.9 H269.36 L268.73 C268.85 ATR=5.91 SL=269.44/269.74 rawVol=57478 volSMA=57443 buf=0.296 prices=269.27
2026-02-03T12:40:00.000-05:00,[KLB] 12:40 ▲ FADE at 269.27
2026-02-04T09:30:00.000-05:00,[KLB] 9:30 ▲ RNG range break vol=9.6x
2026-02-04T09:30:00.000-05:00,[KLB] 9:30 ▲ ~ ~ Today O vol=9.6x pos=^83 vwap=below ema=bull rs=+0.1% adx=27 body=82% ramp=3.1x rangeATR=4.6 ⚡ ⚠ O270.87 H272.63 L270.85 C272.33 ATR=5.79 SL=271.75/271.46 rawVol=15365 volSMA=1600 buf=0.29 prices=
2026-02-04T09:35:00.000-05:00,[KLB] 9:35 ▲ ~ ~ PM H vol=18.5x pos=^93 vwap=above ema=bull rs=+1% adx=31 body=92% ramp=148.8x rangeATR=4.7 ⚡ ⚠ O272.28 H274.81 L272.26 C274.63 ATR=5.79 SL=274.05/273.76 rawVol=397026 volSMA=21422 buf=0.29 prices=
2026-02-04T09:40:00.000-05:00,[KLB] 9:40 ▲ ~ ~ VWAP + ~ ORB H vol=10x pos=^63 vwap=above ema=bull rs=+1.2% adx=35 body=59% ramp=296.4x rangeATR=2.6 ⚡ O274.62 H276.18 L274.55 C275.58 ATR=5.79 SL=275/274.71 rawVol=362960 volSMA=39564 buf=0.29 prices=
2026-02-05T09:30:00.000-05:00,[KLB] 9:30 ▲ ~ ~ VWAP vol=2.5x pos=^79 vwap=above ema=bull rs=-0.8% adx=27 body=60% ramp=2.4x rangeATR=2.7 ⚡ O276.91 H278.4 L276.58 C278.01 ATR=6.06 SL=277.4/277.1 rawVol=10819 volSMA=4367 buf=0.303 prices=
2026-02-05T09:35:00.000-05:00,[KLB] 9:35 ▼ ~ ~ PM H + ~ Yest H + ~ Today O + ~ PD Cls vol=14.8x pos=v82 vwap=below ema=bull rs=-0.6% adx=30 body=46% ramp=12.4x rangeATR=4.3 ⚡ O278.12 H279.5 L275.68 C276.35 ATR=6.06 SL=276.96/277.26 rawVol=238078 volSMA=16077 buf=0.303 prices=278.4/278.95
2026-02-05T09:40:00.000-05:00,[KLB] 9:40 ▼ RNG range break vol=10.8x
2026-02-05T09:40:00.000-05:00,[KLB] 9:40 ▼ ~ ~ VWAP vol=10.8x pos=v75 vwap=below ema=bull rs=-1.4% adx=30 body=73% ramp=15.6x rangeATR=1.9 O276.27 H276.32 L274.5 C274.95 ATR=6.06 SL=275.56/275.86 rawVol=126681 volSMA=22137 buf=0.303 prices=
2026-02-05T09:50:00.000-05:00,[KLB] 9:50 ▲ ~ ~ PM L + ~ PD LH L vol=3.9x pos=^100 vwap=above ema=bull rs=-1.1% adx=28 body=88% ramp=1.6x rangeATR=2.4 ⚡ ⚠ O273.57 H275.93 L273.25 C275.93 ATR=6.06 SL=275.32/275.02 rawVol=138691 volSMA=35772 buf=0.303 prices=273.69
2026-02-05T10:05:00.000-05:00,[KLB] 10:05 ▲ ~ ~ PM L + ~ PD LH L vol=1.7x pos=^91 vwap=above ema=bull rs=-0.7% adx=28 body=61% ramp=0.7x rangeATR=1.6 O274.24 H275.65 L273.63 C275.47 ATR=6.06 SL=274.86/274.56 rawVol=83681 volSMA=50652 buf=0.303 prices=273.69
2026-02-05T10:30:00.000-05:00,[KLB] 10:30 ▲ ~ ~ Yest H vol=1.1x pos=^97 vwap=above ema=bull rs=+0.2% adx=29 body=64% ramp=0.9x rangeATR=1.2 O275.85 H276.84 L275.35 C276.8 ATR=6.06 SL=276.19/275.89 rawVol=66976 volSMA=72388 buf=0.303 prices=
2026-02-05T14:15:00.000-05:00,[KLB] 14:15 ▲ ~ ~ Yest H vol=1.4x pos=^98 vwap=above ema=bull rs=-0.5% adx=21 body=98% ramp=1.7x rangeATR=1.4 ⚠ O275.83 H276.68 L275.83 C276.67 ATR=6.06 SL=276.06/275.76 rawVol=33281 volSMA=23880 buf=0.303 prices=
2026-02-05T15:00:00.000-05:00,[KLB] 15:00 ▲ ~ ~ Yest H vol=0.7x pos=^89 vwap=above ema=bull rs=-0.2% adx=29 body=41% ramp=0.8x rangeATR=0.8 O276.54 H276.77 L276.33 C276.72 ATR=6.06 SL=276.11/275.81 rawVol=23119 volSMA=30972 buf=0.303 prices=
2026-02-05T15:30:00.000-05:00,[KLB] 15:30 ▲ ~ ~ Yest H vol=1.1x pos=^100 vwap=above ema=bull rs=-0.1% adx=29 body=94% ramp=1.1x rangeATR=0.8 ⚠ O276.18 H276.64 L276.15 C276.64 ATR=6.06 SL=276.03/275.73 rawVol=39855 volSMA=36768 buf=0.303 prices=
2026-02-05T15:40:00.000-05:00,[KLB] 15:40 ▲ ~ ~ Yest H vol=1.4x pos=^87 vwap=above ema=bull rs=-0.1% adx=28 body=39% ramp=1.1x rangeATR=1.1 O276.29 H276.65 L275.96 C276.56 ATR=6.06 SL=275.95/275.65 rawVol=55663 volSMA=40034 buf=0.303 prices=
2026-02-06T09:30:00.000-05:00,[KLB] 9:30 ▲ ~ ~ Today O + ~ PD Cls vol=1.8x pos=^94 vwap=below ema=bull rs=+0.6% adx=33 body=77% ramp=1.5x rangeATR=2.9 ⚡ O276.05 H277.37 L275.78 C277.28 ATR=6.07 SL=276.67/276.37 rawVol=4336 volSMA=2469 buf=0.304 prices=
2026-02-06T09:35:00.000-05:00,[KLB] 9:35 ▲ RNG range break vol=17.3x
2026-02-06T09:35:00.000-05:00,[KLB] 9:35 ▲ ~ ~ PM H + ~ Yest H vol=17.3x pos=^60 vwap=above ema=bull rs=+0.2% adx=36 body=54% ramp=61x rangeATR=3.6 ⚡ O277.17 H279.47 L277.01 C278.49 ATR=6.07 SL=277.88/277.58 rawVol=301506 volSMA=17404 buf=0.304 prices=
2026-02-06T09:40:00.000-05:00,[KLB] 9:40 ▲ ~ ~ VWAP + ~ Yest H vol=10.3x pos=^70 vwap=above ema=bull rs=+0.3% adx=39 body=32% ramp=93.6x rangeATR=2.8 ⚡ O278.53 H279.92 L277.66 C279.25 ATR=6.07 SL=278.64/278.34 rawVol=239938 volSMA=29234 buf=0.304 prices=
2026-02-06T09:50:00.000-05:00,[KLB] 9:50 ▲ ~ ~ ORB H vol=2.9x pos=^63 vwap=above ema=bull rs=+0.3% adx=45 body=37% ramp=1.6x rangeATR=1 O279.19 H279.83 L278.97 C279.51 ATR=6.07 SL=278.9/278.6 rawVol=121932 volSMA=41731 buf=0.304 prices=
2026-02-06T10:20:00.000-05:00,[KLB] 10:20 ▼ ~ x~ ORB H vol=1.1x pos=v20 vwap=below ema=bull rs=+0.2% adx=52 body=1% ramp=0.4x rangeATR=0.8 🔇 O279.15 H279.29 L278.53 C279.14 ATR=6.07 SL=279.75/280.05 rawVol=94671 volSMA=83668 buf=0.304 prices=279.47
2026-02-06T10:35:00.000-05:00,[KLB] 10:35 ▲ FADE at 279.47
2026-02-06T11:20:00.000-05:00,[KLB] 11:20 ▲ ~ ~ ORB H vol=0.6x pos=^88 vwap=above ema=bull rs=0% adx=36 body=59% ramp=0.6x rangeATR=0.7 O278.97 H279.37 L278.81 C279.3 ATR=6.07 SL=278.69/278.39 rawVol=52973 volSMA=94729 buf=0.304 prices=
2026-02-06T11:40:00.000-05:00,[KLB] 11:40 ▲ ~ ~ ORB H vol=0.7x pos=^84 vwap=above ema=bull rs=0% adx=30 body=63% ramp=0.8x rangeATR=0.8 O279.28 H279.72 L279.16 C279.63 ATR=6.07 SL=279.02/278.72 rawVol=46664 volSMA=67632 buf=0.304 prices=
2026-02-06T13:55:00.000-05:00,[KLB] 13:55 ▼ ~ x~ PM H vol=1.1x pos=v71 vwap=below ema=bear rs=-1.2% adx=24 body=28% ramp=1.1x rangeATR=1.1 O277.23 H277.46 L276.93 C277.08 ATR=6.07 SL=277.69/277.99 rawVol=38606 volSMA=34828 buf=0.304 prices=277.37
2026-02-06T14:35:00.000-05:00,[KLB] 14:35 ▼ ~ x~ PM H vol=1.1x pos=v50 vwap=below ema=bear rs=-1.1% adx=20 body=18% ramp=1.1x rangeATR=0.5 O277.14 H277.21 L276.99 C277.1 ATR=6.07 SL=277.71/278.01 rawVol=33621 volSMA=31869 buf=0.304 prices=277.37
2026-02-06T15:10:00.000-05:00,"[KLB] 15:10 ▼ ~ ~ Yest H
~ VWAP vol=1.6x pos=v100 vwap=below ema=bear rs=-0.8% adx=20 body=95% ramp=1.3x rangeATR=1.4 ⚠ O278.69 H278.72 L278.08 C278.08 ATR=6.07 SL=278.69/278.99 rawVol=58626 volSMA=35613 buf=0.304 prices=279.5"
2026-02-09T09:35:00.000-05:00,[KLB] 9:35 ▼ RNG range break vol=15x
2026-02-09T09:35:00.000-05:00,"[KLB] 9:35 ▼ ~ ~ Yest H
~ VWAP + ~ Today O + ~ PD Cls vol=15x pos=v90 vwap=below ema=bull rs=-1.2% adx=22 body=83% ramp=52.8x rangeATR=7.5 ⚡ ⚠ O277.91 H278.19 L274.37 C274.75 ATR=6 SL=275.35/275.65 rawVol=119734 volSMA=7989 buf=0.3 prices=280.91"
2026-02-09T09:40:00.000-05:00,[KLB] 9:40 ▼ BRK ORB L vol=9.3x pos=v39 vwap=below ema=bear rs=-1.5% adx=25 body=32% ramp=72.2x rangeATR=2.3 ⚡ O274.73 H274.82 L273.49 C274.3 ATR=6 SL=274.9/275.2 rawVol=137147 volSMA=14710 buf=0.3 prices=274.37
2026-02-09T09:40:00.000-05:00,[KLB] CONF 9:40 ▼ BRK → ✓ (auto-R1: EMA)
2026-02-09T09:45:00.000-05:00,[KLB] 5m CHECK 9:45 ▼ pnl=0 SPY~ → HOLD
2026-02-09T15:50:00.000-05:00,[KLB] 15:50 ▲ ~ ~ VWAP vol=1.9x pos=^92 vwap=above ema=bull rs=-2.1% adx=30 body=82% ramp=1x rangeATR=1.1 ⚠ O273.86 H274.24 L273.82 C274.21 ATR=6 SL=273.61/273.31 rawVol=70160 volSMA=37105 buf=0.3 prices=
2026-02-10T09:30:00.000-05:00,[KLB] 9:30 ▲ RNG range break vol=3.2x
2026-02-10T09:30:00.000-05:00,"[KLB] 9:30 ▲ ~ ~ Yest L
~ VWAP + ~ Today O + ~ PD Cls + ~ PM H vol=3.2x pos=^99 vwap=above ema=bull rs=+0.2% adx=24 body=84% ramp=2.3x rangeATR=4.2 ⚡ ⚠ O273.94 H275 L273.75 C274.99 ATR=6.03 SL=274.39/274.09 rawVol=4375 volSMA=1389 buf=0.302 prices=271.7"
2026-02-10T10:00:00.000-05:00,[KLB] 10:00 ▲ ~ ~ Yest L vol=3.5x pos=^72 vwap=above ema=bull rs=-0.2% adx=23 body=43% ramp=0.8x rangeATR=1.3 O274.41 H274.95 L274.19 C274.74 ATR=6.03 SL=274.14/273.84 rawVol=48434 volSMA=22901 buf=0.302 prices=271.7
2026-02-11T09:30:00.000-05:00,[KLB] 9:30 ▲ ~ ~ Today O vol=2.2x pos=^74 vwap=below ema=bull rs=+0.6% adx=23 body=49% ramp=0.6x rangeATR=3.3 ⚡ O274.19 H275 L273.91 C274.72 ATR=5.77 SL=274.14/273.85 rawVol=4432 volSMA=1992 buf=0.289 prices=
2026-02-11T09:40:00.000-05:00,[KLB] 9:40 ▲ ~ ~ PM H + ~ Yest H vol=10x pos=^79 vwap=above ema=bull rs=+0.5% adx=28 body=54% ramp=29.5x rangeATR=2.7 ⚡ O274.81 H275.89 L274.44 C275.59 ATR=5.77 SL=275.01/274.72 rawVol=101639 volSMA=14107 buf=0.289 prices=
2026-02-11T09:55:00.000-05:00,[KLB] 9:55 ▲ RNG range break vol=4.4x
2026-02-11T09:55:00.000-05:00,[KLB] 9:55 ▲ ~ ~ VWAP + ~ ORB H vol=4.4x pos=^95 vwap=above ema=bull rs=+1.1% adx=35 body=71% ramp=1.3x rangeATR=2.1 ⚡ O276.29 H277.32 L275.97 C277.25 ATR=5.77 SL=276.67/276.38 rawVol=134583 volSMA=30547 buf=0.289 prices=
2026-02-11T10:20:00.000-05:00,[KLB] 10:20 ▲ ~ ~ ORB H vol=1.6x pos=^95 vwap=above ema=bull rs=+1.7% adx=44 body=59% ramp=0.8x rangeATR=1.9 O276.29 H277.18 L275.79 C277.11 ATR=5.77 SL=276.53/276.24 rawVol=79993 volSMA=49151 buf=0.289 prices=
2026-02-11T10:30:00.000-05:00,[KLB] 10:30 ▲ ~ ~ ORB H vol=1.8x pos=^89 vwap=above ema=bull rs=+1.8% adx=47 body=62% ramp=1.3x rangeATR=1.1 O276.56 H277.15 L276.34 C277.06 ATR=5.77 SL=276.48/276.19 rawVol=105006 volSMA=59730 buf=0.289 prices=
2026-02-11T14:55:00.000-05:00,[KLB] 14:55 ▼ ~ x~ ORB H vol=6.9x pos=v56 vwap=below ema=bull rs=+1% adx=20 body=7% ramp=5.4x rangeATR=2.2 ⚡ O276.31 H277.1 L275.47 C276.19 ATR=5.77 SL=276.77/277.06 rawVol=138793 volSMA=54797 buf=0.289 prices=276.83
2026-02-11T15:05:00.000-05:00,[KLB] 15:05 ▼ ~ x~ ORB H vol=1.5x pos=v77 vwap=below ema=bear rs=+1.1% adx=25 body=15% ramp=0.7x rangeATR=1.3 O276.56 H277.2 L276.18 C276.41 ATR=5.77 SL=276.99/277.28 rawVol=88186 volSMA=60600 buf=0.289 prices=276.83
2026-02-11T15:15:00.000-05:00,[KLB] 15:15 ▼ ~ ~ ORB H vol=0.5x pos=v96 vwap=below ema=bear rs=+1.1% adx=29 body=47% ramp=0.3x rangeATR=1 🔇 O276.6 H276.99 L276.19 C276.22 ATR=5.77 SL=276.8/277.09 rawVol=27929 volSMA=61368 buf=0.289 prices=276.83
2026-02-12T09:30:00.000-05:00,[KLB] 9:30 ▲ RNG range break vol=3.8x
2026-02-12T09:30:00.000-05:00,[KLB] 9:30 ▲ ~ ~ Yest L + ~ PD LH L + ~ PD Cls + ~ Yest H vol=3.8x pos=^100 vwap=above ema=bear rs=+0.3% adx=28 body=56% ramp=2.4x rangeATR=3.4 ⚡ O274.9 H275.54 L274.4 C275.54 ATR=5.83 SL=274.96/274.67 rawVol=8510 volSMA=2227 buf=0.291 prices=274.45
2026-02-12T09:35:00.000-05:00,[KLB] 9:35 ▼ FADE at 274.45
2026-02-12T09:35:00.000-05:00,[KLB] 9:35 ▼ RNG range break vol=16.1x
2026-02-12T09:35:00.000-05:00,[KLB] 9:35 ▼ BRK PM L + Yest L + PD LH L vol=16.1x pos=v84 vwap=below ema=bear rs=-1.2% adx=28 body=80% ramp=70.1x rangeATR=6.4 ⚡ ⚠ O275.58 H275.72 L272.05 C272.64 ATR=5.83 SL=273.22/273.51 rawVol=154701 volSMA=9633 buf=0.291 prices=273.47/274.45
2026-02-12T09:35:00.000-05:00,"[KLB] 9:35 ▼ ~ ~ Yest H
~ VWAP + ~ Today O vol=16.1x pos=v84 vwap=below ema=bear rs=-1.2% adx=28 body=80% ramp=70.1x rangeATR=6.4 ⚡ ⚠ O275.58 H275.72 L272.05 C272.64 ATR=5.83 SL=273.22/273.51 rawVol=154701 volSMA=9633 buf=0.291 prices=280.18"
2026-02-12T09:35:00.000-05:00,[KLB] CONF 9:35 ▼ BRK → ✓ (auto-R1: EMA)
2026-02-12T09:40:00.000-05:00,[KLB] 5m CHECK 9:40 ▼ pnl=-0.04 SPY~ → HOLD
2026-02-12T10:05:00.000-05:00,[KLB] 10:05 ▼ BRK ORB L vol=2.8x pos=v98 vwap=below ema=bear rs=-1.4% adx=32 body=96% ramp=0.6x rangeATR=1.4 ⚠ O272.16 H272.19 L271.1 C271.12 ATR=5.83 SL=271.7/271.99 rawVol=126551 volSMA=44452 buf=0.291 prices=272.05
2026-02-12T10:05:00.000-05:00,[KLB] CONF 10:05 ▼ BRK → ✓ (auto-R1: EMA)
2026-02-12T10:10:00.000-05:00,[KLB] 5m CHECK 10:10 ▼ pnl=0.1 SPY~ → HOLD
2026-02-12T12:50:00.000-05:00,[KLB] 12:50 ▼ BRK VW Band vol=1.2x pos=v90 vwap=below ema=bear rs=-3.2% adx=58 body=85% ramp=1.4x rangeATR=1.1 ⚠ O263.54 H263.58 L262.81 C262.89 ATR=5.83 SL=263.47/263.76 rawVol=60322 volSMA=48635 buf=0.291 prices=
2026-02-12T12:50:00.000-05:00,[KLB] CONF 12:50 ▼ BRK → ✓ (auto-R1: EMA)
2026-02-12T12:55:00.000-05:00,[KLB] 5m CHECK 12:55 ▼ pnl=0.11 SPY✓ → HOLD
2026-02-13T09:35:00.000-05:00,[KLB] 9:35 ▼ RNG range break vol=11.4x
2026-02-13T09:35:00.000-05:00,[KLB] 9:35 ▼ ~ ~ VWAP vol=11.4x pos=v86 vwap=below ema=bull rs=-1% adx=28 body=81% ramp=15x rangeATR=3.8 ⚡ ⚠ O262.06 H262.23 L258.83 C259.3 ATR=6.52 SL=259.95/260.28 rawVol=196323 volSMA=17264 buf=0.326 prices=
2026-02-13T09:55:00.000-05:00,[KLB] 9:55 ▼ BRK PM L vol=2.3x pos=v50 vwap=below ema=bear rs=-0.8% adx=27 body=49% ramp=0.8x rangeATR=1.4 O260.27 H260.28 L258.84 C259.56 ATR=6.52 SL=260.21/260.54 rawVol=84331 volSMA=36066 buf=0.326 prices=260.1
2026-02-13T09:55:00.000-05:00,[KLB] CONF 9:55 ▼ BRK → ✓ (auto-R1: EMA)
2026-02-13T10:00:00.000-05:00,[KLB] 5m CHECK 10:00 ▼ pnl=0.02 SPY~ → HOLD
2026-02-17T09:30:00.000-05:00,[KLB] 9:30 ▲ RNG range break vol=4.4x
2026-02-17T09:30:00.000-05:00,[KLB] 9:30 ▲ ~ ~ VWAP + ~ Today O + ~ PM H vol=4.4x pos=^97 vwap=above ema=bull rs=-0.2% adx=43 body=91% ramp=2x rangeATR=4.7 ⚡ ⚠ O256.22 H258.19 L256.08 C258.13 ATR=6.54 SL=257.48/257.15 rawVol=10389 volSMA=2352 buf=0.327 prices=
2026-02-17T10:05:00.000-05:00,[KLB] 10:05 ▲ ~ ~ ORB H vol=1.5x pos=^84 vwap=above ema=bull rs=+0.9% adx=55 body=72% ramp=0.7x rangeATR=1.5 O258.58 H259.71 L258.44 C259.5 ATR=6.54 SL=258.85/258.52 rawVol=59367 volSMA=39392 buf=0.327 prices=
2026-02-17T10:20:00.000-05:00,[KLB] 10:20 ▲ BRK Month O vol=2x pos=^90 vwap=above ema=bull rs=+1.3% adx=57 body=90% ramp=1.1x rangeATR=1.8 ⚠ O259.79 H261.41 L259.78 C261.25 ATR=6.54 SL=260.6/260.27 rawVol=97664 volSMA=49830 buf=0.327 prices=
2026-02-17T10:20:00.000-05:00,[KLB] CONF 10:20 ▲ BRK → ✓ (auto-R1: EMA)
2026-02-17T10:25:00.000-05:00,[KLB] 5m CHECK 10:25 ▲ pnl=-0.18 SPY✗ → BAIL
2026-02-17T11:10:00.000-05:00,[KLB] 11:10 ▲ ~ ~ ORB H vol=0.5x pos=^88 vwap=above ema=bull rs=+0.5% adx=47 body=77% ramp=1x rangeATR=0.9 O259.2 H259.89 L259.11 C259.8 ATR=6.54 SL=259.15/258.82 rawVol=33061 volSMA=66591 buf=0.327 prices=
2026-02-17T13:00:00.000-05:00,[KLB] 13:00 ▲ ~ ~ Yest H vol=3.4x pos=^90 vwap=above ema=bull rs=+1.5% adx=39 body=89% ramp=1.8x rangeATR=1.2 ⚠ O261.5 H262.38 L261.49 C262.29 ATR=6.54 SL=261.64/261.31 rawVol=36072 volSMA=33570 buf=0.327 prices=
2026-02-18T09:30:00.000-05:00,[KLB] 9:30 ▼ ~ x~ Yest H vol=2.9x pos=v89 vwap=below ema=bear rs=+0.2% adx=29 body=10% ramp=1.4x rangeATR=2.8 ⚡ O263.75 H264.6 L263.52 C263.64 ATR=6.84 SL=264.32/264.67 rawVol=4315 volSMA=1481 buf=0.342 prices=266.29
2026-02-18T09:35:00.000-05:00,[KLB] 9:35 ▼ ~ x~ Yest H vol=16.9x pos=v63 vwap=below ema=bear rs=+0.1% adx=28 body=7% ramp=31x rangeATR=4.2 ⚡ O263.69 H264.9 L262.72 C263.53 ATR=6.84 SL=264.21/264.56 rawVol=160302 volSMA=9476 buf=0.342 prices=266.29
2026-02-18T09:40:00.000-05:00,[KLB] 9:40 ▲ ~ ~ PM L + ~ Yest H vol=7.2x pos=^77 vwap=above ema=bear rs=+0.1% adx=28 body=34% ramp=48.3x rangeATR=2.8 ⚡ O263.45 H264.42 L262.71 C264.03 ATR=6.84 SL=263.35/263 rawVol=106441 volSMA=14750 buf=0.342 prices=263.22
2026-02-18T09:45:00.000-05:00,[KLB] 9:45 ▼ ~ ~ Yest H vol=3.3x pos=v63 vwap=below ema=bear rs=-0.3% adx=27 body=48% ramp=39.3x rangeATR=1.8 O263.88 H264.05 L262.87 C263.31 ATR=6.84 SL=263.99/264.34 rawVol=57185 volSMA=17572 buf=0.342 prices=266.29
2026-02-18T09:50:00.000-05:00,[KLB] 9:50 ▼ FADE at 263.22
2026-02-18T09:50:00.000-05:00,[KLB] 9:50 ▼ BRK PM L vol=3.1x pos=v60 vwap=below ema=bear rs=-0.2% adx=27 body=55% ramp=1.4x rangeATR=1.6 O263.45 H263.51 L262.45 C262.87 ATR=6.84 SL=263.55/263.9 rawVol=63393 volSMA=20739 buf=0.342 prices=263.22
2026-02-18T09:50:00.000-05:00,[KLB] 9:50 ▼ ~ ~ VWAP vol=3.1x pos=v60 vwap=below ema=bear rs=-0.2% adx=27 body=55% ramp=1.4x rangeATR=1.6 O263.45 H263.51 L262.45 C262.87 ATR=6.84 SL=263.55/263.9 rawVol=63393 volSMA=20739 buf=0.342 prices=
2026-02-18T09:50:00.000-05:00,[KLB] CONF 9:50 ▼ BRK → ✓ (auto-R1: EMA)
2026-02-18T09:55:00.000-05:00,[KLB] 5m CHECK 9:55 ▼ pnl=-0.15 SPY~ → BAIL
2026-02-18T10:35:00.000-05:00,[KLB] 10:35 ▲ ~ ~ PM H vol=0.7x pos=^95 vwap=above ema=bull rs=+0.3% adx=23 body=35% ramp=0.6x rangeATR=0.8 O265.4 H265.63 L265.06 C265.6 ATR=6.84 SL=264.92/264.57 rawVol=32690 volSMA=45653 buf=0.342 prices=
2026-02-18T14:20:00.000-05:00,[KLB] 14:20 ▼ ~ x~ ORB H vol=1.5x pos=v69 vwap=below ema=bear rs=+0.1% adx=20 body=25% ramp=1.3x rangeATR=0.5 O264.63 H264.7 L264.54 C264.59 ATR=6.84 SL=265.27/265.62 rawVol=18210 volSMA=11931 buf=0.342 prices=264.9
2026-02-18T14:30:00.000-05:00,[KLB] 14:30 ▼ ~ ~ ORB H vol=0.8x pos=v91 vwap=below ema=bear rs=+0% adx=22 body=69% ramp=1.1x rangeATR=1.1 O264.83 H264.91 L264.56 C264.59 ATR=6.84 SL=265.27/265.62 rawVol=8981 volSMA=11917 buf=0.342 prices=264.9
2026-02-18T14:55:00.000-05:00,[KLB] 14:55 ▼ ~ ~ Yest H vol=1.3x pos=v93 vwap=below ema=bear rs=0% adx=29 body=70% ramp=0.6x rangeATR=1.2 O264.17 H264.27 L263.84 C263.87 ATR=6.84 SL=264.55/264.9 rawVol=16737 volSMA=12979 buf=0.342 prices=266.29
2026-02-18T15:00:00.000-05:00,[KLB] 15:00 ▼ ~ ~ Yest H vol=1.3x pos=v45 vwap=below ema=bear rs=0% adx=31 body=33% ramp=0.7x rangeATR=0.9 O263.87 H263.91 L263.58 C263.76 ATR=6.84 SL=264.44/264.79 rawVol=13313 volSMA=13155 buf=0.342 prices=266.29
2026-02-18T15:05:00.000-05:00,[KLB] 15:05 ▼ ~ ~ Yest H vol=1.9x pos=v100 vwap=below ema=bear rs=-0.1% adx=32 body=38% ramp=1.4x rangeATR=1 O263.78 H263.99 L263.65 C263.65 ATR=6.84 SL=264.33/264.68 rawVol=26101 volSMA=14105 buf=0.342 prices=266.29
2026-02-19T09:35:00.000-05:00,[KLB] 9:35 ▲ RNG range break vol=14.2x
2026-02-19T09:45:00.000-05:00,[KLB] 9:45 ▲ ~ ~ Yest L + ~ PD LH L vol=4.3x pos=^99 vwap=above ema=bear rs=+0.3% adx=20 body=90% ramp=25.5x rangeATR=2.1 ⚡ ⚠ O262.63 H263.72 L262.52 C263.71 ATR=6.66 SL=263.04/262.71 rawVol=45278 volSMA=10478 buf=0.333 prices=262.45
2026-02-19T09:55:00.000-05:00,[KLB] 9:55 ▲ ~ ~ VWAP + ~ PM H + ~ ORB H vol=3.1x pos=^69 vwap=above ema=bull rs=+0.4% adx=22 body=41% ramp=0.9x rangeATR=1 O263.91 H264.35 L263.74 C264.16 ATR=6.66 SL=263.49/263.16 rawVol=37361 volSMA=14552 buf=0.333 prices=
2026-02-19T13:05:00.000-05:00,[KLB] 13:05 ▼ BRK ORB L vol=1x pos=v100 vwap=below ema=bear rs=0% adx=21 body=65% ramp=0.8x rangeATR=0.7 O262.07 H262.19 L261.85 C261.85 ATR=6.66 SL=262.52/262.85 rawVol=10466 volSMA=15581 buf=0.333 prices=262.32
2026-02-19T13:05:00.000-05:00,[KLB] CONF 13:05 ▼ BRK → ✓ (auto-R1: EMA)
2026-02-19T13:10:00.000-05:00,[KLB] 5m CHECK 13:10 ▼ pnl=-0.01 SPY~ → HOLD
2026-02-19T13:45:00.000-05:00,[KLB] 13:45 ▼ BRK PM L vol=1.8x pos=v66 vwap=below ema=bear rs=-0.2% adx=26 body=66% ramp=1.3x rangeATR=0.7 O261.81 H261.81 L261.51 C261.61 ATR=6.66 SL=262.28/262.61 rawVol=26341 volSMA=14557 buf=0.333 prices=262.08
2026-02-19T13:45:00.000-05:00,[KLB] CONF 13:45 ▼ BRK → ✓ (auto-R1: EMA)
2026-02-19T13:50:00.000-05:00,[KLB] 5m CHECK 13:50 ▼ pnl=-0.05 SPY~ → HOLD
2026-02-20T09:40:00.000-05:00,[KLB] 9:40 ▲ RNG range break vol=9.3x
2026-02-20T09:40:00.000-05:00,[KLB] 9:40 ▲ ~ ~ Today O + ~ ORB H vol=9.3x pos=^88 vwap=above ema=bear rs=+0.1% adx=42 body=64% ramp=22x rangeATR=2.4 ⚡ O259.07 H259.94 L258.8 C259.8 ATR=6.5 SL=259.15/258.82 rawVol=62285 volSMA=9022 buf=0.325 prices=
2026-02-20T09:50:00.000-05:00,[KLB] 9:50 ▼ BRK Yest L + PD LH L + Month O vol=3.4x pos=v89 vwap=below ema=bear rs=-0.1% adx=37 body=84% ramp=2x rangeATR=1.4 ⚠ O259.9 H259.93 L259.23 C259.31 ATR=6.5 SL=259.96/260.29 rawVol=51017 volSMA=14788 buf=0.325 prices=260.05
2026-02-20T09:50:00.000-05:00,[KLB] CONF 9:50 ▼ BRK → ✓ (auto-R1: EMA)
2026-02-20T09:55:00.000-05:00,[KLB] 9:55 ▼ FADE at 258.97
2026-02-20T09:55:00.000-05:00,[KLB] 9:55 ▼ ~ ~ ORB H vol=4.5x pos=v91 vwap=below ema=bear rs=-0.3% adx=36 body=78% ramp=1.3x rangeATR=1.3 O259.3 H259.39 L258.72 C258.78 ATR=6.5 SL=259.43/259.76 rawVol=85421 volSMA=19055 buf=0.325 prices=259.43
2026-02-20T09:55:00.000-05:00,[KLB] 5m CHECK 9:55 ▼ pnl=0.08 SPY~ → HOLD
2026-02-20T10:05:00.000-05:00,[KLB] 10:05 ▲ ~ ~ PD Cls vol=3.9x pos=^68 vwap=above ema=bear rs=+0.1% adx=34 body=58% ramp=1.4x rangeATR=3.1 ⚡ O259.73 H261.62 L259.52 C260.95 ATR=6.5 SL=260.3/259.97 rawVol=105758 volSMA=27266 buf=0.325 prices=
2026-02-20T10:30:00.000-05:00,[KLB] 10:30 ▼ FADE at 260.58
2026-02-20T10:40:00.000-05:00,"[KLB] 10:40 ▲ ~ ~ Yest L
~ VWAP + ~ PM H vol=0.8x pos=^97 vwap=above ema=bull rs=+0.3% adx=27 body=92% ramp=0.6x rangeATR=1.2 ⚠ O260.6 H261.53 L260.55 C261.5 ATR=6.5 SL=260.85/260.52 rawVol=27216 volSMA=43920 buf=0.325 prices=260.05"
2026-02-20T10:45:00.000-05:00,[KLB] 10:45 ▲ ~ ~ PM H vol=1.2x pos=^97 vwap=above ema=bull rs=+0.5% adx=27 body=66% ramp=0.9x rangeATR=1.6 O261.5 H262.43 L261.08 C262.39 ATR=6.5 SL=261.74/261.41 rawVol=58275 volSMA=46756 buf=0.325 prices=
2026-02-20T10:55:00.000-05:00,[KLB] 10:55 ▲ ~ ~ Yest H vol=1.2x pos=^95 vwap=above ema=bull rs=+0.6% adx=28 body=41% ramp=1.6x rangeATR=0.7 O262.69 H262.95 L262.39 C262.92 ATR=6.5 SL=262.27/261.94 rawVol=40057 volSMA=51731 buf=0.325 prices=
2026-02-20T11:05:00.000-05:00,[KLB] 11:05 ▲ ~ ~ Yest H vol=0.8x pos=^73 vwap=above ema=bull rs=+0.5% adx=29 body=32% ramp=0.9x rangeATR=0.5 O262.54 H262.8 L262.36 C262.68 ATR=6.5 SL=262.03/261.7 rawVol=46855 volSMA=55887 buf=0.325 prices=
2026-02-20T11:35:00.000-05:00,[KLB] 11:35 ▲ ~ ~ PM H vol=0.8x pos=^98 vwap=above ema=bull rs=+0.5% adx=26 body=79% ramp=1x rangeATR=1.5 O261.42 H262.31 L261.22 C262.28 ATR=6.5 SL=261.63/261.3 rawVol=36458 volSMA=45606 buf=0.325 prices=
2026-02-20T11:40:00.000-05:00,[KLB] 11:40 ▲ ~ ~ Yest H vol=0.9x pos=^97 vwap=above ema=bull rs=+0.8% adx=26 body=73% ramp=1.5x rangeATR=1.4 O262.32 H263.15 L262.06 C263.12 ATR=6.5 SL=262.47/262.14 rawVol=40295 volSMA=44613 buf=0.325 prices=
2026-02-23T09:35:00.000-05:00,[KLB] 9:35 ▲ RNG range break vol=17.1x
2026-02-23T09:35:00.000-05:00,[KLB] 9:35 ▲ ~ ~ PD LH L + ~ Today O + ~ PD Cls + ~ PM H + ~ Yest H vol=17.1x pos=^59 vwap=above ema=bear rs=+0.5% adx=27 body=56% ramp=36.1x rangeATR=6.5 ⚡ O263.39 H266.87 L263.26 C265.4 ATR=6.51 SL=264.75/264.42 rawVol=139615 volSMA=8149 buf=0.325 prices=
2026-02-23T09:40:00.000-05:00,[KLB] 9:40 ▲ ~ ~ VWAP vol=11.6x pos=^33 vwap=above ema=bull rs=+0.6% adx=31 body=32% ramp=45.1x rangeATR=1.7 O265.48 H266.49 L265.47 C265.81 ATR=6.51 SL=265.16/264.83 rawVol=79473 volSMA=12017 buf=0.325 prices=
2026-02-23T09:45:00.000-05:00,[KLB] 9:45 ▼ ~ ~ Yest H vol=3.5x pos=v92 vwap=below ema=bull rs=+0.4% adx=31 body=88% ramp=54.5x rangeATR=2.4 ⚡ ⚠ O265.77 H265.83 L264.26 C264.39 ATR=6.51 SL=265.04/265.37 rawVol=50887 volSMA=14477 buf=0.325 prices=264.75
2026-02-23T10:00:00.000-05:00,[KLB] 10:00 ▲ FADE at 264.75
2026-02-23T10:20:00.000-05:00,[KLB] 10:20 ▲ ~ ~ Week H + ~ ORB H vol=1.9x pos=^100 vwap=above ema=bull rs=+1.7% adx=36 body=87% ramp=1.3x rangeATR=1.9 ⚠ O265.47 H266.77 L265.28 C266.77 ATR=6.51 SL=266.12/265.79 rawVol=64605 volSMA=34211 buf=0.325 prices=
2026-02-23T10:25:00.000-05:00,[KLB] 10:25 ▲ ~ ~ Week H + ~ ORB H vol=2.3x pos=^86 vwap=above ema=bull rs=+1.8% adx=38 body=49% ramp=1.3x rangeATR=0.9 O266.78 H267.25 L266.51 C267.15 ATR=6.51 SL=266.49/266.17 rawVol=88835 volSMA=38532 buf=0.325 prices=
2026-02-23T12:10:00.000-05:00,[KLB] 12:10 ▲ ~ ~ Week H + ~ ORB H vol=0.7x pos=^98 vwap=above ema=bull rs=+2.1% adx=26 body=93% ramp=0.8x rangeATR=0.7 ⚠ O266.36 H266.75 L266.34 C266.74 ATR=6.51 SL=266.09/265.76 rawVol=23305 volSMA=32744 buf=0.325 prices=
2026-02-23T12:20:00.000-05:00,[KLB] 12:20 ▲ ~ ~ Week H + ~ ORB H vol=0.5x pos=^85 vwap=above ema=bull rs=+2.1% adx=26 body=48% ramp=1.1x rangeATR=0.8 O266.54 H266.83 L266.37 C266.76 ATR=6.51 SL=266.11/265.78 rawVol=16614 volSMA=31318 buf=0.325 prices=
2026-02-23T14:50:00.000-05:00,[KLB] 14:50 ▲ ~ ~ Week H vol=0.6x pos=^81 vwap=above ema=bull rs=+2.2% adx=31 body=68% ramp=0.7x rangeATR=0.9 O266.61 H266.93 L266.56 C266.86 ATR=6.51 SL=266.21/265.88 rawVol=21483 volSMA=34157 buf=0.325 prices=
2026-02-23T15:00:00.000-05:00,[KLB] 15:00 ▼ ~ x~ ORB H vol=0.8x pos=v38 vwap=below ema=bull rs=+2.2% adx=33 body=19% ramp=0.6x rangeATR=0.8 O266.7 H266.76 L266.44 C266.64 ATR=6.51 SL=267.29/267.62 rawVol=23333 volSMA=29455 buf=0.325 prices=266.87
2026-02-23T15:20:00.000-05:00,[KLB] 15:20 ▲ FADE at 266.87
2026-02-23T15:55:00.000-05:00,[KLB] 15:55 ▼ ~ ~ Week H + ~ ORB H vol=3.6x pos=v88 vwap=below ema=bear rs=+2% adx=35 body=59% ramp=2.1x rangeATR=2.4 ⚡ O266.85 H267.15 L266.1 C266.23 ATR=6.51 SL=266.88/267.21 rawVol=114579 volSMA=31901 buf=0.325 prices=266.82/266.87
2026-02-24T09:30:00.000-05:00,[KLB] 9:30 ▲ RNG range break vol=4.7x
2026-02-24T09:30:00.000-05:00,[KLB] 9:30 ▲ ~ ~ Today O vol=4.7x pos=^72 vwap=below ema=bull rs=-0.1% adx=21 body=54% ramp=5.7x rangeATR=4.5 ⚡ O267.22 H268.28 L266.99 C267.92 ATR=6.48 SL=267.27/266.95 rawVol=4655 volSMA=998 buf=0.324 prices=
2026-02-24T09:35:00.000-05:00,[KLB] 9:35 ▲ ~ ~ VWAP + ~ PM H vol=18.5x pos=^100 vwap=above ema=bull rs=+1.7% adx=25 body=95% ramp=136.4x rangeATR=7.4 ⚡ ⚠ O267.92 H271.95 L267.73 C271.95 ATR=6.48 SL=271.3/270.98 rawVol=238942 volSMA=12898 buf=0.324 prices=
2026-02-24T15:20:00.000-05:00,[KLB] 15:20 ▼ ~ x~ ORB H vol=1.5x pos=v34 vwap=below ema=bull rs=+0.7% adx=13 body=5% ramp=1.6x rangeATR=1 O271.67 H271.79 L271.39 C271.65 ATR=6.48 SL=272.3/272.62 rawVol=31860 volSMA=20735 buf=0.324 prices=271.95
2026-02-24T15:25:00.000-05:00,[KLB] 15:25 ▲ FADE at 271.95
2026-02-25T09:30:00.000-05:00,[KLB] 9:30 ▲ RNG range break vol=11.4x
2026-02-25T09:35:00.000-05:00,[KLB] 9:35 ▲ ~ ~ PD LH L + ~ Today O vol=10.8x pos=^56 vwap=above ema=bear rs=+0% adx=34 body=30% ramp=27.7x rangeATR=3.2 ⚡ O271.78 H272.66 L271.47 C272.14 ATR=6.64 SL=271.48/271.14 rawVol=138861 volSMA=12827 buf=0.332 prices=
2026-02-25T09:40:00.000-05:00,[KLB] 9:40 ▼ BRK ORB L vol=4.9x pos=v70 vwap=below ema=bear rs=-0.3% adx=33 body=68% ramp=30.9x rangeATR=2.7 ⚡ O272.19 H272.22 L271.05 C271.4 ATR=6.64 SL=272.06/272.4 rawVol=83809 volSMA=16976 buf=0.332 prices=271.47
2026-02-25T09:40:00.000-05:00,[KLB] 9:40 ▼ ~ ~ Yest H + ~ PD Cls vol=4.9x pos=v70 vwap=below ema=bear rs=-0.3% adx=33 body=68% ramp=30.9x rangeATR=2.7 ⚡ O272.19 H272.22 L271.05 C271.4 ATR=6.64 SL=272.06/272.4 rawVol=83809 volSMA=16976 buf=0.332 prices=274.89
2026-02-25T09:40:00.000-05:00,[KLB] CONF 9:40 ▼ BRK → ✓ (auto-R1: EMA)
2026-02-25T09:45:00.000-05:00,[KLB] 9:45 ▲ ~ ~ Yest H vol=3.1x pos=^70 vwap=above ema=bear rs=+0.1% adx=33 body=58% ramp=3.8x rangeATR=2.8 ⚡ O271.43 H272.65 L271.26 C272.23 ATR=6.64 SL=271.57/271.23 rawVol=63040 volSMA=20080 buf=0.332 prices=
2026-02-25T09:45:00.000-05:00,[KLB] 5m CHECK 9:45 ▼ pnl=-0.13 SPY~ → BAIL
2026-02-25T09:50:00.000-05:00,[KLB] 9:50 ▲ ~ ~ VWAP + ~ ORB H vol=4.3x pos=^84 vwap=above ema=bull rs=+0.4% adx=34 body=83% ramp=1.2x rangeATR=2.6 ⚡ ⚠ O272.29 H273.73 L272.26 C273.5 ATR=6.64 SL=272.84/272.5 rawVol=108355 volSMA=25484 buf=0.332 prices=
2026-02-25T10:15:00.000-05:00,[KLB] 10:15 ▲ ~ ~ ORB H vol=1.1x pos=^91 vwap=above ema=bull rs=+0.4% adx=35 body=36% ramp=0.6x rangeATR=1.1 O272.72 H273.03 L272.34 C272.97 ATR=6.64 SL=272.31/271.97 rawVol=44542 volSMA=40121 buf=0.332 prices=
2026-02-26T09:30:00.000-05:00,[KLB] 9:30 ▲ ~ ~ Today O + ~ PM H vol=4.6x pos=^89 vwap=above ema=bull rs=+0.1% adx=21 body=39% ramp=4.2x rangeATR=3.1 ⚡ O274.73 H275.1 L274.36 C275.02 ATR=6.44 SL=274.38/274.05 rawVol=4787 volSMA=1043 buf=0.322 prices=
2026-02-26T09:40:00.000-05:00,[KLB] 9:40 ▼ RNG range break vol=11.4x
2026-02-26T09:40:00.000-05:00,[KLB] 9:40 ▼ ~ ~ Yest H + ~ PD Cls vol=11.4x pos=v56 vwap=below ema=bull rs=-0.2% adx=21 body=56% ramp=34.2x rangeATR=3.5 ⚡ O274.75 H274.75 L273.24 C273.9 ATR=6.44 SL=274.54/274.87 rawVol=88981 volSMA=12588 buf=0.322 prices=274.94
2026-02-26T11:40:00.000-05:00,[KLB] 11:40 ▼ ~ ~ VWAP vol=0.6x pos=v93 vwap=below ema=bear rs=-0.3% adx=25 body=90% ramp=1x rangeATR=1.5 ⚠ O272.62 H272.65 L271.68 C271.75 ATR=6.44 SL=272.39/272.72 rawVol=25031 volSMA=43469 buf=0.322 prices=
2026-02-26T14:50:00.000-05:00,[KLB] 14:50 ▲ ~ ~ VWAP vol=0.9x pos=^96 vwap=above ema=bull rs=0% adx=21 body=91% ramp=1x rangeATR=0.6 ⚠ O273.21 H273.43 L273.2 C273.42 ATR=6.44 SL=272.78/272.45 rawVol=21390 volSMA=25735 buf=0.322 prices=
2026-02-27T09:35:00.000-05:00,[KLB] 9:35 ▼ RNG range break vol=17.8x
2026-02-27T09:35:00.000-05:00,[KLB] 9:35 ▼ ~ ~ VWAP + ~ Today O vol=17.8x pos=v91 vwap=below ema=bull rs=-1.3% adx=28 body=91% ramp=78.4x rangeATR=6.2 ⚡ ⚠ O272.9 H272.9 L269.18 C269.5 ATR=6.36 SL=270.14/270.45 rawVol=177416 volSMA=9949 buf=0.318 prices=
2026-02-27T10:00:00.000-05:00,[KLB] 10:00 ▼ BRK Yest L vol=2x pos=v51 vwap=above ema=bear rs=-0.8% adx=27 body=48% ramp=0.6x rangeATR=1.2 O271.1 H271.12 L270.19 C270.65 ATR=6.36 SL=271.29/271.6 rawVol=71902 volSMA=35553 buf=0.318 prices=270.8
2026-02-27T10:00:00.000-05:00,[KLB] CONF 10:00 ▼ BRK → ✓ (auto-R1: EMA)
2026-02-27T10:05:00.000-05:00,[KLB] 5m CHECK 10:05 ▼ pnl=0.1 SPY~ → HOLD
2026-02-27T10:30:00.000-05:00,[KLB] 10:30 ▼ BRK ORB L vol=1.4x pos=v81 vwap=below ema=bear rs=-1.8% adx=26 body=80% ramp=0.9x rangeATR=1.4 ⚠ O269.4 H269.41 L268.3 C268.51 ATR=6.36 SL=269.15/269.46 rawVol=74651 volSMA=53656 buf=0.318 prices=269.18
2026-02-27T10:30:00.000-05:00,[KLB] CONF 10:30 ▼ BRK → ✓ (auto-R1: EMA)
2026-02-27T10:35:00.000-05:00,[KLB] 5m CHECK 10:35 ▼ pnl=0.03 SPY~ → HOLD
2026-02-27T13:15:00.000-05:00,[KLB] 13:15 ▼ ~ ~ Week H vol=1.2x pos=v100 vwap=below ema=bear rs=-2.4% adx=27 body=65% ramp=1.3x rangeATR=0.9 O266.77 H266.93 L266.47 C266.47 ATR=6.36 SL=267.11/267.42 rawVol=31774 volSMA=27369 buf=0.318 prices=266.82
2026-02-27T15:25:00.000-05:00,[KLB] 15:25 ▼ ~ ~ Week H vol=1.1x pos=v90 vwap=below ema=bear rs=-2.7% adx=35 body=68% ramp=1.7x rangeATR=0.7 O266.83 H266.9 L266.59 C266.62 ATR=6.36 SL=267.26/267.57 rawVol=38233 volSMA=35295 buf=0.318 prices=266.82
2026-02-27T15:35:00.000-05:00,[KLB] 15:35 ▼ ~ ~ Week H vol=2.2x pos=v94 vwap=below ema=bear rs=-3% adx=32 body=94% ramp=1x rangeATR=2.2 ⚡ ⚠ O266.63 H266.63 L265.57 C265.63 ATR=6.36 SL=266.27/266.58 rawVol=85395 volSMA=38487 buf=0.318 prices=266.82
2026-03-02T09:40:00.000-05:00,[KLB] 9:40 ▼ ~ x~ PM H vol=9.8x pos=v62 vwap=below ema=bull rs=-0.5% adx=21 body=14% ramp=15.9x rangeATR=2 ⚡ O262.15 H262.79 L261.46 C261.97 ATR=6.62 SL=262.63/262.96 rawVol=90415 volSMA=13644 buf=0.331 prices=262.5
2026-03-02T09:45:00.000-05:00,[KLB] 9:45 ▲ FADE at 262.5
2026-03-02T09:45:00.000-05:00,[KLB] 9:45 ▲ ~ ~ PM H vol=4.8x pos=^57 vwap=above ema=bull rs=-0.4% adx=21 body=51% ramp=15.8x rangeATR=2 O261.97 H263.31 L261.88 C262.7 ATR=6.62 SL=262.04/261.71 rawVol=84907 volSMA=17717 buf=0.331 prices=
2026-03-02T15:20:00.000-05:00,[KLB] 15:20 ▲ ~ ~ Yest L vol=0.9x pos=^78 vwap=above ema=bull rs=-0.2% adx=21 body=42% ramp=1.3x rangeATR=1.5 O264.45 H264.98 L264.15 C264.8 ATR=6.62 SL=264.13/263.8 rawVol=19518 volSMA=22663 buf=0.331 prices=262.89
2026-03-03T09:35:00.000-05:00,[KLB] 9:35 ▼ RNG range break vol=14.7x
2026-03-03T09:35:00.000-05:00,"[KLB] 9:35 ▼ ~ ~ PM H
~ VWAP + ~ Today O vol=14.7x pos=v96 vwap=below ema=bull rs=-0.7% adx=26 body=82% ramp=16.3x rangeATR=3.7 ⚡ ⚠ O263.48 H263.85 L261.3 C261.39 ATR=6.6 SL=262.05/262.38 rawVol=130798 volSMA=8915 buf=0.33 prices=263.96"
2026-03-03T09:40:00.000-05:00,[KLB] 9:40 ▲ FADE at 263.96
2026-03-03T09:40:00.000-05:00,[KLB] 9:40 ▲ RNG range break vol=9.7x
2026-03-03T09:40:00.000-05:00,"[KLB] 9:40 ▲ ~ ~ Yest L + ~ Week L
~ VWAP + ~ PD LH L + ~ PD Cls + ~ PM H + ~ Yest H + ~ ORB H vol=9.7x pos=^81 vwap=above ema=bull rs=+0.4% adx=25 body=78% ramp=36x rangeATR=4.6 ⚡ O261.35 H265.56 L261.22 C264.73 ATR=6.6 SL=264.07/263.74 rawVol=167172 volSMA=17224 buf=0.33 prices=260.2/262.89"
2026-03-03T09:45:00.000-05:00,[KLB] 9:45 ▼ ~ ~ PM H + ~ Yest H + ~ ORB H vol=4.2x pos=v95 vwap=below ema=bull rs=+0.1% adx=24 body=83% ramp=38.3x rangeATR=2 ⚡ ⚠ O264.72 H264.95 L262.89 C263 ATR=6.6 SL=263.66/263.99 rawVol=91193 volSMA=21762 buf=0.33 prices=263.96/266.53/263.85
2026-03-03T10:15:00.000-05:00,[KLB] 10:15 ▲ FADE at 263.96
2026-03-03T14:40:00.000-05:00,[KLB] 14:40 ▲ ~ ~ PD LH L + ~ PM H + ~ ORB H vol=2.3x pos=^64 vwap=above ema=bull rs=-0.6% adx=22 body=54% ramp=1.2x rangeATR=2.1 ⚡ O263.53 H264.65 L263.4 C264.2 ATR=6.6 SL=263.54/263.21 rawVol=46603 volSMA=20640 buf=0.33 prices=
2026-03-03T15:10:00.000-05:00,[KLB] 15:10 ▲ ~ ~ Week L vol=0.8x pos=^100 vwap=above ema=bull rs=-1% adx=20 body=58% ramp=0.8x rangeATR=1 O262.97 H263.32 L262.72 C263.32 ATR=6.6 SL=262.66/262.33 rawVol=18170 volSMA=21729 buf=0.33 prices=262.89
2026-03-04T09:30:00.000-05:00,[KLB] 9:30 ▲ BRK Week O vol=2.6x pos=^96 vwap=above ema=bull rs=+0.2% adx=24 body=85% ramp=2x rangeATR=4.6 ⚡ ⚠ O263.07 H264.76 L262.85 C264.69 ATR=6.52 SL=264.04/263.71 rawVol=3115 volSMA=1218 buf=0.326 prices=
2026-03-04T09:30:00.000-05:00,[KLB] 9:30 ▲ ~ ~ Yest L + ~ Week L + ~ Today O + ~ PD Cls + ~ PM H + ~ Yest H vol=2.6x pos=^96 vwap=above ema=bull rs=+0.2% adx=24 body=85% ramp=2x rangeATR=4.6 ⚡ ⚠ O263.07 H264.76 L262.85 C264.69 ATR=6.52 SL=264.04/263.71 rawVol=3115 volSMA=1218 buf=0.326 prices=260.13/262.89
2026-03-04T09:30:00.000-05:00,[KLB] CONF 9:30 ▲ BRK → ✓ (auto-R1: EMA)
2026-03-04T09:35:00.000-05:00,[KLB] 5m CHECK 9:35 ▲ pnl=-0.01 SPY~ → HOLD
2026-03-04T09:40:00.000-05:00,[KLB] 9:40 ▼ ~ ~ PM H + ~ Yest H vol=11.3x pos=v70 vwap=below ema=bull rs=-0.4% adx=27 body=70% ramp=80x rangeATR=3 ⚡ O264.64 H264.64 L262.73 C263.31 ATR=6.52 SL=263.96/264.29 rawVol=104294 volSMA=14602 buf=0.326 prices=264.76/265.56
2026-03-04T09:45:00.000-05:00,[KLB] 9:45 ▼ RNG range break vol=5.7x
2026-03-04T09:45:00.000-05:00,[KLB] 9:45 ▼ ~ ~ VWAP vol=5.7x pos=v90 vwap=below ema=bull rs=-0.7% adx=26 body=90% ramp=59.1x rangeATR=1.6 ⚠ O263.22 H263.22 L262.14 C262.25 ATR=6.52 SL=262.9/263.23 rawVol=77332 volSMA=18383 buf=0.326 prices=
2026-03-04T10:05:00.000-05:00,[KLB] 10:05 ▼ BRK PM L + PD LH L vol=2.3x pos=v73 vwap=below ema=bear rs=-1% adx=21 body=34% ramp=0.7x rangeATR=1.6 O262.5 H263 L261.72 C262.07 ATR=6.52 SL=262.72/263.05 rawVol=72251 volSMA=31088 buf=0.326 prices=262.3
2026-03-04T10:05:00.000-05:00,[KLB] CONF 10:05 ▼ BRK → ✓ (auto-R1: EMA)
2026-03-04T10:10:00.000-05:00,[KLB] 5m CHECK 10:10 ▼ pnl=-0.12 SPY~ → BAIL
2026-03-04T12:40:00.000-05:00,[KLB] 12:40 ▲ ~ ~ VWAP + ~ PM H vol=0.3x pos=^90 vwap=above ema=bull rs=-0.6% adx=23 body=70% ramp=0.8x rangeATR=0.8 O264.53 H264.85 L264.45 C264.81 ATR=6.52 SL=264.16/263.83 rawVol=9808 volSMA=28295 buf=0.326 prices=
2026-03-04T15:20:00.000-05:00,[KLB] 15:20 ▼ BRK Week L vol=1.2x pos=v95 vwap=below ema=bear rs=-1.5% adx=22 body=95% ramp=0.9x rangeATR=1.5 ⚠ O262.88 H262.88 L262.32 C262.35 ATR=6.52 SL=263/263.33 rawVol=25618 volSMA=21787 buf=0.326 prices=262.89
2026-03-04T15:20:00.000-05:00,[KLB] CONF 15:20 ▼ BRK → ✓ (auto-R1: EMA)
2026-03-04T15:25:00.000-05:00,[KLB] 5m CHECK 15:25 ▼ pnl=-0.01 SPY✗ → BAIL
2026-03-05T09:30:00.000-05:00,[KLB] 9:30 ▼ RNG range break vol=5.1x
2026-03-05T09:40:00.000-05:00,[KLB] 9:40 ▼ ~ x~ ORB H vol=5.1x pos=v80 vwap=below ema=bear rs=-0.3% adx=22 body=28% ramp=19.7x rangeATR=2 ⚡ O260.83 H261.46 L260.25 C260.49 ATR=6.39 SL=261.13/261.45 rawVol=56313 volSMA=10972 buf=0.32 prices=261.08
2026-03-05T09:45:00.000-05:00,[KLB] 9:45 ▼ BRK PM L + ORB L vol=4.9x pos=v89 vwap=below ema=bear rs=-0.7% adx=24 body=70% ramp=12.6x rangeATR=2.4 ⚡ O260.41 H260.72 L259.13 C259.3 ATR=6.39 SL=259.94/260.26 rawVol=70083 volSMA=14406 buf=0.32 prices=260.14/259.9
2026-03-05T09:45:00.000-05:00,[KLB] 9:45 ▼ ~ ~ VWAP vol=4.9x pos=v89 vwap=below ema=bear rs=-0.7% adx=24 body=70% ramp=12.6x rangeATR=2.4 ⚡ O260.41 H260.72 L259.13 C259.3 ATR=6.39 SL=259.94/260.26 rawVol=70083 volSMA=14406 buf=0.32 prices=
2026-03-05T09:45:00.000-05:00,[KLB] CONF 9:45 ▼ BRK → ✓ (auto-R1: EMA)
2026-03-05T09:50:00.000-05:00,[KLB] 5m CHECK 9:50 ▼ pnl=0.02 SPY~ → HOLD
2026-03-06T09:30:00.000-05:00,[KLB] 9:30 ▲ ~ ~ VWAP + ~ PD LH L vol=1.5x pos=^100 vwap=above ema=bear rs=-1.2% adx=38 body=57% ramp=0.6x rangeATR=2.1 ⚡ O257.88 H258.5 L257.41 C258.5 ATR=6.31 SL=257.87/257.55 rawVol=3231 volSMA=2454 buf=0.316 prices=
2026-03-06T09:35:00.000-05:00,[KLB] 9:35 ▼ FADE at 257.41
2026-03-06T09:35:00.000-05:00,[KLB] 9:35 ▼ RNG range break vol=15.8x
2026-03-06T09:35:00.000-05:00,[KLB] 9:35 ▼ BRK PM L + Yest L + PD LH L vol=15.8x pos=v95 vwap=below ema=bear rs=-1.1% adx=40 body=91% ramp=15.3x rangeATR=4.8 ⚡ ⚠ O258.63 H258.78 L255.17 C255.35 ATR=6.31 SL=255.98/256.3 rawVol=180143 volSMA=11395 buf=0.316 prices=256.88/257.25
2026-03-06T09:35:00.000-05:00,[KLB] 9:35 ▼ ~ ~ VWAP + ~ Today O vol=15.8x pos=v95 vwap=below ema=bear rs=-1.1% adx=40 body=91% ramp=15.3x rangeATR=4.8 ⚡ ⚠ O258.63 H258.78 L255.17 C255.35 ATR=6.31 SL=255.98/256.3 rawVol=180143 volSMA=11395 buf=0.316 prices=
2026-03-06T09:35:00.000-05:00,[KLB] CONF 9:35 ▼ BRK → ✓ (auto-R1: EMA)
2026-03-06T09:40:00.000-05:00,[KLB] 9:40 ▼ BRK ORB L vol=9.7x pos=v36 vwap=below ema=bear rs=-1% adx=42 body=32% ramp=32.2x rangeATR=1.3 O255.39 H255.44 L254.4 C255.06 ATR=6.31 SL=255.69/256.01 rawVol=142528 volSMA=18521 buf=0.316 prices=255.17
2026-03-06T09:40:00.000-05:00,[KLB] CONF 9:40 ▼ BRK → ✓ (auto-R1: EMA)
2026-03-06T09:45:00.000-05:00,[KLB] 5m CHECK 9:45 ▼ pnl=-0.07 SPY✓ → HOLD
