Date,Message
2025-09-29T09:35:00.000-04:00,[KLB] 9:35 ▼ 🔊 MC ramp=35x vol=17.6x pos=v76 vwap=below ema=bear adx=22 body=36% rangeATR=5.6 ⚡ O748.98 H750.85 L746.12 C747.26 ATR=16.14
2025-09-29T09:35:00.000-04:00,[KLB] 9:35 ▼ ~ ~ Yest H vol=17.6x pos=v76 vwap=below ema=bear rs=-0.2% adx=22 body=36% ramp=35x rangeATR=5.6 ⚡ 🔊 O748.98 H750.85 L746.12 C747.26 ATR=16.14 SL=748.87/749.68 rawVol=56408 volSMA=3197 buf=0.807 prices=751.93
2025-09-29T09:40:00.000-04:00,[KLB] CONF 9:40 ▼ QBS/MC → ✗ (failed)
2025-09-29T10:20:00.000-04:00,[KLB] 10:20 ▼ ~ ~ VWAP vol=1.2x pos=v97 vwap=below ema=bear rs=-0.3% adx=30 body=87% ramp=0.8x rangeATR=1.7 ⚠ O748.25 H748.5 L746.09 C746.16 ATR=16.14 SL=747.77/748.58 rawVol=16267 volSMA=13112 buf=0.807 prices=
2025-09-29T13:30:00.000-04:00,[KLB] 13:30 ▼ BRK PM L vol=2.5x pos=v72 vwap=below ema=bear rs=-0.3% adx=21 body=46% ramp=1x rangeATR=1 O744.65 H744.91 L743.89 C744.18 ATR=16.14 SL=745.79/746.6 rawVol=15675 volSMA=6264 buf=0.807 prices=745.35
2025-09-30T09:35:00.000-04:00,[KLB] 9:35 ▼ 🔊 MC ramp=97.8x vol=17.3x pos=v79 vwap=below ema=bear adx=33 body=66% rangeATR=7 ⚡ O741.7 H742.98 L733.67 C735.6 ATR=15.82
2025-09-30T09:35:00.000-04:00,[KLB] 9:35 ▼ BRK PM L + Yest L + Week L vol=17.3x pos=v79 vwap=below ema=bear rs=-0.8% adx=33 body=66% ramp=97.8x rangeATR=7 ⚡ 🔊 O741.7 H742.98 L733.67 C735.6 ATR=15.82 SL=737.18/737.97 rawVol=57672 volSMA=3337 buf=0.791 prices=741.12/739.15/737.35
2025-09-30T09:40:00.000-04:00,[KLB] 9:40 ▼ BRK ORB L vol=9.9x pos=v75 vwap=below ema=bear rs=-1.4% adx=35 body=66% ramp=199.4x rangeATR=3.9 ⚡ 🔊 O735.75 H736.32 L729.75 C731.4 ATR=15.82 SL=732.98/733.77 rawVol=65737 volSMA=6623 buf=0.791 prices=733.67
2025-09-30T09:40:00.000-04:00,[KLB] 9:40 ▼ ~ ~ VWAP vol=9.9x pos=v75 vwap=below ema=bear rs=-1.4% adx=35 body=66% ramp=199.4x rangeATR=3.9 ⚡ 🔊 O735.75 H736.32 L729.75 C731.4 ATR=15.82 SL=732.98/733.77 rawVol=65737 volSMA=6623 buf=0.791 prices=
2025-09-30T09:40:00.000-04:00,[KLB] CONF 9:40 ▼ BRK → ✓ (auto-promote)
2025-09-30T09:40:00.000-04:00,[KLB] CONF 9:40 ▼ QBS/MC → ✓ (auto-promote)
2025-09-30T09:40:00.000-04:00,[KLB] 9:40 ▼ ◆ ◆¹ ORB L 6.7x v28 vol= pos= vwap=below ema=bear rs=-1.4% adx=35 body=66% ramp=199.4x rangeATR=3.9 ⚡ 🔊 O735.75 H736.32 L729.75 C731.4 ATR=15.82 SL=732.98/733.77 rawVol=65737 volSMA=6623 buf=0.791 prices=
2025-09-30T09:45:00.000-04:00,[KLB] 9:45 ▲ 🔊 MC ramp=162.6x vol=5x pos=^72 vwap=below ema=bear adx=38 body=57% rangeATR=1.7 O731.21 H733.77 L730.74 C732.93 ATR=15.82
2025-09-30T09:45:00.000-04:00,[KLB] 5m CHECK 9:45 ▼ pnl=-0.1 → BAIL
2025-09-30T09:50:00.000-04:00,[KLB] CONF 9:50 ▲ QBS/MC → ✗ (failed)
2025-09-30T10:55:00.000-04:00,[KLB] CONF 10:55 ▼ BRK → ✗ (failed)
2025-09-30T11:00:00.000-04:00,"[KLB] 11:00 ▲ ~~ ~~ ORB L
~ VWAP vol=1.3x pos=^82 vwap=above ema=bear rs=-1.1% adx=37 body=57% ramp=0.9x rangeATR=1.3 O732.88 H734.73 L732.26 C734.28 ATR=15.82 SL=732.7/731.91 rawVol=42670 volSMA=32094 buf=0.791 prices=733.67"
2025-09-30T11:50:00.000-04:00,[KLB] 11:50 ▲ ~~ ~~ ORB L vol=0.7x pos=^99 vwap=above ema=bear rs=-0.9% adx=22 body=89% ramp=1.1x rangeATR=1.3 ⚠ O733.66 H735.56 L733.45 C735.54 ATR=15.82 SL=733.96/733.17 rawVol=13796 volSMA=21027 buf=0.791 prices=733.67
2025-10-01T09:35:00.000-04:00,[KLB] 9:35 ▼ 🔊 MC ramp=34.9x vol=15.6x pos=v83 vwap=below ema=bear adx=44 body=80% rangeATR=3.7 ⚡ O721.55 H721.77 L715.47 C716.53 ATR=15.91
2025-10-01T09:35:00.000-04:00,[KLB] 9:35 ▼ BRK PM L vol=15.6x pos=v83 vwap=below ema=bear rs=-0.9% adx=44 body=80% ramp=34.9x rangeATR=3.7 ⚡ 🔊 O721.55 H721.77 L715.47 C716.53 ATR=15.91 SL=718.12/718.92 rawVol=141896 volSMA=9117 buf=0.796 prices=721.56
2025-10-01T09:35:00.000-04:00,[KLB] 9:35 ▼ ~ ~ VWAP vol=15.6x pos=v83 vwap=below ema=bear rs=-0.9% adx=44 body=80% ramp=34.9x rangeATR=3.7 ⚡ 🔊 O721.55 H721.77 L715.47 C716.53 ATR=15.91 SL=718.12/718.92 rawVol=141896 volSMA=9117 buf=0.796 prices=
2025-10-01T09:40:00.000-04:00,[KLB] 9:40 ▲ 🔊 MC ramp=36.3x vol=6.5x pos=^64 vwap=below ema=bear adx=45 body=38% rangeATR=2.4 ⚡ O716.71 H720 L715.54 C718.41 ATR=15.91
2025-10-01T09:45:00.000-04:00,[KLB] CONF 9:45 ▲ QBS/MC → ✓ (auto-promote)
2025-10-01T09:50:00.000-04:00,[KLB] 9:50 ▼ BRK ORB L vol=4.3x pos=v98 vwap=below ema=bear rs=-1% adx=47 body=98% ramp=1.6x rangeATR=2.3 ⚡ ⚠ O719.32 H719.32 L714.37 C714.48 ATR=15.91 SL=716.07/716.87 rawVol=90033 volSMA=20940 buf=0.796 prices=715.47
2025-10-01T09:50:00.000-04:00,[KLB] CONF 9:50 ▼ BRK → ✓★ (auto-promote)
2025-10-01T09:50:00.000-04:00,[KLB] 9:50 ▼ ◆ ◆¹ ORB L 4.5x v100 vol= pos= vwap=below ema=bear rs=-1% adx=47 body=98% ramp=1.6x rangeATR=2.3 ⚡ ⚠ O719.32 H719.32 L714.37 C714.48 ATR=15.91 SL=716.07/716.87 rawVol=90033 volSMA=20940 buf=0.796 prices=
2025-10-01T09:55:00.000-04:00,[KLB] 5m CHECK 9:55 ▼ pnl=0.04 → BAIL
2025-10-01T10:00:00.000-04:00,[KLB] CONF 10:00 ▼ BRK → ✗ (failed)
2025-10-01T11:35:00.000-04:00,[KLB] 11:35 ▲ ~~ ~~ ORB L vol=1x pos=^81 vwap=above ema=bear rs=-1.1% adx=35 body=79% ramp=1.6x rangeATR=1.1 O715.48 H717.4 L715.44 C717.03 ATR=15.91 SL=715.44/714.64 rawVol=39161 volSMA=37918 buf=0.796 prices=715.47
2025-10-01T11:50:00.000-04:00,[KLB] 11:50 ▲ ~~ ~~ ORB L vol=1x pos=^96 vwap=above ema=bear rs=-1.3% adx=31 body=39% ramp=0.7x rangeATR=0.7 O716 H716.5 L715.34 C716.45 ATR=15.91 SL=714.86/714.06 rawVol=30182 volSMA=31617 buf=0.796 prices=715.47
2025-10-01T12:10:00.000-04:00,[KLB] 12:10 ▲ ~~ ~~ ORB L vol=1x pos=^91 vwap=above ema=bear rs=-1.1% adx=26 body=90% ramp=1.7x rangeATR=1.6 ⚠ O714.86 H717.69 L714.82 C717.44 ATR=15.91 SL=715.85/715.05 rawVol=27181 volSMA=27403 buf=0.796 prices=715.47
2025-10-02T12:05:00.000-04:00,[KLB] 12:05 ▼ ~ ~ VWAP vol=1x pos=v70 vwap=below ema=bear rs=+0% adx=22 body=65% ramp=0.8x rangeATR=0.6 O720.82 H720.86 L720 C720.26 ATR=16.5 SL=721.91/722.74 rawVol=14768 volSMA=15011 buf=0.825 prices=
2025-10-02T13:25:00.000-04:00,[KLB] 13:25 ▲ ~ ~ VWAP vol=0.6x pos=^78 vwap=above ema=bull rs=+0.5% adx=21 body=65% ramp=0.9x rangeATR=0.8 O723.51 H724.27 L723.39 C724.08 ATR=16.5 SL=722.43/721.6 rawVol=6214 volSMA=10970 buf=0.825 prices=
2025-10-02T13:40:00.000-04:00,[KLB] 13:40 ▲ BRK ORB H vol=2.1x pos=^67 vwap=above ema=bull rs=+0.6% adx=25 body=45% ramp=1.7x rangeATR=0.7 O724.41 H725 L724.25 C724.75 ATR=16.5 SL=723.1/722.27 rawVol=24112 volSMA=11736 buf=0.825 prices=723.64
2025-10-02T13:45:00.000-04:00,[KLB] 13:45 ▲ BRK PM H vol=2x pos=^87 vwap=above ema=bull rs=+0.7% adx=26 body=87% ramp=2.1x rangeATR=1.5 ⚠ O724.71 H726.28 L724.71 C726.08 ATR=16.5 SL=724.43/723.6 rawVol=24782 volSMA=12237 buf=0.825 prices=725
2025-10-02T13:45:00.000-04:00,[KLB] CONF 13:45 ▲ BRK → ✓ (auto-promote)
2025-10-02T13:50:00.000-04:00,[KLB] 5m CHECK 13:50 ▲ pnl=0.03 → BAIL
2025-10-02T14:00:00.000-04:00,[KLB] 14:00 ▲ ◆ ◆⁴ PM H 0.9x ^27 vol= pos= vwap=above ema=bull rs=+0.8% adx=32 body=20% ramp=0.9x rangeATR=0.7 O726.59 H726.74 L726 C726.44 ATR=16.5 SL=724.79/723.96 rawVol=24094 volSMA=13133 buf=0.825 prices=
2025-10-03T09:35:00.000-04:00,[KLB] 9:35 ▼ 🔊 MC ramp=140.9x vol=16.4x pos=v94 vwap=below ema=bear adx=36 body=84% rangeATR=8.6 ⚡ O729.89 H731 L720.01 C720.69 ATR=16.07
2025-10-03T09:35:00.000-04:00,[KLB] 9:35 ▼ BRK PM L vol=16.4x pos=v94 vwap=below ema=bear rs=-1.3% adx=36 body=84% ramp=140.9x rangeATR=8.6 ⚡ ⚠ 🔊 O729.89 H731 L720.01 C720.69 ATR=16.07 SL=722.3/723.1 rawVol=74459 volSMA=4539 buf=0.803 prices=727.54
2025-10-03T09:35:00.000-04:00,"[KLB] 9:35 ▼ ~ ~ Yest H
~ VWAP vol=16.4x pos=v94 vwap=below ema=bear rs=-1.3% adx=36 body=84% ramp=140.9x rangeATR=8.6 ⚡ ⚠ 🔊 O729.89 H731 L720.01 C720.69 ATR=16.07 SL=722.3/723.1 rawVol=74459 volSMA=4539 buf=0.803 prices=727.77"
2025-10-03T09:40:00.000-04:00,[KLB] CONF 9:40 ▼ QBS/MC → ✗ (failed)
2025-10-03T09:45:00.000-04:00,[KLB] 9:45 ▼ BRK Yest L + ORB L vol=6.5x pos=v71 vwap=below ema=bear rs=-1.8% adx=42 body=64% ramp=317.3x rangeATR=2.9 ⚡ 🔊 O720.4 H720.74 L715.85 C717.25 ATR=16.07 SL=718.86/719.66 rawVol=82044 volSMA=12651 buf=0.803 prices=718.14/720.01
2025-10-03T09:45:00.000-04:00,[KLB] CONF 9:45 ▼ BRK → ✓★ (auto-promote)
2025-10-03T09:45:00.000-04:00,[KLB] 9:45 ▼ ◆ ◆¹ ORB L 5.5x v29 vol= pos= vwap=below ema=bear rs=-1.8% adx=42 body=64% ramp=317.3x rangeATR=2.9 ⚡ 🔊 O720.4 H720.74 L715.85 C717.25 ATR=16.07 SL=718.86/719.66 rawVol=82044 volSMA=12651 buf=0.803 prices=
2025-10-03T09:50:00.000-04:00,[KLB] 5m CHECK 9:50 ▼ pnl=-0.09 → BAIL
2025-10-03T09:50:00.000-04:00,[KLB] CONF 9:50 ▼ BRK → ✗ (failed)
2025-10-03T11:45:00.000-04:00,[KLB] 11:45 ▼ BRK Yest L vol=3.7x pos=v61 vwap=below ema=bear rs=-2.1% adx=38 body=58% ramp=3.8x rangeATR=2 ⚡ O718.16 H718.25 L715.04 C716.3 ATR=16.07 SL=717.91/718.71 rawVol=100754 volSMA=27534 buf=0.803 prices=718.14
2025-10-03T11:50:00.000-04:00,[KLB] 11:50 ▼ ◆ ◆² Yest L 1.4x v0 vol= pos= vwap=below ema=bear rs=-2.2% adx=39 body=27% ramp=3.8x rangeATR=0.8 O716.28 H716.73 L715.42 C715.92 ATR=16.07 SL=717.53/718.33 rawVol=52854 volSMA=27599 buf=0.803 prices=
2025-10-03T11:55:00.000-04:00,[KLB] CONF 11:55 ▼ BRK → ✗ (failed)
2025-10-03T13:55:00.000-04:00,[KLB] 13:55 ▼ 🔇 QBS ramp=0.4x vol=1.6x pos=v80 vwap=below ema=bear adx=39 body=75% rangeATR=1.7 O714.87 H715 L712.5 C713 ATR=16.07
2025-10-03T14:00:00.000-04:00,[KLB] CONF 14:00 ▼ QBS/MC → ✗ (failed)
2025-10-06T09:35:00.000-04:00,[KLB] 9:35 ▼ 🔊 MC ramp=14.6x vol=14.5x pos=v90 vwap=below ema=bear adx=62 body=89% rangeATR=5.4 ⚡ O705.04 H705.19 L695.8 C696.71 ATR=16.41
2025-10-06T09:35:00.000-04:00,[KLB] 9:35 ▼ BRK PM L vol=14.5x pos=v90 vwap=below ema=bear rs=-1.1% adx=62 body=89% ramp=14.6x rangeATR=5.4 ⚡ ⚠ 🔊 O705.04 H705.19 L695.8 C696.71 ATR=16.41 SL=698.35/699.17 rawVol=145395 volSMA=10027 buf=0.82 prices=703.72
2025-10-06T09:35:00.000-04:00,[KLB] 9:35 ▼ ~ ~ VWAP vol=14.5x pos=v90 vwap=below ema=bear rs=-1.1% adx=62 body=89% ramp=14.6x rangeATR=5.4 ⚡ ⚠ 🔊 O705.04 H705.19 L695.8 C696.71 ATR=16.41 SL=698.35/699.17 rawVol=145395 volSMA=10027 buf=0.82 prices=
2025-10-06T09:40:00.000-04:00,[KLB] 9:40 ▼ BRK ORB L vol=8.6x pos=v87 vwap=below ema=bear rs=-1.4% adx=64 body=80% ramp=28.7x rangeATR=1.8 🔊 O696.84 H697.08 L693.7 C694.14 ATR=16.41 SL=695.78/696.6 rawVol=137260 volSMA=16883 buf=0.82 prices=695.8
2025-10-06T09:40:00.000-04:00,[KLB] CONF 9:40 ▼ BRK → ✓★ (auto-promote)
2025-10-06T09:40:00.000-04:00,[KLB] CONF 9:40 ▼ QBS/MC → ✓★ (auto-promote)
2025-10-06T09:45:00.000-04:00,[KLB] 5m CHECK 9:45 ▼ pnl=0.14 → HOLD
2025-10-06T09:45:00.000-04:00,[KLB] 9:45 ▼ ◆ ◆² ORB L 4.7x v26 vol= pos= vwap=below ema=bear rs=-1.7% adx=66 body=64% ramp=27.5x rangeATR=1.8 🔊 O694.2 H694.2 L690.55 C691.87 ATR=16.41 SL=693.51/694.33 rawVol=114361 volSMA=22556 buf=0.82 prices=
2025-10-06T09:55:00.000-04:00,[KLB] CONF 9:55 ▼ BRK → ✗ (failed)
2025-10-06T10:00:00.000-04:00,"[KLB] 10:00 ▲ ~~ ~~ ORB L
~ VWAP vol=2.1x pos=^77 vwap=above ema=bear rs=-0.5% adx=63 body=73% ramp=0.6x rangeATR=2.2 ⚡ O695.99 H701.26 L695.76 C700 ATR=16.41 SL=698.36/697.54 rawVol=70979 volSMA=34172 buf=0.82 prices=695.8"
2025-10-06T10:05:00.000-04:00,[KLB] 10:05 ▲ ~~ ~~ PM L vol=1.9x pos=^100 vwap=above ema=bear rs=+0.3% adx=59 body=93% ramp=0.5x rangeATR=2.1 ⚡ ⚠ O699.89 H705.35 L699.49 C705.33 ATR=16.41 SL=703.69/702.87 rawVol=58509 volSMA=37053 buf=0.82 prices=703.72
2025-10-06T10:50:00.000-04:00,[KLB] 10:50 ▲ ~~ ~~ PM L vol=0.9x pos=^99 vwap=above ema=bear rs=+0% adx=35 body=87% ramp=1.7x rangeATR=1.4 ⚠ O701.07 H704.58 L700.59 C704.54 ATR=16.41 SL=702.9/702.08 rawVol=45830 volSMA=52382 buf=0.82 prices=703.72
2025-10-06T11:00:00.000-04:00,[KLB] 11:00 ▲ ~~ ~~ PM L vol=0.4x pos=^71 vwap=above ema=bear rs=+0.1% adx=31 body=64% ramp=0.9x rangeATR=1 O703.56 H705.98 L703.37 C705.23 ATR=16.41 SL=703.59/702.77 rawVol=23770 volSMA=54393 buf=0.82 prices=703.72
2025-10-07T09:50:00.000-04:00,[KLB] 9:50 ▼ ~ ~ VWAP vol=4.3x pos=v69 vwap=below ema=bear rs=-0.8% adx=21 body=48% ramp=1.6x rangeATR=1.4 O713.01 H713.41 L711.5 C712.1 ATR=17.12 SL=713.81/714.67 rawVol=36193 volSMA=8392 buf=0.856 prices=
2025-10-07T10:00:00.000-04:00,[KLB] 10:00 ▼ BRK PM L + ORB L vol=3.6x pos=v97 vwap=below ema=bear rs=-1% adx=25 body=75% ramp=0.9x rangeATR=2.3 ⚡ O712.5 H713.29 L709.81 C709.9 ATR=17.12 SL=711.61/712.47 rawVol=41933 volSMA=11701 buf=0.856 prices=711.33/712.3
2025-10-07T10:00:00.000-04:00,[KLB] 10:00 ▼ ◆ ◆¹ PM L 4.9x v24 vol= pos= vwap=below ema=bear rs=-1% adx=25 body=75% ramp=0.9x rangeATR=2.3 ⚡ O712.5 H713.29 L709.81 C709.9 ATR=17.12 SL=711.61/712.47 rawVol=41933 volSMA=11701 buf=0.856 prices=
2025-10-07T10:05:00.000-04:00,"[KLB] 10:05 ▼ ◆ ◆¹ PM L 4.9x v24
◆² ORB L 2.1x v35 vol= pos= vwap=below ema=bear rs=-0.9% adx=27 body=19% ramp=1.3x rangeATR=1.9 O710.03 H711.31 L708.35 C710.6 ATR=17.12 SL=712.31/713.17 rawVol=57226 volSMA=14501 buf=0.856 prices="
2025-10-07T10:20:00.000-04:00,[KLB] CONF 10:20 ▼ BRK → ✗ (failed)
2025-10-07T10:45:00.000-04:00,[KLB] 10:45 ▲ ~~ ~~ PM L + ~~ ORB L vol=1.8x pos=^93 vwap=above ema=bear rs=-0.3% adx=30 body=93% ramp=1.9x rangeATR=1.3 ⚠ O711.8 H713.79 L711.8 C713.65 ATR=17.12 SL=711.94/711.08 rawVol=41380 volSMA=23364 buf=0.856 prices=711.33/712.3
2025-10-07T10:50:00.000-04:00,[KLB] 10:50 ▲ ~ ~ VWAP vol=1.6x pos=^64 vwap=above ema=bear rs=-0.2% adx=29 body=64% ramp=2.7x rangeATR=1.3 O713.52 H715.64 L713.52 C714.88 ATR=17.12 SL=713.17/712.31 rawVol=41481 volSMA=25398 buf=0.856 prices=
2025-10-07T15:55:00.000-04:00,[KLB] 15:55 ▲ ~~ ~~ PM L + ~~ ORB L vol=3x pos=^100 vwap=above ema=bull rs=-0.2% adx=22 body=55% ramp=1.7x rangeATR=1.3 O712.3 H712.96 L711.76 C712.96 ATR=17.12 SL=711.25/710.39 rawVol=29374 volSMA=9870 buf=0.856 prices=711.33/712.3
2025-10-08T09:30:00.000-04:00,[KLB] 9:30 ▲ ~ ~ Yest L vol=6.1x pos=^55 vwap=above ema=bear rs=+0.2% adx=22 body=35% ramp=3.1x rangeATR=3.7 ⚡ O713.24 H714.95 L712.8 C713.99 ATR=16.81 SL=712.31/711.47 rawVol=4082 volSMA=665 buf=0.84 prices=705.75
2025-10-08T09:40:00.000-04:00,[KLB] 9:40 ▼ 🔊 MC ramp=34.2x vol=8.3x pos=v69 vwap=below ema=bear adx=22 body=65% rangeATR=2.8 ⚡ O712.47 H712.56 L710.17 C710.92 ATR=16.81
2025-10-08T09:40:00.000-04:00,[KLB] 9:40 ▼ BRK PM L + ORB L vol=8.3x pos=v69 vwap=below ema=bear rs=-0.3% adx=22 body=65% ramp=34.2x rangeATR=2.8 ⚡ 🔊 O712.47 H712.56 L710.17 C710.92 ATR=16.81 SL=712.6/713.44 rawVol=29810 volSMA=3642 buf=0.84 prices=711.22/712.27
2025-10-08T09:40:00.000-04:00,[KLB] 9:40 ▼ ◆ ◆¹ PM L 10.3x v77 vol= pos= vwap=below ema=bear rs=-0.3% adx=22 body=65% ramp=34.2x rangeATR=2.8 ⚡ 🔊 O712.47 H712.56 L710.17 C710.92 ATR=16.81 SL=712.6/713.44 rawVol=29810 volSMA=3642 buf=0.84 prices=
2025-10-08T09:45:00.000-04:00,[KLB] 9:45 ▼ BRK Week L vol=6.8x pos=v77 vwap=below ema=bear rs=-0.6% adx=23 body=76% ramp=18.1x rangeATR=2.9 ⚡ 🔊 O710.8 H710.84 L707.84 C708.53 ATR=16.81 SL=710.21/711.05 rawVol=37437 volSMA=5504 buf=0.84 prices=710.18
2025-10-08T09:45:00.000-04:00,[KLB] 9:45 ▼ ~ ~ VWAP vol=6.8x pos=v77 vwap=below ema=bear rs=-0.6% adx=23 body=76% ramp=18.1x rangeATR=2.9 ⚡ 🔊 O710.8 H710.84 L707.84 C708.53 ATR=16.81 SL=710.21/711.05 rawVol=37437 volSMA=5504 buf=0.84 prices=
2025-10-08T09:45:00.000-04:00,[KLB] CONF 9:45 ▼ BRK → ✓ (auto-promote)
2025-10-08T09:45:00.000-04:00,[KLB] CONF 9:45 ▼ QBS/MC → ✓ (auto-promote)
2025-10-08T09:50:00.000-04:00,[KLB] 5m CHECK 9:50 ▼ pnl=-0.13 → BAIL
2025-10-08T09:50:00.000-04:00,[KLB] CONF 9:50 ▼ BRK → ✗ (failed)
2025-10-08T09:55:00.000-04:00,[KLB] 9:55 ▲ ~~ ~~ PM L vol=3.3x pos=^78 vwap=above ema=bear rs=-0.1% adx=22 body=77% ramp=1.3x rangeATR=1.8 O710.83 H712.99 L710.8 C712.51 ATR=16.81 SL=710.83/709.99 rawVol=26059 volSMA=7792 buf=0.84 prices=711.22
2025-10-08T10:00:00.000-04:00,[KLB] 10:00 ▲ ~~ ~ Yest L + ~~ ORB L vol=3.9x pos=^58 vwap=above ema=bear rs=0% adx=21 body=57% ramp=0.9x rangeATR=1.1 O712.45 H713.75 L712.44 C713.2 ATR=16.81 SL=711.52/710.68 rawVol=36954 volSMA=9596 buf=0.84 prices=705.75/712.27
2025-10-08T10:10:00.000-04:00,[KLB] 10:10 ▲ ~ ~ VWAP vol=3.5x pos=^90 vwap=above ema=bear rs=+0% adx=20 body=90% ramp=1.3x rangeATR=0.9 ⚠ O713.75 H715 L713.75 C714.88 ATR=16.81 SL=713.2/712.36 rawVol=24955 volSMA=13092 buf=0.84 prices=
2025-10-08T10:15:00.000-04:00,[KLB] 10:15 ▲ BRK PM H vol=2.2x pos=^76 vwap=above ema=bull rs=+0.1% adx=20 body=56% ramp=1.2x rangeATR=0.9 O714.91 H715.82 L714.68 C715.55 ATR=16.81 SL=713.87/713.03 rawVol=32793 volSMA=14723 buf=0.84 prices=714.95
2025-10-08T10:15:00.000-04:00,[KLB] 10:15 ▲ ◆ ◆¹ PM H 1.5x ^4 vol= pos= vwap=above ema=bull rs=+0.1% adx=20 body=56% ramp=1.2x rangeATR=0.9 O714.91 H715.82 L714.68 C715.55 ATR=16.81 SL=713.87/713.03 rawVol=32793 volSMA=14723 buf=0.84 prices=
2025-10-08T10:25:00.000-04:00,[KLB] CONF 10:25 ▲ BRK → ✗ (failed)
2025-10-09T09:30:00.000-04:00,[KLB] 9:30 ▼ ~ ~ PM H vol=2.3x pos=v83 vwap=below ema=bull rs=+0.1% adx=29 body=49% ramp=3.2x rangeATR=3.4 ⚡ O719.18 H719.92 L717.8 C718.15 ATR=16.45 SL=719.8/720.62 rawVol=1611 volSMA=698 buf=0.823 prices=719.92
2025-10-09T09:35:00.000-04:00,[KLB] 9:35 ▲ 🔊 MC ramp=51x vol=16x pos=^88 vwap=above ema=bull adx=32 body=57% rangeATR=4.8 ⚡ O718.32 H721.29 L716.98 C720.77 ATR=16.45
2025-10-09T09:35:00.000-04:00,[KLB] 9:35 ▲ BRK PM H + Yest H vol=16x pos=^88 vwap=above ema=bull rs=+0.4% adx=32 body=57% ramp=51x rangeATR=4.8 ⚡ 🔊 O718.32 H721.29 L716.98 C720.77 ATR=16.45 SL=719.12/718.3 rawVol=54423 volSMA=3402 buf=0.823 prices=719.92/719.65
2025-10-09T09:35:00.000-04:00,"[KLB] 9:35 ▲ ◆ ◆¹ PM H 21.8x ^27
◆¹ Yest H 21.8x ^27 vol= pos= vwap=above ema=bull rs=+0.4% adx=32 body=57% ramp=51x rangeATR=4.8 ⚡ 🔊 O718.32 H721.29 L716.98 C720.77 ATR=16.45 SL=719.12/718.3 rawVol=54423 volSMA=3402 buf=0.823 prices="
2025-10-09T09:40:00.000-04:00,[KLB] 9:40 ▼ 🔊 MC ramp=54.6x vol=10.5x pos=v73 vwap=above ema=bull adx=35 body=35% rangeATR=3.5 ⚡ O720.84 H722.33 L718.41 C719.47 ATR=16.45
2025-10-09T09:40:00.000-04:00,[KLB] CONF 9:40 ▲ BRK → ✗ (failed)
2025-10-09T09:45:00.000-04:00,"[KLB] 9:45 ▼ ~~ ~~ PM H + ~~ Yest H
~ VWAP vol=8.3x pos=v77 vwap=below ema=bull rs=-0.2% adx=33 body=66% ramp=45.5x rangeATR=3.5 ⚡ 🔊 O719.44 H720 L715.16 C716.26 ATR=16.45 SL=717.91/718.73 rawVol=40060 volSMA=8989 buf=0.823 prices=719.92/719.65"
2025-10-09T09:45:00.000-04:00,[KLB] CONF 9:45 ▼ QBS/MC → ✓ (auto-promote)
2025-10-09T09:50:00.000-04:00,[KLB] 5m CHECK 9:50 ▼ pnl=0.1 → HOLD
2025-10-09T10:05:00.000-04:00,[KLB] 10:05 ▲ ~ ~ PM L + ~ ORB L vol=1.9x pos=^77 vwap=above ema=bear rs=+0.3% adx=28 body=43% ramp=0.5x rangeATR=1.6 O717.61 H719.38 L716.73 C718.76 ATR=16.45 SL=717.11/716.29 rawVol=16504 volSMA=14715 buf=0.823 prices=716.44/716.98
2025-10-09T10:35:00.000-04:00,[KLB] 10:35 ▼ ~~ ~~ Yest H vol=0.6x pos=v93 vwap=below ema=bull rs=+0.3% adx=22 body=84% ramp=0.7x rangeATR=1.2 ⚠ O719 H719.18 L717.08 C717.23 ATR=16.45 SL=718.88/719.7 rawVol=12931 volSMA=20225 buf=0.823 prices=719.65
2025-10-09T10:40:00.000-04:00,[KLB] 10:40 ▲ ~ ~ ORB L vol=0.6x pos=^75 vwap=above ema=bull rs=+0.5% adx=21 body=65% ramp=0.6x rangeATR=1.2 O717.15 H718.98 L716.96 C718.47 ATR=16.45 SL=716.82/716 rawVol=13218 volSMA=20868 buf=0.823 prices=716.98
2025-10-10T09:30:00.000-04:00,[KLB] 9:30 ▼ ~ ~ Yest H vol=2.2x pos=v100 vwap=below ema=bear rs=+0.2% adx=25 body=52% ramp=2.6x rangeATR=5.8 ⚡ O733.26 H735.38 L731 C731 ATR=16.78 SL=732.68/733.52 rawVol=1486 volSMA=682 buf=0.839 prices=733.51
2025-10-10T09:40:00.000-04:00,[KLB] 9:40 ▲ 🔊 MC ramp=43.6x vol=6.2x pos=^83 vwap=above ema=bear adx=32 body=62% rangeATR=1.7 O730.9 H732.69 L730.43 C732.31 ATR=16.78
2025-10-10T09:40:00.000-04:00,[KLB] 9:40 ▲ ~ ~ PM L vol=6.2x pos=^83 vwap=above ema=bear rs=0% adx=32 body=62% ramp=43.6x rangeATR=1.7 🔊 O730.9 H732.69 L730.43 C732.31 ATR=16.78 SL=730.63/729.79 rawVol=31981 volSMA=5174 buf=0.839 prices=731
2025-10-10T09:45:00.000-04:00,[KLB] CONF 9:45 ▲ QBS/MC → ✗ (failed)
2025-10-10T09:55:00.000-04:00,[KLB] 9:55 ▼ BRK PM L vol=2.2x pos=v72 vwap=below ema=bear rs=-0.2% adx=40 body=48% ramp=0.8x rangeATR=1.8 O731.3 H731.95 L729.22 C729.98 ATR=16.78 SL=731.66/732.5 rawVol=19876 volSMA=8866 buf=0.839 prices=731
2025-10-10T09:55:00.000-04:00,[KLB] 9:55 ▼ ~ ~ VWAP vol=2.2x pos=v72 vwap=below ema=bear rs=-0.2% adx=40 body=48% ramp=0.8x rangeATR=1.8 O731.3 H731.95 L729.22 C729.98 ATR=16.78 SL=731.66/732.5 rawVol=19876 volSMA=8866 buf=0.839 prices=
2025-10-10T09:55:00.000-04:00,[KLB] 9:55 ▼ ◆ ◆¹ PM L 1.5x v30 vol= pos= vwap=below ema=bear rs=-0.2% adx=40 body=48% ramp=0.8x rangeATR=1.8 O731.3 H731.95 L729.22 C729.98 ATR=16.78 SL=731.66/732.5 rawVol=19876 volSMA=8866 buf=0.839 prices=
2025-10-10T10:00:00.000-04:00,[KLB] CONF 10:00 ▼ BRK → ✗ (failed)
2025-10-10T10:05:00.000-04:00,[KLB] 10:05 ▲ ~~ ~~ PM L vol=2.1x pos=^72 vwap=above ema=bear rs=+0.1% adx=43 body=43% ramp=0.6x rangeATR=1.3 O731.17 H732.7 L730.54 C732.1 ATR=16.78 SL=730.42/729.58 rawVol=22526 volSMA=10633 buf=0.839 prices=731
2025-10-10T10:35:00.000-04:00,[KLB] 10:35 ▼ BRK PM L vol=1.7x pos=v93 vwap=below ema=bear rs=-0.2% adx=39 body=74% ramp=1.1x rangeATR=1.6 O732.1 H732.6 L730 C730.17 ATR=16.78 SL=731.85/732.69 rawVol=27377 volSMA=16167 buf=0.839 prices=731
2025-10-10T10:40:00.000-04:00,[KLB] 10:40 ▼ ◆ ◆² PM L 0.9x v20 vol= pos= vwap=below ema=bear rs=-0.1% adx=40 body=21% ramp=1.8x rangeATR=1 O730.13 H730.47 L728.87 C730.46 ATR=16.78 SL=732.14/732.98 rawVol=29757 volSMA=17642 buf=0.839 prices=
2025-10-10T10:45:00.000-04:00,[KLB] CONF 10:45 ▼ BRK → ✗ (failed)
2025-10-10T11:00:00.000-04:00,[KLB] 11:00 ▼ BRK PM L + ORB L vol=1.5x pos=v85 vwap=below ema=bear rs=-0.3% adx=39 body=82% ramp=0.8x rangeATR=3.3 ⚡ ⚠ O730.93 H731.13 L724.7 C725.66 ATR=16.78 SL=727.34/728.18 rawVol=31639 volSMA=21053 buf=0.839 prices=731/727.7
2025-10-10T11:35:00.000-04:00,[KLB] 11:35 ▼ BRK Yest L vol=1.9x pos=v75 vwap=below ema=bear rs=-1.1% adx=54 body=75% ramp=1.2x rangeATR=1.2 O713.42 H713.42 L709.81 C710.7 ATR=16.78 SL=712.38/713.22 rawVol=50198 volSMA=26789 buf=0.839 prices=712.44
2025-10-10T11:35:00.000-04:00,[KLB] CONF 11:35 ▼ BRK → ✓ (auto-promote)
2025-10-10T11:35:00.000-04:00,[KLB] 11:35 ▼ ◆ ◆¹ Yest L 0.9x v46 vol= pos= vwap=below ema=bear rs=-1.1% adx=54 body=75% ramp=1.2x rangeATR=1.2 O713.42 H713.42 L709.81 C710.7 ATR=16.78 SL=712.38/713.22 rawVol=50198 volSMA=26789 buf=0.839 prices=
2025-10-10T11:40:00.000-04:00,[KLB] 5m CHECK 11:40 ▼ pnl=-0.05 → BAIL
2025-10-10T11:40:00.000-04:00,[KLB] CONF 11:40 ▼ BRK → ✗ (failed)
2025-10-10T13:10:00.000-04:00,[KLB] 13:10 ▼ BRK Week L vol=1.9x pos=v57 vwap=below ema=bear rs=-0.8% adx=49 body=44% ramp=1.7x rangeATR=0.6 O710.26 H710.44 L709.05 C709.65 ATR=16.78 SL=711.33/712.17 rawVol=40578 volSMA=21841 buf=0.839 prices=710.18
2025-10-10T13:10:00.000-04:00,[KLB] 13:10 ▼ ◆ ◆¹ Week L 0.9x v79 vol= pos= vwap=below ema=bear rs=-0.8% adx=49 body=44% ramp=1.7x rangeATR=0.6 O710.26 H710.44 L709.05 C709.65 ATR=16.78 SL=711.33/712.17 rawVol=40578 volSMA=21841 buf=0.839 prices=
2025-10-10T13:15:00.000-04:00,[KLB] CONF 13:15 ▼ BRK → ✗ (failed)
2025-10-10T14:15:00.000-04:00,[KLB] 14:15 ▼ BRK Yest L vol=2.3x pos=v86 vwap=below ema=bear rs=-1% adx=35 body=64% ramp=1.4x rangeATR=1.3 O711.67 H712.25 L709.66 C710.01 ATR=16.78 SL=711.69/712.53 rawVol=41795 volSMA=17922 buf=0.839 prices=712.44
2025-10-10T14:20:00.000-04:00,[KLB] 14:20 ▼ ◆ ◆² Yest L 0.5x v24 vol= pos= vwap=below ema=bear rs=-0.8% adx=35 body=54% ramp=1.9x rangeATR=0.7 O710.08 H711.35 L710 C710.81 ATR=16.78 SL=712.49/713.33 rawVol=17257 volSMA=18199 buf=0.839 prices=
2025-10-10T15:30:00.000-04:00,[KLB] 15:30 ▼ BRK Week L vol=1.8x pos=v75 vwap=below ema=bear rs=-0.5% adx=27 body=65% ramp=1.5x rangeATR=1.4 O710.9 H711.13 L708.94 C709.48 ATR=16.78 SL=711.16/712 rawVol=32657 volSMA=17922 buf=0.839 prices=710.18
2025-10-10T15:30:00.000-04:00,[KLB] CONF 15:30 ▼ BRK → ✓ (auto-promote)
2025-10-10T15:30:00.000-04:00,[KLB] 15:30 ▼ ◆ ◆¹ Week L 0.7x v60 vol= pos= vwap=below ema=bear rs=-0.5% adx=27 body=65% ramp=1.5x rangeATR=1.4 O710.9 H711.13 L708.94 C709.48 ATR=16.78 SL=711.16/712 rawVol=32657 volSMA=17922 buf=0.839 prices=
2025-10-10T15:35:00.000-04:00,[KLB] 5m CHECK 15:35 ▼ pnl=0.02 → BAIL
2025-10-13T09:35:00.000-04:00,[KLB] 9:35 ▼ 🔊 MC ramp=20.3x vol=14.3x pos=v94 vwap=below ema=bear adx=28 body=56% rangeATR=3.7 ⚡ O713 H715.16 L709.42 C709.79 ATR=17.78
2025-10-13T09:35:00.000-04:00,[KLB] 9:35 ▼ BRK PM L vol=14.3x pos=v94 vwap=below ema=bear rs=-0.5% adx=28 body=56% ramp=20.3x rangeATR=3.7 ⚡ 🔊 O713 H715.16 L709.42 C709.79 ATR=17.78 SL=711.57/712.46 rawVol=56268 volSMA=3946 buf=0.889 prices=710.5
2025-10-13T09:35:00.000-04:00,[KLB] 9:35 ▼ ~ ~ VWAP vol=14.3x pos=v94 vwap=below ema=bear rs=-0.5% adx=28 body=56% ramp=20.3x rangeATR=3.7 ⚡ 🔊 O713 H715.16 L709.42 C709.79 ATR=17.78 SL=711.57/712.46 rawVol=56268 volSMA=3946 buf=0.889 prices=
2025-10-13T09:35:00.000-04:00,[KLB] 9:35 ▼ ◆ ◆¹ PM L 10.3x v3 vol= pos= vwap=below ema=bear rs=-0.5% adx=28 body=56% ramp=20.3x rangeATR=3.7 ⚡ 🔊 O713 H715.16 L709.42 C709.79 ATR=17.78 SL=711.57/712.46 rawVol=56268 volSMA=3946 buf=0.889 prices=
2025-10-13T09:40:00.000-04:00,[KLB] 9:40 ▲ 🔊 MC ramp=37.6x vol=6.8x pos=^97 vwap=below ema=bear adx=28 body=33% rangeATR=2 O709.91 H711.11 L707.76 C711 ATR=17.78
2025-10-13T09:40:00.000-04:00,[KLB] CONF 9:40 ▼ BRK → ✗ (failed)
2025-10-13T09:45:00.000-04:00,[KLB] 9:45 ▲ ~~ ~~ PM L vol=5.5x pos=^84 vwap=above ema=bear rs=+0.2% adx=26 body=67% ramp=29.7x rangeATR=2.6 ⚡ 🔊 O711.25 H715.41 L710.39 C714.62 ATR=17.78 SL=712.84/711.95 rawVol=30406 volSMA=7429 buf=0.889 prices=710.5
2025-10-13T09:45:00.000-04:00,[KLB] CONF 9:45 ▲ QBS/MC → ✓★ (auto-promote)
2025-10-13T09:50:00.000-04:00,[KLB] 5m CHECK 9:50 ▲ pnl=-0.02 → BAIL
2025-10-13T09:55:00.000-04:00,[KLB] 9:55 ▲ ~ ~ VWAP vol=2.2x pos=^91 vwap=above ema=bear rs=+0.2% adx=24 body=47% ramp=0.7x rangeATR=1.2 O714.36 H715.7 L713.3 C715.48 ATR=17.78 SL=713.7/712.81 rawVol=20071 volSMA=9298 buf=0.889 prices=
2025-10-13T10:50:00.000-04:00,[KLB] 10:50 ▼ ~ ~ ORB H vol=1.1x pos=v87 vwap=below ema=bull rs=-0.2% adx=20 body=81% ramp=0.8x rangeATR=1.5 ⚠ O714.75 H714.96 L711.5 C711.95 ATR=17.78 SL=713.73/714.62 rawVol=20125 volSMA=19107 buf=0.889 prices=715.16
2025-10-14T11:45:00.000-04:00,[KLB] 11:45 ▲ BRK PM H vol=1.5x pos=^91 vwap=above ema=bull rs=+0.2% adx=20 body=75% ramp=2.4x rangeATR=1.7 O711.55 H714 L711.1 C713.73 ATR=17.56 SL=711.97/711.1 rawVol=13967 volSMA=9026 buf=0.878 prices=712.28
2025-10-14T11:45:00.000-04:00,[KLB] 11:45 ▲ ~ ~ Yest L vol=1.5x pos=^91 vwap=above ema=bull rs=+0.2% adx=20 body=75% ramp=2.4x rangeATR=1.7 O711.55 H714 L711.1 C713.73 ATR=17.56 SL=711.97/711.1 rawVol=13967 volSMA=9026 buf=0.878 prices=707.64
2025-10-14T12:00:00.000-04:00,[KLB] 12:00 ▲ ◆ ◆⁴ PM H 0.8x ^4 vol= pos= vwap=above ema=bull rs=+0.2% adx=24 body=45% ramp=0.7x rangeATR=0.7 O715.23 H715.61 L714.5 C714.73 ATR=17.56 SL=712.97/712.1 rawVol=8165 volSMA=8181 buf=0.878 prices=
2025-10-14T12:05:00.000-04:00,[KLB] CONF 12:05 ▲ BRK → ✗ (failed)
2025-10-14T12:20:00.000-04:00,[KLB] 12:20 ▲ ~ ~ Yest L vol=0.8x pos=^91 vwap=above ema=bull rs=-0.1% adx=20 body=63% ramp=0.9x rangeATR=0.8 O712.41 H713.37 L712.04 C713.25 ATR=17.56 SL=711.49/710.62 rawVol=4947 volSMA=7519 buf=0.878 prices=707.64
2025-10-14T12:50:00.000-04:00,[KLB] 12:50 ▲ ~ ~ Yest L vol=1.4x pos=^82 vwap=above ema=bull rs=-0.3% adx=21 body=82% ramp=1x rangeATR=1.7 ⚠ O712.2 H714.82 L712.2 C714.34 ATR=17.56 SL=712.58/711.71 rawVol=10513 volSMA=7400 buf=0.878 prices=707.64
2025-10-14T15:45:00.000-04:00,[KLB] 15:45 ▼ BRK Yest L vol=2.7x pos=v82 vwap=below ema=bear rs=-0.8% adx=20 body=79% ramp=2.8x rangeATR=2.4 ⚡ O708.15 H708.25 L705.21 C705.75 ATR=17.56 SL=707.51/708.38 rawVol=18525 volSMA=6773 buf=0.878 prices=707.64
2025-10-14T15:45:00.000-04:00,"[KLB] 15:45 ▼ ~~ ~~ ORB H
~ VWAP vol=2.7x pos=v82 vwap=below ema=bear rs=-0.8% adx=20 body=79% ramp=2.8x rangeATR=2.4 ⚡ O708.15 H708.25 L705.21 C705.75 ATR=17.56 SL=707.51/708.38 rawVol=18525 volSMA=6773 buf=0.878 prices=708"
2025-10-14T15:50:00.000-04:00,[KLB] CONF 15:50 ▼ BRK → ✗ (failed)
2025-10-15T09:30:00.000-04:00,[KLB] 9:30 ▲ BRK Yest H vol=5.7x pos=^86 vwap=above ema=bull rs=+0.7% adx=22 body=76% ramp=4.4x rangeATR=5.8 ⚡ O714.15 H717.77 L713.71 C717.22 ATR=17.47 SL=715.47/714.6 rawVol=3185 volSMA=558 buf=0.874 prices=715.55
2025-10-15T09:30:00.000-04:00,[KLB] 9:30 ▲ ~ ~ VWAP vol=5.7x pos=^86 vwap=above ema=bull rs=+0.7% adx=22 body=76% ramp=4.4x rangeATR=5.8 ⚡ O714.15 H717.77 L713.71 C717.22 ATR=17.47 SL=715.47/714.6 rawVol=3185 volSMA=558 buf=0.874 prices=
2025-10-15T09:30:00.000-04:00,[KLB] 9:30 ▲ ◆ ◆¹ Yest H 82x ^48 vol= pos= vwap=above ema=bull rs=+0.7% adx=22 body=76% ramp=4.4x rangeATR=5.8 ⚡ O714.15 H717.77 L713.71 C717.22 ATR=17.47 SL=715.47/714.6 rawVol=3185 volSMA=558 buf=0.874 prices=
2025-10-15T09:35:00.000-04:00,[KLB] 9:35 ▼ 🔊 MC ramp=45.7x vol=16.4x pos=v52 vwap=above ema=bull adx=24 body=49% rangeATR=4.3 ⚡ O717.08 H717.19 L713.24 C715.14 ATR=17.47
2025-10-15T09:40:00.000-04:00,[KLB] 9:40 ▲ 🔊 MC ramp=57.1x vol=5.9x pos=^100 vwap=above ema=bull adx=26 body=93% rangeATR=2 ⚡ O715.14 H717.07 L715 C717.07 ATR=17.47
2025-10-15T09:45:00.000-04:00,[KLB] 9:45 ▲ BRK PM H + ORB H vol=7.8x pos=^56 vwap=above ema=bull rs=+0.2% adx=28 body=56% ramp=31.2x rangeATR=2.6 ⚡ 🔊 O717.08 H720.03 L717.08 C718.72 ATR=17.47 SL=716.97/716.1 rawVol=49000 volSMA=6257 buf=0.874 prices=717.77/717.19
2025-10-15T09:45:00.000-04:00,[KLB] CONF 9:45 ▲ BRK → ✓★ (auto-promote)
2025-10-15T09:45:00.000-04:00,[KLB] CONF 9:45 ▲ QBS/MC → ✓★ (auto-promote)
2025-10-15T09:45:00.000-04:00,"[KLB] 9:45 ▲ ◆ ◆¹ PM H 5.8x ^39
◆¹ ORB H 5.8x ^39 vol= pos= vwap=above ema=bull rs=+0.2% adx=28 body=56% ramp=31.2x rangeATR=2.6 ⚡ 🔊 O717.08 H720.03 L717.08 C718.72 ATR=17.47 SL=716.97/716.1 rawVol=49000 volSMA=6257 buf=0.874 prices="
2025-10-15T09:50:00.000-04:00,[KLB] 5m CHECK 9:50 ▲ pnl=-0.06 → BAIL
2025-10-15T11:35:00.000-04:00,[KLB] CONF 11:35 ▲ BRK → ✗ (failed)
2025-10-15T11:40:00.000-04:00,"[KLB] 11:40 ▼ ~~ ~~ PM H + ~~ ORB H
~ VWAP vol=1x pos=v79 vwap=below ema=bull rs=-0.1% adx=27 body=79% ramp=1.3x rangeATR=1.2 O717.51 H717.51 L715.42 C715.86 ATR=17.47 SL=717.61/718.48 rawVol=15381 volSMA=15091 buf=0.874 prices=717.77/717.19"
2025-10-15T12:20:00.000-04:00,[KLB] 12:20 ▼ ~~ ~~ PM H vol=0.7x pos=v73 vwap=below ema=bull rs=+0.3% adx=22 body=44% ramp=0.8x rangeATR=0.8 O717.8 H718.19 L716.83 C717.2 ATR=17.47 SL=718.95/719.82 rawVol=7740 volSMA=11052 buf=0.874 prices=717.77
2025-10-16T09:30:00.000-04:00,[KLB] 9:30 ▼ 🔊 MC ramp=8.6x vol=4.2x pos=v99 vwap=below ema=bull adx=29 body=86% rangeATR=2.8 ⚡ O718.82 H719.01 L717.49 C717.51 ATR=17.31
2025-10-16T09:30:00.000-04:00,"[KLB] 9:30 ▼ ~ ~ Yest H
~ VWAP vol=4.2x pos=v99 vwap=below ema=bull rs=+0.3% adx=29 body=86% ramp=8.6x rangeATR=2.8 ⚡ ⚠ 🔊 O718.82 H719.01 L717.49 C717.51 ATR=17.31 SL=719.24/720.11 rawVol=1680 volSMA=398 buf=0.866 prices=723.9"
2025-10-16T09:35:00.000-04:00,[KLB] 9:35 ▲ 🔊 MC ramp=34.3x vol=15.1x pos=^82 vwap=above ema=bull adx=27 body=79% rangeATR=5.5 ⚡ O717.29 H721.77 L717.18 C720.93 ATR=17.31
2025-10-16T09:35:00.000-04:00,[KLB] 9:35 ▲ ~ ~ PM L vol=15.1x pos=^82 vwap=above ema=bull rs=+0.4% adx=27 body=79% ramp=34.3x rangeATR=5.5 ⚡ 🔊 O717.29 H721.77 L717.18 C720.93 ATR=17.31 SL=719.2/718.33 rawVol=23987 volSMA=1591 buf=0.866 prices=717.49
2025-10-16T09:40:00.000-04:00,[KLB] CONF 9:40 ▲ QBS/MC → ✗ (failed)
2025-10-16T09:45:00.000-04:00,[KLB] 9:45 ▲ BRK PM H + ORB H vol=7.8x pos=^83 vwap=above ema=bull rs=+0.6% adx=25 body=44% ramp=26.4x rangeATR=3.1 ⚡ 🔊 O720.81 H722.98 L719.44 C722.37 ATR=17.31 SL=720.64/719.77 rawVol=35755 volSMA=4558 buf=0.866 prices=721.39/721.77
2025-10-16T09:45:00.000-04:00,[KLB] 9:45 ▲ ◆ ◆¹ ORB H 11.5x ^68 vol= pos= vwap=above ema=bull rs=+0.6% adx=25 body=44% ramp=26.4x rangeATR=3.1 ⚡ 🔊 O720.81 H722.98 L719.44 C722.37 ATR=17.31 SL=720.64/719.77 rawVol=35755 volSMA=4558 buf=0.866 prices=
2025-10-16T09:50:00.000-04:00,[KLB] 9:50 ▲ BRK Yest H vol=7.3x pos=^68 vwap=above ema=bull rs=+1% adx=27 body=65% ramp=4.2x rangeATR=2.6 ⚡ O722.1 H725.48 L722 C724.36 ATR=17.31 SL=722.63/721.76 rawVol=52353 volSMA=7124 buf=0.866 prices=723.9
2025-10-16T09:50:00.000-04:00,[KLB] 9:50 ▲ ~ ~ VWAP vol=7.3x pos=^68 vwap=above ema=bull rs=+1% adx=27 body=65% ramp=4.2x rangeATR=2.6 ⚡ O722.1 H725.48 L722 C724.36 ATR=17.31 SL=722.63/721.76 rawVol=52353 volSMA=7124 buf=0.866 prices=
2025-10-16T09:50:00.000-04:00,[KLB] CONF 9:50 ▲ BRK → ✓★ (auto-promote)
2025-10-16T09:55:00.000-04:00,[KLB] 5m CHECK 9:55 ▲ pnl=-0.06 → BAIL
2025-10-16T09:55:00.000-04:00,[KLB] CONF 9:55 ▲ BRK → ✗ (failed)
2025-10-16T10:10:00.000-04:00,[KLB] 10:10 ▼ 🔇 QBS ramp=0.4x vol=1.6x pos=v100 vwap=below ema=bull adx=26 body=69% rangeATR=2.3 ⚡ O723.23 H724.51 L720.43 C720.43 ATR=17.31
2025-10-16T10:10:00.000-04:00,[KLB] 10:10 ▼ ~~ ~~ PM H + ~~ ORB H vol=1.6x pos=v100 vwap=below ema=bull rs=+0.5% adx=26 body=69% ramp=0.4x rangeATR=2.3 ⚡ 🔇 O723.23 H724.51 L720.43 C720.43 ATR=17.31 SL=722.16/723.03 rawVol=16793 volSMA=10595 buf=0.866 prices=721.39/721.77
2025-10-16T10:15:00.000-04:00,[KLB] CONF 10:15 ▼ QBS/MC → ✗ (failed)
2025-10-16T10:25:00.000-04:00,[KLB] 10:25 ▼ ~~ ~~ ORB H vol=0.9x pos=v100 vwap=below ema=bull rs=+0.5% adx=23 body=50% ramp=0.9x rangeATR=0.6 O721.45 H722 L720.89 C720.89 ATR=17.31 SL=722.62/723.49 rawVol=11566 volSMA=12566 buf=0.866 prices=721.77
2025-10-16T10:30:00.000-04:00,[KLB] 10:30 ▼ ~~ ~~ PM H + ~~ ORB H vol=1x pos=v81 vwap=below ema=bull rs=+0.3% adx=22 body=58% ramp=0.9x rangeATR=1.3 O721.04 H721.59 L719.2 C719.66 ATR=17.31 SL=721.39/722.26 rawVol=13204 volSMA=13206 buf=0.866 prices=721.39/721.77
2025-10-16T11:50:00.000-04:00,[KLB] 11:50 ▼ ~~ ~~ Yest H vol=1.3x pos=v84 vwap=below ema=bear rs=+0.3% adx=21 body=83% ramp=0.6x rangeATR=0.7 ⚠ O718.2 H718.21 L717.02 C717.21 ATR=17.31 SL=718.94/719.81 rawVol=13860 volSMA=10827 buf=0.866 prices=723.9
2025-10-16T12:10:00.000-04:00,[KLB] 12:10 ▼ ~~ ~~ Yest H vol=1.2x pos=v100 vwap=below ema=bear rs=+0.1% adx=26 body=66% ramp=1.1x rangeATR=1.1 O717.38 H718 L716.18 C716.18 ATR=17.31 SL=717.91/718.78 rawVol=10141 volSMA=10382 buf=0.866 prices=723.9
2025-10-17T09:35:00.000-04:00,[KLB] 9:35 ▲ 🔊 MC ramp=30.5x vol=11.2x pos=^93 vwap=above ema=bull adx=37 body=70% rangeATR=2.9 ⚡ O707.08 H710.29 L706.12 C710.01 ATR=17.62
2025-10-17T09:40:00.000-04:00,[KLB] 9:40 ▲ BRK ORB H vol=9x pos=^70 vwap=above ema=bull rs=+0.6% adx=36 body=47% ramp=115.1x rangeATR=1.5 🔊 O710.32 H712.07 L709.78 C711.39 ATR=17.62 SL=709.63/708.75 rawVol=36974 volSMA=4100 buf=0.881 prices=710.29
2025-10-17T09:40:00.000-04:00,[KLB] 9:40 ▲ ~ ~ VWAP vol=9x pos=^70 vwap=above ema=bull rs=+0.6% adx=36 body=47% ramp=115.1x rangeATR=1.5 🔊 O710.32 H712.07 L709.78 C711.39 ATR=17.62 SL=709.63/708.75 rawVol=36974 volSMA=4100 buf=0.881 prices=
2025-10-17T09:40:00.000-04:00,[KLB] CONF 9:40 ▲ QBS/MC → ✓★ (auto-promote)
2025-10-17T09:45:00.000-04:00,[KLB] 9:45 ▼ 🔊 MC ramp=61.6x vol=4.5x pos=v96 vwap=below ema=bull adx=34 body=70% rangeATR=2.5 ⚡ O711.42 H712.5 L708.27 C708.44 ATR=17.62
2025-10-17T09:45:00.000-04:00,[KLB] 9:45 ▼ ~ ~ PM H + ~ ORB H vol=4.5x pos=v96 vwap=below ema=bull rs=+0.3% adx=34 body=70% ramp=61.6x rangeATR=2.5 ⚡ 🔊 O711.42 H712.5 L708.27 C708.44 ATR=17.62 SL=710.2/711.08 rawVol=23925 volSMA=5268 buf=0.881 prices=712/710.29
2025-10-17T09:45:00.000-04:00,[KLB] 5m CHECK 9:45 ▲ pnl=-0.17 → BAIL
2025-10-17T09:45:00.000-04:00,[KLB] 9:45 ▲ ◆ ◆² ORB H 3.5x ^64 vol= pos= vwap=below ema=bull rs=+0.3% adx=34 body=70% ramp=61.6x rangeATR=2.5 ⚡ 🔊 O711.42 H712.5 L708.27 C708.44 ATR=17.62 SL=706.68/705.8 rawVol=23925 volSMA=5268 buf=0.881 prices=
2025-10-17T09:50:00.000-04:00,[KLB] CONF 9:50 ▼ QBS/MC → ✗ (failed)
2025-10-17T09:55:00.000-04:00,[KLB] 9:55 ▲ BRK PM H + ORB H vol=3.4x pos=^100 vwap=above ema=bull rs=+0.6% adx=31 body=94% ramp=1.1x rangeATR=1.9 ⚠ O710.14 H713.61 L709.93 C713.6 ATR=17.62 SL=711.84/710.96 rawVol=24528 volSMA=7131 buf=0.881 prices=712/710.29
2025-10-17T09:55:00.000-04:00,[KLB] 9:55 ▲ ~ ~ Yest L vol=3.4x pos=^100 vwap=above ema=bull rs=+0.6% adx=31 body=94% ramp=1.1x rangeATR=1.9 ⚠ O710.14 H713.61 L709.93 C713.6 ATR=17.62 SL=711.84/710.96 rawVol=24528 volSMA=7131 buf=0.881 prices=703.88
2025-10-17T09:55:00.000-04:00,[KLB] CONF 9:55 ▲ BRK → ✓ (auto-promote)
2025-10-17T09:55:00.000-04:00,[KLB] 9:55 ▲ ◆ ◆¹ ORB H 3x ^6 vol= pos= vwap=above ema=bull rs=+0.6% adx=31 body=94% ramp=1.1x rangeATR=1.9 ⚠ O710.14 H713.61 L709.93 C713.6 ATR=17.62 SL=711.84/710.96 rawVol=24528 volSMA=7131 buf=0.881 prices=
2025-10-17T10:00:00.000-04:00,[KLB] 5m CHECK 10:00 ▲ pnl=-0.17 → BAIL
2025-10-17T10:00:00.000-04:00,[KLB] CONF 10:00 ▲ BRK → ✗ (failed)
2025-10-17T10:15:00.000-04:00,[KLB] 10:15 ▲ BRK PM H vol=1.9x pos=^88 vwap=above ema=bull rs=+0.6% adx=30 body=65% ramp=0.6x rangeATR=2.1 ⚡ O711.81 H715.58 L710.72 C714.98 ATR=17.62 SL=713.22/712.34 rawVol=18441 volSMA=9766 buf=0.881 prices=712
2025-10-17T10:15:00.000-04:00,[KLB] 10:15 ▲ ~ ~ Yest L vol=1.9x pos=^88 vwap=above ema=bull rs=+0.6% adx=30 body=65% ramp=0.6x rangeATR=2.1 ⚡ O711.81 H715.58 L710.72 C714.98 ATR=17.62 SL=713.22/712.34 rawVol=18441 volSMA=9766 buf=0.881 prices=703.88
2025-10-17T10:20:00.000-04:00,[KLB] 10:20 ▲ ◆ ◆² PM H 1.7x ^71 vol= pos= vwap=above ema=bull rs=+0.5% adx=31 body=67% ramp=1x rangeATR=0.9 O715.22 H715.68 L713.45 C713.72 ATR=17.62 SL=711.96/711.08 rawVol=28525 volSMA=11093 buf=0.881 prices=
2025-10-17T10:35:00.000-04:00,[KLB] CONF 10:35 ▲ BRK → ✗ (failed)
2025-10-17T10:40:00.000-04:00,[KLB] 10:40 ▼ ~~ ~~ PM H vol=1.1x pos=v93 vwap=below ema=bull rs=+0.4% adx=28 body=86% ramp=0.5x rangeATR=1.1 ⚠ O712.94 H713.1 L710.53 C710.72 ATR=17.62 SL=712.48/713.36 rawVol=14620 volSMA=13718 buf=0.881 prices=712
2025-10-17T10:55:00.000-04:00,[KLB] 10:55 ▼ ~~ ~~ PM H vol=0.5x pos=v84 vwap=below ema=bull rs=+0.3% adx=23 body=35% ramp=0.7x rangeATR=0.6 O711.11 H711.7 L710.5 C710.69 ATR=17.62 SL=712.45/713.33 rawVol=7055 volSMA=14950 buf=0.881 prices=712
2025-10-17T11:00:00.000-04:00,"[KLB] 11:00 ▼ ~~ ~~ ORB H
~ VWAP vol=1.2x pos=v67 vwap=below ema=bull rs=+0.2% adx=23 body=54% ramp=0.8x rangeATR=1.3 O710.41 H710.78 L707.97 C708.9 ATR=17.62 SL=710.66/711.54 rawVol=18563 volSMA=15868 buf=0.881 prices=710.29"
2025-10-17T11:15:00.000-04:00,[KLB] 11:15 ▼ ~~ ~~ ORB H vol=0.5x pos=v100 vwap=below ema=bull rs=+0.2% adx=21 body=80% ramp=0.6x rangeATR=1.4 ⚠ O710.67 H711.3 L708.13 C708.13 ATR=17.62 SL=709.89/710.77 rawVol=7680 volSMA=15506 buf=0.881 prices=710.29
2025-10-20T09:30:00.000-04:00,[KLB] 9:30 ▼ 🔇 QBS ramp=0.4x vol=0.5x pos=v100 vwap=below ema=bull adx=29 body=86% rangeATR=3.4 ⚡ O723.22 H723.55 L721.14 C721.14 ATR=17.25
2025-10-20T09:30:00.000-04:00,[KLB] 9:30 ▼ ~ ~ PM H vol=0.5x pos=v100 vwap=below ema=bull rs=+0.4% adx=29 body=86% ramp=0.4x rangeATR=3.4 ⚡ ⚠ 🔇 O723.22 H723.55 L721.14 C721.14 ATR=17.25 SL=722.86/723.73 rawVol=516 volSMA=1028 buf=0.862 prices=723.55
2025-10-20T09:35:00.000-04:00,[KLB] 9:35 ▲ 🔊 MC ramp=7.9x vol=13.7x pos=^75 vwap=above ema=bull adx=29 body=54% rangeATR=4.9 ⚡ O721.26 H725.25 L720.19 C723.99 ATR=17.25
2025-10-20T09:35:00.000-04:00,[KLB] 9:35 ▲ BRK PM H vol=13.7x pos=^75 vwap=above ema=bull rs=+0.2% adx=29 body=54% ramp=7.9x rangeATR=4.9 ⚡ 🔊 O721.26 H725.25 L720.19 C723.99 ATR=17.25 SL=722.27/721.4 rawVol=43548 volSMA=3184 buf=0.862 prices=723.55
2025-10-20T09:35:00.000-04:00,[KLB] 9:35 ▲ ◆ ◆¹ PM H 5.9x ^65 vol= pos= vwap=above ema=bull rs=+0.2% adx=29 body=54% ramp=7.9x rangeATR=4.9 ⚡ 🔊 O721.26 H725.25 L720.19 C723.99 ATR=17.25 SL=722.27/721.4 rawVol=43548 volSMA=3184 buf=0.862 prices=
2025-10-20T09:40:00.000-04:00,[KLB] CONF 9:40 ▲ QBS/MC → ✗ (failed)
2025-10-20T09:50:00.000-04:00,[KLB] 9:50 ▲ BRK Week H + ORB H vol=5.3x pos=^91 vwap=above ema=bull rs=+0.5% adx=32 body=76% ramp=1.9x rangeATR=2.3 ⚡ O724.5 H727.27 L724 C726.98 ATR=17.25 SL=725.26/724.39 rawVol=38785 volSMA=7345 buf=0.862 prices=725.49/725.25
2025-10-20T09:50:00.000-04:00,[KLB] 9:50 ▲ ~ ~ VWAP vol=5.3x pos=^91 vwap=above ema=bull rs=+0.5% adx=32 body=76% ramp=1.9x rangeATR=2.3 ⚡ O724.5 H727.27 L724 C726.98 ATR=17.25 SL=725.26/724.39 rawVol=38785 volSMA=7345 buf=0.862 prices=
2025-10-20T09:50:00.000-04:00,[KLB] CONF 9:50 ▲ BRK → ✓ (auto-promote)
2025-10-20T09:55:00.000-04:00,[KLB] 5m CHECK 9:55 ▲ pnl=0.2 → HOLD
2025-10-21T09:50:00.000-04:00,[KLB] 9:50 ▼ ~ ~ VWAP vol=4.1x pos=v87 vwap=below ema=bull rs=-0.3% adx=21 body=79% ramp=2.2x rangeATR=2 O735 H735.23 L732.61 C732.94 ATR=17.22 SL=734.66/735.52 rawVol=28972 volSMA=7109 buf=0.861 prices=
2025-10-21T09:55:00.000-04:00,[KLB] 9:55 ▲ ~ ~ ORB L vol=2.9x pos=^96 vwap=above ema=bull rs=0% adx=20 body=81% ramp=1.1x rangeATR=1.9 ⚠ O732.98 H735.25 L732.58 C735.13 ATR=17.22 SL=733.41/732.55 rawVol=23763 volSMA=8284 buf=0.861 prices=734.2
2025-10-22T09:35:00.000-04:00,[KLB] 9:35 ▼ 🔊 MC ramp=12.1x vol=14.3x pos=v88 vwap=below ema=bear adx=24 body=79% rangeATR=2.9 ⚡ O733.82 H734.08 L731.24 C731.57 ATR=16.69
2025-10-22T09:40:00.000-04:00,[KLB] 9:40 ▲ 🔊 MC ramp=17.8x vol=6.3x pos=^100 vwap=above ema=bull adx=23 body=83% rangeATR=2.6 ⚡ O731.59 H734.03 L731.08 C734.03 ATR=16.69
2025-10-22T09:40:00.000-04:00,[KLB] 9:40 ▲ ~ ~ Yest L + ~ ORB L vol=6.3x pos=^100 vwap=above ema=bull rs=+0.1% adx=23 body=83% ramp=17.8x rangeATR=2.6 ⚡ ⚠ 🔊 O731.59 H734.03 L731.08 C734.03 ATR=16.69 SL=732.36/731.53 rawVol=19657 volSMA=3129 buf=0.834 prices=728.75/731.24
2025-10-22T09:45:00.000-04:00,[KLB] 9:45 ▼ ~ ~ ORB H vol=3.8x pos=v62 vwap=below ema=bull rs=-0.1% adx=22 body=55% ramp=10x rangeATR=1.6 🔊 O734.02 H734.15 L732.3 C733 ATR=16.69 SL=734.67/735.5 rawVol=14431 volSMA=3815 buf=0.834 prices=734.08
2025-10-22T09:45:00.000-04:00,[KLB] CONF 9:45 ▲ QBS/MC → ✗ (failed)
2025-10-22T09:50:00.000-04:00,[KLB] 9:50 ▲ BRK ORB H vol=4.2x pos=^100 vwap=above ema=bull rs=+0.4% adx=21 body=87% ramp=1.5x rangeATR=2.4 ⚡ ⚠ O732.99 H735.71 L732.59 C735.71 ATR=16.69 SL=734.04/733.21 rawVol=20250 volSMA=4824 buf=0.834 prices=734.08
2025-10-22T09:50:00.000-04:00,[KLB] 9:50 ▲ ~ ~ Yest L vol=4.2x pos=^100 vwap=above ema=bull rs=+0.4% adx=21 body=87% ramp=1.5x rangeATR=2.4 ⚡ ⚠ O732.99 H735.71 L732.59 C735.71 ATR=16.69 SL=734.04/733.21 rawVol=20250 volSMA=4824 buf=0.834 prices=728.75
2025-10-22T09:55:00.000-04:00,[KLB] 9:55 ▲ BRK PM H vol=6.4x pos=^93 vwap=above ema=bull rs=+0.7% adx=22 body=81% ramp=1.4x rangeATR=2.5 ⚡ ⚠ O735.72 H738.95 L735.27 C738.69 ATR=16.69 SL=737.02/736.19 rawVol=44983 volSMA=7058 buf=0.834 prices=735.48
2025-10-22T09:55:00.000-04:00,[KLB] 9:55 ▲ ~ ~ VWAP vol=6.4x pos=^93 vwap=above ema=bull rs=+0.7% adx=22 body=81% ramp=1.4x rangeATR=2.5 ⚡ ⚠ O735.72 H738.95 L735.27 C738.69 ATR=16.69 SL=737.02/736.19 rawVol=44983 volSMA=7058 buf=0.834 prices=
2025-10-22T09:55:00.000-04:00,[KLB] CONF 9:55 ▲ BRK → ✓ (auto-promote)
2025-10-22T10:00:00.000-04:00,[KLB] 5m CHECK 10:00 ▲ pnl=-0.1 → BAIL
2025-10-22T10:05:00.000-04:00,[KLB] 10:05 ▲ BRK Yest H vol=4x pos=^52 vwap=above ema=bull rs=+0.8% adx=25 body=47% ramp=2.5x rangeATR=2.3 ⚡ O736.98 H740.6 L736.78 C738.77 ATR=16.69 SL=737.1/736.27 rawVol=46739 volSMA=11596 buf=0.834 prices=738.5
2025-10-22T10:05:00.000-04:00,[KLB] CONF 10:05 ▲ BRK → ✓★ (auto-promote)
2025-10-22T10:05:00.000-04:00,[KLB] 10:05 ▲ ◆ ◆¹ Yest H 1.6x ^82 vol= pos= vwap=above ema=bull rs=+0.8% adx=25 body=47% ramp=2.5x rangeATR=2.3 ⚡ O736.98 H740.6 L736.78 C738.77 ATR=16.69 SL=737.1/736.27 rawVol=46739 volSMA=11596 buf=0.834 prices=
2025-10-22T10:10:00.000-04:00,[KLB] 5m CHECK 10:10 ▲ pnl=0.01 → BAIL
2025-10-22T10:10:00.000-04:00,[KLB] CONF 10:10 ▲ BRK → ✗ (failed)
2025-10-22T10:15:00.000-04:00,[KLB] 10:15 ▼ ~~ ~~ Yest H vol=2x pos=v100 vwap=below ema=bull rs=+0.4% adx=26 body=99% ramp=0.8x rangeATR=1.9 ⚠ O739 H739.02 L735.61 C735.62 ATR=16.69 SL=737.29/738.12 rawVol=27129 volSMA=13849 buf=0.834 prices=738.5
2025-10-22T10:25:00.000-04:00,[KLB] 10:25 ▼ ~~ ~~ PM H vol=1.4x pos=v90 vwap=below ema=bull rs=+0.3% adx=24 body=90% ramp=0.6x rangeATR=0.8 ⚠ O735.53 H735.53 L734.05 C734.2 ATR=16.69 SL=735.87/736.7 rawVol=22756 volSMA=15843 buf=0.834 prices=735.48
2025-10-22T10:30:00.000-04:00,"[KLB] 10:30 ▼ ~~ ~~ PM H + ~~ ORB H
~ VWAP vol=1.4x pos=v85 vwap=below ema=bull rs=+0.2% adx=23 body=58% ramp=0.7x rangeATR=1.7 O734.21 H735.1 L731.79 C732.3 ATR=16.69 SL=733.97/734.8 rawVol=23848 volSMA=17027 buf=0.834 prices=735.48/734.08"
2025-10-22T11:00:00.000-04:00,[KLB] 11:00 ▲ ~ ~ Yest L vol=1.1x pos=^91 vwap=above ema=bull rs=+0.6% adx=20 body=87% ramp=1.3x rangeATR=1.8 ⚠ O733.06 H736.66 L732.91 C736.34 ATR=16.69 SL=734.67/733.84 rawVol=26313 volSMA=22956 buf=0.834 prices=728.75
2025-10-22T13:40:00.000-04:00,[KLB] 13:40 ▼ ~ ~ Week H vol=1.9x pos=v100 vwap=below ema=bear rs=-0.1% adx=31 body=97% ramp=1.1x rangeATR=1.4 ⚠ O727.18 H727.24 L724.89 C724.89 ATR=16.69 SL=726.56/727.39 rawVol=12620 volSMA=6608 buf=0.834 prices=725.49
2025-10-22T13:45:00.000-04:00,[KLB] 13:45 ▼ ~ ~ Week H vol=1.8x pos=v60 vwap=below ema=bear rs=0% adx=33 body=35% ramp=2x rangeATR=0.6 O724.85 H725.1 L724.1 C724.5 ATR=16.69 SL=726.17/727 rawVol=11125 volSMA=6834 buf=0.834 prices=725.49
2025-10-22T13:55:00.000-04:00,[KLB] 13:55 ▼ ~ ~ Week H vol=1.2x pos=v99 vwap=below ema=bear rs=+0% adx=33 body=78% ramp=1.5x rangeATR=0.9 O725.56 H725.86 L724.43 C724.45 ATR=16.69 SL=726.12/726.95 rawVol=9048 volSMA=7510 buf=0.834 prices=725.49
2025-10-22T15:20:00.000-04:00,[KLB] 15:20 ▲ ~ ~ ORB L vol=1x pos=^78 vwap=above ema=bear rs=+0.5% adx=24 body=67% ramp=0.9x rangeATR=0.6 O731.82 H732.56 L731.73 C732.38 ATR=16.69 SL=730.71/729.88 rawVol=6465 volSMA=8726 buf=0.834 prices=731.24
2025-10-22T15:30:00.000-04:00,[KLB] 15:30 ▲ ~ ~ ORB L vol=0.5x pos=^94 vwap=above ema=bull rs=+0.5% adx=26 body=63% ramp=0.7x rangeATR=0.7 O732.01 H732.62 L731.73 C732.57 ATR=16.69 SL=730.9/730.07 rawVol=4210 volSMA=8285 buf=0.834 prices=731.24
2025-10-22T15:40:00.000-04:00,[KLB] 15:40 ▲ ~ ~ Yest L vol=1x pos=^86 vwap=above ema=bull rs=+0.5% adx=29 body=51% ramp=0.8x rangeATR=1 O732.69 H733.45 L732.27 C733.29 ATR=16.69 SL=731.62/730.79 rawVol=7913 volSMA=8232 buf=0.834 prices=728.75
2025-10-23T09:30:00.000-04:00,[KLB] 9:30 ▲ ~ ~ Yest L vol=0.9x pos=^100 vwap=above ema=bull rs=0% adx=25 body=90% ramp=0.8x rangeATR=1.8 ⚠ O733.05 H734.35 L732.91 C734.35 ATR=16.68 SL=732.68/731.85 rawVol=227 volSMA=319 buf=0.834 prices=724.03
2025-10-23T09:40:00.000-04:00,[KLB] 9:40 ▲ 🔊 MC ramp=65.9x vol=9.1x pos=^73 vwap=above ema=bull adx=31 body=69% rangeATR=3.1 ⚡ O734.35 H737.95 L734.23 C736.93 ATR=16.68
2025-10-23T09:40:00.000-04:00,[KLB] 9:40 ▲ BRK PM H + ORB H vol=9.1x pos=^73 vwap=above ema=bull rs=+0.2% adx=31 body=69% ramp=65.9x rangeATR=3.1 ⚡ 🔊 O734.35 H737.95 L734.23 C736.93 ATR=16.68 SL=735.26/734.43 rawVol=32184 volSMA=3530 buf=0.834 prices=735/736.75
2025-10-23T09:40:00.000-04:00,[KLB] 9:40 ▲ ◆ ◆¹ ORB H 8x ^62 vol= pos= vwap=above ema=bull rs=+0.2% adx=31 body=69% ramp=65.9x rangeATR=3.1 ⚡ 🔊 O734.35 H737.95 L734.23 C736.93 ATR=16.68 SL=735.26/734.43 rawVol=32184 volSMA=3530 buf=0.834 prices=
2025-10-23T09:45:00.000-04:00,[KLB] CONF 9:45 ▲ QBS/MC → ✓ (auto-promote)
2025-10-23T09:50:00.000-04:00,[KLB] 9:50 ▲ ~ ~ VWAP vol=6.8x pos=^100 vwap=above ema=bull rs=+0.5% adx=38 body=97% ramp=3.4x rangeATR=2.3 ⚡ ⚠ O737.83 H740.99 L737.74 C740.99 ATR=16.68 SL=739.32/738.49 rawVol=50819 volSMA=7455 buf=0.834 prices=
2025-10-23T09:50:00.000-04:00,[KLB] 5m CHECK 9:50 ▲ pnl=0.2 → HOLD
2025-10-23T13:10:00.000-04:00,[KLB] 13:10 ▼ ~ ~ VWAP vol=2.2x pos=v92 vwap=below ema=bull rs=-0.2% adx=23 body=86% ramp=2.1x rangeATR=1.9 ⚠ O738.22 H738.36 L736.1 C736.28 ATR=16.68 SL=737.95/738.78 rawVol=22756 volSMA=10409 buf=0.834 prices=
2025-10-23T13:25:00.000-04:00,[KLB] CONF 13:25 ▲ BRK → ✗ (failed)
2025-10-23T13:30:00.000-04:00,[KLB] 13:30 ▼ ~~ ~~ ORB H vol=0.8x pos=v85 vwap=below ema=bull rs=-0.2% adx=26 body=84% ramp=0.6x rangeATR=0.9 ⚠ O737.07 H737.09 L735.99 C736.15 ATR=16.68 SL=737.82/738.65 rawVol=7404 volSMA=9635 buf=0.834 prices=736.75
2025-10-23T14:10:00.000-04:00,[KLB] 14:10 ▼ ~~ ~~ ORB H vol=1.1x pos=v72 vwap=below ema=bear rs=-0.5% adx=28 body=70% ramp=0.8x rangeATR=1 O736.68 H736.7 L735.6 C735.91 ATR=16.68 SL=737.58/738.41 rawVol=8599 volSMA=7999 buf=0.834 prices=736.75
2025-10-23T14:35:00.000-04:00,[KLB] 14:35 ▼ ~~ ~~ PM H vol=1.1x pos=v96 vwap=below ema=bear rs=-0.7% adx=32 body=80% ramp=0.4x rangeATR=1.2 ⚠ 🔇 O735.29 H735.47 L734.3 C734.35 ATR=16.68 SL=736.02/736.85 rawVol=11390 volSMA=10148 buf=0.834 prices=735
2025-10-23T14:45:00.000-04:00,[KLB] 14:45 ▼ ~ ~ Yest H vol=1x pos=v66 vwap=below ema=bear rs=-0.8% adx=35 body=46% ramp=1.2x rangeATR=0.6 O733.91 H734.02 L733.46 C733.65 ATR=16.68 SL=735.32/736.15 rawVol=9912 volSMA=10192 buf=0.834 prices=740.6
2025-10-23T15:45:00.000-04:00,[KLB] 15:45 ▼ ~~ ~~ PM H vol=1.4x pos=v89 vwap=below ema=bear rs=-0.6% adx=29 body=46% ramp=1.8x rangeATR=0.8 O734.51 H734.77 L734.16 C734.23 ATR=16.68 SL=735.9/736.73 rawVol=16787 volSMA=11973 buf=0.834 prices=735
2025-10-24T09:30:00.000-04:00,[KLB] 9:30 ▼ ~ ~ VWAP vol=1.2x pos=v100 vwap=below ema=bull rs=+0.7% adx=28 body=94% ramp=0.9x rangeATR=3.5 ⚡ ⚠ O739.14 H739.32 L736.32 C736.32 ATR=16.15 SL=737.94/738.74 rawVol=925 volSMA=779 buf=0.808 prices=
2025-10-24T09:35:00.000-04:00,[KLB] 9:35 ▲ 🔊 MC ramp=23.6x vol=14x pos=^65 vwap=above ema=bull adx=29 body=35% rangeATR=3.4 ⚡ O736.75 H739.26 L735.66 C738 ATR=16.15
2025-10-24T09:40:00.000-04:00,[KLB] 9:40 ▼ 🔊 MC ramp=43x vol=7.4x pos=v88 vwap=below ema=bull adx=29 body=53% rangeATR=2.6 ⚡ O737.72 H738.86 L735.66 C736.04 ATR=16.15
2025-10-24T09:40:00.000-04:00,[KLB] 9:40 ▼ ~ ~ ORB H vol=7.4x pos=v88 vwap=below ema=bull rs=-0.2% adx=29 body=53% ramp=43x rangeATR=2.6 ⚡ 🔊 O737.72 H738.86 L735.66 C736.04 ATR=16.15 SL=737.66/738.46 rawVol=29563 volSMA=3997 buf=0.808 prices=739.26
2025-10-24T09:45:00.000-04:00,[KLB] 9:45 ▼ ~ ~ Yest H vol=5.9x pos=v100 vwap=below ema=bull rs=-0.5% adx=31 body=59% ramp=44.8x rangeATR=2.2 ⚡ 🔊 O736 H737.21 L734.26 C734.26 ATR=16.15 SL=735.88/736.68 rawVol=33390 volSMA=5648 buf=0.808 prices=742.41
2025-10-24T09:45:00.000-04:00,[KLB] CONF 9:45 ▼ QBS/MC → ✓★ (auto-promote)
2025-10-24T09:50:00.000-04:00,[KLB] 9:50 ▼ BRK PM L vol=4.7x pos=v69 vwap=below ema=bear rs=-0.6% adx=33 body=39% ramp=2.5x rangeATR=2.2 ⚡ O734.48 H735.44 L732.2 C733.22 ATR=16.15 SL=734.84/735.64 rawVol=28824 volSMA=7081 buf=0.808 prices=735
2025-10-24T09:50:00.000-04:00,[KLB] 9:50 ▼ ~ ~ Yest H vol=4.7x pos=v69 vwap=below ema=bear rs=-0.6% adx=33 body=39% ramp=2.5x rangeATR=2.2 ⚡ O734.48 H735.44 L732.2 C733.22 ATR=16.15 SL=734.84/735.64 rawVol=28824 volSMA=7081 buf=0.808 prices=742.41
2025-10-24T09:50:00.000-04:00,[KLB] 5m CHECK 9:50 ▼ pnl=0.06 → HOLD
2025-10-24T10:00:00.000-04:00,[KLB] 10:00 ▼ ◆ ◆³ PM L 3.8x v26 vol= pos= vwap=below ema=bear rs=-0.5% adx=37 body=78% ramp=0.7x rangeATR=1 O732.7 H734.04 L732.63 C733.8 ATR=16.15 SL=735.42/736.22 rawVol=23137 volSMA=9209 buf=0.808 prices=
2025-10-24T10:10:00.000-04:00,[KLB] CONF 10:10 ▼ BRK → ✗ (failed)
2025-10-24T10:15:00.000-04:00,[KLB] 10:15 ▲ ~~ ~~ PM L + ~~ ORB L vol=3x pos=^60 vwap=above ema=bear rs=-0.2% adx=34 body=50% ramp=1.3x rangeATR=1.5 O735.4 H737.57 L735.14 C736.61 ATR=16.15 SL=734.99/734.19 rawVol=19469 volSMA=13868 buf=0.808 prices=735/735.66
2025-10-24T10:25:00.000-04:00,[KLB] 10:25 ▲ ~~ ~~ ORB L vol=0.7x pos=^81 vwap=above ema=bear rs=-0.1% adx=30 body=33% ramp=0.4x rangeATR=1.2 🔇 O736.41 H737.4 L735.5 C737.03 ATR=16.15 SL=735.41/734.61 rawVol=10137 volSMA=14593 buf=0.808 prices=735.66
2025-10-24T10:40:00.000-04:00,[KLB] 10:40 ▲ ~~ ~~ PM L + ~~ ORB L vol=0.6x pos=^92 vwap=above ema=bear rs=-0.1% adx=26 body=42% ramp=0.6x rangeATR=1.5 O736.12 H737.24 L735 C737.07 ATR=16.15 SL=735.45/734.65 rawVol=9199 volSMA=15533 buf=0.808 prices=735/735.66
2025-10-24T10:55:00.000-04:00,[KLB] 10:55 ▼ BRK PM L + ORB L vol=1.8x pos=v64 vwap=below ema=bear rs=-0.4% adx=24 body=55% ramp=2.4x rangeATR=1.4 O735.34 H735.55 L733.3 C734.1 ATR=16.15 SL=735.72/736.52 rawVol=31803 volSMA=18150 buf=0.808 prices=735/735.66
2025-10-24T10:55:00.000-04:00,[KLB] 10:55 ▼ ~ ~ Yest H vol=1.8x pos=v64 vwap=below ema=bear rs=-0.4% adx=24 body=55% ramp=2.4x rangeATR=1.4 O735.34 H735.55 L733.3 C734.1 ATR=16.15 SL=735.72/736.52 rawVol=31803 volSMA=18150 buf=0.808 prices=742.41
2025-10-24T12:20:00.000-04:00,[KLB] 12:20 ▼ ◆ ◆¹⁸ PM L 1.5x v30 vol= pos= vwap=below ema=bear rs=-0.7% adx=28 body=46% ramp=0.9x rangeATR=0.4 O733.47 H733.9 L733.44 C733.68 ATR=16.15 SL=735.3/736.1 rawVol=8177 volSMA=10921 buf=0.808 prices=
2025-10-24T12:30:00.000-04:00,[KLB] CONF 12:30 ▼ BRK → ✗ (failed)
2025-10-24T12:35:00.000-04:00,[KLB] 12:35 ▲ ~~ ~~ PM L vol=1.7x pos=^84 vwap=above ema=bear rs=-0.4% adx=24 body=84% ramp=1.8x rangeATR=1.2 ⚠ O734.36 H735.72 L734.36 C735.51 ATR=16.15 SL=733.89/733.08 rawVol=17322 volSMA=10231 buf=0.808 prices=735
2025-10-24T12:45:00.000-04:00,[KLB] 12:45 ▲ ~~ ~~ PM L vol=1.4x pos=^92 vwap=above ema=bear rs=-0.3% adx=24 body=34% ramp=1.4x rangeATR=0.9 O735.49 H735.91 L734.92 C735.83 ATR=16.15 SL=734.21/733.41 rawVol=13989 volSMA=10221 buf=0.808 prices=735
2025-10-24T12:50:00.000-04:00,"[KLB] 12:50 ▲ ~~ ~~ ORB L
~ VWAP vol=1.5x pos=^99 vwap=above ema=bear rs=-0.2% adx=24 body=91% ramp=1x rangeATR=1.1 ⚠ O735.71 H736.82 L735.61 C736.81 ATR=16.15 SL=735.19/734.39 rawVol=14647 volSMA=9880 buf=0.808 prices=735.66"
2025-10-24T14:40:00.000-04:00,[KLB] 14:40 ▲ BRK ORB H vol=4.2x pos=^81 vwap=above ema=bull rs=+0.3% adx=38 body=80% ramp=2.4x rangeATR=2.7 ⚡ O738.99 H741.21 L738.98 C740.78 ATR=16.15 SL=739.16/738.35 rawVol=43060 volSMA=10148 buf=0.808 prices=739.26
2025-10-24T14:40:00.000-04:00,[KLB] 14:40 ▲ ◆ ◆¹ ORB H 2.3x ^44 vol= pos= vwap=above ema=bull rs=+0.3% adx=38 body=80% ramp=2.4x rangeATR=2.7 ⚡ O738.99 H741.21 L738.98 C740.78 ATR=16.15 SL=739.16/738.35 rawVol=43060 volSMA=10148 buf=0.808 prices=
2025-10-24T15:00:00.000-04:00,[KLB] CONF 15:00 ▲ BRK → ✗ (failed)
2025-10-27T09:45:00.000-04:00,[KLB] 9:45 ▲ 🔊 MC ramp=31.3x vol=5.1x pos=^74 vwap=above ema=bull adx=25 body=44% rangeATR=2.2 ⚡ O750.8 H752.7 L750 C752 ATR=15.72
2025-10-27T09:45:00.000-04:00,[KLB] 9:45 ▲ BRK PM H vol=5.1x pos=^74 vwap=above ema=bull rs=+0.3% adx=25 body=44% ramp=31.3x rangeATR=2.2 ⚡ 🔊 O750.8 H752.7 L750 C752 ATR=15.72 SL=750.43/749.64 rawVol=29053 volSMA=7432 buf=0.786 prices=751
2025-10-27T09:45:00.000-04:00,[KLB] 9:45 ▲ ◆ ◆¹ PM H 3.4x ^73 vol= pos= vwap=above ema=bull rs=+0.3% adx=25 body=44% ramp=31.3x rangeATR=2.2 ⚡ 🔊 O750.8 H752.7 L750 C752 ATR=15.72 SL=750.43/749.64 rawVol=29053 volSMA=7432 buf=0.786 prices=
2025-10-27T09:50:00.000-04:00,[KLB] 9:50 ▲ ~ ~ VWAP vol=3.3x pos=^73 vwap=above ema=bull rs=+0.5% adx=28 body=50% ramp=1.3x rangeATR=2.5 ⚡ O751.73 H754.41 L750.94 C753.47 ATR=15.72 SL=751.9/751.11 rawVol=25420 volSMA=8693 buf=0.786 prices=
2025-10-27T09:50:00.000-04:00,[KLB] CONF 9:50 ▲ QBS/MC → ✓ (auto-promote)
2025-10-27T09:55:00.000-04:00,[KLB] 5m CHECK 9:55 ▲ pnl=0.02 → BAIL
2025-10-27T11:05:00.000-04:00,[KLB] CONF 11:05 ▲ BRK → ✗ (failed)
2025-10-27T11:10:00.000-04:00,"[KLB] 11:10 ▼ ~~ ~~ PM H
~ VWAP vol=0.9x pos=v86 vwap=below ema=bull rs=+0.1% adx=35 body=84% ramp=0.9x rangeATR=1.6 ⚠ O752.42 H752.47 L750 C750.35 ATR=15.72 SL=751.92/752.71 rawVol=18947 volSMA=21249 buf=0.786 prices=751"
2025-10-27T11:40:00.000-04:00,[KLB] 11:40 ▼ ~~ ~~ PM H vol=1.1x pos=v87 vwap=below ema=bull rs=0% adx=26 body=86% ramp=0.8x rangeATR=1.3 ⚠ O752.22 H752.23 L750.23 C750.5 ATR=15.72 SL=752.07/752.86 rawVol=14842 volSMA=14030 buf=0.786 prices=751
2025-10-27T11:45:00.000-04:00,[KLB] 11:45 ▲ BRK PM H vol=1.6x pos=^100 vwap=above ema=bull rs=+0.2% adx=25 body=100% ramp=0.8x rangeATR=1.3 ⚠ O750.45 H752.39 L750.45 C752.39 ATR=15.72 SL=750.82/750.03 rawVol=21294 volSMA=13588 buf=0.786 prices=751
2025-10-27T11:50:00.000-04:00,[KLB] 11:50 ▲ ◆ ◆² PM H 0.8x ^46 vol= pos= vwap=above ema=bull rs=+0.2% adx=24 body=3% ramp=1.1x rangeATR=0.4 O752.19 H752.38 L751.72 C752.21 ATR=15.72 SL=750.64/749.85 rawVol=8161 volSMA=13470 buf=0.786 prices=
2025-10-27T12:30:00.000-04:00,[KLB] CONF 12:30 ▲ BRK → ✗ (failed)
2025-10-28T09:30:00.000-04:00,[KLB] 9:30 ▲ 🔇 QBS ramp=0.5x vol=1.4x pos=^61 vwap=below ema=bear adx=21 body=49% rangeATR=1.8 O752.68 H754 L752.5 C753.42 ATR=15.84
2025-10-28T09:35:00.000-04:00,[KLB] 9:35 ▲ 🔊 MC ramp=16x vol=14.3x pos=^59 vwap=above ema=bear adx=22 body=55% rangeATR=3.4 ⚡ O752.63 H755.87 L752.49 C754.48 ATR=15.84
2025-10-28T09:40:00.000-04:00,[KLB] CONF 9:40 ▲ QBS/MC → ✓ (auto-promote)
2025-10-28T09:45:00.000-04:00,[KLB] 9:45 ▲ BRK Yest H + ORB H vol=6x pos=^86 vwap=above ema=bull rs=+0.9% adx=25 body=83% ramp=38.2x rangeATR=2.7 ⚡ ⚠ 🔊 O755.19 H758.39 L755.06 C757.94 ATR=15.84 SL=756.36/755.56 rawVol=49429 volSMA=8296 buf=0.792 prices=755.75/755.87
2025-10-28T09:45:00.000-04:00,[KLB] 9:45 ▲ ~ ~ VWAP vol=6x pos=^86 vwap=above ema=bull rs=+0.9% adx=25 body=83% ramp=38.2x rangeATR=2.7 ⚡ ⚠ 🔊 O755.19 H758.39 L755.06 C757.94 ATR=15.84 SL=756.36/755.56 rawVol=49429 volSMA=8296 buf=0.792 prices=
2025-10-28T09:45:00.000-04:00,[KLB] 5m CHECK 9:45 ▲ pnl=0.16 → HOLD
2025-10-28T09:45:00.000-04:00,"[KLB] 9:45 ▲ ◆ ◆¹ Yest H 2.8x ^41
◆¹ ORB H 2.8x ^41 vol= pos= vwap=above ema=bull rs=+0.9% adx=25 body=83% ramp=38.2x rangeATR=2.7 ⚡ ⚠ 🔊 O755.19 H758.39 L755.06 C757.94 ATR=15.84 SL=756.36/755.56 rawVol=49429 volSMA=8296 buf=0.792 prices="
2025-10-28T10:00:00.000-04:00,[KLB] CONF 10:00 ▲ BRK → ✗ (failed)
2025-10-28T10:05:00.000-04:00,[KLB] 10:05 ▼ ~~ ~~ ORB H vol=1.8x pos=v100 vwap=below ema=bull rs=+0.3% adx=30 body=92% ramp=0.6x rangeATR=2.1 ⚡ ⚠ O756.75 H757 L753.79 C753.79 ATR=15.84 SL=755.37/756.17 rawVol=23190 volSMA=12611 buf=0.792 prices=755.87
2025-10-28T10:10:00.000-04:00,"[KLB] 10:10 ▼ ~~ ~~ PM H
~ VWAP vol=2x pos=v76 vwap=below ema=bull rs=+0.2% adx=28 body=50% ramp=0.8x rangeATR=1.5 O753.91 H754.51 L752.2 C752.75 ATR=15.84 SL=754.33/755.13 rawVol=28172 volSMA=14005 buf=0.792 prices=754"
2025-10-28T10:20:00.000-04:00,[KLB] 10:20 ▼ ~~ ~~ Yest H vol=1.7x pos=v100 vwap=below ema=bull rs=-0.2% adx=25 body=91% ramp=1.3x rangeATR=1.6 ⚠ O751.85 H752.08 L749.41 C749.41 ATR=15.84 SL=750.99/751.78 rawVol=27306 volSMA=16676 buf=0.792 prices=755.75
2025-10-28T10:25:00.000-04:00,[KLB] 10:25 ▼ BRK PM L vol=1.6x pos=v100 vwap=below ema=bear rs=-0.3% adx=25 body=55% ramp=1x rangeATR=0.7 O749.48 H749.97 L748.88 C748.88 ATR=15.84 SL=750.46/751.26 rawVol=16733 volSMA=17487 buf=0.792 prices=749.9
2025-10-28T10:30:00.000-04:00,[KLB] 10:30 ▼ BRK Yest L vol=1.6x pos=v92 vwap=below ema=bear rs=-0.6% adx=26 body=88% ramp=0.9x rangeATR=1.1 ⚠ O748.9 H748.98 L747.09 C747.24 ATR=15.84 SL=748.82/749.62 rawVol=30902 volSMA=19018 buf=0.792 prices=748.01
2025-10-28T10:30:00.000-04:00,[KLB] CONF 10:30 ▼ BRK → ✓ (auto-promote)
2025-10-28T10:30:00.000-04:00,[KLB] 10:30 ▼ ◆ ◆¹ Yest L 1.1x v82 vol= pos= vwap=below ema=bear rs=-0.6% adx=26 body=88% ramp=0.9x rangeATR=1.1 ⚠ O748.9 H748.98 L747.09 C747.24 ATR=15.84 SL=748.82/749.62 rawVol=30902 volSMA=19018 buf=0.792 prices=
2025-10-28T10:35:00.000-04:00,[KLB] 5m CHECK 10:35 ▼ pnl=0.02 → BAIL
2025-10-28T10:50:00.000-04:00,[KLB] CONF 10:50 ▼ BRK → ✗ (failed)
2025-10-28T11:20:00.000-04:00,[KLB] 11:20 ▲ ~~ ~~ ORB L vol=0.6x pos=^75 vwap=above ema=bear rs=+0.3% adx=23 body=42% ramp=0.9x rangeATR=1.3 O753.03 H754.47 L752.31 C753.93 ATR=15.84 SL=752.35/751.55 rawVol=13405 volSMA=22943 buf=0.792 prices=752.49
2025-10-29T09:35:00.000-04:00,[KLB] 9:35 ▼ 🔊 MC ramp=51.7x vol=16.5x pos=v87 vwap=below ema=bear adx=21 body=30% rangeATR=6.7 ⚡ O754.52 H759.07 L751.03 C752.08 ATR=15.63
2025-10-29T09:35:00.000-04:00,[KLB] 9:35 ▼ ~ ~ PM H + ~ Yest H vol=16.5x pos=v87 vwap=below ema=bear rs=-0.4% adx=21 body=30% ramp=51.7x rangeATR=6.7 ⚡ 🔊 O754.52 H759.07 L751.03 C752.08 ATR=15.63 SL=753.64/754.42 rawVol=88768 volSMA=5385 buf=0.781 prices=757.08/758.4
2025-10-29T09:40:00.000-04:00,[KLB] CONF 9:40 ▼ QBS/MC → ✓★ (auto-promote)
2025-10-29T09:45:00.000-04:00,[KLB] 9:45 ▼ ~ ~ VWAP vol=6.3x pos=v76 vwap=below ema=bear rs=-1% adx=21 body=56% ramp=60.1x rangeATR=2.4 ⚡ 🔊 O750.21 H751 L747 C747.95 ATR=15.63 SL=749.51/750.29 rawVol=81760 volSMA=13075 buf=0.781 prices=
2025-10-29T09:45:00.000-04:00,[KLB] 5m CHECK 9:45 ▼ pnl=0.16 → HOLD
2025-10-30T09:30:00.000-04:00,[KLB] 9:30 ▼ ~ ~ VWAP vol=1.8x pos=v80 vwap=below ema=bear rs=-0.5% adx=49 body=78% ramp=1.2x rangeATR=3.9 ⚡ O679.11 H679.45 L666.6 C669.13 ATR=15.7 SL=670.7/671.48 rawVol=68315 volSMA=37942 buf=0.785 prices=
2025-10-30T09:35:00.000-04:00,[KLB] 9:35 ▼ 🔊 MC ramp=6.8x vol=9.5x pos=v49 vwap=below ema=bear adx=51 body=45% rangeATR=4.4 ⚡ O668.75 H669.55 L650.17 C660 ATR=15.7
2025-10-30T09:35:00.000-04:00,[KLB] 9:35 ▼ BRK PM L vol=9.5x pos=v49 vwap=below ema=bear rs=-1.3% adx=51 body=45% ramp=6.8x rangeATR=4.4 ⚡ 🔊 O668.75 H669.55 L650.17 C660 ATR=15.7 SL=661.57/662.35 rawVol=675215 volSMA=70843 buf=0.785 prices=666.6
2025-10-30T09:40:00.000-04:00,[KLB] CONF 9:40 ▼ QBS/MC → ✗ (failed)
2025-10-30T09:40:00.000-04:00,[KLB] 9:40 ▼ ◆ ◆² PM L 4.5x v74 vol= pos= vwap=below ema=bear rs=-1% adx=52 body=4% ramp=11.1x rangeATR=1.6 🔊 O659.91 H664.2 L656.82 C660.17 ATR=15.7 SL=661.74/662.52 rawVol=413733 volSMA=90536 buf=0.785 prices=
2025-10-30T09:45:00.000-04:00,[KLB] CONF 9:45 ▼ BRK → ✗ (failed)
2025-10-30T09:50:00.000-04:00,[KLB] 9:50 ▲ ~~ ~~ PM L vol=2.6x pos=^95 vwap=above ema=bear rs=+0% adx=53 body=94% ramp=1.5x rangeATR=1.9 ⚠ O659.73 H670 L659.68 C669.47 ATR=15.7 SL=667.9/667.12 rawVol=315169 volSMA=122915 buf=0.785 prices=666.6
2025-10-30T10:00:00.000-04:00,[KLB] 10:00 ▼ ~ ~ ORB H vol=1.5x pos=v97 vwap=below ema=bear rs=-0.6% adx=51 body=67% ramp=0.5x rangeATR=1 O669.74 H671.42 L665.7 C665.9 ATR=15.7 SL=667.47/668.25 rawVol=207998 volSMA=141086 buf=0.785 prices=669.55
2025-10-30T10:05:00.000-04:00,[KLB] 10:05 ▼ BRK PM L vol=1.8x pos=v94 vwap=below ema=bear rs=-1% adx=50 body=42% ramp=0.6x rangeATR=1.2 O665.88 H669.43 L662.6 C663 ATR=15.7 SL=664.57/665.35 rawVol=273440 volSMA=153767 buf=0.785 prices=666.6
2025-10-30T10:05:00.000-04:00,[KLB] 10:05 ▼ ~ ~ ORB H vol=1.8x pos=v94 vwap=below ema=bear rs=-1% adx=50 body=42% ramp=0.6x rangeATR=1.2 O665.88 H669.43 L662.6 C663 ATR=15.7 SL=664.57/665.35 rawVol=273440 volSMA=153767 buf=0.785 prices=669.55
2025-10-30T10:05:00.000-04:00,[KLB] 10:05 ▼ ◆ ◆¹ PM L 1.2x v29 vol= pos= vwap=below ema=bear rs=-1% adx=50 body=42% ramp=0.6x rangeATR=1.2 O665.88 H669.43 L662.6 C663 ATR=15.7 SL=664.57/665.35 rawVol=273440 volSMA=153767 buf=0.785 prices=
2025-10-30T11:55:00.000-04:00,[KLB] CONF 11:55 ▼ BRK → ✗ (failed)
2025-10-30T12:00:00.000-04:00,"[KLB] 12:00 ▲ ~~ ~~ PM L
~ VWAP vol=0.7x pos=^91 vwap=above ema=bear rs=-0.1% adx=27 body=66% ramp=1.1x rangeATR=0.9 O665.75 H668.35 L664.9 C668.04 ATR=15.7 SL=666.47/665.69 rawVol=87018 volSMA=124485 buf=0.785 prices=666.6"
2025-10-30T14:30:00.000-04:00,[KLB] 14:30 ▲ ~~ ~~ PM L vol=0.8x pos=^96 vwap=above ema=bear rs=+0.1% adx=23 body=70% ramp=0.8x rangeATR=1.1 O666.84 H669.05 L666.05 C668.93 ATR=15.7 SL=667.36/666.58 rawVol=48379 volSMA=57505 buf=0.785 prices=666.6
2025-10-30T14:45:00.000-04:00,[KLB] 14:45 ▼ BRK PM L vol=1.5x pos=v87 vwap=below ema=bear rs=-0.4% adx=25 body=35% ramp=1.2x rangeATR=1.5 O666.46 H668.71 L664.38 C664.95 ATR=15.7 SL=666.52/667.3 rawVol=86701 volSMA=56893 buf=0.785 prices=666.6
2025-10-30T14:45:00.000-04:00,[KLB] 14:45 ▼ ◆ ◆¹ PM L 1.1x v11 vol= pos= vwap=below ema=bear rs=-0.4% adx=25 body=35% ramp=1.2x rangeATR=1.5 O666.46 H668.71 L664.38 C664.95 ATR=15.7 SL=666.52/667.3 rawVol=86701 volSMA=56893 buf=0.785 prices=
2025-10-30T15:10:00.000-04:00,[KLB] CONF 15:10 ▼ BRK → ✗ (failed)
2025-10-30T15:15:00.000-04:00,[KLB] 15:15 ▲ ~~ ~~ PM L vol=1.3x pos=^97 vwap=above ema=bear rs=+0.3% adx=30 body=86% ramp=1.3x rangeATR=1.1 ⚠ O666.44 H668.98 L666.12 C668.89 ATR=15.7 SL=667.32/666.54 rawVol=83940 volSMA=62403 buf=0.785 prices=666.6
2025-10-30T15:55:00.000-04:00,[KLB] 15:55 ▲ ~~ ~~ PM L vol=2.2x pos=^90 vwap=above ema=bear rs=+0.8% adx=26 body=85% ramp=1.4x rangeATR=1.8 ⚠ O666.98 H671.55 L666.73 C671.08 ATR=15.7 SL=669.51/668.73 rawVol=180795 volSMA=82460 buf=0.785 prices=666.6
2025-10-31T09:35:00.000-04:00,[KLB] 9:35 ▼ 🔊 MC ramp=27.1x vol=13.3x pos=v86 vwap=below ema=bear adx=38 body=83% rangeATR=6.8 ⚡ O674.51 H674.89 L660.5 C662.57 ATR=21.83
2025-10-31T09:35:00.000-04:00,[KLB] 9:35 ▼ BRK PM L vol=13.3x pos=v86 vwap=below ema=bear rs=-1.6% adx=38 body=83% ramp=27.1x rangeATR=6.8 ⚡ ⚠ 🔊 O674.51 H674.89 L660.5 C662.57 ATR=21.83 SL=664.75/665.84 rawVol=317049 volSMA=23817 buf=1.091 prices=669.11
2025-10-31T09:35:00.000-04:00,"[KLB] 9:35 ▼ ~ ~ Yest H
~ VWAP vol=13.3x pos=v86 vwap=below ema=bear rs=-1.6% adx=38 body=83% ramp=27.1x rangeATR=6.8 ⚡ ⚠ 🔊 O674.51 H674.89 L660.5 C662.57 ATR=21.83 SL=664.75/665.84 rawVol=317049 volSMA=23817 buf=1.091 prices=680.96"
2025-10-31T09:40:00.000-04:00,[KLB] CONF 9:40 ▼ QBS/MC → ✓★ (auto-promote)
2025-10-31T09:45:00.000-04:00,[KLB] 5m CHECK 9:45 ▼ pnl=0.06 → HOLD
2025-10-31T09:50:00.000-04:00,[KLB] 9:50 ▼ BRK ORB L vol=3.8x pos=v84 vwap=below ema=bear rs=-2.2% adx=40 body=43% ramp=1.4x rangeATR=2.3 ⚡ O660.57 H663 L657.15 C658.06 ATR=21.83 SL=660.24/661.33 rawVol=180676 volSMA=48179 buf=1.091 prices=660.5
2025-10-31T09:50:00.000-04:00,[KLB] CONF 9:50 ▼ BRK → ✓★ (auto-promote)
2025-10-31T09:55:00.000-04:00,[KLB] 5m CHECK 9:55 ▼ pnl=0.07 → HOLD
2025-10-31T09:55:00.000-04:00,[KLB] CONF 9:55 ▼ BRK → ✗ (failed)
2025-10-31T14:30:00.000-04:00,[KLB] 14:30 ▼ BRK Yest L vol=3.9x pos=v68 vwap=below ema=bear rs=-3.5% adx=26 body=66% ramp=2.4x rangeATR=1.8 O650.13 H650.19 L647.1 C648.09 ATR=21.83 SL=650.27/651.36 rawVol=238284 volSMA=60513 buf=1.091 prices=650.17
2025-10-31T15:00:00.000-04:00,[KLB] 15:00 ▼ ◆ ◆⁷ Yest L 1.2x v31 vol= pos= vwap=below ema=bear rs=-3.5% adx=35 body=49% ramp=0.8x rangeATR=1.9 O647 H649.05 L645.57 C648.69 ATR=21.83 SL=650.87/651.96 rawVol=80556 volSMA=65190 buf=1.091 prices=
2025-10-31T15:20:00.000-04:00,[KLB] CONF 15:20 ▼ BRK → ✗ (failed)
2025-11-03T09:35:00.000-05:00,[KLB] 9:35 ▼ 🔊 MC ramp=19x vol=12.2x pos=v68 vwap=below ema=bull adx=23 body=39% rangeATR=4.8 ⚡ O656.05 H657.69 L652 C653.84 ATR=22.36
2025-11-03T09:40:00.000-05:00,[KLB] CONF 9:40 ▼ QBS/MC → ✓ (auto-promote)
2025-11-03T09:45:00.000-05:00,[KLB] 5m CHECK 9:45 ▼ pnl=0 → BAIL
2025-11-03T09:50:00.000-05:00,[KLB] 9:50 ▲ ~ ~ PM L + ~ ORB L vol=2.9x pos=^93 vwap=above ema=bear rs=+0.2% adx=25 body=50% ramp=1.5x rangeATR=1.9 O653.52 H655.21 L652.26 C655 ATR=22.36 SL=652.76/651.65 rawVol=69789 volSMA=24214 buf=1.118 prices=652/652
2025-11-03T10:10:00.000-05:00,[KLB] 10:10 ▲ BRK ORB H vol=2.5x pos=^57 vwap=above ema=bull rs=+0.7% adx=22 body=51% ramp=1x rangeATR=1.8 O656.02 H659.3 L655.83 C657.81 ATR=22.36 SL=655.57/654.45 rawVol=93936 volSMA=37764 buf=1.118 prices=657.69
2025-11-03T10:10:00.000-05:00,[KLB] 10:10 ▲ ~ ~ VWAP vol=2.5x pos=^57 vwap=above ema=bull rs=+0.7% adx=22 body=51% ramp=1x rangeATR=1.8 O656.02 H659.3 L655.83 C657.81 ATR=22.36 SL=655.57/654.45 rawVol=93936 volSMA=37764 buf=1.118 prices=
2025-11-03T10:15:00.000-05:00,[KLB] CONF 10:15 ▲ BRK → ✗ (failed)
2025-11-03T10:20:00.000-05:00,[KLB] 10:20 ▼ ~~ ~~ ORB H vol=1.1x pos=v70 vwap=below ema=bull rs=+0.4% adx=20 body=65% ramp=0.9x rangeATR=1.6 O656.96 H657.14 L653.85 C654.83 ATR=22.36 SL=657.06/658.18 rawVol=45524 volSMA=41740 buf=1.118 prices=657.69
2025-11-03T10:25:00.000-05:00,[KLB] 10:25 ▼ ~ ~ VWAP vol=1.4x pos=v81 vwap=below ema=bear rs=+0% adx=21 body=80% ramp=0.7x rangeATR=1.5 O654.74 H654.78 L651.51 C652.13 ATR=22.36 SL=654.37/655.48 rawVol=64998 volSMA=44837 buf=1.118 prices=
2025-11-03T10:30:00.000-05:00,[KLB] 10:30 ▼ BRK PM L + ORB L vol=2.5x pos=v75 vwap=below ema=bear rs=-0.4% adx=23 body=70% ramp=1.1x rangeATR=2.2 ⚡ O652.12 H652.36 L647.2 C648.5 ATR=22.36 SL=650.74/651.85 rawVol=127299 volSMA=50901 buf=1.118 prices=652/652
2025-11-03T10:40:00.000-05:00,"[KLB] 10:40 ▼ ◆ ◆³ PM L 0.8x v43
◆³ ORB L 0.8x v43 vol= pos= vwap=below ema=bear rs=-0.5% adx=26 body=51% ramp=1.6x rangeATR=1.1 O647.49 H650.04 L647.28 C648.9 ATR=22.36 SL=651.14/652.25 rawVol=55030 volSMA=56181 buf=1.118 prices="
2025-11-03T13:15:00.000-05:00,[KLB] 13:15 ▼ BRK Yest L + Week L vol=3.6x pos=v82 vwap=below ema=bear rs=-1.5% adx=23 body=82% ramp=1.9x rangeATR=1.4 ⚠ O646.41 H646.41 L644.32 C644.7 ATR=22.36 SL=646.94/648.05 rawVol=102230 volSMA=28654 buf=1.118 prices=645.57/645.57
2025-11-03T13:15:00.000-05:00,[KLB] CONF 13:15 ▼ BRK → ✓ (auto-promote)
2025-11-03T13:15:00.000-05:00,"[KLB] 13:15 ▼ ◆ ◆¹ Yest L 1.4x v6
◆¹ Week L 1.4x v6 vol= pos= vwap=below ema=bear rs=-1.5% adx=23 body=82% ramp=1.9x rangeATR=1.4 ⚠ O646.41 H646.41 L644.32 C644.7 ATR=22.36 SL=646.94/648.05 rawVol=102230 volSMA=28654 buf=1.118 prices="
2025-11-03T13:20:00.000-05:00,[KLB] 5m CHECK 13:20 ▼ pnl=-0.06 → BAIL
2025-11-04T09:30:00.000-05:00,[KLB] 9:30 ▼ ~ ~ VWAP vol=2x pos=v78 vwap=below ema=bear rs=-1.1% adx=28 body=62% ramp=1.3x rangeATR=3.4 ⚡ O630.31 H630.88 L627.22 C628.04 ATR=22.42 SL=630.28/631.4 rawVol=5547 volSMA=2837 buf=1.121 prices=
2025-11-04T09:35:00.000-05:00,[KLB] 9:35 ▲ 🔊 MC ramp=19.1x vol=15.1x pos=^92 vwap=above ema=bear adx=27 body=74% rangeATR=5.9 ⚡ O628.04 H636.46 L626.3 C635.6 ATR=22.42
2025-11-04T09:35:00.000-05:00,[KLB] 9:35 ▲ ~ ~ VWAP vol=15.1x pos=^92 vwap=above ema=bear rs=+1.4% adx=27 body=74% ramp=19.1x rangeATR=5.9 ⚡ 🔊 O628.04 H636.46 L626.3 C635.6 ATR=22.42 SL=633.36/632.24 rawVol=173188 volSMA=11467 buf=1.121 prices=
2025-11-04T09:40:00.000-05:00,[KLB] 9:40 ▼ 🔊 MC ramp=27.3x vol=5.3x pos=v96 vwap=above ema=bear adx=26 body=94% rangeATR=1.9 O635.7 H635.74 L632.11 C632.27 ATR=22.42
2025-11-04T09:45:00.000-05:00,[KLB] CONF 9:45 ▼ QBS/MC → ✗ (failed)
2025-11-04T09:55:00.000-05:00,[KLB] 9:55 ▲ BRK PM H + ORB H vol=3x pos=^88 vwap=above ema=bull rs=+1.3% adx=24 body=71% ramp=0.8x rangeATR=2.3 ⚡ O634.16 H638.8 L633.25 C638.11 ATR=22.42 SL=635.87/634.75 rawVol=76535 volSMA=25570 buf=1.121 prices=636.48/636.46
2025-11-04T09:55:00.000-05:00,[KLB] 9:55 ▲ ~ ~ Yest L vol=3x pos=^88 vwap=above ema=bull rs=+1.3% adx=24 body=71% ramp=0.8x rangeATR=2.3 ⚡ O634.16 H638.8 L633.25 C638.11 ATR=22.42 SL=635.87/634.75 rawVol=76535 volSMA=25570 buf=1.121 prices=636.18
2025-11-04T10:00:00.000-05:00,"[KLB] 10:00 ▲ ◆ ◆² PM H 1.7x ^91
◆² ORB H 1.7x ^91 vol= pos= vwap=above ema=bull rs=+1.3% adx=25 body=14% ramp=0.7x rangeATR=1.5 O638.11 H641.7 L637.94 C638.65 ATR=22.42 SL=636.41/635.29 rawVol=76001 volSMA=29273 buf=1.121 prices="
2025-11-04T10:05:00.000-05:00,[KLB] 10:05 ▲ ~ ~ Yest L vol=2.4x pos=^91 vwap=above ema=bull rs=+1.6% adx=26 body=44% ramp=0.9x rangeATR=1.7 O638.78 H641.1 L636.69 C640.7 ATR=22.42 SL=638.46/637.34 rawVol=50935 volSMA=31719 buf=1.121 prices=636.18
2025-11-04T10:20:00.000-05:00,[KLB] CONF 10:20 ▲ BRK → ✗ (failed)
2025-11-05T09:40:00.000-05:00,[KLB] 9:40 ▼ 🔊 MC ramp=19.5x vol=8.2x pos=v100 vwap=below ema=bull adx=27 body=48% rangeATR=1.6 O630.83 H632.11 L629.64 C629.64 ATR=21.94
2025-11-05T09:40:00.000-05:00,[KLB] 9:40 ▼ ~ ~ ORB H vol=8.2x pos=v100 vwap=below ema=bull rs=-0.4% adx=27 body=48% ramp=19.5x rangeATR=1.6 🔊 O630.83 H632.11 L629.64 C629.64 ATR=21.94 SL=631.83/632.93 rawVol=82101 volSMA=11284 buf=1.097 prices=632.56
2025-11-05T09:45:00.000-05:00,[KLB] CONF 9:45 ▼ QBS/MC → ✓★ (auto-promote)
2025-11-05T09:50:00.000-05:00,[KLB] 5m CHECK 9:50 ▼ pnl=-0.11 → BAIL
2025-11-05T10:10:00.000-05:00,[KLB] 10:10 ▲ ~ ~ VWAP vol=0.9x pos=^98 vwap=above ema=bull rs=-0.3% adx=22 body=33% ramp=0.9x rangeATR=0.9 O632.6 H633.2 L631.47 C633.17 ATR=21.94 SL=630.98/629.88 rawVol=25152 volSMA=29562 buf=1.097 prices=
2025-11-06T09:35:00.000-05:00,[KLB] 9:35 ▼ 🔊 MC ramp=28.7x vol=15.6x pos=v69 vwap=below ema=bear adx=28 body=67% rangeATR=4.8 ⚡ O635.85 H635.99 L628.75 C630.98 ATR=21.49
2025-11-06T09:35:00.000-05:00,[KLB] 9:35 ▼ BRK PM L vol=15.6x pos=v69 vwap=below ema=bear rs=-0.9% adx=28 body=67% ramp=28.7x rangeATR=4.8 ⚡ 🔊 O635.85 H635.99 L628.75 C630.98 ATR=21.49 SL=633.13/634.2 rawVol=115794 volSMA=7430 buf=1.075 prices=635.58
2025-11-06T09:35:00.000-05:00,"[KLB] 9:35 ▼ ~ ~ Yest H
~ VWAP vol=15.6x pos=v69 vwap=below ema=bear rs=-0.9% adx=28 body=67% ramp=28.7x rangeATR=4.8 ⚡ 🔊 O635.85 H635.99 L628.75 C630.98 ATR=21.49 SL=633.13/634.2 rawVol=115794 volSMA=7430 buf=1.075 prices=642.23"
2025-11-06T09:40:00.000-05:00,[KLB] CONF 9:40 ▼ QBS/MC → ✓ (auto-promote)
2025-11-06T09:45:00.000-05:00,[KLB] 9:45 ▼ BRK Yest L + ORB L vol=6.9x pos=v74 vwap=below ema=bear rs=-1.6% adx=36 body=72% ramp=45.5x rangeATR=1.9 🔊 O628 H628.04 L624.48 C625.42 ATR=21.49 SL=627.57/628.64 rawVol=112600 volSMA=16330 buf=1.075 prices=626.54/628.75
2025-11-06T09:45:00.000-05:00,[KLB] CONF 9:45 ▼ BRK → ✓ (auto-promote)
2025-11-06T09:45:00.000-05:00,[KLB] 9:45 ▼ ◆ ◆¹ ORB L 3.9x v15 vol= pos= vwap=below ema=bear rs=-1.6% adx=36 body=72% ramp=45.5x rangeATR=1.9 🔊 O628 H628.04 L624.48 C625.42 ATR=21.49 SL=627.57/628.64 rawVol=112600 volSMA=16330 buf=1.075 prices=
2025-11-06T09:50:00.000-05:00,[KLB] 5m CHECK 9:50 ▼ pnl=-0.11 → BAIL
2025-11-06T09:50:00.000-05:00,[KLB] CONF 9:50 ▼ BRK → ✗ (failed)
2025-11-06T10:05:00.000-05:00,[KLB] 10:05 ▼ BRK Yest L vol=2.2x pos=v97 vwap=below ema=bear rs=-1.4% adx=47 body=96% ramp=0.6x rangeATR=1.8 ⚠ O627.04 H627.1 L623.1 C623.2 ATR=21.49 SL=625.35/626.42 rawVol=57641 volSMA=26212 buf=1.075 prices=626.54
2025-11-06T10:15:00.000-05:00,[KLB] 10:15 ▼ ◆ ◆³ Yest L 0.8x v8 vol= pos= vwap=below ema=bear rs=-1.5% adx=52 body=29% ramp=1.2x rangeATR=1 O622.6 H624.67 L622.41 C623.26 ATR=21.49 SL=625.41/626.48 rawVol=51757 volSMA=31864 buf=1.075 prices=
2025-11-07T09:35:00.000-05:00,[KLB] 9:35 ▼ 🔊 MC ramp=15.3x vol=14.6x pos=v72 vwap=above ema=bear adx=21 body=58% rangeATR=3.9 ⚡ O616.5 H617.4 L611.32 C613 ATR=21.24
2025-11-07T09:40:00.000-05:00,[KLB] 9:40 ▼ BRK PM L + ORB L vol=8.8x pos=v94 vwap=below ema=bear rs=-0.9% adx=21 body=71% ramp=30.7x rangeATR=3.5 ⚡ 🔊 O612.87 H614.41 L607.5 C607.94 ATR=21.24 SL=610.06/611.13 rawVol=97562 volSMA=12206 buf=1.062 prices=611.61/611.32
2025-11-07T09:40:00.000-05:00,[KLB] 9:40 ▼ ~ ~ VWAP vol=8.8x pos=v94 vwap=below ema=bear rs=-0.9% adx=21 body=71% ramp=30.7x rangeATR=3.5 ⚡ 🔊 O612.87 H614.41 L607.5 C607.94 ATR=21.24 SL=610.06/611.13 rawVol=97562 volSMA=12206 buf=1.062 prices=
2025-11-07T09:40:00.000-05:00,[KLB] CONF 9:40 ▼ QBS/MC → ✓ (auto-promote)
2025-11-07T09:45:00.000-05:00,[KLB] 5m CHECK 9:45 ▼ pnl=-0.02 → BAIL
2025-11-07T09:50:00.000-05:00,[KLB] 9:50 ▼ ◆ ◆³ ORB L 2.2x v36 vol= pos= vwap=below ema=bear rs=-1% adx=22 body=25% ramp=2.2x rangeATR=1.4 O608.4 H610.13 L607.25 C607.68 ATR=21.24 SL=609.8/610.87 rawVol=67632 volSMA=19753 buf=1.062 prices=
2025-11-07T13:20:00.000-05:00,"[KLB] 13:20 ▼ ◆ ◆⁴⁵ PM L 0.8x v12
◆³ ORB L 2.2x v36 vol= pos= vwap=above ema=bear rs=-0.5% adx=18 body=87% ramp=1x rangeATR=1.3 ⚠ O608.93 H610.73 L608.85 C610.57 ATR=21.24 SL=612.69/613.76 rawVol=46177 volSMA=35503 buf=1.062 prices="
2025-11-07T13:25:00.000-05:00,[KLB] CONF 13:25 ▼ BRK → ✗ (failed)
2025-11-07T13:30:00.000-05:00,[KLB] 13:30 ▲ ~~ ~~ PM L + ~~ ORB L vol=1x pos=^84 vwap=above ema=bull rs=-0.2% adx=21 body=84% ramp=1.2x rangeATR=1.5 ⚠ O611.04 H613.16 L611.04 C612.83 ATR=21.24 SL=610.71/609.64 rawVol=37129 volSMA=35647 buf=1.062 prices=611.61/611.32
2025-11-07T13:40:00.000-05:00,[KLB] 13:40 ▲ ~~ ~~ PM L + ~~ ORB L vol=0.9x pos=^96 vwap=above ema=bull rs=-0.1% adx=26 body=72% ramp=0.9x rangeATR=1.8 O612.44 H614.47 L611.8 C614.36 ATR=21.24 SL=612.24/611.17 rawVol=33111 volSMA=35384 buf=1.062 prices=611.61/611.32
2025-11-07T13:55:00.000-05:00,[KLB] 13:55 ▲ ~~ ~~ PM L + ~~ ORB L vol=0.7x pos=^99 vwap=above ema=bull rs=-0.2% adx=29 body=45% ramp=0.9x rangeATR=0.8 O611.92 H612.5 L611.23 C612.49 ATR=21.24 SL=610.37/609.3 rawVol=25363 volSMA=35693 buf=1.062 prices=611.61/611.32
2025-11-07T15:00:00.000-05:00,[KLB] 15:00 ▲ ~ ~ Yest L vol=1.2x pos=^97 vwap=above ema=bull rs=+0.2% adx=41 body=80% ramp=0.9x rangeATR=1 ⚠ O618.23 H619.56 L617.96 C619.51 ATR=21.24 SL=617.39/616.32 rawVol=31008 volSMA=25871 buf=1.062 prices=618
2025-11-07T15:10:00.000-05:00,[KLB] 15:10 ▲ ~ ~ Yest L vol=1.7x pos=^100 vwap=above ema=bull rs=+0.3% adx=44 body=47% ramp=1.3x rangeATR=1.2 O619.05 H619.99 L618 C619.99 ATR=21.24 SL=617.87/616.8 rawVol=44560 volSMA=26148 buf=1.062 prices=618
2025-11-07T15:45:00.000-05:00,[KLB] 15:45 ▲ ~ ~ Yest L vol=1x pos=^98 vwap=above ema=bull rs=+0.2% adx=39 body=41% ramp=0.8x rangeATR=1 O618.94 H619.66 L617.98 C619.63 ATR=21.24 SL=617.5/616.44 rawVol=25802 volSMA=25479 buf=1.062 prices=618
2025-11-07T15:55:00.000-05:00,[KLB] 15:55 ▲ BRK ORB H vol=2.4x pos=^80 vwap=above ema=bull rs=+0.3% adx=38 body=78% ramp=2.2x rangeATR=1.7 O618.04 H620.88 L617.97 C620.3 ATR=21.24 SL=618.18/617.11 rawVol=68275 volSMA=27895 buf=1.062 prices=617.4
2025-11-07T15:55:00.000-05:00,[KLB] 15:55 ▲ ~ ~ Yest L vol=2.4x pos=^80 vwap=above ema=bull rs=+0.3% adx=38 body=78% ramp=2.2x rangeATR=1.7 O618.04 H620.88 L617.97 C620.3 ATR=21.24 SL=618.18/617.11 rawVol=68275 volSMA=27895 buf=1.062 prices=618
2025-11-10T09:35:00.000-05:00,[KLB] 9:35 ▼ 🔊 MC ramp=17.4x vol=14.7x pos=v98 vwap=below ema=bear adx=22 body=90% rangeATR=4.4 ⚡ O630.9 H631.4 L625.4 C625.5 ATR=21.22
2025-11-10T09:35:00.000-05:00,[KLB] 9:35 ▼ BRK PM L vol=14.7x pos=v98 vwap=below ema=bear rs=-1% adx=22 body=90% ramp=17.4x rangeATR=4.4 ⚡ ⚠ 🔊 O630.9 H631.4 L625.4 C625.5 ATR=21.22 SL=627.62/628.68 rawVol=101913 volSMA=6948 buf=1.061 prices=628.16
2025-11-10T09:35:00.000-05:00,[KLB] 9:35 ▼ ~ ~ VWAP vol=14.7x pos=v98 vwap=below ema=bear rs=-1% adx=22 body=90% ramp=17.4x rangeATR=4.4 ⚡ ⚠ 🔊 O630.9 H631.4 L625.4 C625.5 ATR=21.22 SL=627.62/628.68 rawVol=101913 volSMA=6948 buf=1.061 prices=
2025-11-10T09:35:00.000-05:00,[KLB] 9:35 ▼ ◆ ◆¹ PM L 11.6x v8 vol= pos= vwap=below ema=bear rs=-1% adx=22 body=90% ramp=17.4x rangeATR=4.4 ⚡ ⚠ 🔊 O630.9 H631.4 L625.4 C625.5 ATR=21.22 SL=627.62/628.68 rawVol=101913 volSMA=6948 buf=1.061 prices=
2025-11-10T09:40:00.000-05:00,[KLB] 9:40 ▲ 🔊 MC ramp=31.5x vol=7.4x pos=^92 vwap=below ema=bear adx=23 body=50% rangeATR=3.3 ⚡ O625.54 H628.71 L623.23 C628.29 ATR=21.22
2025-11-10T09:40:00.000-05:00,[KLB] CONF 9:40 ▼ BRK → ✗ (failed)
2025-11-10T09:45:00.000-05:00,[KLB] 9:45 ▲ ~~ ~~ PM L vol=6x pos=^80 vwap=above ema=bear rs=-0.4% adx=23 body=43% ramp=26.7x rangeATR=1.7 🔊 O628.39 H630.31 L627.24 C629.7 ATR=21.22 SL=627.58/626.52 rawVol=56537 volSMA=13454 buf=1.061 prices=628.16
2025-11-10T09:45:00.000-05:00,[KLB] CONF 9:45 ▲ QBS/MC → ✓★ (auto-promote)
2025-11-10T09:50:00.000-05:00,[KLB] 9:50 ▼ ~ ~ ORB H vol=2.8x pos=v78 vwap=below ema=bear rs=-0.5% adx=23 body=31% ramp=1.7x rangeATR=1.5 O629.91 H631.25 L628.42 C629.04 ATR=21.22 SL=631.16/632.22 rawVol=43541 volSMA=15474 buf=1.061 prices=631.4
2025-11-10T09:50:00.000-05:00,[KLB] 5m CHECK 9:50 ▲ pnl=-0.03 → BAIL
2025-11-10T09:55:00.000-05:00,[KLB] 9:55 ▲ ~~ ~~ PM L vol=2x pos=^81 vwap=above ema=bear rs=-0.2% adx=22 body=60% ramp=0.7x rangeATR=1.5 O629 H631.2 L628.42 C630.68 ATR=21.22 SL=628.56/627.5 rawVol=33874 volSMA=17078 buf=1.061 prices=628.16
2025-11-10T10:05:00.000-05:00,[KLB] 10:05 ▲ ~ ~ VWAP vol=2x pos=^96 vwap=above ema=bear rs=+0.1% adx=20 body=90% ramp=0.6x rangeATR=1.4 ⚠ O630.77 H633.3 L630.63 C633.18 ATR=21.22 SL=631.06/630 rawVol=36475 volSMA=20861 buf=1.061 prices=
2025-11-11T09:35:00.000-05:00,[KLB] 9:35 ▼ 🔊 MC ramp=20.3x vol=11.6x pos=v75 vwap=above ema=bear adx=23 body=34% rangeATR=3 ⚡ O628 H629.5 L625.84 C626.75 ATR=20.91
2025-11-11T09:40:00.000-05:00,[KLB] CONF 9:40 ▼ QBS/MC → ✓ (auto-promote)
2025-11-11T09:45:00.000-05:00,[KLB] 5m CHECK 9:45 ▼ pnl=-0.03 → BAIL
2025-11-11T09:50:00.000-05:00,[KLB] 9:50 ▼ BRK ORB L vol=3.8x pos=v57 vwap=below ema=bear rs=-0.5% adx=20 body=57% ramp=2.8x rangeATR=1.7 O625.84 H625.85 L623.49 C624.5 ATR=20.91 SL=626.59/627.64 rawVol=31437 volSMA=8274 buf=1.046 prices=625.84
2025-11-11T09:50:00.000-05:00,[KLB] 9:50 ▼ ◆ ◆¹ ORB L 2.8x v64 vol= pos= vwap=below ema=bear rs=-0.5% adx=20 body=57% ramp=2.8x rangeATR=1.7 O625.84 H625.85 L623.49 C624.5 ATR=20.91 SL=626.59/627.64 rawVol=31437 volSMA=8274 buf=1.046 prices=
2025-11-11T10:35:00.000-05:00,[KLB] 10:35 ▼ BRK PM L vol=2.8x pos=v79 vwap=below ema=bear rs=-1.1% adx=21 body=79% ramp=1.6x rangeATR=1.7 O622.29 H622.29 L619.62 C620.19 ATR=20.91 SL=622.28/623.33 rawVol=53959 volSMA=19245 buf=1.046 prices=620.82
2025-11-11T10:35:00.000-05:00,[KLB] 10:35 ▼ ~ ~ VWAP vol=2.8x pos=v79 vwap=below ema=bear rs=-1.1% adx=21 body=79% ramp=1.6x rangeATR=1.7 O622.29 H622.29 L619.62 C620.19 ATR=20.91 SL=622.28/623.33 rawVol=53959 volSMA=19245 buf=1.046 prices=
2025-11-11T10:35:00.000-05:00,[KLB] CONF 10:35 ▼ BRK → ✓ (auto-promote)
2025-11-11T10:35:00.000-05:00,[KLB] 10:35 ▼ ◆ ◆¹ PM L 1.4x v7 vol= pos= vwap=below ema=bear rs=-1.1% adx=21 body=79% ramp=1.6x rangeATR=1.7 O622.29 H622.29 L619.62 C620.19 ATR=20.91 SL=622.28/623.33 rawVol=53959 volSMA=19245 buf=1.046 prices=
2025-11-11T10:40:00.000-05:00,[KLB] 5m CHECK 10:40 ▼ pnl=-0.05 → BAIL
2025-11-11T10:40:00.000-05:00,[KLB] CONF 10:40 ▼ BRK → ✗ (failed)
2025-11-11T15:30:00.000-05:00,"[KLB] 15:30 ▲ ~~ ~~ ORB L
~ VWAP vol=1.5x pos=^83 vwap=above ema=bull rs=-0.7% adx=20 body=48% ramp=1.2x rangeATR=0.7 O626.36 H626.7 L626.18 C626.61 ATR=20.91 SL=624.52/623.47 rawVol=11128 volSMA=11063 buf=1.046 prices=625.84"
2025-11-11T15:35:00.000-05:00,[KLB] 15:35 ▲ ~~ ~~ ORB L vol=1.2x pos=^77 vwap=above ema=bull rs=-0.6% adx=21 body=36% ramp=1.3x rangeATR=1.2 O626.58 H627.12 L626.21 C626.91 ATR=20.91 SL=624.82/623.77 rawVol=13696 volSMA=11197 buf=1.046 prices=625.84
2025-11-12T09:35:00.000-05:00,[KLB] 9:35 ▼ 🔊 MC ramp=39.1x vol=15.8x pos=v94 vwap=below ema=bull adx=23 body=76% rangeATR=3.7 ⚡ O628.13 H628.68 L625.55 C625.75 ATR=20.3
2025-11-12T09:35:00.000-05:00,[KLB] 9:35 ▼ ~ ~ Yest H vol=15.8x pos=v94 vwap=below ema=bull rs=-0.3% adx=23 body=76% ramp=39.1x rangeATR=3.7 ⚡ 🔊 O628.13 H628.68 L625.55 C625.75 ATR=20.3 SL=627.78/628.8 rawVol=62026 volSMA=3927 buf=1.015 prices=629.56
2025-11-12T09:40:00.000-05:00,[KLB] 9:40 ▼ BRK ORB L vol=9.5x pos=v92 vwap=below ema=bear rs=-0.8% adx=26 body=78% ramp=73.9x rangeATR=3.2 ⚡ 🔊 O625.72 H626.19 L622.87 C623.13 ATR=20.3 SL=625.16/626.18 rawVol=52531 volSMA=6517 buf=1.015 prices=625.55
2025-11-12T09:40:00.000-05:00,[KLB] 9:40 ▼ ~ ~ VWAP vol=9.5x pos=v92 vwap=below ema=bear rs=-0.8% adx=26 body=78% ramp=73.9x rangeATR=3.2 ⚡ 🔊 O625.72 H626.19 L622.87 C623.13 ATR=20.3 SL=625.16/626.18 rawVol=52531 volSMA=6517 buf=1.015 prices=
2025-11-12T09:40:00.000-05:00,[KLB] CONF 9:40 ▼ QBS/MC → ✓★ (auto-promote)
2025-11-12T09:45:00.000-05:00,[KLB] 5m CHECK 9:45 ▼ pnl=0.05 → HOLD
2025-11-13T09:30:00.000-05:00,[KLB] 9:30 ▲ ~ ~ PM L + ~ Yest L vol=4.3x pos=^87 vwap=above ema=bear rs=-0.4% adx=30 body=82% ramp=2.2x rangeATR=4.5 ⚡ ⚠ O609 H613.63 L608.78 C613 ATR=20.37 SL=610.96/609.94 rawVol=11479 volSMA=2698 buf=1.018 prices=608.58/607.77
2025-11-13T09:40:00.000-05:00,[KLB] 9:40 ▼ 🔊 MC ramp=30.5x vol=9.4x pos=v70 vwap=below ema=bear adx=31 body=39% rangeATR=3.4 ⚡ O613.95 H615.66 L610.17 C611.79 ATR=20.37
2025-11-13T09:40:00.000-05:00,[KLB] 9:40 ▼ ~ ~ ORB H vol=9.4x pos=v70 vwap=below ema=bear rs=+0% adx=31 body=39% ramp=30.5x rangeATR=3.4 ⚡ 🔊 O613.95 H615.66 L610.17 C611.79 ATR=20.37 SL=613.83/614.85 rawVol=122300 volSMA=13062 buf=1.018 prices=613.96
2025-11-13T09:45:00.000-05:00,[KLB] CONF 9:45 ▼ QBS/MC → ✓ (auto-promote)
2025-11-13T09:50:00.000-05:00,[KLB] 5m CHECK 9:50 ▼ pnl=-0.03 → BAIL
2025-11-13T10:00:00.000-05:00,[KLB] 10:00 ▲ BRK ORB H vol=2.5x pos=^44 vwap=above ema=bull rs=+0.4% adx=34 body=32% ramp=0.5x rangeATR=1.4 O613.2 H615.56 L612.88 C614.07 ATR=20.37 SL=612.03/611.01 rawVol=55379 volSMA=24834 buf=1.018 prices=613.96
2025-11-13T10:05:00.000-05:00,[KLB] 10:05 ▼ ~ ~ ORB H vol=1x pos=v91 vwap=below ema=bull rs=+0.3% adx=34 body=55% ramp=0.6x rangeATR=1.4 O614.03 H615 L612.32 C612.56 ATR=20.37 SL=614.6/615.62 rawVol=26680 volSMA=25695 buf=1.018 prices=613.96
2025-11-13T10:05:00.000-05:00,[KLB] 10:05 ▲ ◆ ◆² ORB H 1.8x ^95 vol= pos= vwap=below ema=bull rs=+0.3% adx=34 body=55% ramp=0.6x rangeATR=1.4 O614.03 H615 L612.32 C612.56 ATR=20.37 SL=610.52/609.5 rawVol=26680 volSMA=25695 buf=1.018 prices=
2025-11-13T10:10:00.000-05:00,[KLB] 10:10 ▲ BRK ORB H vol=1.6x pos=^95 vwap=above ema=bull rs=+0.7% adx=35 body=91% ramp=0.7x rangeATR=2.3 ⚡ ⚠ O612.66 H617.3 L612.45 C617.05 ATR=20.37 SL=615.01/613.99 rawVol=45683 volSMA=27922 buf=1.018 prices=613.96
2025-11-13T10:10:00.000-05:00,[KLB] 10:10 ▲ ~ ~ VWAP vol=1.6x pos=^95 vwap=above ema=bull rs=+0.7% adx=35 body=91% ramp=0.7x rangeATR=2.3 ⚡ ⚠ O612.66 H617.3 L612.45 C617.05 ATR=20.37 SL=615.01/613.99 rawVol=45683 volSMA=27922 buf=1.018 prices=
2025-11-13T10:10:00.000-05:00,[KLB] CONF 10:10 ▲ BRK → ✓ (auto-promote)
2025-11-13T10:15:00.000-05:00,[KLB] 5m CHECK 10:15 ▲ pnl=-0.04 → BAIL
2025-11-13T10:20:00.000-05:00,[KLB] 10:20 ▲ ◆ ◆³ ORB H 0.7x ^78 vol= pos= vwap=above ema=bull rs=+0.4% adx=37 body=44% ramp=0.7x rangeATR=1.1 O616.31 H617.36 L615.04 C615.3 ATR=20.37 SL=613.26/612.24 rawVol=27400 volSMA=30720 buf=1.018 prices=
2025-11-13T10:30:00.000-05:00,[KLB] CONF 10:30 ▲ BRK → ✗ (failed)
2025-11-13T10:35:00.000-05:00,[KLB] 10:35 ▼ ~~ ~~ ORB H vol=0.7x pos=v98 vwap=below ema=bull rs=+0.3% adx=36 body=89% ramp=0.6x rangeATR=1.1 ⚠ O614.54 H614.75 L612.56 C612.6 ATR=20.37 SL=614.64/615.66 rawVol=23790 volSMA=33166 buf=1.018 prices=613.96
2025-11-13T10:45:00.000-05:00,[KLB] 10:45 ▼ ~~ ~~ ORB H vol=0.7x pos=v70 vwap=below ema=bull rs=+0.5% adx=34 body=68% ramp=1.1x rangeATR=1.1 O614.64 H614.68 L612.4 C613.08 ATR=20.37 SL=615.12/616.14 rawVol=23894 volSMA=35217 buf=1.018 prices=613.96
2025-11-13T10:55:00.000-05:00,[KLB] 10:55 ▼ ~ ~ VWAP vol=1.5x pos=v80 vwap=below ema=bull rs=+0.2% adx=30 body=80% ramp=2x rangeATR=1.3 ⚠ O611.94 H611.94 L609.21 C609.75 ATR=20.37 SL=611.79/612.81 rawVol=59972 volSMA=39338 buf=1.018 prices=
2025-11-14T09:30:00.000-05:00,"[KLB] 9:30 ▲ ~ ~ Week L
~ VWAP vol=0.3x pos=^88 vwap=above ema=bear rs=-1% adx=30 body=49% ramp=1.1x rangeATR=1 O601.28 H602.1 L600.75 C601.94 ATR=19.96 SL=599.94/598.95 rawVol=1255 volSMA=3750 buf=0.998 prices=601.2"
2025-11-14T09:35:00.000-05:00,[KLB] 9:35 ▼ 🔊 MC ramp=9.3x vol=12.7x pos=v88 vwap=below ema=bear adx=30 body=88% rangeATR=3.8 ⚡ O601.75 H601.8 L595.15 C595.93 ATR=19.96
2025-11-14T09:35:00.000-05:00,[KLB] 9:35 ▼ BRK Week L vol=12.7x pos=v88 vwap=below ema=bear rs=-0.7% adx=30 body=88% ramp=9.3x rangeATR=3.8 ⚡ ⚠ 🔊 O601.75 H601.8 L595.15 C595.93 ATR=19.96 SL=597.93/598.92 rawVol=124702 volSMA=9836 buf=0.998 prices=601.2
2025-11-14T09:35:00.000-05:00,[KLB] 9:35 ▼ ~ ~ VWAP vol=12.7x pos=v88 vwap=below ema=bear rs=-0.7% adx=30 body=88% ramp=9.3x rangeATR=3.8 ⚡ ⚠ 🔊 O601.75 H601.8 L595.15 C595.93 ATR=19.96 SL=597.93/598.92 rawVol=124702 volSMA=9836 buf=0.998 prices=
2025-11-14T09:35:00.000-05:00,[KLB] 9:35 ▼ ◆ ◆¹ Week L 7.1x v8 vol= pos= vwap=below ema=bear rs=-0.7% adx=30 body=88% ramp=9.3x rangeATR=3.8 ⚡ ⚠ 🔊 O601.75 H601.8 L595.15 C595.93 ATR=19.96 SL=597.93/598.92 rawVol=124702 volSMA=9836 buf=0.998 prices=
2025-11-14T09:40:00.000-05:00,[KLB] 9:40 ▲ 🔊 MC ramp=17.5x vol=5.3x pos=^92 vwap=above ema=bear adx=30 body=83% rangeATR=3 ⚡ O595.98 H601.61 L595.38 C601.12 ATR=19.96
2025-11-14T09:40:00.000-05:00,[KLB] 9:40 ▲ ~ ~ PM L + ~ ORB L vol=5.3x pos=^92 vwap=above ema=bear rs=-0.2% adx=30 body=83% ramp=17.5x rangeATR=3 ⚡ ⚠ 🔊 O595.98 H601.61 L595.38 C601.12 ATR=19.96 SL=599.12/598.13 rawVol=70269 volSMA=13156 buf=0.998 prices=596.03/595.15
2025-11-14T09:45:00.000-05:00,[KLB] CONF 9:45 ▲ QBS/MC → ✗ (failed)
2025-11-14T09:45:00.000-05:00,[KLB] CONF 9:45 ▼ BRK → ✗ (failed)
2025-11-14T09:50:00.000-05:00,[KLB] 9:50 ▲ ~~ ~~ Week L vol=3.6x pos=^69 vwap=above ema=bear rs=-0.4% adx=28 body=44% ramp=1.6x rangeATR=1.9 O600 H603.18 L598.91 C601.86 ATR=19.96 SL=599.86/598.87 rawVol=70309 volSMA=19473 buf=0.998 prices=601.2
2025-11-14T09:55:00.000-05:00,[KLB] 9:55 ▲ ~~ ~~ Week L vol=3.2x pos=^76 vwap=above ema=bear rs=-0.2% adx=26 body=34% ramp=0.9x rangeATR=1.7 O601.79 H604.13 L600.08 C603.15 ATR=19.96 SL=601.15/600.16 rawVol=48883 volSMA=21785 buf=0.998 prices=601.2
2025-11-14T10:40:00.000-05:00,[KLB] 10:40 ▲ ~ ~ Yest L vol=1.3x pos=^100 vwap=above ema=bull rs=+0.6% adx=25 body=64% ramp=0.9x rangeATR=1 O608.78 H610.38 L607.9 C610.37 ATR=19.96 SL=608.37/607.38 rawVol=49003 volSMA=38020 buf=0.998 prices=603
2025-11-14T10:50:00.000-05:00,[KLB] 10:50 ▲ ~ ~ Yest L vol=1.4x pos=^58 vwap=above ema=bull rs=+0.5% adx=28 body=45% ramp=1.5x rangeATR=1.2 O609.5 H612 L609.11 C610.8 ATR=19.96 SL=608.8/607.81 rawVol=56357 volSMA=41638 buf=0.998 prices=603
2025-11-14T11:20:00.000-05:00,[KLB] 11:20 ▲ ~ ~ Yest L vol=0.7x pos=^70 vwap=above ema=bull rs=+0.3% adx=28 body=67% ramp=0.7x rangeATR=0.7 O609.06 H610.66 L609 C610.17 ATR=19.96 SL=608.17/607.18 rawVol=26870 volSMA=39366 buf=0.998 prices=603
2025-11-14T12:05:00.000-05:00,[KLB] 12:05 ▲ ~ ~ Yest L vol=0.4x pos=^100 vwap=above ema=bull rs=-0.1% adx=24 body=58% ramp=0.9x rangeATR=0.8 O609.06 H610.01 L608.38 C610.01 ATR=19.96 SL=608.01/607.02 rawVol=11802 volSMA=29199 buf=0.998 prices=603
2025-11-14T12:10:00.000-05:00,[KLB] 12:10 ▲ ~ ~ Yest L vol=0.9x pos=^85 vwap=above ema=bull rs=+0.1% adx=23 body=57% ramp=0.9x rangeATR=0.7 O610.01 H610.98 L609.62 C610.78 ATR=19.96 SL=608.78/607.79 rawVol=26004 volSMA=28478 buf=0.998 prices=603
2025-11-17T09:30:00.000-05:00,[KLB] 9:30 ▲ ~ ~ VWAP vol=5.5x pos=^75 vwap=above ema=bear rs=-0.2% adx=30 body=74% ramp=4.6x rangeATR=4.1 ⚡ O605.38 H611 L605.28 C609.59 ATR=19.85 SL=607.6/606.61 rawVol=15027 volSMA=2721 buf=0.993 prices=
2025-11-17T09:35:00.000-05:00,[KLB] 9:35 ▼ 🔊 MC ramp=10x vol=9.6x pos=v91 vwap=below ema=bear adx=28 body=90% rangeATR=3.5 ⚡ O609.64 H609.7 L603.6 C604.15 ATR=19.85
2025-11-17T09:35:00.000-05:00,[KLB] 9:35 ▼ BRK PM L vol=9.6x pos=v91 vwap=below ema=bear rs=-1% adx=28 body=90% ramp=10x rangeATR=3.5 ⚡ ⚠ 🔊 O609.64 H609.7 L603.6 C604.15 ATR=19.85 SL=606.14/607.13 rawVol=50247 volSMA=5217 buf=0.993 prices=604.62
2025-11-17T09:35:00.000-05:00,"[KLB] 9:35 ▼ ~ ~ Yest H
~ VWAP vol=9.6x pos=v91 vwap=below ema=bear rs=-1% adx=28 body=90% ramp=10x rangeATR=3.5 ⚡ ⚠ 🔊 O609.64 H609.7 L603.6 C604.15 ATR=19.85 SL=606.14/607.13 rawVol=50247 volSMA=5217 buf=0.993 prices=613.68"
2025-11-17T09:40:00.000-05:00,[KLB] 9:40 ▲ 🔊 MC ramp=18.2x vol=5.3x pos=^76 vwap=below ema=bear adx=26 body=48% rangeATR=2.1 ⚡ O604.25 H607.15 L603.12 C606.2 ATR=19.85
2025-11-17T09:40:00.000-05:00,[KLB] CONF 9:40 ▼ BRK → ✗ (failed)
2025-11-17T09:45:00.000-05:00,[KLB] CONF 9:45 ▲ QBS/MC → ✓ (auto-promote)
2025-11-17T09:50:00.000-05:00,[KLB] 5m CHECK 9:50 ▲ pnl=0.12 → HOLD
2025-11-17T10:05:00.000-05:00,[KLB] 10:05 ▼ ~ ~ Yest H + ~ ORB H vol=3.3x pos=v70 vwap=below ema=bear rs=-0.5% adx=24 body=56% ramp=0.8x rangeATR=1.7 O609.89 H610.4 L606.77 C607.86 ATR=19.85 SL=609.85/610.84 rawVol=61729 volSMA=18981 buf=0.993 prices=613.68/609.7
2025-11-18T09:35:00.000-05:00,[KLB] 9:35 ▲ 🔊 MC ramp=10.4x vol=7.4x pos=^41 vwap=below ema=bear adx=26 body=37% rangeATR=3.7 ⚡ O591.22 H597.6 L590.95 C593.67 ATR=19.6
2025-11-18T09:40:00.000-05:00,[KLB] CONF 9:40 ▲ QBS/MC → ✗ (failed)
2025-11-18T09:45:00.000-05:00,[KLB] 9:45 ▼ ~ ~ VWAP vol=3.6x pos=v89 vwap=below ema=bear rs=-0.1% adx=25 body=64% ramp=3.4x rangeATR=1.9 O593 H594 L590.08 C590.5 ATR=19.6 SL=592.46/593.44 rawVol=57178 volSMA=16016 buf=0.98 prices=
2025-11-18T09:50:00.000-05:00,[KLB] 9:50 ▼ BRK ORB L vol=3.4x pos=v85 vwap=below ema=bear rs=-0.3% adx=25 body=45% ramp=1.4x rangeATR=1.6 O590.45 H591.79 L588.51 C588.99 ATR=19.6 SL=590.95/591.93 rawVol=65240 volSMA=19024 buf=0.98 prices=590.95
2025-11-18T09:55:00.000-05:00,[KLB] 9:55 ▼ BRK PM L vol=3x pos=v93 vwap=below ema=bear rs=-0.4% adx=26 body=64% ramp=1x rangeATR=1.3 O589.18 H590 L587.2 C587.39 ATR=19.6 SL=589.35/590.33 rawVol=60465 volSMA=21844 buf=0.98 prices=589.33
2025-11-18T09:55:00.000-05:00,[KLB] CONF 9:55 ▼ BRK → ✓ (auto-promote)
2025-11-18T10:00:00.000-05:00,[KLB] 5m CHECK 10:00 ▼ pnl=0.02 → BAIL
2025-11-18T10:55:00.000-05:00,[KLB] 10:55 ▼ ◆ ◆¹³ PM L 0.6x v90 vol= pos= vwap=below ema=bear rs=+0% adx=29 body=15% ramp=0.9x rangeATR=0.7 O588.29 H588.55 L586.88 C588.04 ATR=19.6 SL=590/590.98 rawVol=20281 volSMA=39186 buf=0.98 prices=
2025-11-18T11:10:00.000-05:00,[KLB] CONF 11:10 ▼ BRK → ✗ (failed)
2025-11-18T11:15:00.000-05:00,[KLB] 11:15 ▲ ~~ ~~ PM L vol=1.1x pos=^75 vwap=above ema=bear rs=+0.2% adx=26 body=53% ramp=1.6x rangeATR=1.1 O588.66 H590.65 L588.1 C590.01 ATR=19.6 SL=588.05/587.07 rawVol=42979 volSMA=38589 buf=0.98 prices=589.33
2025-11-18T11:20:00.000-05:00,[KLB] 11:20 ▲ ~~ ~~ PM L vol=1.2x pos=^79 vwap=above ema=bear rs=+0.3% adx=24 body=43% ramp=1.5x rangeATR=0.7 O590 H591.05 L589.41 C590.71 ATR=19.6 SL=588.75/587.77 rawVol=46669 volSMA=38103 buf=0.98 prices=589.33
2025-11-18T11:25:00.000-05:00,"[KLB] 11:25 ▲ ~~ ~~ ORB L
~ VWAP vol=1.3x pos=^71 vwap=above ema=bear rs=+0.4% adx=24 body=69% ramp=1.4x rangeATR=1 O590.66 H592.85 L590.61 C592.2 ATR=19.6 SL=590.24/589.26 rawVol=29995 volSMA=36744 buf=0.98 prices=590.95"
2025-11-18T12:45:00.000-05:00,[KLB] 12:45 ▲ ~ ~ Week L vol=4x pos=^100 vwap=above ema=bear rs=+1% adx=20 body=99% ramp=3x rangeATR=2.2 ⚡ ⚠ O592.65 H597.92 L592.61 C597.91 ATR=19.6 SL=595.95/594.97 rawVol=106840 volSMA=26873 buf=0.98 prices=595.2
2025-11-18T12:55:00.000-05:00,[KLB] 12:55 ▲ BRK ORB H vol=1.8x pos=^83 vwap=above ema=bull rs=+1% adx=23 body=52% ramp=3x rangeATR=1.7 O596.46 H599.44 L595.11 C598.7 ATR=19.6 SL=596.74/595.76 rawVol=51100 volSMA=28506 buf=0.98 prices=597.6
2025-11-18T12:55:00.000-05:00,[KLB] 12:55 ▲ ~ ~ Week L vol=1.8x pos=^83 vwap=above ema=bull rs=+1% adx=23 body=52% ramp=3x rangeATR=1.7 O596.46 H599.44 L595.11 C598.7 ATR=19.6 SL=596.74/595.76 rawVol=51100 volSMA=28506 buf=0.98 prices=595.2
2025-11-18T12:55:00.000-05:00,[KLB] 12:55 ▲ ◆ ◆¹ ORB H 1.4x ^29 vol= pos= vwap=above ema=bull rs=+1% adx=23 body=52% ramp=3x rangeATR=1.7 O596.46 H599.44 L595.11 C598.7 ATR=19.6 SL=596.74/595.76 rawVol=51100 volSMA=28506 buf=0.98 prices=
2025-11-18T13:20:00.000-05:00,[KLB] CONF 13:20 ▲ BRK → ✗ (failed)
2025-11-18T13:35:00.000-05:00,[KLB] 13:35 ▲ ~ ~ Week L vol=0.6x pos=^94 vwap=above ema=bull rs=+0.7% adx=26 body=93% ramp=1x rangeATR=1.3 ⚠ O594.8 H597.66 L594.79 C597.48 ATR=19.6 SL=595.52/594.54 rawVol=15259 volSMA=25470 buf=0.98 prices=595.2
2025-11-18T14:40:00.000-05:00,[KLB] 14:40 ▲ ~ ~ Yest L vol=1.9x pos=^95 vwap=above ema=bull rs=+1.5% adx=28 body=94% ramp=1.3x rangeATR=1.7 ⚠ O599.3 H602.9 L599.29 C602.71 ATR=19.6 SL=600.75/599.77 rawVol=35290 volSMA=18142 buf=0.98 prices=595.4
2025-11-18T14:50:00.000-05:00,[KLB] 14:50 ▲ ~ ~ Yest L vol=0.9x pos=^37 vwap=above ema=bull rs=+1.5% adx=30 body=32% ramp=2.3x rangeATR=0.9 O601.75 H603.6 L601.66 C602.37 ATR=19.6 SL=600.41/599.43 rawVol=16593 volSMA=18579 buf=0.98 prices=595.4
2025-11-19T09:35:00.000-05:00,[KLB] 9:35 ▼ 🔊 MC ramp=22.2x vol=15.3x pos=v85 vwap=below ema=bear adx=34 body=85% rangeATR=3.6 ⚡ O593.72 H593.72 L588.88 C589.6 ATR=19.62
2025-11-19T09:35:00.000-05:00,[KLB] 9:35 ▼ BRK PM L vol=15.3x pos=v85 vwap=below ema=bear rs=-0.8% adx=34 body=85% ramp=22.2x rangeATR=3.6 ⚡ ⚠ 🔊 O593.72 H593.72 L588.88 C589.6 ATR=19.62 SL=591.56/592.54 rawVol=81323 volSMA=5319 buf=0.981 prices=592.96
2025-11-19T09:35:00.000-05:00,[KLB] 9:35 ▼ ~ ~ VWAP vol=15.3x pos=v85 vwap=below ema=bear rs=-0.8% adx=34 body=85% ramp=22.2x rangeATR=3.6 ⚡ ⚠ 🔊 O593.72 H593.72 L588.88 C589.6 ATR=19.62 SL=591.56/592.54 rawVol=81323 volSMA=5319 buf=0.981 prices=
2025-11-19T09:40:00.000-05:00,[KLB] 9:40 ▼ BRK ORB L vol=9.5x pos=v82 vwap=below ema=bear rs=-1.1% adx=38 body=33% ramp=33.1x rangeATR=2.6 ⚡ 🔊 O589.49 H591.4 L587.48 C588.18 ATR=19.62 SL=590.14/591.12 rawVol=66315 volSMA=8597 buf=0.981 prices=588.88
2025-11-19T09:40:00.000-05:00,[KLB] CONF 9:40 ▼ BRK → ✓★ (auto-promote)
2025-11-19T09:40:00.000-05:00,[KLB] CONF 9:40 ▼ QBS/MC → ✓★ (auto-promote)
2025-11-19T09:45:00.000-05:00,[KLB] 9:45 ▲ 🔊 MC ramp=29.2x vol=4.9x pos=^83 vwap=below ema=bear adx=41 body=66% rangeATR=2.1 ⚡ O588.09 H590.88 L587.5 C590.32 ATR=19.62
2025-11-19T09:45:00.000-05:00,[KLB] 5m CHECK 9:45 ▼ pnl=-0.11 → BAIL
2025-11-19T09:45:00.000-05:00,[KLB] CONF 9:45 ▼ BRK → ✗ (failed)
2025-11-19T09:50:00.000-05:00,[KLB] CONF 9:50 ▲ QBS/MC → ✗ (failed)
2025-11-19T10:00:00.000-05:00,[KLB] 10:00 ▲ ~ ~ Yest L vol=2.5x pos=^83 vwap=above ema=bear rs=-1% adx=44 body=51% ramp=0.8x rangeATR=1.7 O590.53 H592.7 L589.49 C592.16 ATR=19.62 SL=590.2/589.22 rawVol=38508 volSMA=19139 buf=0.981 prices=583.78
2025-11-19T10:05:00.000-05:00,"[KLB] 10:05 ▲ ~~ ~~ PM L
~ VWAP vol=2x pos=^97 vwap=above ema=bear rs=-0.8% adx=44 body=77% ramp=0.7x rangeATR=1.1 O592.31 H594.04 L591.87 C593.98 ATR=19.62 SL=592.02/591.04 rawVol=42419 volSMA=21222 buf=0.981 prices=592.96"
2025-11-19T10:15:00.000-05:00,[KLB] 10:15 ▲ ~~ ~~ PM L vol=1.2x pos=^73 vwap=above ema=bear rs=-0.7% adx=41 body=54% ramp=0.6x rangeATR=1.6 O592.8 H595.33 L592.21 C594.5 ATR=19.62 SL=592.54/591.56 rawVol=27678 volSMA=23619 buf=0.981 prices=592.96
2025-11-19T12:35:00.000-05:00,[KLB] 12:35 ▼ BRK Yest L vol=2.1x pos=v75 vwap=below ema=bear rs=-1.9% adx=43 body=73% ramp=2.7x rangeATR=1.7 O584.12 H584.17 L581.5 C582.16 ATR=19.62 SL=584.12/585.1 rawVol=59289 volSMA=28088 buf=0.981 prices=583.78
2025-11-19T12:40:00.000-05:00,[KLB] 12:40 ▼ ◆ ◆² Yest L 1.3x v28 vol= pos= vwap=below ema=bear rs=-1.8% adx=44 body=36% ramp=2.1x rangeATR=0.8 O582.14 H582.45 L581.25 C581.71 ATR=19.62 SL=583.67/584.65 rawVol=50083 volSMA=29104 buf=0.981 prices=
2025-11-19T13:30:00.000-05:00,[KLB] CONF 13:30 ▼ BRK → ✗ (failed)
2025-11-20T09:30:00.000-05:00,[KLB] 9:30 ▲ ~ ~ VWAP vol=0.6x pos=^83 vwap=above ema=bull rs=+1.5% adx=27 body=83% ramp=0.8x rangeATR=2 ⚠ O601.69 H603.81 L601.69 C603.45 ATR=19.39 SL=601.51/600.54 rawVol=1608 volSMA=2508 buf=0.97 prices=
2025-11-20T09:35:00.000-05:00,[KLB] 9:35 ▼ 🔊 MC ramp=13.2x vol=14x pos=v58 vwap=below ema=bull adx=26 body=33% rangeATR=3.3 ⚡ O602.44 H603.49 L599.18 C601 ATR=19.39
2025-11-20T09:35:00.000-05:00,[KLB] 9:35 ▼ ~ ~ PM H vol=14x pos=v58 vwap=below ema=bull rs=-0.5% adx=26 body=33% ramp=13.2x rangeATR=3.3 ⚡ 🔊 O602.44 H603.49 L599.18 C601 ATR=19.39 SL=602.94/603.91 rawVol=115158 volSMA=8241 buf=0.97 prices=604
2025-11-20T09:40:00.000-05:00,[KLB] 9:40 ▲ 🔊 MC ramp=30.7x vol=7.8x pos=^97 vwap=above ema=bull adx=25 body=97% rangeATR=3 ⚡ O601.13 H605.8 L601.13 C605.65 ATR=19.39
2025-11-20T09:40:00.000-05:00,[KLB] 9:40 ▲ BRK PM H + ORB H vol=7.8x pos=^97 vwap=above ema=bull rs=+0.2% adx=25 body=97% ramp=30.7x rangeATR=3 ⚡ ⚠ 🔊 O601.13 H605.8 L601.13 C605.65 ATR=19.39 SL=603.71/602.74 rawVol=103250 volSMA=13275 buf=0.97 prices=604/603.49
2025-11-20T09:40:00.000-05:00,"[KLB] 9:40 ▲ ◆ ◆¹ PM H 4.9x ^66
◆¹ ORB H 4.9x ^66 vol= pos= vwap=above ema=bull rs=+0.2% adx=25 body=97% ramp=30.7x rangeATR=3 ⚡ ⚠ 🔊 O601.13 H605.8 L601.13 C605.65 ATR=19.39 SL=603.71/602.74 rawVol=103250 volSMA=13275 buf=0.97 prices="
2025-11-20T09:45:00.000-05:00,[KLB] CONF 9:45 ▲ QBS/MC → ✗ (failed)
2025-11-20T09:55:00.000-05:00,[KLB] CONF 9:55 ▲ BRK → ✗ (failed)
2025-11-20T10:00:00.000-05:00,[KLB] 10:00 ▼ ~~ ~~ PM H + ~~ ORB H vol=1.9x pos=v89 vwap=below ema=bull rs=-0.4% adx=23 body=74% ramp=0.6x rangeATR=2.1 ⚡ O605.62 H606.22 L602.14 C602.6 ATR=19.39 SL=604.54/605.51 rawVol=45482 volSMA=23961 buf=0.97 prices=604/603.49
2025-11-20T10:05:00.000-05:00,"[KLB] 10:05 ▼ ~~ ~~ ORB H
~ VWAP vol=2.3x pos=v96 vwap=below ema=bull rs=-0.9% adx=23 body=83% ramp=0.8x rangeATR=1.6 ⚠ O602.58 H603 L599.62 C599.76 ATR=19.39 SL=601.7/602.67 rawVol=62601 volSMA=27025 buf=0.97 prices=603.49"
2025-11-20T11:40:00.000-05:00,[KLB] 11:40 ▼ ~ ~ Yest H vol=0.9x pos=v58 vwap=below ema=bear rs=-0.8% adx=33 body=53% ramp=0.8x rangeATR=1.4 O593.7 H593.83 L591 C592.19 ATR=19.39 SL=594.13/595.1 rawVol=29689 volSMA=32573 buf=0.97 prices=595.33
2025-11-21T09:35:00.000-05:00,[KLB] 9:35 ▲ 🔊 MC ramp=24.9x vol=15.1x pos=^87 vwap=above ema=bull adx=23 body=69% rangeATR=3.9 ⚡ O588.5 H593.55 L587.41 C592.73 ATR=19.68
2025-11-21T09:35:00.000-05:00,[KLB] 9:35 ▲ BRK PM H vol=15.1x pos=^87 vwap=above ema=bull rs=+0.7% adx=23 body=69% ramp=24.9x rangeATR=3.9 ⚡ 🔊 O588.5 H593.55 L587.41 C592.73 ATR=19.68 SL=590.76/589.78 rawVol=71874 volSMA=4758 buf=0.984 prices=592.1
2025-11-21T09:35:00.000-05:00,"[KLB] 9:35 ▲ ~ ~ Yest L
~ VWAP vol=15.1x pos=^87 vwap=above ema=bull rs=+0.7% adx=23 body=69% ramp=24.9x rangeATR=3.9 ⚡ 🔊 O588.5 H593.55 L587.41 C592.73 ATR=19.68 SL=590.76/589.78 rawVol=71874 volSMA=4758 buf=0.984 prices=583.35"
2025-11-21T09:35:00.000-05:00,[KLB] 9:35 ▲ ◆ ◆¹ PM H 10.7x ^9 vol= pos= vwap=above ema=bull rs=+0.7% adx=23 body=69% ramp=24.9x rangeATR=3.9 ⚡ 🔊 O588.5 H593.55 L587.41 C592.73 ATR=19.68 SL=590.76/589.78 rawVol=71874 volSMA=4758 buf=0.984 prices=
2025-11-21T09:40:00.000-05:00,[KLB] CONF 9:40 ▲ QBS/MC → ✗ (failed)
2025-11-21T09:45:00.000-05:00,[KLB] 9:45 ▲ BRK ORB H vol=5x pos=^57 vwap=above ema=bull rs=+1.1% adx=26 body=55% ramp=39.3x rangeATR=1.9 🔊 O592.28 H595.72 L592.2 C594.21 ATR=19.68 SL=592.24/591.26 rawVol=47140 volSMA=9514 buf=0.984 prices=593.55
2025-11-21T09:45:00.000-05:00,[KLB] CONF 9:45 ▲ BRK → ✓★ (auto-promote)
2025-11-21T09:50:00.000-05:00,[KLB] 5m CHECK 9:50 ▲ pnl=-0.14 → BAIL
2025-11-21T09:50:00.000-05:00,[KLB] CONF 9:50 ▲ BRK → ✗ (failed)
2025-11-21T10:00:00.000-05:00,"[KLB] 10:00 ▼ ~~ ~~ PM H
~ VWAP vol=2x pos=v92 vwap=below ema=bull rs=+0.1% adx=25 body=92% ramp=0.6x rangeATR=1.7 ⚠ O592.14 H592.14 L588.43 C588.74 ATR=19.68 SL=590.71/591.69 rawVol=29793 volSMA=14668 buf=0.984 prices=592.1"
2025-11-21T14:10:00.000-05:00,[KLB] 14:10 ▲ ~ ~ Week L vol=2.6x pos=^82 vwap=above ema=bull rs=+0.2% adx=26 body=64% ramp=1.2x rangeATR=1.2 O595.82 H597.5 L595.45 C597.14 ATR=19.68 SL=595.17/594.19 rawVol=39811 volSMA=15395 buf=0.984 prices=595.2
2025-11-21T14:40:00.000-05:00,[KLB] 14:40 ▲ ~ ~ Week L vol=0.6x pos=^52 vwap=above ema=bull rs=0% adx=32 body=52% ramp=0.7x rangeATR=0.8 O595.7 H597 L595.7 C596.38 ATR=19.68 SL=594.41/593.43 rawVol=9010 volSMA=16235 buf=0.984 prices=595.2
2025-11-21T15:10:00.000-05:00,[KLB] 15:10 ▲ ~ ~ Week L vol=1.2x pos=^85 vwap=above ema=bull rs=+0.3% adx=24 body=58% ramp=1.4x rangeATR=0.7 O595.4 H596.2 L595.1 C596.04 ATR=19.68 SL=594.07/593.09 rawVol=20108 volSMA=16505 buf=0.984 prices=595.2
2025-11-25T09:35:00.000-05:00,[KLB] 9:35 ▼ 🔊 MC ramp=11.8x vol=12.2x pos=v40 vwap=above ema=bull adx=54 body=35% rangeATR=3.9 ⚡ O623.99 H624.29 L618.45 C621.93 ATR=19.65
2025-11-25T09:40:00.000-05:00,[KLB] 9:40 ▲ 🔊 MC ramp=24.9x vol=5.1x pos=^89 vwap=above ema=bull adx=50 body=54% rangeATR=2.1 ⚡ O621.81 H624.03 L620.6 C623.65 ATR=19.65
2025-11-25T09:40:00.000-05:00,[KLB] 9:40 ▲ ~ ~ VWAP vol=5.1x pos=^89 vwap=above ema=bull rs=-0.2% adx=50 body=54% ramp=24.9x rangeATR=2.1 ⚡ 🔊 O621.81 H624.03 L620.6 C623.65 ATR=19.65 SL=621.69/620.7 rawVol=78496 volSMA=15395 buf=0.982 prices=
2025-11-25T09:45:00.000-05:00,[KLB] CONF 9:45 ▲ QBS/MC → ✗ (failed)
2025-11-25T10:00:00.000-05:00,[KLB] 10:00 ▲ BRK PM H + ORB H vol=3.3x pos=^89 vwap=above ema=bull rs=+0.7% adx=40 body=89% ramp=0.9x rangeATR=2.6 ⚡ ⚠ O623.5 H629.2 L623.49 C628.59 ATR=19.65 SL=626.63/625.64 rawVol=96658 volSMA=29034 buf=0.982 prices=626.26/624.29
2025-11-25T10:05:00.000-05:00,"[KLB] 10:05 ▲ ◆ ◆² PM H 1x ^85
◆² ORB H 1x ^85 vol= pos= vwap=above ema=bull rs=+0.3% adx=40 body=95% ramp=0.8x rangeATR=2.2 ⚡ ⚠ O628.63 H628.63 L623.3 C623.58 ATR=19.65 SL=621.62/620.63 rawVol=43588 volSMA=31078 buf=0.982 prices="
2025-11-25T10:10:00.000-05:00,[KLB] CONF 10:10 ▲ BRK → ✗ (failed)
2025-11-26T09:35:00.000-05:00,[KLB] 9:35 ▼ 🔊 MC ramp=18.7x vol=13.2x pos=v82 vwap=above ema=bear adx=43 body=35% rangeATR=1.9 O637.16 H638.36 L635.81 C636.27 ATR=19.96
2025-11-26T09:40:00.000-05:00,[KLB] 9:40 ▼ BRK ORB L vol=9.3x pos=v61 vwap=below ema=bear rs=-0.6% adx=40 body=54% ramp=27.8x rangeATR=2.1 ⚡ 🔊 O636.31 H636.55 L633.49 C634.67 ATR=19.96 SL=636.67/637.66 rawVol=56311 volSMA=9198 buf=0.998 prices=635.81
2025-11-26T09:40:00.000-05:00,[KLB] 9:40 ▼ ~ ~ Yest H vol=9.3x pos=v61 vwap=below ema=bear rs=-0.6% adx=40 body=54% ramp=27.8x rangeATR=2.1 ⚡ 🔊 O636.31 H636.55 L633.49 C634.67 ATR=19.96 SL=636.67/637.66 rawVol=56311 volSMA=9198 buf=0.998 prices=637.05
2025-11-26T09:40:00.000-05:00,[KLB] CONF 9:40 ▼ QBS/MC → ✓★ (auto-promote)
2025-11-26T09:45:00.000-05:00,[KLB] 5m CHECK 9:45 ▼ pnl=0.05 → BAIL
2025-11-26T09:45:00.000-05:00,[KLB] 9:45 ▼ ◆ ◆² ORB L 6x v80 vol= pos= vwap=below ema=bear rs=-0.8% adx=37 body=60% ramp=14.8x rangeATR=1.1 🔊 O634.68 H634.81 L633.2 C633.71 ATR=19.96 SL=635.71/636.7 rawVol=38118 volSMA=11032 buf=0.998 prices=
2025-11-26T10:15:00.000-05:00,[KLB] CONF 10:15 ▼ BRK → ✗ (failed)
2025-11-26T10:20:00.000-05:00,[KLB] 10:20 ▲ ~~ ~~ ORB L vol=2.1x pos=^80 vwap=above ema=bear rs=-0.2% adx=26 body=80% ramp=0.8x rangeATR=1.1 ⚠ O635.27 H637 L635.27 C636.66 ATR=19.96 SL=634.66/633.67 rawVol=43604 volSMA=21074 buf=0.998 prices=635.81
2025-11-26T11:45:00.000-05:00,"[KLB] 11:45 ▲ ~~ ~~ ORB L
~ VWAP vol=1.2x pos=^85 vwap=above ema=bull rs=-0.5% adx=20 body=56% ramp=1.1x rangeATR=1.6 O636.83 H638.31 L636.21 C638 ATR=19.96 SL=636/635.01 rawVol=19011 volSMA=16205 buf=0.998 prices=635.81"
2025-11-26T13:45:00.000-05:00,[KLB] 13:45 ▼ ~ ~ VWAP vol=1.1x pos=v96 vwap=below ema=bear rs=-1% adx=23 body=83% ramp=1.5x rangeATR=1.1 ⚠ O634.56 H634.71 L633.58 C633.62 ATR=19.96 SL=635.62/636.61 rawVol=7523 volSMA=8680 buf=0.998 prices=
2025-11-28T09:35:00.000-05:00,[KLB] 9:35 ▲ 🔊 MC ramp=12x vol=13.9x pos=^62 vwap=below ema=bear adx=22 body=36% rangeATR=3.9 ⚡ O636.08 H637.65 L635.52 C636.84 ATR=19.01
2025-11-28T09:40:00.000-05:00,[KLB] CONF 9:40 ▲ QBS/MC → ✓ (auto-promote)
2025-11-28T09:45:00.000-05:00,[KLB] 9:45 ▲ BRK PM H + Yest H vol=12.6x pos=^77 vwap=above ema=bull rs=+0.6% adx=27 body=59% ramp=80.6x rangeATR=4.5 ⚡ 🔊 O637.8 H641.09 L637.09 C640.17 ATR=19.01 SL=638.27/637.32 rawVol=111539 volSMA=8887 buf=0.951 prices=638.81/638.36
2025-11-28T09:45:00.000-05:00,[KLB] 5m CHECK 9:45 ▲ pnl=0.12 → HOLD
2025-11-28T09:45:00.000-05:00,"[KLB] 9:45 ▲ ◆ ◆¹ PM H 4.4x ^91
◆¹ Yest H 4.4x ^91 vol= pos= vwap=above ema=bull rs=+0.6% adx=27 body=59% ramp=80.6x rangeATR=4.5 ⚡ 🔊 O637.8 H641.09 L637.09 C640.17 ATR=19.01 SL=638.27/637.32 rawVol=111539 volSMA=8887 buf=0.951 prices="
2025-11-28T09:50:00.000-05:00,[KLB] 9:50 ▲ ~ ~ VWAP vol=10.3x pos=^91 vwap=above ema=bull rs=+0.7% adx=30 body=32% ramp=5.7x rangeATR=3 ⚡ 🔊 O640.09 H641.41 L638.21 C641.11 ATR=19.01 SL=639.21/638.26 rawVol=38862 volSMA=10796 buf=0.951 prices=
2025-12-01T09:40:00.000-05:00,[KLB] 9:40 ▼ 🔊 MC ramp=22x vol=5.5x pos=v97 vwap=below ema=bear adx=31 body=70% rangeATR=1.7 O640.53 H641.08 L639.07 C639.13 ATR=18.69
2025-12-01T09:45:00.000-05:00,[KLB] CONF 9:45 ▼ QBS/MC → ✓★ (auto-promote)
2025-12-01T09:50:00.000-05:00,[KLB] 5m CHECK 9:50 ▼ pnl=-0.05 → BAIL
2025-12-01T10:00:00.000-05:00,[KLB] 10:00 ▲ BRK PM H + ORB H vol=2.6x pos=^89 vwap=above ema=bull rs=+0.4% adx=36 body=79% ramp=0.6x rangeATR=2 O642.2 H645.09 L641.89 C644.73 ATR=18.69 SL=642.86/641.93 rawVol=28015 volSMA=10611 buf=0.934 prices=643.75/644.04
2025-12-01T10:00:00.000-05:00,[KLB] 10:00 ▲ ~ ~ VWAP vol=2.6x pos=^89 vwap=above ema=bull rs=+0.4% adx=36 body=79% ramp=0.6x rangeATR=2 O642.2 H645.09 L641.89 C644.73 ATR=18.69 SL=642.86/641.93 rawVol=28015 volSMA=10611 buf=0.934 prices=
2025-12-01T10:00:00.000-05:00,[KLB] 10:00 ▲ ◆ ◆¹ ORB H 1.5x ^27 vol= pos= vwap=above ema=bull rs=+0.4% adx=36 body=79% ramp=0.6x rangeATR=2 O642.2 H645.09 L641.89 C644.73 ATR=18.69 SL=642.86/641.93 rawVol=28015 volSMA=10611 buf=0.934 prices=
2025-12-01T10:05:00.000-05:00,"[KLB] 10:05 ▲ ◆ ◆² PM H 1.4x ^61
◆¹ ORB H 1.5x ^27 vol= pos= vwap=above ema=bull rs=+0.5% adx=39 body=12% ramp=0.8x rangeATR=0.6 O644.81 H645.36 L644.46 C644.7 ATR=18.69 SL=642.83/641.9 rawVol=16210 volSMA=11366 buf=0.934 prices="
2025-12-01T10:20:00.000-05:00,[KLB] CONF 10:20 ▲ BRK → ✗ (failed)
2025-12-02T09:40:00.000-05:00,[KLB] 9:40 ▲ 🔊 MC ramp=15.4x vol=7.4x pos=^85 vwap=above ema=bear adx=22 body=67% rangeATR=3.3 ⚡ O640.73 H643.85 L640.06 C643.27 ATR=18.08
2025-12-02T09:40:00.000-05:00,[KLB] 9:40 ▲ ~ ~ PM L + ~ ORB L vol=7.4x pos=^85 vwap=above ema=bear rs=+0% adx=22 body=67% ramp=15.4x rangeATR=3.3 ⚡ 🔊 O640.73 H643.85 L640.06 C643.27 ATR=18.08 SL=641.46/640.56 rawVol=32439 volSMA=4410 buf=0.904 prices=642.21/640.51
2025-12-02T09:45:00.000-05:00,[KLB] 9:45 ▼ 🔊 MC ramp=21.5x vol=5.2x pos=v100 vwap=below ema=bear adx=24 body=91% rangeATR=2.5 ⚡ O643.21 H643.5 L640.2 C640.2 ATR=18.08
2025-12-02T09:45:00.000-05:00,[KLB] 9:45 ▼ BRK PM L vol=5.2x pos=v100 vwap=below ema=bear rs=-0.4% adx=24 body=91% ramp=21.5x rangeATR=2.5 ⚡ ⚠ 🔊 O643.21 H643.5 L640.2 C640.2 ATR=18.08 SL=642.01/642.91 rawVol=30873 volSMA=5929 buf=0.904 prices=642.21
2025-12-02T09:45:00.000-05:00,[KLB] 9:45 ▼ ~ ~ Yest H + ~ ORB H vol=5.2x pos=v100 vwap=below ema=bear rs=-0.4% adx=24 body=91% ramp=21.5x rangeATR=2.5 ⚡ ⚠ 🔊 O643.21 H643.5 L640.2 C640.2 ATR=18.08 SL=642.01/642.91 rawVol=30873 volSMA=5929 buf=0.904 prices=645.32/643.5
2025-12-02T09:50:00.000-05:00,[KLB] CONF 9:50 ▼ QBS/MC → ✗ (failed)
2025-12-02T09:55:00.000-05:00,[KLB] 9:55 ▼ ◆ ◆³ PM L 2.2x v11 vol= pos= vwap=below ema=bear rs=-0.1% adx=28 body=37% ramp=1.1x rangeATR=1.2 O640.49 H641.25 L639.56 C641.11 ATR=18.08 SL=642.92/643.82 rawVol=19133 volSMA=8478 buf=0.904 prices=
2025-12-02T10:00:00.000-05:00,[KLB] 10:00 ▲ ~ ~ ORB L vol=2x pos=^89 vwap=above ema=bear rs=-0.1% adx=29 body=75% ramp=0.7x rangeATR=1 O641.07 H642.28 L640.88 C642.12 ATR=18.08 SL=640.31/639.41 rawVol=18364 volSMA=9383 buf=0.904 prices=640.51
2025-12-02T10:00:00.000-05:00,[KLB] CONF 10:00 ▼ BRK → ✗ (failed)
2025-12-02T10:05:00.000-05:00,[KLB] 10:05 ▲ ~~ ~~ PM L vol=2.2x pos=^67 vwap=above ema=bear rs=0% adx=27 body=57% ramp=0.6x rangeATR=1.2 O642.18 H643.75 L642 C643.17 ATR=18.08 SL=641.36/640.46 rawVol=23038 volSMA=10530 buf=0.904 prices=642.21
2025-12-02T10:45:00.000-05:00,[KLB] 10:45 ▲ ~~ ~~ PM L vol=0.6x pos=^98 vwap=above ema=bear rs=+0% adx=24 body=97% ramp=0.9x rangeATR=1.5 ⚠ O641.1 H643.15 L641.07 C643.11 ATR=18.08 SL=641.3/640.4 rawVol=10096 volSMA=15696 buf=0.904 prices=642.21
2025-12-02T10:50:00.000-05:00,[KLB] 10:50 ▲ ~ ~ VWAP vol=1.2x pos=^93 vwap=above ema=bear rs=+0.1% adx=22 body=76% ramp=1.1x rangeATR=1.1 O643.13 H644.35 L642.87 C644.25 ATR=18.08 SL=642.44/641.54 rawVol=20737 volSMA=16722 buf=0.904 prices=
2025-12-02T11:25:00.000-05:00,[KLB] 11:25 ▼ BRK PM L + ORB L vol=1.6x pos=v95 vwap=below ema=bear rs=-0.2% adx=21 body=79% ramp=1.3x rangeATR=1.5 O641.38 H641.75 L639.45 C639.57 ATR=18.08 SL=641.38/642.28 rawVol=28420 volSMA=17739 buf=0.904 prices=642.21/640.51
2025-12-02T11:25:00.000-05:00,"[KLB] 11:25 ▼ ~ ~ Yest H
~ VWAP vol=1.6x pos=v95 vwap=below ema=bear rs=-0.2% adx=21 body=79% ramp=1.3x rangeATR=1.5 O641.38 H641.75 L639.45 C639.57 ATR=18.08 SL=641.38/642.28 rawVol=28420 volSMA=17739 buf=0.904 prices=645.32"
2025-12-02T11:25:00.000-05:00,[KLB] 11:25 ▼ ◆ ◆¹ ORB L 0.9x v57 vol= pos= vwap=below ema=bear rs=-0.2% adx=21 body=79% ramp=1.3x rangeATR=1.5 O641.38 H641.75 L639.45 C639.57 ATR=18.08 SL=641.38/642.28 rawVol=28420 volSMA=17739 buf=0.904 prices=
2025-12-02T11:35:00.000-05:00,[KLB] CONF 11:35 ▼ BRK → ✗ (failed)
2025-12-02T12:05:00.000-05:00,[KLB] 12:05 ▲ ~~ ~~ PM L vol=0.8x pos=^92 vwap=above ema=bear rs=+0.3% adx=20 body=91% ramp=1.2x rangeATR=1.3 ⚠ O642 H643.77 L641.98 C643.63 ATR=18.08 SL=641.82/640.92 rawVol=12449 volSMA=14893 buf=0.904 prices=642.21
2025-12-03T09:30:00.000-05:00,[KLB] 9:30 ▲ 🔇 QBS ramp=0.2x vol=1x pos=^57 vwap=above ema=bear adx=40 body=57% rangeATR=1.8 O643.43 H645.5 L643.43 C644.61 ATR=17.49
2025-12-03T09:35:00.000-05:00,[KLB] CONF 9:35 ▲ QBS/MC → ✗ (failed)
2025-12-03T09:45:00.000-05:00,[KLB] 9:45 ▲ 🔊 MC ramp=24.5x vol=4x pos=^97 vwap=above ema=bear adx=38 body=97% rangeATR=2 O643.24 H646.07 L643.24 C645.98 ATR=17.49
2025-12-03T09:50:00.000-05:00,[KLB] CONF 9:50 ▲ QBS/MC → ✓ (auto-promote)
2025-12-03T09:55:00.000-05:00,[KLB] 5m CHECK 9:55 ▲ pnl=0.02 → BAIL
2025-12-03T10:05:00.000-05:00,[KLB] 10:05 ▲ ~ ~ VWAP vol=2.5x pos=^48 vwap=above ema=bear rs=+0.3% adx=30 body=35% ramp=1x rangeATR=1.2 O647.25 H648.82 L647 C647.88 ATR=17.49 SL=646.13/645.26 rawVol=27657 volSMA=10974 buf=0.874 prices=
2025-12-03T10:10:00.000-05:00,[KLB] 10:10 ▼ ~ ~ Yest H + ~ Week H vol=2x pos=v82 vwap=below ema=bear rs=+0.1% adx=28 body=82% ramp=0.6x rangeATR=1.9 ⚠ O647.86 H647.86 L644.76 C645.31 ATR=17.49 SL=647.06/647.93 rawVol=23856 volSMA=11985 buf=0.874 prices=647.87/648.05
2025-12-03T10:15:00.000-05:00,[KLB] 10:15 ▼ ~ ~ ORB H vol=1.8x pos=v62 vwap=below ema=bear rs=-0.1% adx=27 body=46% ramp=0.9x rangeATR=1.5 O645.3 H645.71 L643.15 C644.13 ATR=17.49 SL=645.88/646.75 rawVol=21017 volSMA=13004 buf=0.874 prices=644.66
2025-12-03T10:25:00.000-05:00,[KLB] 10:25 ▼ ~ ~ ORB H vol=1.6x pos=v52 vwap=below ema=bear rs=-0.3% adx=26 body=37% ramp=1x rangeATR=1.1 O644.34 H644.61 L642.75 C643.65 ATR=17.49 SL=645.4/646.27 rawVol=24637 volSMA=14978 buf=0.874 prices=644.66
2025-12-03T10:30:00.000-05:00,[KLB] 10:30 ▼ ~ ~ VWAP vol=1.6x pos=v70 vwap=below ema=bear rs=-0.3% adx=26 body=45% ramp=0.8x rangeATR=0.4 O643.66 H643.85 L643.11 C643.33 ATR=17.49 SL=645.08/645.95 rawVol=16334 volSMA=15770 buf=0.874 prices=
2025-12-03T10:40:00.000-05:00,[KLB] 10:40 ▼ ~ ~ ORB H vol=1.2x pos=v86 vwap=below ema=bear rs=-0.5% adx=26 body=55% ramp=0.9x rangeATR=1 O644 H644.49 L642.9 C643.12 ATR=17.49 SL=644.87/645.74 rawVol=21473 volSMA=17699 buf=0.874 prices=644.66
2025-12-03T10:50:00.000-05:00,[KLB] 10:50 ▼ ~ ~ ORB H vol=0.5x pos=v100 vwap=below ema=bear rs=-0.4% adx=24 body=72% ramp=0.8x rangeATR=0.5 O644.52 H644.75 L643.93 C643.93 ATR=17.49 SL=645.68/646.55 rawVol=10099 volSMA=18372 buf=0.874 prices=644.66
2025-12-03T11:10:00.000-05:00,[KLB] 11:10 ▼ ~ ~ ORB H vol=0.7x pos=v100 vwap=below ema=bear rs=-0.4% adx=23 body=96% ramp=1x rangeATR=0.5 ⚠ O644.19 H644.22 L643.53 C643.53 ATR=17.49 SL=645.28/646.15 rawVol=13174 volSMA=20216 buf=0.874 prices=644.66
2025-12-04T09:35:00.000-05:00,[KLB] 9:35 ▼ ~ ~ VWAP vol=7.5x pos=v97 vwap=below ema=bull rs=-1.9% adx=37 body=91% ramp=1.2x rangeATR=3.1 ⚡ ⚠ O675.8 H676.76 L661.61 C662.05 ATR=17.05 SL=663.75/664.61 rawVol=398398 volSMA=53204 buf=0.852 prices=
2025-12-04T15:30:00.000-05:00,[KLB] 15:30 ▼ BRK ORB L vol=2x pos=v81 vwap=below ema=bear rs=-1.9% adx=26 body=80% ramp=0.7x rangeATR=1.8 O662.54 H662.58 L660.15 C660.6 ATR=17.05 SL=662.3/663.16 rawVol=33651 volSMA=16740 buf=0.852 prices=661.61
2025-12-04T15:30:00.000-05:00,[KLB] 15:30 ▼ ◆ ◆¹ ORB L 1.2x v34 vol= pos= vwap=below ema=bear rs=-1.9% adx=26 body=80% ramp=0.7x rangeATR=1.8 O662.54 H662.58 L660.15 C660.6 ATR=17.05 SL=662.3/663.16 rawVol=33651 volSMA=16740 buf=0.852 prices=
2025-12-05T09:35:00.000-05:00,[KLB] 9:35 ▲ 🔊 MC ramp=32.5x vol=15.9x pos=^69 vwap=above ema=bear adx=25 body=42% rangeATR=4.2 ⚡ O663.98 H667.89 L662.5 C666.23 ATR=18.44
2025-12-05T09:40:00.000-05:00,[KLB] CONF 9:40 ▲ QBS/MC → ✓ (auto-promote)
2025-12-05T09:45:00.000-05:00,[KLB] 9:45 ▼ 🔊 MC ramp=37.6x vol=3.1x pos=v72 vwap=below ema=bear adx=25 body=71% rangeATR=2.2 ⚡ O666.96 H667.02 L663.59 C664.54 ATR=18.44
2025-12-05T09:45:00.000-05:00,[KLB] 9:45 ▼ ~ ~ PM H vol=3.1x pos=v72 vwap=below ema=bear rs=+0% adx=25 body=71% ramp=37.6x rangeATR=2.2 ⚡ 🔊 O666.96 H667.02 L663.59 C664.54 ATR=18.44 SL=666.38/667.31 rawVol=30802 volSMA=10010 buf=0.922 prices=667
2025-12-05T09:45:00.000-05:00,[KLB] 5m CHECK 9:45 ▲ pnl=-0.13 → BAIL
2025-12-05T09:50:00.000-05:00,[KLB] CONF 9:50 ▼ QBS/MC → ✓ (auto-promote)
2025-12-05T09:55:00.000-05:00,[KLB] 9:55 ▼ ~ ~ VWAP vol=3.2x pos=v97 vwap=below ema=bear rs=-0.4% adx=23 body=43% ramp=0.7x rangeATR=1.4 O663.99 H665.23 L662.94 C663.01 ATR=18.44 SL=664.85/665.78 rawVol=35484 volSMA=13944 buf=0.922 prices=
2025-12-05T09:55:00.000-05:00,[KLB] 5m CHECK 9:55 ▼ pnl=0.05 → BAIL
2025-12-05T10:15:00.000-05:00,[KLB] 10:15 ▲ BRK PM H vol=1.8x pos=^75 vwap=above ema=bull rs=+0.2% adx=21 body=54% ramp=1x rangeATR=1.4 O666.73 H668.61 L666.22 C668.01 ATR=18.44 SL=666.17/665.24 rawVol=38783 volSMA=21337 buf=0.922 prices=667
2025-12-05T10:20:00.000-05:00,[KLB] 10:20 ▲ BRK ORB H vol=4.4x pos=^91 vwap=above ema=bull rs=+0.9% adx=23 body=91% ramp=1.6x rangeATR=2.3 ⚡ ⚠ O668.07 H672.51 L668.07 C672.11 ATR=18.44 SL=670.27/669.34 rawVol=119670 volSMA=27232 buf=0.922 prices=667.89
2025-12-05T10:20:00.000-05:00,[KLB] 10:20 ▲ ~ ~ VWAP vol=4.4x pos=^91 vwap=above ema=bull rs=+0.9% adx=23 body=91% ramp=1.6x rangeATR=2.3 ⚡ ⚠ O668.07 H672.51 L668.07 C672.11 ATR=18.44 SL=670.27/669.34 rawVol=119670 volSMA=27232 buf=0.922 prices=
2025-12-05T10:20:00.000-05:00,[KLB] CONF 10:20 ▲ BRK → ✓ (auto-promote)
2025-12-05T10:25:00.000-05:00,[KLB] 5m CHECK 10:25 ▲ pnl=0.05 → BAIL
2025-12-05T10:55:00.000-05:00,[KLB] 10:55 ▲ ◆ ◆⁸ ORB H 0.4x ^46 vol= pos= vwap=above ema=bull rs=+0.6% adx=28 body=59% ramp=0.5x rangeATR=0.8 🔇 O670.28 H670.49 L668.97 C669.38 ATR=18.44 SL=667.54/666.61 rawVol=16862 volSMA=39892 buf=0.922 prices=
2025-12-08T09:35:00.000-05:00,[KLB] 9:35 ▲ 🔊 MC ramp=21.4x vol=13.6x pos=^95 vwap=above ema=bear adx=29 body=73% rangeATR=5.7 ⚡ O669.69 H673.3 L668.69 C673.05 ATR=18.06
2025-12-08T09:35:00.000-05:00,[KLB] 9:35 ▲ ~ ~ PM L vol=13.6x pos=^95 vwap=above ema=bear rs=+0.6% adx=29 body=73% ramp=21.4x rangeATR=5.7 ⚡ 🔊 O669.69 H673.3 L668.69 C673.05 ATR=18.06 SL=671.24/670.34 rawVol=53934 volSMA=3975 buf=0.903 prices=669.5
2025-12-08T09:40:00.000-05:00,[KLB] CONF 9:40 ▲ QBS/MC → ✓★ (auto-promote)
2025-12-08T09:45:00.000-05:00,[KLB] 9:45 ▼ 🔊 MC ramp=35.6x vol=5.9x pos=v90 vwap=below ema=bear adx=31 body=88% rangeATR=2.6 ⚡ O673.66 H673.7 L670.34 C670.69 ATR=18.06
2025-12-08T09:45:00.000-05:00,[KLB] 9:45 ▼ ~ ~ PM H + ~ Yest H + ~ ORB H vol=5.9x pos=v90 vwap=below ema=bear rs=+0.3% adx=31 body=88% ramp=35.6x rangeATR=2.6 ⚡ ⚠ 🔊 O673.66 H673.7 L670.34 C670.69 ATR=18.06 SL=672.5/673.4 rawVol=56692 volSMA=9591 buf=0.903 prices=673.49/674.69/673.3
2025-12-08T09:45:00.000-05:00,[KLB] 5m CHECK 9:45 ▲ pnl=-0.16 → BAIL
2025-12-08T09:50:00.000-05:00,[KLB] 9:50 ▼ BRK PM L + ORB L vol=5.4x pos=v80 vwap=below ema=bear rs=-0.2% adx=30 body=77% ramp=3.3x rangeATR=3.3 ⚡ O670.64 H670.78 L665.65 C666.68 ATR=18.06 SL=668.49/669.39 rawVol=71505 volSMA=13161 buf=0.903 prices=669.5/668.69
2025-12-08T09:50:00.000-05:00,[KLB] 9:50 ▼ ~ ~ VWAP vol=5.4x pos=v80 vwap=below ema=bear rs=-0.2% adx=30 body=77% ramp=3.3x rangeATR=3.3 ⚡ O670.64 H670.78 L665.65 C666.68 ATR=18.06 SL=668.49/669.39 rawVol=71505 volSMA=13161 buf=0.903 prices=
2025-12-08T09:50:00.000-05:00,[KLB] CONF 9:50 ▼ QBS/MC → ✓★ (auto-promote)
2025-12-08T09:55:00.000-05:00,[KLB] 5m CHECK 9:55 ▼ pnl=-0.04 → BAIL
2025-12-08T09:55:00.000-05:00,[KLB] 9:55 ▼ ◆ ◆² ORB L 2.4x v48 vol= pos= vwap=below ema=bear rs=-0.2% adx=28 body=38% ramp=1.4x rangeATR=1.4 O666.59 H667.98 L665.78 C667.42 ATR=18.06 SL=669.23/670.13 rawVol=27640 volSMA=14486 buf=0.903 prices=
2025-12-08T10:00:00.000-05:00,"[KLB] 10:00 ▼ ◆ ◆³ PM L 1.8x v20
◆² ORB L 2.4x v48 vol= pos= vwap=below ema=bear rs=-0.1% adx=27 body=14% ramp=0.8x rangeATR=0.9 O667.56 H668.47 L667 C667.77 ATR=18.06 SL=669.57/670.47 rawVol=35288 volSMA=16202 buf=0.903 prices="
2025-12-08T10:35:00.000-05:00,[KLB] CONF 10:35 ▼ BRK → ✗ (failed)
2025-12-09T09:35:00.000-05:00,[KLB] 9:35 ▼ 🔊 MC ramp=39.3x vol=18.5x pos=v84 vwap=below ema=bear adx=27 body=74% rangeATR=8.4 ⚡ O663.63 H664.48 L655.57 C657.04 ATR=17.6
2025-12-09T09:35:00.000-05:00,[KLB] 9:35 ▼ BRK PM L vol=18.5x pos=v84 vwap=below ema=bear rs=-1.1% adx=27 body=74% ramp=39.3x rangeATR=8.4 ⚡ 🔊 O663.63 H664.48 L655.57 C657.04 ATR=17.6 SL=658.8/659.68 rawVol=82603 volSMA=4468 buf=0.88 prices=662.12
2025-12-09T09:35:00.000-05:00,[KLB] 9:35 ▼ ~ ~ VWAP vol=18.5x pos=v84 vwap=below ema=bear rs=-1.1% adx=27 body=74% ramp=39.3x rangeATR=8.4 ⚡ 🔊 O663.63 H664.48 L655.57 C657.04 ATR=17.6 SL=658.8/659.68 rawVol=82603 volSMA=4468 buf=0.88 prices=
2025-12-09T09:40:00.000-05:00,[KLB] CONF 9:40 ▼ QBS/MC → ✗ (failed)
2025-12-09T09:50:00.000-05:00,[KLB] 9:50 ▼ BRK ORB L vol=5.9x pos=v98 vwap=below ema=bear rs=-1.7% adx=36 body=84% ramp=2.1x rangeATR=2.1 ⚡ ⚠ O656.24 H656.68 L653.61 C653.67 ATR=17.6 SL=655.43/656.31 rawVol=55799 volSMA=13278 buf=0.88 prices=655.57
2025-12-09T09:50:00.000-05:00,[KLB] CONF 9:50 ▼ BRK → ✓★ (auto-promote)
2025-12-09T09:55:00.000-05:00,[KLB] 5m CHECK 9:55 ▼ pnl=-0.04 → BAIL
2025-12-09T09:55:00.000-05:00,[KLB] CONF 9:55 ▼ BRK → ✗ (failed)
2025-12-09T10:00:00.000-05:00,[KLB] 10:00 ▲ ~~ ~~ ORB L vol=2.1x pos=^99 vwap=above ema=bear rs=-1.2% adx=39 body=89% ramp=0.6x rangeATR=1.9 ⚠ O654.31 H657.02 L654 C656.99 ATR=17.6 SL=655.23/654.35 rawVol=34801 volSMA=16799 buf=0.88 prices=655.57
2025-12-09T11:35:00.000-05:00,[KLB] 11:35 ▲ ~~ ~~ ORB L vol=1.1x pos=^97 vwap=above ema=bear rs=-1.3% adx=30 body=92% ramp=0.7x rangeATR=1.2 ⚠ O655.5 H657 L655.41 C656.96 ATR=17.6 SL=655.2/654.32 rawVol=19046 volSMA=17848 buf=0.88 prices=655.57
2025-12-09T12:20:00.000-05:00,[KLB] 12:20 ▼ BRK ORB L vol=1.7x pos=v95 vwap=below ema=bear rs=-1.6% adx=24 body=95% ramp=1.6x rangeATR=1.4 ⚠ O655.88 H655.88 L654.35 C654.42 ATR=17.6 SL=656.18/657.06 rawVol=25220 volSMA=15051 buf=0.88 prices=655.57
2025-12-09T12:20:00.000-05:00,[KLB] 12:20 ▼ ◆ ◆¹ ORB L 1.1x v25 vol= pos= vwap=below ema=bear rs=-1.6% adx=24 body=95% ramp=1.6x rangeATR=1.4 ⚠ O655.88 H655.88 L654.35 C654.42 ATR=17.6 SL=656.18/657.06 rawVol=25220 volSMA=15051 buf=0.88 prices=
2025-12-09T13:00:00.000-05:00,[KLB] CONF 13:00 ▼ BRK → ✗ (failed)
2025-12-09T13:20:00.000-05:00,[KLB] 13:20 ▲ ~~ ~~ ORB L vol=1.1x pos=^100 vwap=above ema=bear rs=-1.1% adx=21 body=94% ramp=0.7x rangeATR=1.6 ⚠ O656.06 H657.5 L655.96 C657.5 ATR=17.6 SL=655.74/654.86 rawVol=15362 volSMA=13391 buf=0.88 prices=655.57
2025-12-09T13:35:00.000-05:00,[KLB] 13:35 ▲ ~ ~ VWAP vol=1.2x pos=^98 vwap=above ema=bear rs=-0.9% adx=22 body=77% ramp=1.2x rangeATR=1.2 O657.54 H658.41 L657.3 C658.39 ATR=17.6 SL=656.63/655.75 rawVol=16657 volSMA=13747 buf=0.88 prices=
2025-12-10T09:30:00.000-05:00,[KLB] 9:30 ▼ 🔇 QBS ramp=0.1x vol=0.4x pos=v85 vwap=below ema=bear adx=44 body=85% rangeATR=1.7 O652.3 H652.3 L649 C649.5 ATR=17.31
2025-12-10T09:30:00.000-05:00,[KLB] 9:30 ▼ ~ ~ VWAP vol=0.4x pos=v85 vwap=below ema=bear rs=-0.1% adx=44 body=85% ramp=0.1x rangeATR=1.7 ⚠ 🔇 O652.3 H652.3 L649 C649.5 ATR=17.31 SL=651.23/652.1 rawVol=1089 volSMA=2792 buf=0.865 prices=
2025-12-10T09:35:00.000-05:00,[KLB] CONF 9:35 ▼ QBS/MC → ✗ (failed)
2025-12-10T09:50:00.000-05:00,[KLB] 9:50 ▲ ~ ~ ORB L vol=3.2x pos=^84 vwap=above ema=bear rs=+0.1% adx=43 body=81% ramp=2.2x rangeATR=1.2 ⚠ O649.04 H651.64 L648.95 C651.21 ATR=17.31 SL=649.48/648.61 rawVol=33852 volSMA=10644 buf=0.865 prices=649.1
2025-12-10T11:30:00.000-05:00,[KLB] 11:30 ▲ ~ ~ VWAP vol=1.1x pos=^83 vwap=above ema=bear rs=+0.3% adx=28 body=33% ramp=1.4x rangeATR=0.8 O652.33 H652.96 L651.7 C652.74 ATR=17.31 SL=651.01/650.14 rawVol=16598 volSMA=14660 buf=0.865 prices=
2025-12-10T13:05:00.000-05:00,[KLB] 13:05 ▼ BRK ORB L vol=4.5x pos=v61 vwap=below ema=bear rs=-0.6% adx=23 body=58% ramp=3.5x rangeATR=2.4 ⚡ O649.01 H649.09 L646.29 C647.38 ATR=17.31 SL=649.11/649.98 rawVol=51689 volSMA=11459 buf=0.865 prices=649.1
2025-12-10T13:25:00.000-05:00,[KLB] 13:25 ▼ BRK PM L vol=2.6x pos=v68 vwap=below ema=bear rs=-0.9% adx=32 body=68% ramp=1x rangeATR=1.6 O646.09 H646.09 L644.22 C644.82 ATR=17.31 SL=646.55/647.42 rawVol=36396 volSMA=14040 buf=0.865 prices=645.43
2025-12-10T13:25:00.000-05:00,[KLB] CONF 13:25 ▼ BRK → ✓ (auto-promote)
2025-12-10T13:25:00.000-05:00,[KLB] 13:25 ▼ ◆ ◆¹ PM L 1.3x v14 vol= pos= vwap=below ema=bear rs=-0.9% adx=32 body=68% ramp=1x rangeATR=1.6 O646.09 H646.09 L644.22 C644.82 ATR=17.31 SL=646.55/647.42 rawVol=36396 volSMA=14040 buf=0.865 prices=
2025-12-10T13:30:00.000-05:00,[KLB] 5m CHECK 13:30 ▼ pnl=0 → BAIL
2025-12-10T14:00:00.000-05:00,[KLB] CONF 14:00 ▼ BRK → ✗ (failed)
2025-12-10T15:05:00.000-05:00,[KLB] 15:05 ▲ ~~ ~~ ORB L vol=1.9x pos=^66 vwap=above ema=bear rs=-0.9% adx=26 body=33% ramp=1.2x rangeATR=0.6 O649.32 H650.1 L648.94 C649.7 ATR=17.31 SL=647.97/647.1 rawVol=22876 volSMA=21149 buf=0.865 prices=649.1
2025-12-11T09:30:00.000-05:00,[KLB] 9:30 ▼ 🔇 QBS ramp=0.3x vol=0.8x pos=v59 vwap=below ema=bear adx=29 body=50% rangeATR=3 ⚡ O644.33 H644.53 L642.36 C643.25 ATR=17.04
2025-12-11T09:35:00.000-05:00,[KLB] CONF 9:35 ▼ QBS/MC → ✗ (failed)
2025-12-11T09:40:00.000-05:00,[KLB] 9:40 ▲ 🔊 MC ramp=49.6x vol=9.8x pos=^56 vwap=above ema=bear adx=31 body=54% rangeATR=2.5 ⚡ O643.74 H646.52 L643.69 C645.27 ATR=17.04
2025-12-11T09:45:00.000-05:00,[KLB] 9:45 ▲ BRK PM H vol=5.8x pos=^100 vwap=above ema=bull rs=+0.8% adx=29 body=79% ramp=68.6x rangeATR=3.3 ⚡ 🔊 O645.41 H648.88 L644.48 C648.88 ATR=17.04 SL=647.18/646.32 rawVol=32996 volSMA=6541 buf=0.852 prices=646.76
2025-12-11T09:45:00.000-05:00,[KLB] 9:45 ▲ ~ ~ VWAP vol=5.8x pos=^100 vwap=above ema=bull rs=+0.8% adx=29 body=79% ramp=68.6x rangeATR=3.3 ⚡ 🔊 O645.41 H648.88 L644.48 C648.88 ATR=17.04 SL=647.18/646.32 rawVol=32996 volSMA=6541 buf=0.852 prices=
2025-12-11T09:45:00.000-05:00,[KLB] CONF 9:45 ▲ QBS/MC → ✓ (auto-promote)
2025-12-11T09:50:00.000-05:00,[KLB] 5m CHECK 9:50 ▲ pnl=-0.05 → BAIL
2025-12-11T09:50:00.000-05:00,[KLB] 9:50 ▲ ◆ ◆² PM H 2.9x ^31 vol= pos= vwap=above ema=bull rs=+1% adx=28 body=19% ramp=2.2x rangeATR=2.3 ⚡ O648.7 H650.79 L647.42 C648.06 ATR=17.04 SL=646.36/645.5 rawVol=37764 volSMA=8374 buf=0.852 prices=
2025-12-11T10:05:00.000-05:00,[KLB] 10:05 ▲ ~ ~ Yest L vol=4.1x pos=^89 vwap=above ema=bull rs=+1.6% adx=26 body=77% ramp=1x rangeATR=2.2 ⚡ O648.74 H652.35 L648.27 C651.9 ATR=17.04 SL=650.2/649.34 rawVol=55438 volSMA=13571 buf=0.852 prices=643.4
2025-12-11T10:50:00.000-05:00,[KLB] 10:50 ▼ ~ ~ Yest H vol=1.2x pos=v94 vwap=below ema=bull rs=+0.9% adx=25 body=89% ramp=0.6x rangeATR=1.1 ⚠ O650.9 H651 L648.93 C649.05 ATR=17.04 SL=650.75/651.61 rawVol=32775 volSMA=26613 buf=0.852 prices=654.51
2025-12-11T11:10:00.000-05:00,[KLB] 11:10 ▼ ~ ~ VWAP vol=0.5x pos=v93 vwap=below ema=bull rs=+0.6% adx=23 body=85% ramp=0.6x rangeATR=1 ⚠ O648.28 H648.41 L646.7 C646.82 ATR=17.04 SL=648.52/649.38 rawVol=13700 volSMA=29127 buf=0.852 prices=
2025-12-12T09:45:00.000-05:00,[KLB] 9:45 ▼ 🔊 MC ramp=63.9x vol=5.3x pos=v90 vwap=below ema=bear adx=23 body=56% rangeATR=2.6 ⚡ O649.85 H651.01 L647.57 C647.92 ATR=16.86
2025-12-12T09:45:00.000-05:00,[KLB] 9:45 ▼ ~ ~ ORB H vol=5.3x pos=v90 vwap=below ema=bear rs=-0.3% adx=23 body=56% ramp=63.9x rangeATR=2.6 ⚡ 🔊 O649.85 H651.01 L647.57 C647.92 ATR=16.86 SL=649.61/650.45 rawVol=36723 volSMA=7615 buf=0.843 prices=651.2
2025-12-12T09:50:00.000-05:00,[KLB] 9:50 ▼ BRK PM L vol=4.1x pos=v70 vwap=below ema=bear rs=-0.3% adx=24 body=37% ramp=1.8x rangeATR=1.2 O647.63 H648.14 L646.59 C647.05 ATR=16.86 SL=648.74/649.58 rawVol=39264 volSMA=9567 buf=0.843 prices=647.66
2025-12-12T09:50:00.000-05:00,[KLB] 9:50 ▼ ~ ~ VWAP vol=4.1x pos=v70 vwap=below ema=bear rs=-0.3% adx=24 body=37% ramp=1.8x rangeATR=1.2 O647.63 H648.14 L646.59 C647.05 ATR=16.86 SL=648.74/649.58 rawVol=39264 volSMA=9567 buf=0.843 prices=
2025-12-12T09:50:00.000-05:00,[KLB] CONF 9:50 ▼ QBS/MC → ✓★ (auto-promote)
2025-12-12T09:50:00.000-05:00,[KLB] 9:50 ▼ ◆ ◆¹ PM L 3.7x v29 vol= pos= vwap=below ema=bear rs=-0.3% adx=24 body=37% ramp=1.8x rangeATR=1.2 O647.63 H648.14 L646.59 C647.05 ATR=16.86 SL=648.74/649.58 rawVol=39264 volSMA=9567 buf=0.843 prices=
2025-12-12T09:55:00.000-05:00,[KLB] 5m CHECK 9:55 ▼ pnl=-0.04 → BAIL
2025-12-12T09:55:00.000-05:00,[KLB] CONF 9:55 ▼ BRK → ✗ (failed)
2025-12-12T10:00:00.000-05:00,[KLB] 10:00 ▲ ~~ ~~ PM L vol=2.8x pos=^98 vwap=above ema=bear rs=+0.2% adx=24 body=92% ramp=0.8x rangeATR=1.7 ⚠ O647.84 H650.21 L647.69 C650.17 ATR=16.86 SL=648.48/647.64 rawVol=33580 volSMA=12708 buf=0.843 prices=647.66
2025-12-12T10:20:00.000-05:00,[KLB] 10:20 ▼ BRK PM L vol=1.7x pos=v92 vwap=below ema=bear rs=-0.2% adx=24 body=75% ramp=0.8x rangeATR=1.2 O647.95 H648.26 L646.41 C646.56 ATR=16.86 SL=648.25/649.09 rawVol=30138 volSMA=17594 buf=0.843 prices=647.66
2025-12-12T10:25:00.000-05:00,[KLB] 10:25 ▼ BRK ORB L vol=1.6x pos=v89 vwap=below ema=bear rs=-0.1% adx=25 body=54% ramp=1.2x rangeATR=0.8 O646.46 H646.86 L645.72 C645.84 ATR=16.86 SL=647.53/648.37 rawVol=29746 volSMA=19078 buf=0.843 prices=646.8
2025-12-12T10:25:00.000-05:00,[KLB] CONF 10:25 ▼ BRK → ✓ (auto-promote)
2025-12-12T10:30:00.000-05:00,[KLB] 5m CHECK 10:30 ▼ pnl=0.1 → HOLD
2025-12-12T10:40:00.000-05:00,[KLB] 10:40 ▼ ◆ ◆⁴ ORB L 1.2x v0 vol= pos= vwap=below ema=bear rs=-0.2% adx=30 body=59% ramp=1x rangeATR=0.6 O645 H645.82 L644.84 C645.58 ATR=16.86 SL=647.27/648.11 rawVol=18352 volSMA=23246 buf=0.843 prices=
2025-12-12T11:25:00.000-05:00,[KLB] 11:25 ▼ BRK Yest L vol=1.8x pos=v56 vwap=below ema=bear rs=-0.4% adx=40 body=46% ramp=1.4x rangeATR=1.3 O641.1 H641.32 L639.02 C640.04 ATR=16.86 SL=641.73/642.57 rawVol=50322 volSMA=27703 buf=0.843 prices=640.8
2025-12-12T11:25:00.000-05:00,[KLB] CONF 11:25 ▼ BRK → ✓ (auto-promote)
2025-12-12T11:30:00.000-05:00,[KLB] 5m CHECK 11:30 ▼ pnl=-0.08 → BAIL
2025-12-12T11:30:00.000-05:00,[KLB] 11:30 ▼ ◆ ◆² Yest L 0.7x v74 vol= pos= vwap=below ema=bear rs=-0.3% adx=42 body=69% ramp=1.3x rangeATR=1.1 O640.17 H641.78 L639.9 C641.47 ATR=16.86 SL=643.16/644 rawVol=18103 volSMA=26645 buf=0.843 prices=
2025-12-12T12:00:00.000-05:00,[KLB] CONF 12:00 ▼ BRK → ✗ (failed)
2025-12-12T13:15:00.000-05:00,[KLB] 13:15 ▲ ~ ~ VWAP vol=1.7x pos=^66 vwap=above ema=bear rs=+0.2% adx=27 body=55% ramp=1.6x rangeATR=1.1 O646.38 H647.6 L646.23 C647.14 ATR=16.86 SL=645.45/644.61 rawVol=28206 volSMA=16650 buf=0.843 prices=
2025-12-12T13:20:00.000-05:00,[KLB] 13:20 ▲ ~~ ~~ ORB L vol=1.7x pos=^60 vwap=above ema=bear rs=+0.3% adx=27 body=50% ramp=1.7x rangeATR=1.1 O647.18 H648.41 L647.05 C647.86 ATR=16.86 SL=646.17/645.33 rawVol=25071 volSMA=16748 buf=0.843 prices=646.8
2025-12-12T13:50:00.000-05:00,[KLB] 13:50 ▲ ~~ ~~ PM L + ~~ ORB L vol=0.6x pos=^100 vwap=above ema=bull rs=+0.5% adx=26 body=88% ramp=0.7x rangeATR=0.9 ⚠ O647.25 H648.17 L647.13 C648.17 ATR=16.86 SL=646.48/645.64 rawVol=7120 volSMA=15034 buf=0.843 prices=647.66/646.8
2025-12-16T09:50:00.000-05:00,[KLB] 9:50 ▲ BRK ORB H vol=3.9x pos=^67 vwap=above ema=bull rs=+0.8% adx=21 body=42% ramp=1.7x rangeATR=1.8 O648.15 H650.28 L647.44 C649.35 ATR=20.36 SL=647.31/646.3 rawVol=21912 volSMA=5661 buf=1.018 prices=648.56
2025-12-16T09:50:00.000-05:00,[KLB] 9:50 ▲ ◆ ◆¹ ORB H 6.2x ^87 vol= pos= vwap=above ema=bull rs=+0.8% adx=21 body=42% ramp=1.7x rangeATR=1.8 O648.15 H650.28 L647.44 C649.35 ATR=20.36 SL=647.31/646.3 rawVol=21912 volSMA=5661 buf=1.018 prices=
2025-12-16T09:55:00.000-05:00,[KLB] 9:55 ▲ ~ ~ VWAP vol=4.7x pos=^87 vwap=above ema=bull rs=+1.1% adx=22 body=72% ramp=1.2x rangeATR=1.5 O649.4 H651.61 L649 C651.28 ATR=20.36 SL=649.24/648.23 rawVol=34882 volSMA=7402 buf=1.018 prices=
2025-12-16T14:30:00.000-05:00,[KLB] 14:30 ▲ BRK Yest H vol=2.9x pos=^97 vwap=above ema=bull rs=+2.1% adx=21 body=75% ramp=1.6x rangeATR=1.7 O653.77 H655.2 L653.37 C655.15 ATR=20.36 SL=653.11/652.1 rawVol=36998 volSMA=12704 buf=1.018 prices=653
2025-12-16T14:30:00.000-05:00,[KLB] CONF 14:30 ▲ BRK → ✓ (auto-promote)
2025-12-16T14:35:00.000-05:00,[KLB] 5m CHECK 14:35 ▲ pnl=0.04 → BAIL
2025-12-17T09:30:00.000-05:00,[KLB] 9:30 ▼ ~ ~ Yest H vol=2.2x pos=v100 vwap=below ema=bear rs=+0.1% adx=20 body=91% ramp=3.4x rangeATR=2.9 ⚡ ⚠ O657.49 H657.7 L655.31 C655.32 ATR=20.28 SL=657.35/658.36 rawVol=1773 volSMA=800 buf=1.014 prices=662.54
2025-12-17T15:55:00.000-05:00,[KLB] 15:55 ▼ ~ ~ VWAP vol=3.4x pos=v82 vwap=below ema=bear rs=+0.6% adx=30 body=81% ramp=1.9x rangeATR=3 ⚡ ⚠ O654.65 H654.66 L650.95 C651.63 ATR=20.28 SL=653.66/654.67 rawVol=47315 volSMA=14064 buf=1.014 prices=
2025-12-18T09:45:00.000-05:00,[KLB] 9:45 ▼ 🔊 MC ramp=33.6x vol=3.7x pos=v63 vwap=below ema=bull adx=41 body=53% rangeATR=1.6 O659.91 H660.15 L657.8 C658.66 ATR=19.69
2025-12-18T09:50:00.000-05:00,[KLB] CONF 9:50 ▼ QBS/MC → ✗ (failed)
2025-12-18T09:55:00.000-05:00,[KLB] 9:55 ▲ BRK Yest H vol=3.6x pos=^84 vwap=above ema=bull rs=+0.8% adx=45 body=47% ramp=0.8x rangeATR=2 O660.44 H662.54 L659.21 C662.01 ATR=19.69 SL=660.04/659.06 rawVol=39850 volSMA=17321 buf=0.985 prices=661.23
2025-12-18T09:55:00.000-05:00,[KLB] 9:55 ▲ ~ ~ VWAP vol=3.6x pos=^84 vwap=above ema=bull rs=+0.8% adx=45 body=47% ramp=0.8x rangeATR=2 O660.44 H662.54 L659.21 C662.01 ATR=19.69 SL=660.04/659.06 rawVol=39850 volSMA=17321 buf=0.985 prices=
2025-12-18T09:55:00.000-05:00,[KLB] 9:55 ▲ ◆ ◆¹ Yest H 3.8x ^61 vol= pos= vwap=above ema=bull rs=+0.8% adx=45 body=47% ramp=0.8x rangeATR=2 O660.44 H662.54 L659.21 C662.01 ATR=19.69 SL=660.04/659.06 rawVol=39850 volSMA=17321 buf=0.985 prices=
2025-12-18T10:25:00.000-05:00,[KLB] 10:25 ▲ BRK ORB H vol=1.6x pos=^96 vwap=above ema=bull rs=+1.1% adx=51 body=77% ramp=0.9x rangeATR=1.6 O662.62 H664.96 L662.07 C664.85 ATR=19.69 SL=662.88/661.9 rawVol=48729 volSMA=30327 buf=0.985 prices=663.23
2025-12-18T10:25:00.000-05:00,[KLB] CONF 10:25 ▲ BRK → ✓ (auto-promote)
2025-12-18T10:30:00.000-05:00,[KLB] 5m CHECK 10:30 ▲ pnl=0.08 → HOLD
2025-12-18T12:10:00.000-05:00,[KLB] 12:10 ▲ ◆ ◆²² ORB H 0.7x ^39 vol= pos= vwap=below ema=bull rs=+1.2% adx=44 body=91% ramp=1.1x rangeATR=2 ⚡ ⚠ O666.92 H667 L664.15 C664.33 ATR=19.69 SL=662.36/661.38 rawVol=24528 volSMA=29305 buf=0.985 prices=
2025-12-18T14:55:00.000-05:00,[KLB] CONF 14:55 ▲ BRK → ✗ (failed)
2025-12-18T15:00:00.000-05:00,"[KLB] 15:00 ▼ ~~ ~~ ORB H
~ VWAP vol=1.3x pos=v82 vwap=below ema=bull rs=+1.1% adx=22 body=68% ramp=1x rangeATR=1.3 O663.32 H663.53 L662.07 C662.33 ATR=19.69 SL=664.3/665.28 rawVol=21758 volSMA=16324 buf=0.985 prices=663.23"
2025-12-19T09:35:00.000-05:00,[KLB] 9:35 ▼ 🔊 MC ramp=8.1x vol=14.7x pos=v91 vwap=below ema=bull adx=27 body=61% rangeATR=3.7 ⚡ O666 H667.64 L662.13 C662.63 ATR=19.79
2025-12-19T09:35:00.000-05:00,[KLB] 9:35 ▼ ~ ~ Yest H vol=14.7x pos=v91 vwap=below ema=bull rs=-0.8% adx=27 body=61% ramp=8.1x rangeATR=3.7 ⚡ 🔊 O666 H667.64 L662.13 C662.63 ATR=19.79 SL=664.61/665.6 rawVol=56782 volSMA=3863 buf=0.99 prices=670.56
2025-12-19T09:40:00.000-05:00,[KLB] CONF 9:40 ▼ QBS/MC → ✗ (failed)
2025-12-19T09:45:00.000-05:00,[KLB] 9:45 ▲ ~ ~ ORB L vol=6.2x pos=^91 vwap=above ema=bull rs=-0.7% adx=23 body=53% ramp=16x rangeATR=1.3 🔊 O663.18 H664.48 L662.38 C664.29 ATR=19.79 SL=662.31/661.32 rawVol=40033 volSMA=8422 buf=0.99 prices=662.13
2025-12-19T09:50:00.000-05:00,[KLB] 9:50 ▼ ~ ~ Yest H vol=5x pos=v80 vwap=below ema=bull rs=-0.9% adx=22 body=72% ramp=2.5x rangeATR=1.2 O664.36 H664.53 L662.49 C662.89 ATR=19.79 SL=664.87/665.86 rawVol=56605 volSMA=11218 buf=0.99 prices=670.56
2025-12-19T10:00:00.000-05:00,[KLB] 10:00 ▼ ~ ~ Yest H vol=2.3x pos=v92 vwap=below ema=bull rs=-1% adx=20 body=55% ramp=0.8x rangeATR=1.2 O664.35 H665.11 L663.07 C663.23 ATR=19.79 SL=665.21/666.2 rawVol=33767 volSMA=14685 buf=0.99 prices=670.56
2025-12-22T09:45:00.000-05:00,[KLB] 9:45 ▲ 🔊 MC ramp=89.8x vol=7.3x pos=^85 vwap=above ema=bull adx=21 body=81% rangeATR=3.1 ⚡ O668.87 H672.88 L668.67 C672.26 ATR=19.29
2025-12-22T09:45:00.000-05:00,[KLB] 9:45 ▲ BRK Yest H + Week H vol=7.3x pos=^85 vwap=above ema=bull rs=+1.7% adx=21 body=81% ramp=89.8x rangeATR=3.1 ⚡ ⚠ 🔊 O668.87 H672.88 L668.67 C672.26 ATR=19.29 SL=670.33/669.37 rawVol=103876 volSMA=14320 buf=0.965 prices=671/671
2025-12-22T09:45:00.000-05:00,[KLB] 9:45 ▲ ~ ~ VWAP vol=7.3x pos=^85 vwap=above ema=bull rs=+1.7% adx=21 body=81% ramp=89.8x rangeATR=3.1 ⚡ ⚠ 🔊 O668.87 H672.88 L668.67 C672.26 ATR=19.29 SL=670.33/669.37 rawVol=103876 volSMA=14320 buf=0.965 prices=
2025-12-22T09:45:00.000-05:00,"[KLB] 9:45 ▲ ◆ ◆¹ Yest H 3.9x ^55
◆¹ Week H 3.9x ^55 vol= pos= vwap=above ema=bull rs=+1.7% adx=21 body=81% ramp=89.8x rangeATR=3.1 ⚡ ⚠ 🔊 O668.87 H672.88 L668.67 C672.26 ATR=19.29 SL=670.33/669.37 rawVol=103876 volSMA=14320 buf=0.965 prices="
2025-12-22T09:50:00.000-05:00,[KLB] CONF 9:50 ▲ QBS/MC → ✗ (failed)
2025-12-22T10:00:00.000-05:00,[KLB] CONF 10:00 ▲ BRK → ✗ (failed)
2025-12-22T10:05:00.000-05:00,[KLB] 10:05 ▼ ~~ ~~ Week H vol=1.4x pos=v93 vwap=below ema=bull rs=+1% adx=29 body=82% ramp=0.6x rangeATR=2.2 ⚡ ⚠ O671.25 H671.71 L667.81 C668.07 ATR=19.29 SL=670/670.96 rawVol=32555 volSMA=23332 buf=0.965 prices=671
2025-12-22T10:10:00.000-05:00,"[KLB] 10:10 ▼ ~~ ~~ Yest H
~ VWAP vol=1.4x pos=v89 vwap=below ema=bull rs=+0.8% adx=28 body=61% ramp=0.5x rangeATR=1.6 O668.16 H668.97 L666.04 C666.36 ATR=19.29 SL=668.29/669.25 rawVol=34929 volSMA=25026 buf=0.965 prices=671"
2025-12-22T10:20:00.000-05:00,[KLB] 10:20 ▼ ~~ ~~ Yest H + ~~ ORB H vol=0.8x pos=v97 vwap=below ema=bull rs=+0.5% adx=24 body=78% ramp=0.6x rangeATR=1.2 O666.38 H666.82 L664.44 C664.52 ATR=19.29 SL=666.45/667.41 rawVol=21855 volSMA=27226 buf=0.965 prices=671/666.75
2025-12-22T10:35:00.000-05:00,[KLB] 10:35 ▼ ~~ ~~ PM H vol=0.9x pos=v90 vwap=below ema=bull rs=+0.2% adx=22 body=66% ramp=0.7x rangeATR=0.9 O663.84 H664.26 L662.52 C662.69 ATR=19.29 SL=664.62/665.58 rawVol=25309 volSMA=29761 buf=0.965 prices=664.33
2025-12-22T11:35:00.000-05:00,[KLB] 11:35 ▼ BRK PM L + ORB L vol=1.8x pos=v76 vwap=below ema=bear rs=-0.6% adx=23 body=74% ramp=1.5x rangeATR=1.8 O660.34 H660.39 L657.46 C658.17 ATR=19.29 SL=660.1/661.06 rawVol=50267 volSMA=27456 buf=0.965 prices=661.15/660.29
2025-12-22T11:45:00.000-05:00,[KLB] 11:45 ▼ ◆ ◆³ ORB L 1.7x v20 vol= pos= vwap=below ema=bear rs=-0.5% adx=24 body=55% ramp=2.2x rangeATR=0.5 O659.24 H659.6 L658.8 C658.8 ATR=19.29 SL=660.73/661.69 rawVol=35179 volSMA=27525 buf=0.965 prices=
2025-12-22T11:50:00.000-05:00,"[KLB] 11:50 ▼ ◆ ◆⁴ PM L 1x v82
◆³ ORB L 1.7x v20 vol= pos= vwap=below ema=bear rs=-0.4% adx=24 body=67% ramp=1.4x rangeATR=0.9 O658.81 H660 L658.62 C659.73 ATR=19.29 SL=661.66/662.62 rawVol=47897 volSMA=28173 buf=0.965 prices="
2025-12-22T13:45:00.000-05:00,[KLB] CONF 13:45 ▼ BRK → ✗ (failed)
2025-12-23T09:35:00.000-05:00,[KLB] 9:35 ▲ 🔊 MC ramp=42.5x vol=16x pos=^75 vwap=above ema=bear adx=31 body=46% rangeATR=4.5 ⚡ O659.48 H662.25 L658.3 C661.28 ATR=19.12
2025-12-23T09:35:00.000-05:00,[KLB] 9:35 ▲ ~ ~ PM L vol=16x pos=^75 vwap=above ema=bear rs=+0% adx=31 body=46% ramp=42.5x rangeATR=4.5 ⚡ 🔊 O659.48 H662.25 L658.3 C661.28 ATR=19.12 SL=659.37/658.41 rawVol=44248 volSMA=2766 buf=0.956 prices=658.42
2025-12-23T09:40:00.000-05:00,[KLB] 9:40 ▲ ~ ~ Yest L vol=9.5x pos=^72 vwap=above ema=bear rs=+0.2% adx=30 body=45% ramp=75.6x rangeATR=3 ⚡ 🔊 O661.21 H663.5 L660.34 C662.63 ATR=19.12 SL=660.71/659.76 rawVol=38107 volSMA=4664 buf=0.956 prices=656.65
2025-12-23T09:40:00.000-05:00,[KLB] CONF 9:40 ▲ QBS/MC → ✓ (auto-promote)
2025-12-23T09:45:00.000-05:00,[KLB] 5m CHECK 9:45 ▲ pnl=0.03 → BAIL
2025-12-23T09:50:00.000-05:00,[KLB] 9:50 ▲ BRK PM H vol=5.3x pos=^66 vwap=above ema=bull rs=+0.4% adx=30 body=66% ramp=2x rangeATR=1.7 O663.22 H665.14 L663.22 C664.48 ATR=19.12 SL=662.57/661.61 rawVol=40885 volSMA=7718 buf=0.956 prices=662.75
2025-12-23T09:50:00.000-05:00,[KLB] 9:50 ▲ ~ ~ VWAP vol=5.3x pos=^66 vwap=above ema=bull rs=+0.4% adx=30 body=66% ramp=2x rangeATR=1.7 O663.22 H665.14 L663.22 C664.48 ATR=19.12 SL=662.57/661.61 rawVol=40885 volSMA=7718 buf=0.956 prices=
2025-12-23T09:50:00.000-05:00,[KLB] 9:50 ▲ ◆ ◆¹ PM H 2.7x ^0 vol= pos= vwap=above ema=bull rs=+0.4% adx=30 body=66% ramp=2x rangeATR=1.7 O663.22 H665.14 L663.22 C664.48 ATR=19.12 SL=662.57/661.61 rawVol=40885 volSMA=7718 buf=0.956 prices=
2025-12-23T10:00:00.000-05:00,[KLB] CONF 10:00 ▲ BRK → ✗ (failed)
2025-12-23T10:05:00.000-05:00,[KLB] 10:05 ▼ ~~ ~~ PM H + ~ Yest H + ~~ ORB H vol=1.7x pos=v100 vwap=below ema=bull rs=+0.1% adx=28 body=73% ramp=0.5x rangeATR=1.9 O663.2 H663.84 L661.43 C661.43 ATR=19.12 SL=663.34/664.3 rawVol=17258 volSMA=10349 buf=0.956 prices=662.75/673.58/662.25
2025-12-23T10:15:00.000-05:00,[KLB] 10:15 ▼ ~~ ~~ PM H + ~ Yest H + ~~ ORB H vol=1.4x pos=v79 vwap=below ema=bull rs=0% adx=25 body=59% ramp=0.6x rangeATR=1.4 O661.86 H662.23 L660.35 C660.75 ATR=19.12 SL=662.66/663.62 rawVol=16908 volSMA=11930 buf=0.956 prices=662.75/673.58/662.25
2025-12-23T10:20:00.000-05:00,[KLB] 10:20 ▲ ~ ~ Yest L vol=0.9x pos=^89 vwap=above ema=bull rs=+0.2% adx=23 body=89% ramp=0.8x rangeATR=1.3 ⚠ O660.92 H662.7 L660.92 C662.51 ATR=19.12 SL=660.6/659.64 rawVol=10911 volSMA=12388 buf=0.956 prices=656.65
2025-12-24T10:30:00.000-05:00,[KLB] 10:30 ▼ ~ ~ ORB H vol=1.1x pos=v87 vwap=below ema=bull rs=+0.2% adx=32 body=49% ramp=0.8x rangeATR=1.1 O665.65 H666.05 L665 C665.14 ATR=18.31 SL=666.97/667.89 rawVol=9720 volSMA=8674 buf=0.916 prices=666.03
2025-12-24T11:05:00.000-05:00,[KLB] 11:05 ▼ ~ ~ ORB H vol=0.8x pos=v64 vwap=below ema=bull rs=+0.2% adx=33 body=31% ramp=0.8x rangeATR=1 O665.68 H665.93 L665.16 C665.44 ATR=18.31 SL=667.27/668.19 rawVol=9496 volSMA=11616 buf=0.916 prices=666.03
2025-12-26T09:35:00.000-05:00,[KLB] 9:35 ▼ 🔊 MC ramp=41.9x vol=16.2x pos=v65 vwap=below ema=bull adx=21 body=37% rangeATR=4.9 ⚡ O668.03 H668.88 L665.8 C666.89 ATR=17.43
2025-12-26T09:35:00.000-05:00,[KLB] 9:35 ▼ ~ ~ PM H + ~ Yest H vol=16.2x pos=v65 vwap=below ema=bull rs=-0.2% adx=21 body=37% ramp=41.9x rangeATR=4.9 ⚡ 🔊 O668.03 H668.88 L665.8 C666.89 ATR=17.43 SL=668.63/669.5 rawVol=27682 volSMA=1708 buf=0.872 prices=668.4/668.18
2025-12-26T09:40:00.000-05:00,[KLB] CONF 9:40 ▼ QBS/MC → ✓ (auto-promote)
2025-12-26T09:45:00.000-05:00,[KLB] 5m CHECK 9:45 ▼ pnl=-0.08 → BAIL
2025-12-26T10:35:00.000-05:00,[KLB] 10:35 ▼ BRK ORB L vol=1.8x pos=v41 vwap=below ema=bear rs=-0.5% adx=21 body=41% ramp=0.8x rangeATR=0.8 O665.13 H665.13 L664.38 C664.82 ATR=17.43 SL=666.56/667.43 rawVol=18652 volSMA=10145 buf=0.872 prices=665.8
2025-12-26T10:45:00.000-05:00,[KLB] 10:45 ▼ ~ ~ VWAP vol=1.5x pos=v85 vwap=below ema=bear rs=-0.6% adx=23 body=52% ramp=1.4x rangeATR=0.9 O664.43 H664.69 L663.89 C664.01 ATR=17.43 SL=665.75/666.62 rawVol=17156 volSMA=11695 buf=0.872 prices=
2025-12-26T10:55:00.000-05:00,[KLB] 10:55 ▼ ◆ ◆⁵ ORB L 1.1x v16 vol= pos= vwap=below ema=bear rs=-0.5% adx=25 body=67% ramp=1.1x rangeATR=0.9 O664.19 H664.98 L664.17 C664.73 ATR=17.43 SL=666.47/667.34 rawVol=15797 volSMA=13108 buf=0.872 prices=
2025-12-29T09:40:00.000-05:00,[KLB] 9:40 ▲ 🔊 MC ramp=40.5x vol=5.2x pos=^90 vwap=above ema=bear adx=48 body=90% rangeATR=3.2 ⚡ O656.82 H659.6 L656.82 C659.33 ATR=16.73
2025-12-29T09:40:00.000-05:00,[KLB] 9:40 ▲ ~ ~ PM L + ~ Week L vol=5.2x pos=^90 vwap=above ema=bear rs=+0% adx=48 body=90% ramp=40.5x rangeATR=3.2 ⚡ ⚠ 🔊 O656.82 H659.6 L656.82 C659.33 ATR=16.73 SL=657.66/656.82 rawVol=16654 volSMA=3227 buf=0.837 prices=658/656.65
2025-12-29T09:45:00.000-05:00,[KLB] 9:45 ▼ 🔊 MC ramp=51.7x vol=5.8x pos=v79 vwap=below ema=bear adx=49 body=46% rangeATR=2.6 ⚡ O659.4 H660.25 L657.64 C658.19 ATR=16.73
2025-12-29T09:45:00.000-05:00,[KLB] 9:45 ▼ ~ ~ ORB H vol=5.8x pos=v79 vwap=below ema=bear rs=-0.1% adx=49 body=46% ramp=51.7x rangeATR=2.6 ⚡ 🔊 O659.4 H660.25 L657.64 C658.19 ATR=16.73 SL=659.86/660.7 rawVol=25963 volSMA=4487 buf=0.837 prices=659.99
2025-12-29T09:50:00.000-05:00,[KLB] 9:50 ▼ BRK PM L vol=4.5x pos=v79 vwap=below ema=bear rs=-0.3% adx=51 body=73% ramp=1.7x rangeATR=2 O658.2 H658.34 L656.17 C656.62 ATR=16.73 SL=658.29/659.13 rawVol=25273 volSMA=5748 buf=0.837 prices=658
2025-12-29T09:50:00.000-05:00,[KLB] CONF 9:50 ▼ QBS/MC → ✓ (auto-promote)
2025-12-29T09:50:00.000-05:00,[KLB] 9:50 ▼ ◆ ◆¹ PM L 2.3x v47 vol= pos= vwap=below ema=bear rs=-0.3% adx=51 body=73% ramp=1.7x rangeATR=2 O658.2 H658.34 L656.17 C656.62 ATR=16.73 SL=658.29/659.13 rawVol=25273 volSMA=5748 buf=0.837 prices=
2025-12-29T09:55:00.000-05:00,[KLB] 5m CHECK 9:55 ▼ pnl=-0.04 → BAIL
2025-12-29T10:25:00.000-05:00,[KLB] 10:25 ▲ ~ ~ Week L vol=1.4x pos=^73 vwap=above ema=bear rs=+0% adx=48 body=73% ramp=0.9x rangeATR=1.5 O657.11 H658.95 L657.11 C658.46 ATR=16.73 SL=656.79/655.95 rawVol=10819 volSMA=10459 buf=0.837 prices=656.65
2025-12-29T10:30:00.000-05:00,[KLB] CONF 10:30 ▼ BRK → ✗ (failed)
2025-12-29T10:45:00.000-05:00,[KLB] 10:45 ▲ ~~ ~~ PM L vol=1.2x pos=^100 vwap=above ema=bear rs=+0.1% adx=38 body=91% ramp=1x rangeATR=1.1 ⚠ O658.12 H659.31 L658 C659.31 ATR=16.73 SL=657.64/656.8 rawVol=14473 volSMA=12481 buf=0.837 prices=658
2025-12-29T11:45:00.000-05:00,[KLB] 11:45 ▼ BRK Week L vol=1.7x pos=v92 vwap=below ema=bear rs=-0.3% adx=32 body=89% ramp=3.8x rangeATR=1.4 ⚠ O656.97 H657 L655.58 C655.7 ATR=16.73 SL=657.37/658.21 rawVol=19791 volSMA=11325 buf=0.837 prices=656.65
2025-12-29T11:45:00.000-05:00,[KLB] 11:45 ▼ ~ ~ VWAP vol=1.7x pos=v92 vwap=below ema=bear rs=-0.3% adx=32 body=89% ramp=3.8x rangeATR=1.4 ⚠ O656.97 H657 L655.58 C655.7 ATR=16.73 SL=657.37/658.21 rawVol=19791 volSMA=11325 buf=0.837 prices=
2025-12-29T11:45:00.000-05:00,[KLB] 11:45 ▼ ◆ ◆¹ Week L 0.8x v0 vol= pos= vwap=below ema=bear rs=-0.3% adx=32 body=89% ramp=3.8x rangeATR=1.4 ⚠ O656.97 H657 L655.58 C655.7 ATR=16.73 SL=657.37/658.21 rawVol=19791 volSMA=11325 buf=0.837 prices=
2025-12-29T12:40:00.000-05:00,[KLB] 12:40 ▼ BRK ORB L vol=2.2x pos=v79 vwap=below ema=bear rs=-0.3% adx=37 body=77% ramp=1.5x rangeATR=1.2 O655.38 H655.4 L654.41 C654.62 ATR=16.73 SL=656.29/657.13 rawVol=25513 volSMA=11455 buf=0.837 prices=655.5
2025-12-29T12:40:00.000-05:00,[KLB] CONF 12:40 ▼ BRK → ✓ (auto-promote)
2025-12-29T12:40:00.000-05:00,[KLB] 12:40 ▼ ◆ ◆¹ ORB L 0.7x v0 vol= pos= vwap=below ema=bear rs=-0.3% adx=37 body=77% ramp=1.5x rangeATR=1.2 O655.38 H655.4 L654.41 C654.62 ATR=16.73 SL=656.29/657.13 rawVol=25513 volSMA=11455 buf=0.837 prices=
2025-12-29T12:45:00.000-05:00,[KLB] 5m CHECK 12:45 ▼ pnl=-0.03 → BAIL
2025-12-29T12:50:00.000-05:00,[KLB] CONF 12:50 ▼ BRK → ✗ (failed)
2025-12-29T13:40:00.000-05:00,[KLB] 13:40 ▲ ~~ ~~ Week L vol=1.2x pos=^45 vwap=above ema=bear rs=-0.1% adx=23 body=38% ramp=1.8x rangeATR=0.6 O657.06 H657.45 L657.03 C657.22 ATR=16.73 SL=655.55/654.71 rawVol=7707 volSMA=9069 buf=0.837 prices=656.65
2025-12-29T14:50:00.000-05:00,"[KLB] 14:50 ▲ ~~ ~~ PM L
~ VWAP vol=0.8x pos=^78 vwap=above ema=bull rs=+0.1% adx=23 body=56% ramp=0.5x rangeATR=1.3 🔇 O658.59 H659.16 L658.43 C659 ATR=16.73 SL=657.33/656.49 rawVol=5745 volSMA=7302 buf=0.837 prices=658"
2025-12-29T15:15:00.000-05:00,[KLB] 15:15 ▲ ~~ ~~ PM L vol=0.8x pos=^90 vwap=above ema=bull rs=+0% adx=28 body=83% ramp=1x rangeATR=1.5 ⚠ O658.53 H659.3 L658.46 C659.22 ATR=16.73 SL=657.55/656.71 rawVol=6136 volSMA=7563 buf=0.837 prices=658
2025-12-30T09:30:00.000-05:00,[KLB] 9:30 ▼ ~ ~ Yest H vol=1.4x pos=v100 vwap=below ema=bull rs=-0.1% adx=24 body=100% ramp=1.2x rangeATR=2 ⚠ O659.6 H659.6 L658.5 C658.5 ATR=16.17 SL=660.12/660.93 rawVol=778 volSMA=574 buf=0.809 prices=660.25
2025-12-30T09:35:00.000-05:00,[KLB] 9:35 ▲ 🔊 MC ramp=43.8x vol=18x pos=^98 vwap=above ema=bull adx=27 body=88% rangeATR=7.8 ⚡ O658.78 H666.86 L657.91 C666.67 ATR=16.17
2025-12-30T09:35:00.000-05:00,[KLB] 9:35 ▲ BRK PM H + Yest H vol=18x pos=^98 vwap=above ema=bull rs=+1.2% adx=27 body=88% ramp=43.8x rangeATR=7.8 ⚡ ⚠ 🔊 O658.78 H666.86 L657.91 C666.67 ATR=16.17 SL=665.05/664.24 rawVol=99330 volSMA=5532 buf=0.809 prices=660.4/660.25
2025-12-30T09:35:00.000-05:00,"[KLB] 9:35 ▲ ~ ~ Yest L
~ VWAP vol=18x pos=^98 vwap=above ema=bull rs=+1.2% adx=27 body=88% ramp=43.8x rangeATR=7.8 ⚡ ⚠ 🔊 O658.78 H666.86 L657.91 C666.67 ATR=16.17 SL=665.05/664.24 rawVol=99330 volSMA=5532 buf=0.809 prices=654.39"
2025-12-30T09:40:00.000-05:00,[KLB] CONF 9:40 ▲ QBS/MC → ✗ (failed)
2025-12-30T09:45:00.000-05:00,[KLB] 9:45 ▼ 🔊 MC ramp=101.9x vol=5.3x pos=v100 vwap=above ema=bull adx=32 body=45% rangeATR=2 O666.07 H667.52 L664.86 C664.86 ATR=16.17
2025-12-30T09:50:00.000-05:00,[KLB] 9:50 ▲ BRK ORB H vol=2.6x pos=^83 vwap=above ema=bull rs=+1.3% adx=34 body=81% ramp=1.2x rangeATR=2.2 ⚡ ⚠ O664.83 H668.1 L664.74 C667.54 ATR=16.17 SL=665.92/665.11 rawVol=29044 volSMA=11346 buf=0.809 prices=666.86
2025-12-30T09:50:00.000-05:00,[KLB] CONF 9:50 ▲ BRK → ✓★ (auto-promote)
2025-12-30T09:50:00.000-05:00,[KLB] CONF 9:50 ▼ QBS/MC → ✗ (failed)
2025-12-30T09:50:00.000-05:00,[KLB] 9:50 ▲ ◆ ◆¹ ORB H 3x ^90 vol= pos= vwap=above ema=bull rs=+1.3% adx=34 body=81% ramp=1.2x rangeATR=2.2 ⚡ ⚠ O664.83 H668.1 L664.74 C667.54 ATR=16.17 SL=665.92/665.11 rawVol=29044 volSMA=11346 buf=0.809 prices=
2025-12-30T09:55:00.000-05:00,[KLB] 5m CHECK 9:55 ▲ pnl=0.07 → HOLD
2025-12-30T10:30:00.000-05:00,[KLB] CONF 10:30 ▲ BRK → ✗ (failed)
2025-12-30T10:35:00.000-05:00,[KLB] 10:35 ▼ ~~ ~~ ORB H vol=0.5x pos=v91 vwap=below ema=bull rs=+1.1% adx=36 body=81% ramp=0.6x rangeATR=0.9 ⚠ O666.76 H666.9 L665.54 C665.66 ATR=16.17 SL=667.28/668.09 rawVol=14499 volSMA=26731 buf=0.809 prices=666.86
2025-12-30T10:45:00.000-05:00,"[KLB] 10:45 ▼ ~~ ~~ ORB H
~ VWAP vol=0.5x pos=v74 vwap=below ema=bull rs=+1.1% adx=33 body=50% ramp=0.5x rangeATR=1 🔇 O666.16 H666.52 L665.03 C665.42 ATR=16.17 SL=667.04/667.85 rawVol=14474 volSMA=27871 buf=0.809 prices=666.86"
2025-12-30T11:15:00.000-05:00,[KLB] 11:15 ▼ ~~ ~~ ORB H vol=0.3x pos=v96 vwap=below ema=bull rs=+1.1% adx=28 body=81% ramp=0.6x rangeATR=0.8 ⚠ O667 H667.14 L666.18 C666.22 ATR=16.17 SL=667.84/668.65 rawVol=7831 volSMA=26723 buf=0.809 prices=666.86
2025-12-30T11:40:00.000-05:00,[KLB] 11:40 ▼ ~~ ~~ ORB H vol=0.6x pos=v59 vwap=below ema=bull rs=+1.1% adx=25 body=55% ramp=1.1x rangeATR=0.9 O666.74 H666.78 L665.8 C666.2 ATR=16.17 SL=667.82/668.63 rawVol=10806 volSMA=17168 buf=0.809 prices=666.86
2025-12-31T09:35:00.000-05:00,[KLB] 9:35 ▼ 🔊 MC ramp=19.1x vol=16.6x pos=v63 vwap=below ema=bull adx=31 body=51% rangeATR=3.8 ⚡ O664.58 H664.9 L662.26 C663.23 ATR=16.04
2025-12-31T09:40:00.000-05:00,[KLB] CONF 9:40 ▼ QBS/MC → ✓ (auto-promote)
2025-12-31T09:45:00.000-05:00,[KLB] 5m CHECK 9:45 ▼ pnl=-0.02 → BAIL
2025-12-31T10:15:00.000-05:00,[KLB] 10:15 ▲ ~ ~ ORB L vol=1.2x pos=^59 vwap=above ema=bear rs=0% adx=41 body=59% ramp=0.5x rangeATR=0.9 O662.4 H663.25 L662.4 C662.9 ATR=16.04 SL=661.3/660.49 rawVol=10370 volSMA=8524 buf=0.802 prices=662.26
2025-12-31T10:25:00.000-05:00,[KLB] 10:25 ▲ ~ ~ PM L + ~ ORB L vol=1x pos=^81 vwap=above ema=bear rs=+0.1% adx=41 body=80% ramp=0.9x rangeATR=1.1 ⚠ O662.47 H663.51 L662.46 C663.31 ATR=16.04 SL=661.71/660.9 rawVol=9167 volSMA=9479 buf=0.802 prices=662.5/662.26
2025-12-31T10:45:00.000-05:00,[KLB] 10:45 ▲ ~ ~ PM L vol=0.5x pos=^72 vwap=above ema=bear rs=+0% adx=38 body=46% ramp=0.9x rangeATR=0.4 O662.9 H663.19 L662.8 C663.08 ATR=16.04 SL=661.48/660.67 rawVol=4950 volSMA=10918 buf=0.802 prices=662.5
2025-12-31T11:15:00.000-05:00,[KLB] 11:15 ▲ ~ ~ ORB L vol=1x pos=^100 vwap=above ema=bear rs=+0.1% adx=38 body=79% ramp=1.1x rangeATR=1.1 O662.08 H662.82 L661.88 C662.82 ATR=16.04 SL=661.21/660.41 rawVol=10925 volSMA=11327 buf=0.802 prices=662.26
2025-12-31T11:25:00.000-05:00,[KLB] 11:25 ▲ ~ ~ ORB L vol=0.8x pos=^99 vwap=above ema=bear rs=+0.1% adx=35 body=75% ramp=1.1x rangeATR=0.9 O662.4 H662.97 L662.22 C662.96 ATR=16.04 SL=661.36/660.55 rawVol=8120 volSMA=10011 buf=0.802 prices=662.26
2025-12-31T11:30:00.000-05:00,[KLB] 11:30 ▲ ~ ~ PM L vol=1.4x pos=^97 vwap=above ema=bear rs=+0.1% adx=33 body=91% ramp=1.1x rangeATR=1.1 ⚠ O662.95 H663.8 L662.9 C663.77 ATR=16.04 SL=662.17/661.36 rawVol=13367 volSMA=9418 buf=0.802 prices=662.5
2025-12-31T11:40:00.000-05:00,[KLB] 11:40 ▲ ~ ~ PM L vol=1x pos=^86 vwap=above ema=bear rs=+0.1% adx=29 body=36% ramp=1x rangeATR=0.7 O663.15 H663.43 L662.87 C663.35 ATR=16.04 SL=661.75/660.94 rawVol=8120 volSMA=8544 buf=0.802 prices=662.5
2025-12-31T14:55:00.000-05:00,[KLB] 14:55 ▼ BRK PM L vol=1.6x pos=v81 vwap=below ema=bear rs=0% adx=24 body=52% ramp=0.7x rangeATR=1 O661.92 H662.06 L661.58 C661.67 ATR=16.04 SL=663.27/664.08 rawVol=10657 volSMA=6728 buf=0.802 prices=662.5
2025-12-31T15:05:00.000-05:00,[KLB] 15:05 ▼ BRK ORB L vol=2.2x pos=v83 vwap=below ema=bear rs=-0.1% adx=28 body=83% ramp=3.6x rangeATR=1.9 ⚠ O661.64 H661.64 L660.66 C660.83 ATR=16.04 SL=662.43/663.24 rawVol=16405 volSMA=7585 buf=0.802 prices=662.26
2025-12-31T15:05:00.000-05:00,[KLB] 15:05 ▼ ~ ~ VWAP vol=2.2x pos=v83 vwap=below ema=bear rs=-0.1% adx=28 body=83% ramp=3.6x rangeATR=1.9 ⚠ O661.64 H661.64 L660.66 C660.83 ATR=16.04 SL=662.43/663.24 rawVol=16405 volSMA=7585 buf=0.802 prices=
2025-12-31T15:05:00.000-05:00,[KLB] CONF 15:05 ▼ BRK → ✓ (auto-promote)
2025-12-31T15:10:00.000-05:00,[KLB] 5m CHECK 15:10 ▼ pnl=0 → BAIL
2026-01-02T09:35:00.000-05:00,[KLB] 9:35 ▼ 🔊 MC ramp=31.5x vol=16.7x pos=v100 vwap=below ema=bear adx=23 body=81% rangeATR=6.8 ⚡ O663.04 H664.36 L657.5 C657.5 ATR=15.36
2026-01-02T09:35:00.000-05:00,[KLB] 9:35 ▼ BRK PM L + Yest L vol=16.7x pos=v100 vwap=below ema=bear rs=-0.7% adx=23 body=81% ramp=31.5x rangeATR=6.8 ⚡ ⚠ 🔊 O663.04 H664.36 L657.5 C657.5 ATR=15.36 SL=659.04/659.8 rawVol=55039 volSMA=3293 buf=0.768 prices=661/659.44
2026-01-02T09:35:00.000-05:00,[KLB] 9:35 ▼ ~ ~ VWAP vol=16.7x pos=v100 vwap=below ema=bear rs=-0.7% adx=23 body=81% ramp=31.5x rangeATR=6.8 ⚡ ⚠ 🔊 O663.04 H664.36 L657.5 C657.5 ATR=15.36 SL=659.04/659.8 rawVol=55039 volSMA=3293 buf=0.768 prices=
2026-01-02T09:40:00.000-05:00,[KLB] 9:40 ▼ BRK ORB L vol=9.9x pos=v95 vwap=below ema=bear rs=-0.8% adx=27 body=69% ramp=194.5x rangeATR=2.2 ⚡ 🔊 O657.69 H658.32 L655.9 C656.01 ATR=15.36 SL=657.55/658.31 rawVol=45961 volSMA=5579 buf=0.768 prices=657.5
2026-01-02T09:40:00.000-05:00,[KLB] CONF 9:40 ▼ BRK → ✓★ (auto-promote)
2026-01-02T09:40:00.000-05:00,[KLB] CONF 9:40 ▼ QBS/MC → ✓★ (auto-promote)
2026-01-02T09:40:00.000-05:00,[KLB] 9:40 ▼ ◆ ◆¹ ORB L 5.9x v70 vol= pos= vwap=below ema=bear rs=-0.8% adx=27 body=69% ramp=194.5x rangeATR=2.2 ⚡ 🔊 O657.69 H658.32 L655.9 C656.01 ATR=15.36 SL=657.55/658.31 rawVol=45961 volSMA=5579 buf=0.768 prices=
2026-01-02T09:45:00.000-05:00,[KLB] 5m CHECK 9:45 ▼ pnl=-0.01 → BAIL
2026-01-02T09:45:00.000-05:00,[KLB] CONF 9:45 ▼ BRK → ✗ (failed)
2026-01-02T09:50:00.000-05:00,[KLB] 9:50 ▲ ~~ ~ Week L + ~~ ORB L vol=7.7x pos=^98 vwap=above ema=bear rs=-0.6% adx=32 body=97% ramp=3x rangeATR=2.5 ⚡ ⚠ O656.02 H659.25 L655.99 C659.19 ATR=15.36 SL=657.65/656.89 rawVol=90899 volSMA=11739 buf=0.768 prices=656.65/657.5
2026-01-02T09:55:00.000-05:00,"[KLB] 9:55 ▲ ~~ ~~ Yest L
~ VWAP vol=7x pos=^93 vwap=above ema=bear rs=-0.3% adx=31 body=87% ramp=1.5x rangeATR=1.5 ⚠ O659.2 H661.13 L659.08 C660.99 ATR=15.36 SL=659.45/658.69 rawVol=26249 volSMA=13038 buf=0.768 prices=659.44"
2026-01-02T10:15:00.000-05:00,[KLB] 10:15 ▼ BRK Yest L + Week L + ORB L vol=2.5x pos=v84 vwap=below ema=bear rs=-0.9% adx=27 body=77% ramp=0.8x rangeATR=2.6 ⚡ O658.85 H659.16 L654.78 C655.48 ATR=15.36 SL=657.02/657.78 rawVol=48056 volSMA=19308 buf=0.768 prices=659.44/656.65/657.5
2026-01-02T10:30:00.000-05:00,[KLB] 10:30 ▼ ◆ ◆⁴ Week L 0.7x v32 vol= pos= vwap=below ema=bear rs=-0.8% adx=30 body=43% ramp=0.6x rangeATR=0.9 O653.98 H655.07 L653.64 C654.6 ATR=15.36 SL=656.14/656.9 rawVol=25348 volSMA=22135 buf=0.768 prices=
2026-01-02T10:45:00.000-05:00,"[KLB] 10:45 ▼ ◆ ◆⁴ Week L 0.7x v32
◆⁷ ORB L 0.8x v93 vol= pos= vwap=below ema=bear rs=-0.7% adx=29 body=59% ramp=0.7x rangeATR=0.9 O655.47 H656.88 L655.41 C656.34 ATR=15.36 SL=657.88/658.64 rawVol=13319 volSMA=24107 buf=0.768 prices="
2026-01-05T10:00:00.000-05:00,[KLB] 10:00 ▲ ~ ~ VWAP vol=1.9x pos=^82 vwap=above ema=bull rs=+1.2% adx=32 body=71% ramp=0.6x rangeATR=0.9 O658.03 H659.24 L657.88 C659 ATR=15.76 SL=657.42/656.64 rawVol=27138 volSMA=13937 buf=0.788 prices=
2026-01-06T09:40:00.000-05:00,[KLB] 9:40 ▼ 🔊 MC ramp=67.9x vol=8.6x pos=v96 vwap=below ema=bull adx=21 body=92% rangeATR=4 ⚡ O659.59 H659.72 L655.96 C656.12 ATR=15.83
2026-01-06T09:40:00.000-05:00,[KLB] 9:40 ▼ ~ ~ PM H + ~ Yest H vol=8.6x pos=v96 vwap=below ema=bull rs=-0.6% adx=21 body=92% ramp=67.9x rangeATR=4 ⚡ ⚠ 🔊 O659.59 H659.72 L655.96 C656.12 ATR=15.83 SL=657.7/658.49 rawVol=29979 volSMA=3792 buf=0.792 prices=659.88/664.54
2026-01-06T09:45:00.000-05:00,[KLB] 9:45 ▼ BRK PM L vol=5.8x pos=v86 vwap=below ema=bear rs=-0.9% adx=22 body=86% ramp=42.5x rangeATR=2.6 ⚡ ⚠ 🔊 O656.41 H656.42 L653.68 C654.05 ATR=15.83 SL=655.63/656.42 rawVol=28411 volSMA=5158 buf=0.792 prices=656
2026-01-06T09:45:00.000-05:00,[KLB] 9:45 ▼ ~ ~ VWAP vol=5.8x pos=v86 vwap=below ema=bear rs=-0.9% adx=22 body=86% ramp=42.5x rangeATR=2.6 ⚡ ⚠ 🔊 O656.41 H656.42 L653.68 C654.05 ATR=15.83 SL=655.63/656.42 rawVol=28411 volSMA=5158 buf=0.792 prices=
2026-01-06T09:45:00.000-05:00,[KLB] CONF 9:45 ▼ QBS/MC → ✓★ (auto-promote)
2026-01-06T09:45:00.000-05:00,[KLB] 9:45 ▼ ◆ ◆¹ PM L 6.5x v44 vol= pos= vwap=below ema=bear rs=-0.9% adx=22 body=86% ramp=42.5x rangeATR=2.6 ⚡ ⚠ 🔊 O656.41 H656.42 L653.68 C654.05 ATR=15.83 SL=655.63/656.42 rawVol=28411 volSMA=5158 buf=0.792 prices=
2026-01-06T09:50:00.000-05:00,[KLB] 5m CHECK 9:50 ▼ pnl=-0.08 → BAIL
2026-01-06T10:20:00.000-05:00,[KLB] CONF 10:20 ▼ BRK → ✗ (failed)
2026-01-06T10:25:00.000-05:00,[KLB] 10:25 ▲ ~~ ~~ PM L vol=0.7x pos=^92 vwap=above ema=bear rs=-0.7% adx=23 body=67% ramp=0.6x rangeATR=1.1 O656.23 H657.53 L655.81 C657.39 ATR=15.83 SL=655.81/655.02 rawVol=7984 volSMA=11764 buf=0.792 prices=656
2026-01-06T10:35:00.000-05:00,[KLB] 10:35 ▲ ~ ~ VWAP vol=0.9x pos=^66 vwap=above ema=bear rs=-0.5% adx=20 body=54% ramp=0.8x rangeATR=0.5 O657.93 H658.63 L657.84 C658.36 ATR=15.83 SL=656.78/655.99 rawVol=7990 volSMA=12574 buf=0.792 prices=
2026-01-06T13:40:00.000-05:00,[KLB] 13:40 ▲ ~~ ~~ ORB L vol=1x pos=^92 vwap=above ema=bull rs=-0.5% adx=23 body=92% ramp=0.7x rangeATR=1 ⚠ O658.58 H659.57 L658.58 C659.49 ATR=15.83 SL=657.91/657.12 rawVol=14673 volSMA=14902 buf=0.792 prices=658.79
2026-01-06T15:55:00.000-05:00,[KLB] 15:55 ▲ ~~ ~~ ORB L vol=3.2x pos=^89 vwap=above ema=bull rs=-0.6% adx=27 body=75% ramp=1.8x rangeATR=1.3 O658.99 H660 L658.82 C659.87 ATR=15.83 SL=658.29/657.5 rawVol=31125 volSMA=9596 buf=0.792 prices=658.79
2026-01-07T09:50:00.000-05:00,[KLB] 9:50 ▼ ~ ~ VWAP vol=3.9x pos=v81 vwap=below ema=bear rs=-0.3% adx=21 body=36% ramp=1.9x rangeATR=1.2 O654.83 H655.45 L654.1 C654.35 ATR=15.67 SL=655.92/656.7 rawVol=26003 volSMA=6637 buf=0.784 prices=
2026-01-07T09:55:00.000-05:00,[KLB] 9:55 ▼ BRK PM L vol=3.5x pos=v52 vwap=below ema=bear rs=-0.3% adx=22 body=30% ramp=1x rangeATR=1.2 O654.34 H654.65 L653.2 C653.9 ATR=15.67 SL=655.47/656.25 rawVol=28301 volSMA=7984 buf=0.784 prices=654
2026-01-07T09:55:00.000-05:00,[KLB] 9:55 ▼ ◆ ◆¹ PM L 4.3x v80 vol= pos= vwap=below ema=bear rs=-0.3% adx=22 body=30% ramp=1x rangeATR=1.2 O654.34 H654.65 L653.2 C653.9 ATR=15.67 SL=655.47/656.25 rawVol=28301 volSMA=7984 buf=0.784 prices=
2026-01-07T10:05:00.000-05:00,[KLB] 10:05 ▼ BRK Yest L vol=4.8x pos=v96 vwap=below ema=bear rs=-1% adx=27 body=87% ramp=1.5x rangeATR=2.5 ⚡ ⚠ O651.78 H652.1 L648.5 C648.65 ATR=15.67 SL=650.22/651 rawVol=60550 volSMA=12699 buf=0.784 prices=651.9
2026-01-07T10:05:00.000-05:00,[KLB] CONF 10:05 ▼ BRK → ✓ (auto-promote)
2026-01-07T10:10:00.000-05:00,[KLB] 5m CHECK 10:10 ▼ pnl=0.13 → HOLD
2026-01-07T11:45:00.000-05:00,[KLB] 11:45 ▼ ◆ ◆²¹ Yest L 0.5x v15 vol= pos= vwap=above ema=bear rs=-0.8% adx=27 body=87% ramp=0.9x rangeATR=1.6 ⚠ O649.04 H651.42 L649.04 C651.11 ATR=15.67 SL=652.68/653.46 rawVol=13831 volSMA=24257 buf=0.784 prices=
2026-01-07T11:55:00.000-05:00,[KLB] 11:55 ▲ ~ ~ VWAP vol=0.6x pos=^96 vwap=above ema=bear rs=-0.7% adx=25 body=61% ramp=1.2x rangeATR=0.5 O651.52 H652.02 L651.25 C651.99 ATR=15.67 SL=650.42/649.64 rawVol=12909 volSMA=20918 buf=0.784 prices=
2026-01-07T11:55:00.000-05:00,[KLB] CONF 11:55 ▼ BRK → ✗ (failed)
2026-01-08T09:45:00.000-05:00,[KLB] 9:45 ▼ 🔊 MC ramp=38.7x vol=4.1x pos=v78 vwap=below ema=bear adx=25 body=52% rangeATR=2.6 ⚡ O638.5 H639.4 L635.95 C636.72 ATR=15.68
2026-01-08T09:45:00.000-05:00,[KLB] 9:45 ▼ ~ ~ VWAP vol=4.1x pos=v78 vwap=below ema=bear rs=-1.3% adx=25 body=52% ramp=38.7x rangeATR=2.6 ⚡ 🔊 O638.5 H639.4 L635.95 C636.72 ATR=15.68 SL=638.29/639.07 rawVol=51366 volSMA=12594 buf=0.784 prices=
2026-01-08T09:50:00.000-05:00,[KLB] CONF 9:50 ▼ QBS/MC → ✗ (failed)
2026-01-08T10:00:00.000-05:00,[KLB] 10:00 ▼ 🔇 QBS ramp=0.4x vol=1.5x pos=v86 vwap=below ema=bear adx=34 body=86% rangeATR=1.6 O638.98 H639 L636.31 C636.68 ATR=15.68
2026-01-08T10:05:00.000-05:00,[KLB] CONF 10:05 ▼ QBS/MC → ✗ (failed)
2026-01-08T10:20:00.000-05:00,[KLB] 10:20 ▲ ~ ~ VWAP vol=0.4x pos=^93 vwap=above ema=bear rs=-0.9% adx=34 body=61% ramp=0.7x rangeATR=0.8 O640.43 H641.39 L639.98 C641.29 ATR=15.68 SL=639.72/638.94 rawVol=8248 volSMA=21237 buf=0.784 prices=
2026-01-08T10:50:00.000-05:00,[KLB] 10:50 ▲ ~ ~ Week L vol=1.4x pos=^68 vwap=above ema=bear rs=-0.3% adx=26 body=38% ramp=1.5x rangeATR=0.7 O643.86 H644.69 L643.5 C644.31 ATR=15.68 SL=642.74/641.96 rawVol=19213 volSMA=27064 buf=0.784 prices=643.5
2026-01-08T11:00:00.000-05:00,[KLB] 11:00 ▲ ~ ~ Week L vol=0.5x pos=^90 vwap=above ema=bear rs=-0.4% adx=23 body=63% ramp=0.8x rangeATR=1.2 O643.05 H644.5 L642.5 C644.31 ATR=15.68 SL=642.74/641.96 rawVol=14443 volSMA=28149 buf=0.784 prices=643.5
2026-01-08T15:35:00.000-05:00,[KLB] 15:35 ▲ ~ ~ PM L vol=1.6x pos=^100 vwap=above ema=bull rs=-0.1% adx=25 body=100% ramp=1.5x rangeATR=1.6 ⚠ O644.93 H646.21 L644.93 C646.21 ATR=15.68 SL=644.64/643.86 rawVol=16592 volSMA=10535 buf=0.784 prices=644.9
2026-01-08T15:40:00.000-05:00,[KLB] 15:40 ▲ BRK ORB H vol=1.5x pos=^99 vwap=above ema=bull rs=+0.1% adx=27 body=78% ramp=1.1x rangeATR=1.1 O646.21 H646.9 L646.03 C646.89 ATR=15.68 SL=645.32/644.54 rawVol=16062 volSMA=10789 buf=0.784 prices=645.96
2026-01-08T15:40:00.000-05:00,[KLB] 15:40 ▲ ◆ ◆¹ ORB H 1.2x ^25 vol= pos= vwap=above ema=bull rs=+0.1% adx=27 body=78% ramp=1.1x rangeATR=1.1 O646.21 H646.9 L646.03 C646.89 ATR=15.68 SL=645.32/644.54 rawVol=16062 volSMA=10789 buf=0.784 prices=
2026-01-09T09:40:00.000-05:00,[KLB] 9:40 ▲ 🔊 MC ramp=52x vol=11.7x pos=^64 vwap=above ema=bull adx=31 body=64% rangeATR=3.9 ⚡ O646.26 H651 L646.26 C649.3 ATR=15.49
2026-01-09T09:40:00.000-05:00,[KLB] 9:40 ▲ BRK PM H + Yest H + ORB H vol=11.7x pos=^64 vwap=above ema=bull rs=+0.4% adx=31 body=64% ramp=52x rangeATR=3.9 ⚡ 🔊 O646.26 H651 L646.26 C649.3 ATR=15.49 SL=647.75/646.98 rawVol=66023 volSMA=5635 buf=0.774 prices=648.54/647.1/647.03
2026-01-09T09:40:00.000-05:00,[KLB] 9:40 ▲ ~ ~ VWAP vol=11.7x pos=^64 vwap=above ema=bull rs=+0.4% adx=31 body=64% ramp=52x rangeATR=3.9 ⚡ 🔊 O646.26 H651 L646.26 C649.3 ATR=15.49 SL=647.75/646.98 rawVol=66023 volSMA=5635 buf=0.774 prices=
2026-01-09T09:40:00.000-05:00,"[KLB] 9:40 ▲ ◆ ◆¹ Yest H 5.2x ^10
◆¹ ORB H 5.2x ^10 vol= pos= vwap=above ema=bull rs=+0.4% adx=31 body=64% ramp=52x rangeATR=3.9 ⚡ 🔊 O646.26 H651 L646.26 C649.3 ATR=15.49 SL=647.75/646.98 rawVol=66023 volSMA=5635 buf=0.774 prices="
2026-01-09T09:45:00.000-05:00,[KLB] 9:45 ▼ 🔊 MC ramp=49.8x vol=4.1x pos=v90 vwap=below ema=bull adx=30 body=66% rangeATR=2.8 ⚡ O649.32 H650.25 L646.29 C646.69 ATR=15.49
2026-01-09T09:45:00.000-05:00,[KLB] 9:45 ▼ ~ ~ PM H vol=4.1x pos=v90 vwap=below ema=bull rs=+0.1% adx=30 body=66% ramp=49.8x rangeATR=2.8 ⚡ 🔊 O649.32 H650.25 L646.29 C646.69 ATR=15.49 SL=648.24/649.01 rawVol=29485 volSMA=7106 buf=0.774 prices=648.54
2026-01-09T09:45:00.000-05:00,[KLB] CONF 9:45 ▲ BRK → ✗ (failed)
2026-01-09T09:50:00.000-05:00,[KLB] CONF 9:50 ▼ QBS/MC → ✗ (failed)
2026-01-09T10:10:00.000-05:00,"[KLB] 10:10 ▼ ~~ ~~ Yest H + ~~ ORB H
~ VWAP vol=2.4x pos=v84 vwap=below ema=bull rs=-0.1% adx=27 body=81% ramp=0.9x rangeATR=2.8 ⚡ ⚠ O647.56 H647.71 L642.85 C643.63 ATR=15.49 SL=645.18/645.95 rawVol=37981 volSMA=15573 buf=0.774 prices=647.1/647.03"
2026-01-09T10:20:00.000-05:00,[KLB] 10:20 ▲ ~ ~ Yest L vol=1.4x pos=^75 vwap=above ema=bull rs=+0.2% adx=24 body=72% ramp=1x rangeATR=1.2 O645.74 H647.94 L645.66 C647.38 ATR=15.49 SL=645.83/645.06 rawVol=19678 volSMA=17573 buf=0.774 prices=635.72
2026-01-09T10:25:00.000-05:00,[KLB] 10:25 ▲ BRK Yest H + ORB H vol=1.8x pos=^82 vwap=above ema=bull rs=+0.2% adx=23 body=61% ramp=0.8x rangeATR=1.1 O647.36 H649.01 L646.91 C648.64 ATR=15.49 SL=647.09/646.32 rawVol=33818 volSMA=19239 buf=0.774 prices=647.1/647.03
2026-01-09T10:30:00.000-05:00,[KLB] 10:30 ▲ BRK PM H vol=1.7x pos=^64 vwap=above ema=bull rs=+0.2% adx=22 body=32% ramp=0.9x rangeATR=0.8 O648.74 H649.76 L648.26 C649.22 ATR=15.49 SL=647.67/646.9 rawVol=25662 volSMA=20463 buf=0.774 prices=648.54
2026-01-09T10:30:00.000-05:00,[KLB] CONF 10:30 ▲ BRK → ✓ (auto-promote)
2026-01-09T10:35:00.000-05:00,[KLB] 5m CHECK 10:35 ▲ pnl=0.14 → HOLD
2026-01-09T10:45:00.000-05:00,[KLB] 10:45 ▲ ◆ ◆⁴ PM H 0.8x ^0 vol= pos= vwap=above ema=bull rs=+0.4% adx=23 body=92% ramp=1x rangeATR=1.1 ⚠ O651.1 H651.25 L649.28 C649.28 ATR=15.49 SL=647.73/646.96 rawVol=17978 volSMA=24495 buf=0.774 prices=
2026-01-12T09:30:00.000-05:00,[KLB] 9:30 ▲ 🔇 QBS ramp=0.2x vol=1.3x pos=^80 vwap=above ema=bull adx=39 body=80% rangeATR=2.7 ⚡ O649.78 H653.7 L649.78 C652.91 ATR=15.25
2026-01-12T09:30:00.000-05:00,[KLB] 9:30 ▲ ~ ~ VWAP vol=1.3x pos=^80 vwap=above ema=bull rs=-0.4% adx=39 body=80% ramp=0.2x rangeATR=2.7 ⚡ 🔇 O649.78 H653.7 L649.78 C652.91 ATR=15.25 SL=651.39/650.62 rawVol=2468 volSMA=1833 buf=0.762 prices=
2026-01-12T09:35:00.000-05:00,[KLB] CONF 9:35 ▲ QBS/MC → ✓ (auto-promote)
2026-01-12T09:40:00.000-05:00,[KLB] 9:40 ▼ 🔊 MC ramp=19.3x vol=6.2x pos=v87 vwap=below ema=bull adx=42 body=73% rangeATR=2.9 ⚡ O653.27 H653.98 L648.55 C649.28 ATR=15.25
2026-01-12T09:40:00.000-05:00,[KLB] 9:40 ▼ ~ ~ Yest H + ~ ORB H vol=6.2x pos=v87 vwap=below ema=bull rs=-0.8% adx=42 body=73% ramp=19.3x rangeATR=2.9 ⚡ 🔊 O653.27 H653.98 L648.55 C649.28 ATR=15.25 SL=650.8/651.57 rawVol=34747 volSMA=5645 buf=0.762 prices=654.95/653.39
2026-01-12T09:40:00.000-05:00,[KLB] 5m CHECK 9:40 ▲ pnl=-0.25 → BAIL
2026-01-12T09:45:00.000-05:00,[KLB] CONF 9:45 ▼ QBS/MC → ✗ (failed)
2026-01-12T09:55:00.000-05:00,[KLB] 9:55 ▼ ~ ~ VWAP vol=2.7x pos=v85 vwap=below ema=bull rs=-1% adx=42 body=57% ramp=0.8x rangeATR=1 O649.47 H649.99 L648.1 C648.39 ATR=15.25 SL=649.91/650.68 rawVol=13065 volSMA=8835 buf=0.762 prices=
2026-01-12T12:05:00.000-05:00,[KLB] 12:05 ▲ ~ ~ ORB L vol=1.8x pos=^80 vwap=above ema=bull rs=-0.9% adx=25 body=64% ramp=2.2x rangeATR=1.3 O649.66 H650.96 L649.41 C650.65 ATR=15.25 SL=649.13/648.36 rawVol=18919 volSMA=13054 buf=0.762 prices=650.09
2026-01-12T15:50:00.000-05:00,[KLB] 15:50 ▼ BRK PM L vol=2.6x pos=v96 vwap=below ema=bear rs=-2.1% adx=25 body=96% ramp=1.3x rangeATR=1.7 ⚠ O645 H645 L643.31 C643.37 ATR=15.25 SL=644.89/645.66 rawVol=38260 volSMA=14881 buf=0.762 prices=645.26
2026-01-12T15:55:00.000-05:00,[KLB] 15:55 ▼ BRK Yest L vol=4.5x pos=v54 vwap=below ema=bear rs=-2.3% adx=28 body=54% ramp=1.6x rangeATR=2.1 ⚡ O643.38 H643.38 L641.21 C642.21 ATR=15.25 SL=643.73/644.5 rawVol=84926 volSMA=18805 buf=0.762 prices=642.85
2026-01-12T15:55:00.000-05:00,[KLB] CONF 15:55 ▼ BRK → ✓ (auto-promote)
2026-01-12T15:55:00.000-05:00,[KLB] 15:55 ▼ ◆ ◆¹ Yest L 5x v70 vol= pos= vwap=below ema=bear rs=-2.3% adx=28 body=54% ramp=1.6x rangeATR=2.1 ⚡ O643.38 H643.38 L641.21 C642.21 ATR=15.25 SL=643.73/644.5 rawVol=84926 volSMA=18805 buf=0.762 prices=
2026-01-12T16:00:00.000-05:00,[KLB] 5m CHECK 16:00 ▼ pnl=0.01 → BAIL
2026-01-13T09:35:00.000-05:00,[KLB] 9:35 ▼ 🔊 MC ramp=70.5x vol=15.2x pos=v59 vwap=below ema=bull adx=26 body=52% rangeATR=4.6 ⚡ O641.71 H642.05 L637.1 C639.13 ATR=15.07
2026-01-13T09:40:00.000-05:00,[KLB] CONF 9:40 ▼ QBS/MC → ✓ (auto-promote)
2026-01-13T09:45:00.000-05:00,[KLB] 9:45 ▼ BRK ORB L vol=6.2x pos=v73 vwap=below ema=bear rs=-0.9% adx=30 body=46% ramp=42.3x rangeATR=2.9 ⚡ 🔊 O638.12 H639.18 L635.35 C636.37 ATR=15.07 SL=637.88/638.63 rawVol=62466 volSMA=10045 buf=0.753 prices=637.1
2026-01-13T09:45:00.000-05:00,[KLB] 9:45 ▼ ~ ~ VWAP vol=6.2x pos=v73 vwap=below ema=bear rs=-0.9% adx=30 body=46% ramp=42.3x rangeATR=2.9 ⚡ 🔊 O638.12 H639.18 L635.35 C636.37 ATR=15.07 SL=637.88/638.63 rawVol=62466 volSMA=10045 buf=0.753 prices=
2026-01-13T09:45:00.000-05:00,[KLB] 5m CHECK 9:45 ▼ pnl=0.12 → HOLD
2026-01-13T09:45:00.000-05:00,[KLB] 9:45 ▼ ◆ ◆¹ ORB L 2.5x v89 vol= pos= vwap=below ema=bear rs=-0.9% adx=30 body=46% ramp=42.3x rangeATR=2.9 ⚡ 🔊 O638.12 H639.18 L635.35 C636.37 ATR=15.07 SL=637.88/638.63 rawVol=62466 volSMA=10045 buf=0.753 prices=
2026-01-13T09:55:00.000-05:00,[KLB] 9:55 ▼ BRK Week L vol=4.5x pos=v98 vwap=below ema=bear rs=-1.3% adx=34 body=90% ramp=1.3x rangeATR=2.6 ⚡ ⚠ O636.51 H636.83 L632.73 C632.8 ATR=15.07 SL=634.31/635.06 rawVol=65419 volSMA=14522 buf=0.753 prices=635.72
2026-01-13T09:55:00.000-05:00,[KLB] CONF 9:55 ▼ BRK → ✓ (auto-promote)
2026-01-13T10:00:00.000-05:00,[KLB] 5m CHECK 10:00 ▼ pnl=0.22 → HOLD
2026-01-14T09:55:00.000-05:00,[KLB] 9:55 ▼ BRK ORB L vol=3.1x pos=v64 vwap=below ema=bear rs=-0.4% adx=20 body=62% ramp=1.2x rangeATR=1.8 O624.51 H624.55 L622.12 C623 ATR=15.29 SL=624.53/625.29 rawVol=31970 volSMA=10199 buf=0.765 prices=623.81
2026-01-14T10:00:00.000-05:00,[KLB] 10:00 ▼ ~ ~ VWAP vol=3.6x pos=v99 vwap=below ema=bear rs=-0.5% adx=22 body=94% ramp=0.7x rangeATR=1.4 ⚠ O622.91 H623.01 L620.96 C620.98 ATR=15.29 SL=622.51/623.27 rawVol=43786 volSMA=12248 buf=0.765 prices=
2026-01-14T10:15:00.000-05:00,[KLB] 10:15 ▼ ◆ ◆⁵ ORB L 1.1x v91 vol= pos= vwap=below ema=bear rs=-0.5% adx=27 body=76% ramp=1x rangeATR=1.9 O620.83 H623.17 L620.32 C623 ATR=15.29 SL=624.53/625.29 rawVol=21302 volSMA=17373 buf=0.765 prices=
2026-01-15T15:15:00.000-05:00,[KLB] 15:15 ▼ ~ ~ PM H vol=1x pos=v44 vwap=below ema=bear rs=+0.3% adx=37 body=44% ramp=1x rangeATR=0.7 O618.91 H618.91 L618.36 C618.67 ATR=15.36 SL=620.21/620.97 rawVol=12457 volSMA=12370 buf=0.768 prices=619.32
2026-01-15T15:20:00.000-05:00,"[KLB] 15:20 ▼ ~ ~ ORB H
~ VWAP vol=1.6x pos=v100 vwap=below ema=bear rs=+0.2% adx=39 body=95% ramp=1.2x rangeATR=1.9 ⚠ O618.66 H618.74 L617.17 C617.17 ATR=15.36 SL=618.71/619.47 rawVol=20892 volSMA=12719 buf=0.768 prices=618.95"
2026-01-16T10:05:00.000-05:00,[KLB] 10:05 ▲ ~ ~ VWAP vol=1.6x pos=^98 vwap=above ema=bull rs=+0.8% adx=32 body=62% ramp=0.5x rangeATR=1.4 O626.24 H627.5 L625.51 C627.47 ATR=14.97 SL=625.97/625.22 rawVol=28027 volSMA=17386 buf=0.749 prices=
2026-01-16T10:30:00.000-05:00,[KLB] 10:30 ▼ ~ ~ ORB H vol=0.9x pos=v100 vwap=below ema=bull rs=+0.3% adx=34 body=100% ramp=0.8x rangeATR=1.3 ⚠ O626.56 H626.56 L624.39 C624.39 ATR=14.97 SL=625.89/626.64 rawVol=22274 volSMA=24156 buf=0.749 prices=625.23
2026-01-16T10:35:00.000-05:00,"[KLB] 10:35 ▼ ~ ~ PM H
~ VWAP vol=0.9x pos=v73 vwap=below ema=bull rs=+0.3% adx=32 body=54% ramp=0.7x rangeATR=0.8 O624.33 H624.57 L623.3 C623.64 ATR=14.97 SL=625.14/625.89 rawVol=21720 volSMA=25215 buf=0.749 prices=624.34"
2026-01-16T11:35:00.000-05:00,[KLB] 11:35 ▼ ~ ~ ORB H vol=0.8x pos=v99 vwap=below ema=bull rs=+0.2% adx=21 body=87% ramp=1.2x rangeATR=1.1 ⚠ O625.58 H625.75 L624.33 C624.35 ATR=14.97 SL=625.85/626.6 rawVol=16466 volSMA=19439 buf=0.749 prices=625.23
2026-01-16T14:20:00.000-05:00,[KLB] 14:20 ▼ ~ ~ ORB H vol=1.5x pos=v72 vwap=below ema=bull rs=+0.3% adx=21 body=54% ramp=1.5x rangeATR=0.9 O624.98 H625.13 L624.31 C624.54 ATR=14.97 SL=626.04/626.79 rawVol=20172 volSMA=15474 buf=0.749 prices=625.23
2026-01-16T14:25:00.000-05:00,[KLB] 14:25 ▼ ~ ~ PM H vol=2x pos=v74 vwap=below ema=bull rs=+0.1% adx=22 body=69% ramp=1.7x rangeATR=1.6 O624.45 H624.54 L622.9 C623.32 ATR=14.97 SL=624.82/625.57 rawVol=32787 volSMA=16044 buf=0.749 prices=624.34
2026-01-16T15:00:00.000-05:00,[KLB] 15:00 ▼ ~ ~ PM H vol=0.7x pos=v54 vwap=below ema=bear rs=+0.1% adx=24 body=54% ramp=0.4x rangeATR=0.6 🔇 O624.05 H624.05 L623.52 C623.76 ATR=14.97 SL=625.26/626.01 rawVol=10860 volSMA=15102 buf=0.749 prices=624.34
2026-01-16T15:15:00.000-05:00,[KLB] 15:15 ▼ ~ ~ PM H vol=0.7x pos=v73 vwap=below ema=bear rs=0% adx=25 body=47% ramp=1.1x rangeATR=1.1 O623.71 H623.96 L623.02 C623.27 ATR=14.97 SL=624.77/625.52 rawVol=10692 volSMA=15129 buf=0.749 prices=624.34
2026-01-20T12:50:00.000-05:00,[KLB] 12:50 ▼ ~ ~ VWAP vol=0.8x pos=v92 vwap=below ema=bear rs=-0.2% adx=24 body=69% ramp=1x rangeATR=0.5 O606.67 H606.81 L606.2 C606.25 ATR=14.55 SL=607.7/608.43 rawVol=8434 volSMA=10499 buf=0.727 prices=
2026-01-21T09:35:00.000-05:00,[KLB] 9:35 ▼ 🔊 MC ramp=12.5x vol=14x pos=v70 vwap=below ema=bull adx=27 body=70% rangeATR=4.4 ⚡ O606.8 H606.8 L601.36 C603 ATR=14.95
2026-01-21T09:40:00.000-05:00,[KLB] CONF 9:40 ▼ QBS/MC → ✓ (auto-promote)
2026-01-21T09:45:00.000-05:00,[KLB] 5m CHECK 9:45 ▼ pnl=0 → BAIL
2026-01-21T09:55:00.000-05:00,[KLB] 9:55 ▲ ~ ~ PM L vol=3.6x pos=^92 vwap=above ema=bear rs=-0.8% adx=28 body=82% ramp=1.3x rangeATR=1.4 ⚠ O602.09 H604.06 L601.88 C603.88 ATR=14.95 SL=602.38/601.64 rawVol=33600 volSMA=9334 buf=0.748 prices=603
2026-01-21T10:00:00.000-05:00,"[KLB] 10:00 ▲ ~ ~ Yest L
~ VWAP vol=3.1x pos=^75 vwap=above ema=bear rs=-0.7% adx=27 body=54% ramp=0.9x rangeATR=1.5 O603.98 H605.78 L603.5 C605.2 ATR=14.95 SL=603.7/602.96 rawVol=32086 volSMA=10919 buf=0.748 prices=600"
2026-01-21T10:15:00.000-05:00,[KLB] 10:15 ▲ ~ ~ PM L + ~ Yest L vol=1.2x pos=^84 vwap=above ema=bear rs=-0.8% adx=24 body=40% ramp=0.8x rangeATR=1.2 O603.58 H604.61 L602.77 C604.32 ATR=14.95 SL=602.82/602.08 rawVol=16763 volSMA=14456 buf=0.748 prices=603/600
2026-01-21T10:45:00.000-05:00,[KLB] 10:45 ▲ BRK Yest H vol=1.8x pos=^61 vwap=above ema=bull rs=+0.1% adx=24 body=58% ramp=1.1x rangeATR=1.1 O610.71 H612.48 L610.64 C611.77 ATR=14.95 SL=610.27/609.53 rawVol=40078 volSMA=22211 buf=0.748 prices=611.4
2026-01-21T10:45:00.000-05:00,[KLB] 10:45 ▲ ◆ ◆¹ Yest H 1x ^99 vol= pos= vwap=above ema=bull rs=+0.1% adx=24 body=58% ramp=1.1x rangeATR=1.1 O610.71 H612.48 L610.64 C611.77 ATR=14.95 SL=610.27/609.53 rawVol=40078 volSMA=22211 buf=0.748 prices=
2026-01-21T11:35:00.000-05:00,[KLB] CONF 11:35 ▲ BRK → ✗ (failed)
2026-01-21T14:45:00.000-05:00,[KLB] 14:45 ▲ ~ ~ Week L vol=1.5x pos=^74 vwap=above ema=bull rs=+0.3% adx=20 body=67% ramp=1x rangeATR=1.2 O614.29 H615.98 L614.15 C615.51 ATR=14.95 SL=614.01/613.27 rawVol=11634 volSMA=7814 buf=0.748 prices=614.23
2026-01-21T15:25:00.000-05:00,[KLB] 15:25 ▲ ~ ~ Week L vol=0.8x pos=^57 vwap=above ema=bull rs=+0.4% adx=31 body=57% ramp=0.8x rangeATR=0.6 O614.21 H615.16 L614.21 C614.75 ATR=14.95 SL=613.25/612.51 rawVol=8233 volSMA=10659 buf=0.748 prices=614.23
2026-01-21T15:40:00.000-05:00,[KLB] 15:40 ▲ ~ ~ Week L vol=1.5x pos=^61 vwap=above ema=bull rs=+0.5% adx=27 body=44% ramp=1.2x rangeATR=0.7 O614.6 H615.5 L614.42 C615.08 ATR=14.95 SL=613.58/612.84 rawVol=17155 volSMA=11628 buf=0.748 prices=614.23
2026-01-21T15:50:00.000-05:00,[KLB] 15:50 ▲ ~ ~ Week L vol=1.2x pos=^95 vwap=above ema=bull rs=+0.5% adx=24 body=31% ramp=1.8x rangeATR=0.7 O614.64 H615 L614.01 C614.95 ATR=14.95 SL=613.45/612.71 rawVol=15495 volSMA=12808 buf=0.748 prices=614.23
2026-01-22T09:35:00.000-05:00,[KLB] 9:35 ▲ 🔊 MC ramp=55.4x vol=16.4x pos=^98 vwap=above ema=bull adx=49 body=61% rangeATR=4.8 ⚡ O629.35 H634.12 L626.55 C633.97 ATR=15.19
2026-01-22T09:35:00.000-05:00,[KLB] 9:35 ▲ BRK PM H vol=16.4x pos=^98 vwap=above ema=bull rs=+0.7% adx=49 body=61% ramp=55.4x rangeATR=4.8 ⚡ 🔊 O629.35 H634.12 L626.55 C633.97 ATR=15.19 SL=632.45/631.69 rawVol=165352 volSMA=10071 buf=0.759 prices=630.98
2026-01-22T09:35:00.000-05:00,[KLB] 9:35 ▲ ~ ~ VWAP vol=16.4x pos=^98 vwap=above ema=bull rs=+0.7% adx=49 body=61% ramp=55.4x rangeATR=4.8 ⚡ 🔊 O629.35 H634.12 L626.55 C633.97 ATR=15.19 SL=632.45/631.69 rawVol=165352 volSMA=10071 buf=0.759 prices=
2026-01-22T09:35:00.000-05:00,[KLB] 9:35 ▲ ◆ ◆¹ PM H 12x ^81 vol= pos= vwap=above ema=bull rs=+0.7% adx=49 body=61% ramp=55.4x rangeATR=4.8 ⚡ 🔊 O629.35 H634.12 L626.55 C633.97 ATR=15.19 SL=632.45/631.69 rawVol=165352 volSMA=10071 buf=0.759 prices=
2026-01-22T09:40:00.000-05:00,[KLB] CONF 9:40 ▲ QBS/MC → ✓★ (auto-promote)
2026-01-22T09:45:00.000-05:00,[KLB] 5m CHECK 9:45 ▲ pnl=0.11 → HOLD
2026-01-22T09:50:00.000-05:00,[KLB] 9:50 ▼ ~ ~ ORB H vol=4.1x pos=v100 vwap=below ema=bull rs=+0.6% adx=53 body=74% ramp=1.8x rangeATR=2.7 ⚡ O635.95 H637.48 L631.61 C631.61 ATR=15.19 SL=633.13/633.89 rawVol=102919 volSMA=25246 buf=0.759 prices=634.12
2026-01-22T09:55:00.000-05:00,[KLB] CONF 9:55 ▲ BRK → ✗ (failed)
2026-01-22T10:00:00.000-05:00,"[KLB] 10:00 ▼ ~~ ~~ PM H
~ VWAP vol=1.8x pos=v88 vwap=below ema=bull rs=+0.5% adx=52 body=69% ramp=0.6x rangeATR=1.2 O632.28 H632.8 L630.08 C630.41 ATR=15.19 SL=631.93/632.69 rawVol=55751 volSMA=30705 buf=0.759 prices=630.98"
2026-01-23T09:35:00.000-05:00,[KLB] 9:35 ▲ 🔊 MC ramp=34.1x vol=16.1x pos=^71 vwap=above ema=bear adx=32 body=65% rangeATR=6.7 ⚡ O644.84 H653.8 L644.26 C651.02 ATR=17.5
2026-01-23T09:35:00.000-05:00,[KLB] 9:35 ▲ ~ ~ VWAP vol=16.1x pos=^71 vwap=above ema=bear rs=+1% adx=32 body=65% ramp=34.1x rangeATR=6.7 ⚡ 🔊 O644.84 H653.8 L644.26 C651.02 ATR=17.5 SL=649.26/648.39 rawVol=97222 volSMA=6044 buf=0.875 prices=
2026-01-23T09:40:00.000-05:00,[KLB] CONF 9:40 ▲ QBS/MC → ✗ (failed)
2026-01-23T09:55:00.000-05:00,[KLB] 9:55 ▲ BRK Week H + ORB H vol=4.9x pos=^90 vwap=above ema=bull rs=+1.6% adx=43 body=67% ramp=1.2x rangeATR=1.6 O652.83 H655.28 L652.09 C654.96 ATR=17.5 SL=653.21/652.33 rawVol=67290 volSMA=18775 buf=0.875 prices=653.97/653.8
2026-01-23T09:55:00.000-05:00,"[KLB] 9:55 ▲ ◆ ◆¹ Week H 3.4x ^79
◆¹ ORB H 3.4x ^79 vol= pos= vwap=above ema=bull rs=+1.6% adx=43 body=67% ramp=1.2x rangeATR=1.6 O652.83 H655.28 L652.09 C654.96 ATR=17.5 SL=653.21/652.33 rawVol=67290 volSMA=18775 buf=0.875 prices="
2026-01-26T10:20:00.000-05:00,[KLB] 10:20 ▲ ~ ~ VWAP vol=1.6x pos=^98 vwap=above ema=bull rs=+0.3% adx=37 body=82% ramp=1x rangeATR=1.1 ⚠ O667.75 H669.63 L667.39 C669.59 ATR=17.83 SL=667.81/666.92 rawVol=24596 volSMA=15518 buf=0.891 prices=
2026-01-26T10:30:00.000-05:00,[KLB] 10:30 ▲ BRK ORB H vol=1.9x pos=^94 vwap=above ema=bull rs=+0.6% adx=41 body=62% ramp=2.3x rangeATR=1.2 O669.25 H670.91 L668.45 C670.77 ATR=17.83 SL=668.99/668.1 rawVol=38324 volSMA=20056 buf=0.891 prices=669.84
2026-01-26T10:30:00.000-05:00,[KLB] 10:30 ▲ ◆ ◆¹ ORB H 1.2x ^14 vol= pos= vwap=above ema=bull rs=+0.6% adx=41 body=62% ramp=2.3x rangeATR=1.2 O669.25 H670.91 L668.45 C670.77 ATR=17.83 SL=668.99/668.1 rawVol=38324 volSMA=20056 buf=0.891 prices=
2026-01-26T10:40:00.000-05:00,[KLB] CONF 10:40 ▲ BRK → ✗ (failed)
2026-01-27T15:20:00.000-05:00,[KLB] 15:20 ▲ ~ ~ PM L vol=2.5x pos=^73 vwap=above ema=bull rs=-0.4% adx=20 body=72% ramp=1.7x rangeATR=1.3 O672.92 H674 L672.91 C673.71 ATR=17.73 SL=671.94/671.05 rawVol=28474 volSMA=11388 buf=0.887 prices=672.54
2026-01-28T09:30:00.000-05:00,[KLB] 9:30 ▲ ~ ~ VWAP vol=0.6x pos=^57 vwap=above ema=bull rs=+0.3% adx=34 body=57% ramp=1.1x rangeATR=2.5 ⚡ O673.8 H675.8 L673.8 C674.94 ATR=17.33 SL=673.21/672.34 rawVol=967 volSMA=1577 buf=0.867 prices=
2026-01-28T09:40:00.000-05:00,[KLB] 9:40 ▼ 🔊 MC ramp=14.7x vol=7.7x pos=v73 vwap=below ema=bull adx=31 body=63% rangeATR=2.7 ⚡ O674.13 H674.44 L671.5 C672.29 ATR=17.33
2026-01-28T09:45:00.000-05:00,[KLB] CONF 9:45 ▼ QBS/MC → ✗ (failed)
2026-01-28T09:50:00.000-05:00,[KLB] 9:50 ▲ ~ ~ Yest L + ~ ORB L vol=4.7x pos=^85 vwap=above ema=bull rs=0% adx=28 body=78% ramp=2.6x rangeATR=1.5 O672.98 H674.79 L672.85 C674.5 ATR=17.33 SL=672.77/671.9 rawVol=33374 volSMA=8397 buf=0.867 prices=664.66/672.6
2026-01-28T10:05:00.000-05:00,[KLB] 10:05 ▲ BRK PM H + ORB H vol=3.5x pos=^85 vwap=above ema=bull rs=+0.4% adx=28 body=50% ramp=1.2x rangeATR=2.4 ⚡ O675.4 H677.6 L674.2 C677.1 ATR=17.33 SL=675.37/674.5 rawVol=50474 volSMA=14345 buf=0.867 prices=675.8/675.55
2026-01-28T10:05:00.000-05:00,"[KLB] 10:05 ▲ ◆ ◆¹ PM H 5.1x ^5
◆¹ ORB H 5.1x ^5 vol= pos= vwap=above ema=bull rs=+0.4% adx=28 body=50% ramp=1.2x rangeATR=2.4 ⚡ O675.4 H677.6 L674.2 C677.1 ATR=17.33 SL=675.37/674.5 rawVol=50474 volSMA=14345 buf=0.867 prices="
2026-01-28T10:10:00.000-05:00,[KLB] CONF 10:10 ▲ BRK → ✗ (failed)
2026-01-28T10:35:00.000-05:00,[KLB] 10:35 ▼ 🔇 QBS ramp=0.5x vol=0.7x pos=v98 vwap=below ema=bull adx=24 body=89% rangeATR=1.7 O675.55 H675.8 L673.12 C673.17 ATR=17.33
2026-01-28T10:35:00.000-05:00,[KLB] 10:35 ▼ ~~ ~~ PM H + ~ Yest H + ~~ ORB H vol=0.7x pos=v98 vwap=below ema=bull rs=-0.1% adx=24 body=89% ramp=0.5x rangeATR=1.7 ⚠ 🔇 O675.55 H675.8 L673.12 C673.17 ATR=17.33 SL=674.9/675.77 rawVol=15125 volSMA=21597 buf=0.867 prices=675.8/676.82/675.55
2026-01-28T10:40:00.000-05:00,[KLB] CONF 10:40 ▼ QBS/MC → ✗ (failed)
2026-01-28T10:45:00.000-05:00,[KLB] 10:45 ▼ ~ ~ VWAP vol=1x pos=v99 vwap=below ema=bull rs=-0.4% adx=22 body=99% ramp=0.9x rangeATR=1.7 ⚠ O673.4 H673.4 L670.58 C670.62 ATR=17.33 SL=672.35/673.22 rawVol=21776 volSMA=22907 buf=0.867 prices=
2026-01-29T09:35:00.000-05:00,[KLB] 9:35 ▼ 🔊 MC ramp=12.1x vol=14.1x pos=v84 vwap=above ema=bull adx=40 body=42% rangeATR=4.4 ⚡ O737.44 H744 L728.38 C730.93 ATR=16.92
2026-01-29T09:40:00.000-05:00,[KLB] 9:40 ▼ ~ ~ VWAP vol=9.6x pos=v97 vwap=below ema=bull rs=-2.3% adx=38 body=93% ramp=18.1x rangeATR=2.9 ⚡ ⚠ 🔊 O730.75 H731.19 L719 C719.41 ATR=16.92 SL=721.1/721.95 rawVol=441687 volSMA=67503 buf=0.846 prices=
2026-01-29T09:40:00.000-05:00,[KLB] CONF 9:40 ▼ QBS/MC → ✓★ (auto-promote)
2026-01-29T09:45:00.000-05:00,[KLB] 9:45 ▲ 🔊 MC ramp=13.4x vol=3.5x pos=^80 vwap=below ema=bull adx=38 body=42% rangeATR=1.7 O719.37 H724.16 L716.42 C722.63 ATR=16.92
2026-01-29T09:45:00.000-05:00,[KLB] 5m CHECK 9:45 ▼ pnl=-0.19 → BAIL
2026-01-29T09:50:00.000-05:00,[KLB] CONF 9:50 ▲ QBS/MC → ✗ (failed)
2026-02-02T09:30:00.000-05:00,[KLB] 9:30 ▲ ~ ~ VWAP vol=6.5x pos=^94 vwap=above ema=bull rs=-0.4% adx=24 body=90% ramp=2.8x rangeATR=3.7 ⚡ ⚠ O709.65 H714.6 L709.47 C714.28 ATR=21.35 SL=712.15/711.08 rawVol=12494 volSMA=1916 buf=1.067 prices=
2026-02-02T09:40:00.000-05:00,[KLB] 9:40 ▼ 🔊 MC ramp=50.4x vol=8.2x pos=v81 vwap=below ema=bull adx=29 body=52% rangeATR=2.6 ⚡ O711.95 H713.68 L707.7 C708.85 ATR=21.35
2026-02-02T09:45:00.000-05:00,[KLB] CONF 9:45 ▼ QBS/MC → ✗ (failed)
2026-02-02T10:00:00.000-05:00,[KLB] 10:00 ▼ ~ ~ VWAP vol=2.8x pos=v89 vwap=below ema=bear rs=-1.7% adx=28 body=87% ramp=0.7x rangeATR=1.4 ⚠ O708.87 H708.92 L704.89 C705.35 ATR=21.35 SL=707.48/708.55 rawVol=45779 volSMA=16490 buf=1.067 prices=
2026-02-02T15:05:00.000-05:00,[KLB] 15:05 ▲ ~ ~ ORB L vol=1.6x pos=^87 vwap=above ema=bull rs=-1.4% adx=28 body=55% ramp=1.3x rangeATR=1.5 O710.39 H711.74 L709.76 C711.48 ATR=21.35 SL=709.34/708.27 rawVol=10315 volSMA=14167 buf=1.067 prices=710.35
2026-02-03T09:40:00.000-05:00,[KLB] 9:40 ▲ 🔊 MC ramp=46.9x vol=9.1x pos=^94 vwap=above ema=bull adx=27 body=74% rangeATR=5.8 ⚡ O708.1 H714.47 L706.5 C713.96 ATR=21.09
2026-02-03T09:40:00.000-05:00,[KLB] 9:40 ▲ BRK PM H + ORB H vol=9.1x pos=^94 vwap=above ema=bull rs=+1% adx=27 body=74% ramp=46.9x rangeATR=5.8 ⚡ 🔊 O708.1 H714.47 L706.5 C713.96 ATR=21.09 SL=711.85/710.8 rawVol=56218 volSMA=6158 buf=1.055 prices=711.64/710.5
2026-02-03T09:40:00.000-05:00,"[KLB] 9:40 ▲ ~ ~ ORB L
~ VWAP vol=9.1x pos=^94 vwap=above ema=bull rs=+1% adx=27 body=74% ramp=46.9x rangeATR=5.8 ⚡ 🔊 O708.1 H714.47 L706.5 C713.96 ATR=21.09 SL=711.85/710.8 rawVol=56218 volSMA=6158 buf=1.055 prices=706"
2026-02-03T09:45:00.000-05:00,[KLB] 9:45 ▼ 🔊 MC ramp=62.8x vol=5.2x pos=v99 vwap=below ema=bull adx=30 body=84% rangeATR=4.1 ⚡ O713.88 H715 L707.61 C707.65 ATR=21.09
2026-02-03T09:45:00.000-05:00,[KLB] 9:45 ▼ ~ ~ PM H + ~ Yest H + ~ ORB H vol=5.2x pos=v99 vwap=below ema=bull rs=+0.2% adx=30 body=84% ramp=62.8x rangeATR=4.1 ⚡ ⚠ 🔊 O713.88 H715 L707.61 C707.65 ATR=21.09 SL=709.76/710.81 rawVol=42861 volSMA=8292 buf=1.055 prices=711.64/721.3/710.5
2026-02-03T09:45:00.000-05:00,[KLB] CONF 9:45 ▲ BRK → ✗ (failed)
2026-02-03T09:50:00.000-05:00,[KLB] CONF 9:50 ▼ QBS/MC → ✗ (failed)
2026-02-03T10:00:00.000-05:00,[KLB] 10:00 ▼ ~ ~ VWAP vol=3.6x pos=v72 vwap=below ema=bull rs=0% adx=32 body=67% ramp=0.7x rangeATR=2.5 ⚡ O707.9 H708.15 L702.89 C704.39 ATR=21.09 SL=706.49/707.55 rawVol=48491 volSMA=13287 buf=1.055 prices=
2026-02-04T09:30:00.000-05:00,[KLB] 9:30 ▲ ~ ~ VWAP vol=3.6x pos=^71 vwap=above ema=bear rs=+0.2% adx=45 body=58% ramp=1.1x rangeATR=2.9 ⚡ O685.27 H689.25 L684.68 C687.93 ATR=21.77 SL=685.75/684.66 rawVol=5030 volSMA=1400 buf=1.089 prices=
2026-02-04T09:35:00.000-05:00,[KLB] 9:35 ▼ 🔊 MC ramp=11.2x vol=15.1x pos=v82 vwap=below ema=bear adx=44 body=71% rangeATR=4.7 ⚡ O687.74 H688.83 L678.57 C680.41 ATR=21.77
2026-02-04T09:35:00.000-05:00,[KLB] 9:35 ▼ BRK PM L + Yest L vol=15.1x pos=v82 vwap=below ema=bear rs=-1% adx=44 body=71% ramp=11.2x rangeATR=4.7 ⚡ 🔊 O687.74 H688.83 L678.57 C680.41 ATR=21.77 SL=682.59/683.68 rawVol=83968 volSMA=5554 buf=1.089 prices=681.4/686.41
2026-02-04T09:35:00.000-05:00,[KLB] 9:35 ▼ ~ ~ VWAP vol=15.1x pos=v82 vwap=below ema=bear rs=-1% adx=44 body=71% ramp=11.2x rangeATR=4.7 ⚡ 🔊 O687.74 H688.83 L678.57 C680.41 ATR=21.77 SL=682.59/683.68 rawVol=83968 volSMA=5554 buf=1.089 prices=
2026-02-04T09:40:00.000-05:00,[KLB] 9:40 ▲ 🔊 MC ramp=27.7x vol=7.1x pos=^73 vwap=above ema=bear adx=43 body=57% rangeATR=2.4 ⚡ O680.19 H685.08 L679.26 C683.49 ATR=21.77
2026-02-04T09:40:00.000-05:00,[KLB] 9:40 ▲ ~ ~ PM L vol=7.1x pos=^73 vwap=above ema=bear rs=-0.7% adx=43 body=57% ramp=27.7x rangeATR=2.4 ⚡ 🔊 O680.19 H685.08 L679.26 C683.49 ATR=21.77 SL=681.31/680.22 rawVol=60389 volSMA=8538 buf=1.089 prices=681.4
2026-02-04T09:40:00.000-05:00,[KLB] 9:40 ▼ ◆ ◆² PM L 4.7x v93 vol= pos= vwap=above ema=bear rs=-0.7% adx=43 body=57% ramp=27.7x rangeATR=2.4 ⚡ 🔊 O680.19 H685.08 L679.26 C683.49 ATR=21.77 SL=685.67/686.76 rawVol=60389 volSMA=8538 buf=1.089 prices=
2026-02-04T09:45:00.000-05:00,[KLB] 9:45 ▼ BRK PM L vol=3.8x pos=v93 vwap=below ema=bear rs=-1.1% adx=42 body=56% ramp=21x rangeATR=1.9 🔊 O683.38 H685.23 L680.14 C680.51 ATR=21.77 SL=682.69/683.78 rawVol=40169 volSMA=10524 buf=1.089 prices=681.4
2026-02-04T09:45:00.000-05:00,[KLB] CONF 9:45 ▼ BRK → ✓★ (auto-promote)
2026-02-04T09:45:00.000-05:00,[KLB] CONF 9:45 ▲ QBS/MC → ✗ (failed)
2026-02-04T09:45:00.000-05:00,[KLB] 9:45 ▼ ◆ ◆¹ PM L 3x v52 vol= pos= vwap=below ema=bear rs=-1.1% adx=42 body=56% ramp=21x rangeATR=1.9 🔊 O683.38 H685.23 L680.14 C680.51 ATR=21.77 SL=682.69/683.78 rawVol=40169 volSMA=10524 buf=1.089 prices=
2026-02-04T09:50:00.000-05:00,[KLB] 5m CHECK 9:50 ▼ pnl=0.06 → HOLD
2026-02-04T09:55:00.000-05:00,[KLB] 9:55 ▼ BRK ORB L vol=2.5x pos=v86 vwap=below ema=bear rs=-1.4% adx=41 body=51% ramp=0.7x rangeATR=1.2 O679.41 H680.55 L677.33 C677.78 ATR=21.77 SL=679.96/681.05 rawVol=34137 volSMA=13772 buf=1.089 prices=678.57
2026-02-04T09:55:00.000-05:00,[KLB] CONF 9:55 ▼ BRK → ✓ (auto-promote)
2026-02-04T09:55:00.000-05:00,[KLB] 9:55 ▼ ◆ ◆¹ ORB L 4.2x v93 vol= pos= vwap=below ema=bear rs=-1.4% adx=41 body=51% ramp=0.7x rangeATR=1.2 O679.41 H680.55 L677.33 C677.78 ATR=21.77 SL=679.96/681.05 rawVol=34137 volSMA=13772 buf=1.089 prices=
2026-02-04T10:00:00.000-05:00,[KLB] 5m CHECK 10:00 ▼ pnl=0.24 → HOLD
2026-02-04T10:20:00.000-05:00,[KLB] CONF 10:20 ▼ BRK → ✗ (failed)
2026-02-04T10:25:00.000-05:00,[KLB] 10:25 ▲ 🔇 QBS ramp=0.4x vol=1.3x pos=^91 vwap=above ema=bear adx=43 body=90% rangeATR=1.6 O674.39 H679.7 L674.31 C679.24 ATR=21.77
2026-02-04T10:25:00.000-05:00,[KLB] 10:25 ▲ ~~ ~~ ORB L vol=1.3x pos=^91 vwap=above ema=bear rs=-1.2% adx=43 body=90% ramp=0.4x rangeATR=1.6 ⚠ 🔇 O674.39 H679.7 L674.31 C679.24 ATR=21.77 SL=677.06/675.97 rawVol=34855 volSMA=34057 buf=1.089 prices=678.57
2026-02-04T10:30:00.000-05:00,[KLB] CONF 10:30 ▲ QBS/MC → ✗ (failed)
2026-02-04T10:35:00.000-05:00,[KLB] 10:35 ▲ ~~ ~~ ORB L vol=0.6x pos=^95 vwap=above ema=bear rs=-0.9% adx=38 body=39% ramp=0.4x rangeATR=0.9 🔇 O678.71 H679.97 L677.12 C679.82 ATR=21.77 SL=677.64/676.55 rawVol=20594 volSMA=36681 buf=1.089 prices=678.57
2026-02-05T09:30:00.000-05:00,[KLB] 9:30 ▲ ~ ~ Week L vol=2.3x pos=^93 vwap=above ema=bear rs=-0.8% adx=30 body=91% ramp=1.8x rangeATR=2.9 ⚡ ⚠ O658.48 H664 L658.34 C663.61 ATR=21.95 SL=661.42/660.32 rawVol=5605 volSMA=2390 buf=1.097 prices=661.29
2026-02-05T09:35:00.000-05:00,[KLB] 9:35 ▲ 🔊 MC ramp=24.1x vol=12.9x pos=^99 vwap=above ema=bear adx=29 body=31% rangeATR=5.1 ⚡ O663.19 H667.81 L653.45 C667.62 ATR=21.95
2026-02-05T09:35:00.000-05:00,"[KLB] 9:35 ▲ ~ ~ PM L + ~ Week L
~ VWAP vol=12.9x pos=^99 vwap=above ema=bear rs=+0.6% adx=29 body=31% ramp=24.1x rangeATR=5.1 ⚡ 🔊 O663.19 H667.81 L653.45 C667.62 ATR=21.95 SL=665.43/664.33 rawVol=80720 volSMA=6253 buf=1.097 prices=657.02/661.29"
2026-02-05T09:40:00.000-05:00,[KLB] 9:40 ▲ ~ ~ Yest L vol=9.7x pos=^99 vwap=above ema=bear rs=+0.7% adx=27 body=35% ramp=34.1x rangeATR=1.7 🔊 O667.73 H669.55 L664.47 C669.51 ATR=21.95 SL=667.32/666.22 rawVol=46935 volSMA=8338 buf=1.097 prices=667.46
2026-02-05T09:40:00.000-05:00,[KLB] CONF 9:40 ▲ QBS/MC → ✓★ (auto-promote)
2026-02-05T09:45:00.000-05:00,[KLB] 5m CHECK 9:45 ▲ pnl=-0.06 → BAIL
2026-02-05T09:55:00.000-05:00,[KLB] 9:55 ▲ ~ ~ Yest L vol=3.5x pos=^79 vwap=above ema=bear rs=+1% adx=23 body=64% ramp=0.8x rangeATR=1.5 O668 H672.1 L667.27 C671.07 ATR=21.95 SL=668.88/667.78 rawVol=46013 volSMA=12983 buf=1.097 prices=667.46
2026-02-05T10:10:00.000-05:00,[KLB] 10:10 ▼ ~ ~ ORB H vol=1.4x pos=v54 vwap=below ema=bull rs=+0.5% adx=20 body=36% ramp=0.8x rangeATR=1.4 O666.76 H667.68 L662.7 C664.99 ATR=21.95 SL=667.18/668.28 rawVol=23939 volSMA=16965 buf=1.097 prices=667.81
2026-02-05T10:15:00.000-05:00,[KLB] 10:15 ▼ ~ ~ VWAP vol=1.3x pos=v99 vwap=below ema=bear rs=+0.4% adx=20 body=68% ramp=0.6x rangeATR=1 O664.61 H665.77 L662.04 C662.09 ATR=21.95 SL=664.28/665.38 rawVol=21048 volSMA=17896 buf=1.097 prices=
2026-02-05T10:25:00.000-05:00,[KLB] 10:25 ▼ BRK Week L vol=1.7x pos=v78 vwap=below ema=bear rs=-0.1% adx=21 body=78% ramp=0.9x rangeATR=1.4 O663.51 H663.51 L658.51 C659.59 ATR=21.95 SL=661.78/662.88 rawVol=34092 volSMA=20355 buf=1.097 prices=661.29
2026-02-05T10:25:00.000-05:00,[KLB] 10:25 ▼ ◆ ◆¹ Week L 1x v89 vol= pos= vwap=below ema=bear rs=-0.1% adx=21 body=78% ramp=0.9x rangeATR=1.4 O663.51 H663.51 L658.51 C659.59 ATR=21.95 SL=661.78/662.88 rawVol=34092 volSMA=20355 buf=1.097 prices=
2026-02-05T10:35:00.000-05:00,[KLB] CONF 10:35 ▼ BRK → ✗ (failed)
2026-02-06T09:55:00.000-05:00,[KLB] 9:55 ▼ BRK Week L vol=2.4x pos=v99 vwap=below ema=bear rs=-1.6% adx=20 body=77% ramp=1.4x rangeATR=1.9 O662.25 H663.24 L658.62 C658.67 ATR=22.38 SL=660.91/662.03 rawVol=30325 volSMA=12752 buf=1.119 prices=661.29
2026-02-06T09:55:00.000-05:00,[KLB] 9:55 ▼ ~ ~ VWAP vol=2.4x pos=v99 vwap=below ema=bear rs=-1.6% adx=20 body=77% ramp=1.4x rangeATR=1.9 O662.25 H663.24 L658.62 C658.67 ATR=22.38 SL=660.91/662.03 rawVol=30325 volSMA=12752 buf=1.119 prices=
2026-02-06T10:00:00.000-05:00,[KLB] 10:00 ▼ BRK PM L vol=2.9x pos=v99 vwap=below ema=bear rs=-2.1% adx=23 body=95% ramp=0.7x rangeATR=1.5 ⚠ O658.62 H658.75 L655 C655.04 ATR=22.38 SL=657.28/658.4 rawVol=43189 volSMA=14870 buf=1.119 prices=657.98
2026-02-06T10:00:00.000-05:00,[KLB] CONF 10:00 ▼ BRK → ✓ (auto-promote)
2026-02-06T10:05:00.000-05:00,[KLB] 10:05 ▼ BRK Yest L vol=3.1x pos=v95 vwap=below ema=bear rs=-2.7% adx=25 body=86% ramp=0.8x rangeATR=1.9 ⚠ O654.68 H655.17 L650.15 C650.38 ATR=22.38 SL=652.62/653.74 rawVol=54148 volSMA=17466 buf=1.119 prices=653.5
2026-02-06T10:05:00.000-05:00,[KLB] CONF 10:05 ▼ BRK → ✓ (auto-promote)
2026-02-06T10:10:00.000-05:00,[KLB] 5m CHECK 10:10 ▼ pnl=0.11 → HOLD
2026-02-06T10:20:00.000-05:00,[KLB] 10:20 ▼ ◆ ◆⁴ Yest L 1.8x v21 vol= pos= vwap=below ema=bear rs=-2.6% adx=33 body=75% ramp=1.4x rangeATR=1.8 O647.77 H651.83 L646.5 C651.78 ATR=22.38 SL=654.02/655.14 rawVol=56322 volSMA=25876 buf=1.119 prices=
2026-02-06T10:25:00.000-05:00,[KLB] CONF 10:25 ▼ BRK → ✗ (failed)
2026-02-06T11:25:00.000-05:00,"[KLB] 11:25 ▲ ~~ ~~ PM L
~ VWAP vol=0.6x pos=^97 vwap=above ema=bear rs=-1.8% adx=21 body=88% ramp=0.6x rangeATR=0.9 ⚠ O657.28 H659.45 L657.06 C659.38 ATR=22.38 SL=657.14/656.02 rawVol=18504 volSMA=32988 buf=1.119 prices=657.98"
2026-02-09T09:40:00.000-05:00,[KLB] 9:40 ▲ 🔊 MC ramp=122.4x vol=12.1x pos=^93 vwap=above ema=bull adx=22 body=56% rangeATR=1.8 O667.01 H669 L665.86 C668.78 ATR=22.6
2026-02-09T09:40:00.000-05:00,[KLB] 9:40 ▲ ~ ~ VWAP vol=12.1x pos=^93 vwap=above ema=bull rs=+0.6% adx=22 body=56% ramp=122.4x rangeATR=1.8 🔊 O667.01 H669 L665.86 C668.78 ATR=22.6 SL=666.52/665.39 rawVol=36288 volSMA=6303 buf=1.13 prices=
2026-02-09T09:45:00.000-05:00,[KLB] 9:45 ▼ 🔊 MC ramp=62.3x vol=6x pos=v85 vwap=below ema=bull adx=24 body=55% rangeATR=3.2 ⚡ O668.83 H670.8 L664.17 C665.18 ATR=22.6
2026-02-09T09:45:00.000-05:00,[KLB] 9:45 ▼ ~ ~ PM H + ~ Yest H + ~ ORB H vol=6x pos=v85 vwap=below ema=bull rs=+0% adx=24 body=55% ramp=62.3x rangeATR=3.2 ⚡ 🔊 O668.83 H670.8 L664.17 C665.18 ATR=22.6 SL=667.44/668.57 rawVol=53177 volSMA=8838 buf=1.13 prices=665.91/671.99/669.8
2026-02-09T09:50:00.000-05:00,"[KLB] 9:50 ▼ ~ ~ PM H + ~ Yest H
~ VWAP vol=4.8x pos=v88 vwap=below ema=bull rs=-0.4% adx=25 body=75% ramp=1.7x rangeATR=1.7 O665.25 H665.75 L662.06 C662.5 ATR=22.6 SL=664.76/665.89 rawVol=43889 volSMA=11018 buf=1.13 prices=665.91/671.99"
2026-02-09T09:50:00.000-05:00,[KLB] CONF 9:50 ▼ QBS/MC → ✓★ (auto-promote)
2026-02-09T09:55:00.000-05:00,[KLB] 5m CHECK 9:55 ▼ pnl=0.07 → HOLD
2026-02-09T11:25:00.000-05:00,[KLB] 11:25 ▲ BRK ORB H vol=2x pos=^73 vwap=above ema=bull rs=+0.4% adx=32 body=67% ramp=1.7x rangeATR=0.7 O670.07 H671.23 L670 C670.9 ATR=22.6 SL=668.64/667.51 rawVol=38765 volSMA=27059 buf=1.13 prices=669.8
2026-02-10T09:45:00.000-05:00,[KLB] 9:45 ▼ 🔊 MC ramp=74.9x vol=5.5x pos=v77 vwap=below ema=bear adx=25 body=57% rangeATR=2.4 ⚡ O677.69 H678.44 L674.63 C675.5 ATR=22.74
2026-02-10T09:45:00.000-05:00,[KLB] 9:45 ▼ ~ ~ PM H + ~ Yest H vol=5.5x pos=v77 vwap=below ema=bear rs=-0.2% adx=25 body=57% ramp=74.9x rangeATR=2.4 ⚡ 🔊 O677.69 H678.44 L674.63 C675.5 ATR=22.74 SL=677.77/678.91 rawVol=26180 volSMA=4772 buf=1.137 prices=678.88/683.31
2026-02-10T09:50:00.000-05:00,[KLB] 9:50 ▼ BRK PM L + ORB L vol=5.3x pos=v80 vwap=below ema=bear rs=-0.6% adx=27 body=64% ramp=1.8x rangeATR=2.6 ⚡ O675.21 H675.97 L671.33 C672.26 ATR=22.74 SL=674.53/675.67 rawVol=34378 volSMA=6459 buf=1.137 prices=675.01/672.88
2026-02-10T09:50:00.000-05:00,[KLB] 9:50 ▼ ~ ~ VWAP vol=5.3x pos=v80 vwap=below ema=bear rs=-0.6% adx=27 body=64% ramp=1.8x rangeATR=2.6 ⚡ O675.21 H675.97 L671.33 C672.26 ATR=22.74 SL=674.53/675.67 rawVol=34378 volSMA=6459 buf=1.137 prices=
2026-02-10T09:50:00.000-05:00,[KLB] CONF 9:50 ▼ QBS/MC → ✓ (auto-promote)
2026-02-10T09:55:00.000-05:00,[KLB] 9:55 ▲ ~ ~ PM L + ~ ORB L vol=3.2x pos=^94 vwap=above ema=bear rs=-0.3% adx=29 body=92% ramp=1.3x rangeATR=2 ⚡ ⚠ O672.32 H676.15 L672.23 C675.91 ATR=22.74 SL=673.64/672.5 rawVol=24168 volSMA=7656 buf=1.137 prices=675.01/672.88
2026-02-10T09:55:00.000-05:00,[KLB] 5m CHECK 9:55 ▼ pnl=-0.16 → BAIL
2026-02-10T09:55:00.000-05:00,[KLB] CONF 9:55 ▼ BRK → ✗ (failed)
2026-02-10T10:10:00.000-05:00,[KLB] 10:10 ▲ ~~ ~~ PM L + ~~ ORB L vol=0.8x pos=^91 vwap=above ema=bear rs=-0.4% adx=32 body=51% ramp=0.4x rangeATR=1.3 🔇 O674.46 H676.11 L673.36 C675.86 ATR=22.74 SL=673.59/672.45 rawVol=7616 volSMA=9374 buf=1.137 prices=675.01/672.88
2026-02-10T10:15:00.000-05:00,[KLB] 10:15 ▼ BRK PM L vol=1.9x pos=v72 vwap=below ema=bear rs=-0.7% adx=33 body=71% ramp=0.6x rangeATR=1.7 O676 H676.03 L672.36 C673.4 ATR=22.74 SL=675.67/676.81 rawVol=19390 volSMA=10316 buf=1.137 prices=675.01
2026-02-10T10:20:00.000-05:00,[KLB] 10:20 ▼ BRK ORB L vol=1.8x pos=v71 vwap=below ema=bear rs=-1% adx=35 body=63% ramp=0.8x rangeATR=0.7 O673.11 H673.24 L671.7 C672.14 ATR=22.74 SL=674.41/675.55 rawVol=15087 volSMA=11041 buf=1.137 prices=672.88
2026-02-10T10:20:00.000-05:00,[KLB] CONF 10:20 ▼ BRK → ✓ (auto-promote)
2026-02-10T10:20:00.000-05:00,[KLB] 10:20 ▼ ◆ ◆¹ ORB L 1.6x v85 vol= pos= vwap=below ema=bear rs=-1% adx=35 body=63% ramp=0.8x rangeATR=0.7 O673.11 H673.24 L671.7 C672.14 ATR=22.74 SL=674.41/675.55 rawVol=15087 volSMA=11041 buf=1.137 prices=
2026-02-10T10:25:00.000-05:00,[KLB] 5m CHECK 10:25 ▼ pnl=0.02 → BAIL
2026-02-10T10:40:00.000-05:00,[KLB] CONF 10:40 ▼ BRK → ✗ (failed)
2026-02-10T10:45:00.000-05:00,[KLB] 10:45 ▲ ~~ ~~ ORB L vol=1.1x pos=^99 vwap=above ema=bear rs=-0.5% adx=35 body=80% ramp=1.1x rangeATR=1.4 ⚠ O672.51 H675.02 L671.91 C675 ATR=22.74 SL=672.73/671.59 rawVol=15491 volSMA=14366 buf=1.137 prices=672.88
2026-02-10T11:05:00.000-05:00,[KLB] 11:05 ▼ BRK ORB L vol=3.8x pos=v60 vwap=below ema=bear rs=-1% adx=31 body=31% ramp=3.1x rangeATR=0.8 O671.97 H672.49 L670.69 C671.41 ATR=22.74 SL=673.68/674.82 rawVol=81248 volSMA=21437 buf=1.137 prices=672.88
2026-02-10T12:00:00.000-05:00,[KLB] 12:00 ▼ ◆ ◆¹² ORB L 0.7x v13 vol= pos= vwap=below ema=bear rs=-1% adx=26 body=5% ramp=1.1x rangeATR=0.5 O670.94 H671.35 L670.54 C670.98 ATR=22.74 SL=673.25/674.39 rawVol=5942 volSMA=16577 buf=1.137 prices=
2026-02-10T12:05:00.000-05:00,[KLB] CONF 12:05 ▼ BRK → ✗ (failed)
2026-02-10T12:10:00.000-05:00,[KLB] 12:10 ▲ ~~ ~~ ORB L vol=1.1x pos=^100 vwap=above ema=bear rs=-0.5% adx=24 body=89% ramp=1.3x rangeATR=1.3 ⚠ O672.37 H674.22 L672.13 C674.22 ATR=22.74 SL=671.95/670.81 rawVol=19192 volSMA=16906 buf=1.137 prices=672.88
2026-02-10T12:25:00.000-05:00,[KLB] 12:25 ▲ ~~ ~~ ORB L vol=0.5x pos=^100 vwap=above ema=bear rs=-0.5% adx=23 body=52% ramp=0.8x rangeATR=0.9 O673.44 H674.2 L672.75 C674.2 ATR=22.74 SL=671.93/670.79 rawVol=8281 volSMA=16161 buf=1.137 prices=672.88
2026-02-10T12:45:00.000-05:00,"[KLB] 12:45 ▲ ~~ ~~ PM L
~ VWAP vol=1.1x pos=^97 vwap=above ema=bear rs=-0.3% adx=24 body=62% ramp=1.3x rangeATR=0.5 O675.41 H675.85 L675.17 C675.83 ATR=22.74 SL=673.56/672.42 rawVol=11215 volSMA=10577 buf=1.137 prices=675.01"
2026-02-10T12:55:00.000-05:00,[KLB] 12:55 ▲ ~~ ~~ PM L vol=0.6x pos=^100 vwap=above ema=bear rs=-0.2% adx=26 body=88% ramp=1.4x rangeATR=1 ⚠ O675.37 H676.62 L675.2 C676.62 ATR=22.74 SL=674.35/673.21 rawVol=6317 volSMA=10031 buf=1.137 prices=675.01
2026-02-10T13:05:00.000-05:00,[KLB] 13:05 ▲ ~~ ~~ PM L vol=0.4x pos=^71 vwap=above ema=bull rs=-0.3% adx=28 body=40% ramp=0.8x rangeATR=0.8 O675.44 H676.22 L675.1 C675.89 ATR=22.74 SL=673.62/672.48 rawVol=4264 volSMA=9494 buf=1.137 prices=675.01
2026-02-10T13:40:00.000-05:00,[KLB] 13:40 ▲ ~~ ~~ ORB L vol=1.1x pos=^75 vwap=above ema=bear rs=-0.4% adx=20 body=58% ramp=1.1x rangeATR=0.7 O673.13 H673.96 L672.96 C673.71 ATR=22.74 SL=671.44/670.3 rawVol=7888 volSMA=8827 buf=1.137 prices=672.88
2026-02-11T09:30:00.000-05:00,[KLB] 9:30 ▼ ~ ~ PM H vol=0.8x pos=v92 vwap=below ema=bull rs=+0.7% adx=56 body=92% ramp=1.1x rangeATR=2.3 ⚡ ⚠ O676.2 H676.2 L674.13 C674.29 ATR=21.89 SL=676.48/677.57 rawVol=1194 volSMA=1452 buf=1.095 prices=676.63
2026-02-11T09:35:00.000-05:00,[KLB] 9:35 ▲ 🔊 MC ramp=16.3x vol=10.8x pos=^43 vwap=above ema=bull adx=56 body=38% rangeATR=4.4 ⚡ O674.15 H679.25 L673.91 C676.19 ATR=21.89
2026-02-11T09:40:00.000-05:00,[KLB] 9:40 ▼ 🔊 MC ramp=30.4x vol=6.4x pos=v96 vwap=below ema=bull adx=54 body=82% rangeATR=3.2 ⚡ O676.15 H676.78 L672.1 C672.3 ATR=21.89
2026-02-11T09:40:00.000-05:00,[KLB] 9:40 ▼ ~ ~ PM H vol=6.4x pos=v96 vwap=below ema=bull rs=-0.1% adx=54 body=82% ramp=30.4x rangeATR=3.2 ⚡ ⚠ 🔊 O676.15 H676.78 L672.1 C672.3 ATR=21.89 SL=674.49/675.58 rawVol=29211 volSMA=4590 buf=1.095 prices=676.63
2026-02-11T09:45:00.000-05:00,[KLB] 9:45 ▼ ~ ~ VWAP vol=7.3x pos=v95 vwap=below ema=bull rs=-0.7% adx=51 body=70% ramp=44.5x rangeATR=3.3 ⚡ 🔊 O672.45 H674 L668.03 C668.3 ATR=21.89 SL=670.49/671.58 rawVol=52849 volSMA=7226 buf=1.095 prices=
2026-02-11T09:45:00.000-05:00,[KLB] CONF 9:45 ▼ QBS/MC → ✓★ (auto-promote)
2026-02-11T09:50:00.000-05:00,[KLB] 5m CHECK 9:50 ▼ pnl=-0.14 → BAIL
2026-02-11T10:55:00.000-05:00,"[KLB] 10:55 ▲ ~ ~ PM L + ~ Yest L
~ VWAP vol=2.4x pos=^91 vwap=above ema=bear rs=+0.4% adx=41 body=82% ramp=1.4x rangeATR=3.3 ⚡ ⚠ O665.51 H673.8 L664.71 C673 ATR=21.89 SL=670.81/669.72 rawVol=72099 volSMA=29741 buf=1.095 prices=667.29/669.79"
2026-02-11T11:15:00.000-05:00,[KLB] 11:15 ▲ ~ ~ Yest L vol=0.5x pos=^84 vwap=above ema=bear rs=+0.1% adx=34 body=74% ramp=0.4x rangeATR=1.2 🔇 O668.44 H671.61 L668.09 C671.04 ATR=21.89 SL=668.85/667.76 rawVol=18929 volSMA=34662 buf=1.095 prices=669.79
2026-02-12T09:30:00.000-05:00,[KLB] 9:30 ▼ 🔇 QBS ramp=0.4x vol=0.9x pos=v94 vwap=below ema=bull adx=27 body=93% rangeATR=4.6 ⚡ O673 H673.01 L669.8 C670 ATR=21.91
2026-02-12T09:30:00.000-05:00,[KLB] 9:30 ▼ ~ ~ PM H vol=0.9x pos=v94 vwap=below ema=bull rs=+0.3% adx=27 body=93% ramp=0.4x rangeATR=4.6 ⚡ ⚠ 🔇 O673 H673.01 L669.8 C670 ATR=21.91 SL=672.19/673.29 rawVol=520 volSMA=553 buf=1.096 prices=673.29
2026-02-12T09:35:00.000-05:00,[KLB] CONF 9:35 ▼ QBS/MC → ✓ (auto-promote)
2026-02-12T09:40:00.000-05:00,[KLB] 9:40 ▼ 🔊 MC ramp=179.2x vol=11.9x pos=v80 vwap=below ema=bull adx=25 body=75% rangeATR=2.9 ⚡ O669.58 H669.8 L665.69 C666.51 ATR=21.91
2026-02-12T09:40:00.000-05:00,[KLB] 9:40 ▼ ~ ~ VWAP vol=11.9x pos=v80 vwap=below ema=bull rs=-0.6% adx=25 body=75% ramp=179.2x rangeATR=2.9 ⚡ 🔊 O669.58 H669.8 L665.69 C666.51 ATR=21.91 SL=668.7/669.8 rawVol=34357 volSMA=5422 buf=1.096 prices=
2026-02-12T09:40:00.000-05:00,[KLB] 5m CHECK 9:40 ▼ pnl=0.15 → HOLD
2026-02-12T09:45:00.000-05:00,[KLB] CONF 9:45 ▼ QBS/MC → ✓★ (auto-promote)
2026-02-12T09:50:00.000-05:00,[KLB] 5m CHECK 9:50 ▼ pnl=0.01 → BAIL
2026-02-13T09:45:00.000-05:00,[KLB] 9:45 ▲ 🔊 MC ramp=51.8x vol=5.1x pos=^94 vwap=above ema=bear adx=24 body=45% rangeATR=3 ⚡ O638.09 H641.8 L634.57 C641.36 ATR=22.54
2026-02-13T09:45:00.000-05:00,[KLB] 9:45 ▲ ~ ~ ORB L vol=5.1x pos=^94 vwap=above ema=bear rs=-0.4% adx=24 body=45% ramp=51.8x rangeATR=3 ⚡ 🔊 O638.09 H641.8 L634.57 C641.36 ATR=22.54 SL=639.11/637.98 rawVol=57854 volSMA=11235 buf=1.127 prices=636.86
2026-02-13T09:50:00.000-05:00,"[KLB] 9:50 ▲ ~ ~ PM L
~ VWAP vol=4.5x pos=^70 vwap=above ema=bear rs=0% adx=23 body=60% ramp=1.9x rangeATR=2 ⚡ O641.44 H646.18 L640.92 C644.61 ATR=22.54 SL=642.36/641.23 rawVol=33528 volSMA=12789 buf=1.127 prices=641.81"
2026-02-13T09:50:00.000-05:00,[KLB] CONF 9:50 ▲ QBS/MC → ✓★ (auto-promote)
2026-02-13T09:55:00.000-05:00,[KLB] 5m CHECK 9:55 ▲ pnl=-0.02 → BAIL
2026-02-13T10:00:00.000-05:00,[KLB] 10:00 ▼ 🔇 QBS ramp=0.5x vol=1.9x pos=v80 vwap=above ema=bear adx=24 body=33% rangeATR=1.5 O644.35 H646.26 L642.2 C643 ATR=22.54
2026-02-13T10:05:00.000-05:00,[KLB] CONF 10:05 ▼ QBS/MC → ✗ (failed)
2026-02-13T10:20:00.000-05:00,[KLB] 10:20 ▲ ~ ~ PM L vol=0.6x pos=^75 vwap=above ema=bear rs=0% adx=26 body=36% ramp=0.9x rangeATR=1 O643.43 H644.95 L642.42 C644.33 ATR=22.54 SL=642.08/640.95 rawVol=11595 volSMA=19542 buf=1.127 prices=641.81
2026-02-13T10:30:00.000-05:00,[KLB] 10:30 ▲ ~ ~ Week L vol=1.2x pos=^81 vwap=above ema=bear rs=+0.4% adx=24 body=72% ramp=0.7x rangeATR=1.4 O645.91 H649.42 L645.59 C648.68 ATR=22.54 SL=646.43/645.3 rawVol=25387 volSMA=21742 buf=1.127 prices=646.5
2026-02-13T10:35:00.000-05:00,[KLB] 10:35 ▲ ~ ~ Yest L vol=1.1x pos=^68 vwap=above ema=bear rs=+0.4% adx=22 body=66% ramp=1x rangeATR=0.7 O648.63 H650.44 L648.6 C649.85 ATR=22.54 SL=647.6/646.47 rawVol=18652 volSMA=22628 buf=1.127 prices=645.28
2026-02-13T10:50:00.000-05:00,[KLB] 10:50 ▼ ~ ~ ORB H vol=0.8x pos=v77 vwap=below ema=bear rs=-0.3% adx=21 body=66% ramp=0.8x rangeATR=1.2 O645.12 H645.51 L642.04 C642.83 ATR=22.54 SL=645.08/646.21 rawVol=19069 volSMA=24500 buf=1.127 prices=645.17
2026-02-13T15:00:00.000-05:00,[KLB] 15:00 ▼ BRK Yest L vol=1.9x pos=v97 vwap=below ema=bear rs=-0.3% adx=26 body=80% ramp=1.2x rangeATR=1.1 ⚠ O645 H645.23 L643.8 C643.85 ATR=22.54 SL=646.1/647.23 rawVol=13298 volSMA=10283 buf=1.127 prices=645.28
2026-02-13T15:00:00.000-05:00,[KLB] 15:00 ▼ ~ ~ ORB H vol=1.9x pos=v97 vwap=below ema=bear rs=-0.3% adx=26 body=80% ramp=1.2x rangeATR=1.1 ⚠ O645 H645.23 L643.8 C643.85 ATR=22.54 SL=646.1/647.23 rawVol=13298 volSMA=10283 buf=1.127 prices=645.17
2026-02-13T15:00:00.000-05:00,[KLB] 15:00 ▼ ◆ ◆¹ Yest L 1.6x v86 vol= pos= vwap=below ema=bear rs=-0.3% adx=26 body=80% ramp=1.2x rangeATR=1.1 ⚠ O645 H645.23 L643.8 C643.85 ATR=22.54 SL=646.1/647.23 rawVol=13298 volSMA=10283 buf=1.127 prices=
2026-02-13T15:10:00.000-05:00,[KLB] 15:10 ▼ ~ ~ VWAP vol=1.6x pos=v57 vwap=below ema=bear rs=-0.5% adx=31 body=40% ramp=0.9x rangeATR=0.6 O643.78 H643.91 L643.16 C643.48 ATR=22.54 SL=645.73/646.86 rawVol=11844 volSMA=10497 buf=1.127 prices=
2026-02-13T15:30:00.000-05:00,[KLB] 15:30 ▼ BRK PM L vol=2.1x pos=v68 vwap=below ema=bear rs=-0.4% adx=40 body=57% ramp=1.4x rangeATR=1.7 O642.46 H642.71 L640.5 C641.2 ATR=22.54 SL=643.45/644.58 rawVol=25789 volSMA=12553 buf=1.127 prices=641.81
2026-02-13T15:30:00.000-05:00,[KLB] CONF 15:30 ▼ BRK → ✓ (auto-promote)
2026-02-13T15:30:00.000-05:00,[KLB] 15:30 ▼ ◆ ◆¹ PM L 1.2x v100 vol= pos= vwap=below ema=bear rs=-0.4% adx=40 body=57% ramp=1.4x rangeATR=1.7 O642.46 H642.71 L640.5 C641.2 ATR=22.54 SL=643.45/644.58 rawVol=25789 volSMA=12553 buf=1.127 prices=
2026-02-13T15:35:00.000-05:00,[KLB] 5m CHECK 15:35 ▼ pnl=0.03 → BAIL
2026-02-17T09:45:00.000-05:00,[KLB] 9:45 ▼ 🔊 MC ramp=8.2x vol=3.4x pos=v88 vwap=below ema=bull adx=24 body=65% rangeATR=2.8 ⚡ O640.63 H642.21 L635.53 C636.3 ATR=22.14
2026-02-17T09:45:00.000-05:00,[KLB] 9:45 ▼ ~ ~ ORB H vol=3.4x pos=v88 vwap=below ema=bull rs=-0.6% adx=24 body=65% ramp=8.2x rangeATR=2.8 ⚡ 🔊 O640.63 H642.21 L635.53 C636.3 ATR=22.14 SL=638.51/639.62 rawVol=29049 volSMA=8422 buf=1.107 prices=640
2026-02-17T09:50:00.000-05:00,[KLB] CONF 9:50 ▼ QBS/MC → ✓ (auto-promote)
2026-02-17T09:55:00.000-05:00,[KLB] 9:55 ▼ ~ ~ VWAP vol=3x pos=v100 vwap=below ema=bull rs=-0.8% adx=24 body=93% ramp=0.7x rangeATR=1.6 ⚠ O635.73 H636 L631.88 C631.9 ATR=22.14 SL=634.11/635.22 rawVol=33392 volSMA=11080 buf=1.107 prices=
2026-02-17T09:55:00.000-05:00,[KLB] 5m CHECK 9:55 ▼ pnl=0.17 → HOLD
2026-02-17T10:35:00.000-05:00,[KLB] 10:35 ▼ BRK PM L + ORB L vol=1.9x pos=v84 vwap=below ema=bear rs=-1% adx=22 body=71% ramp=1.3x rangeATR=0.9 O631.05 H631.35 L628.86 C629.27 ATR=22.14 SL=631.48/632.59 rawVol=35347 volSMA=18804 buf=1.107 prices=631.51/631.8
2026-02-17T10:35:00.000-05:00,[KLB] 10:35 ▼ ◆ ◆¹ PM L 1x v96 vol= pos= vwap=below ema=bear rs=-1% adx=22 body=71% ramp=1.3x rangeATR=0.9 O631.05 H631.35 L628.86 C629.27 ATR=22.14 SL=631.48/632.59 rawVol=35347 volSMA=18804 buf=1.107 prices=
2026-02-17T10:40:00.000-05:00,"[KLB] 10:40 ▼ ◆ ◆¹ PM L 1x v96
◆² ORB L 0.5x v5 vol= pos= vwap=below ema=bear rs=-1% adx=23 body=3% ramp=1.4x rangeATR=0.8 O629.25 H631.12 L629.1 C629.19 ATR=22.14 SL=631.4/632.51 rawVol=19251 volSMA=19717 buf=1.107 prices="
2026-02-17T10:45:00.000-05:00,[KLB] CONF 10:45 ▼ BRK → ✗ (failed)
2026-02-18T09:35:00.000-05:00,[KLB] 9:35 ▼ 🔊 MC ramp=11.2x vol=10.9x pos=v80 vwap=below ema=bear adx=61 body=79% rangeATR=3.2 ⚡ O633.6 H633.66 L628.12 C629.23 ATR=21.54
2026-02-18T09:35:00.000-05:00,[KLB] 9:35 ▼ BRK PM L + Week L vol=10.9x pos=v80 vwap=below ema=bear rs=-0.6% adx=61 body=79% ramp=11.2x rangeATR=3.2 ⚡ 🔊 O633.6 H633.66 L628.12 C629.23 ATR=21.54 SL=631.38/632.46 rawVol=113905 volSMA=10411 buf=1.077 prices=630.3/634.57
2026-02-18T09:35:00.000-05:00,[KLB] 9:35 ▼ ~ ~ VWAP vol=10.9x pos=v80 vwap=below ema=bear rs=-0.6% adx=61 body=79% ramp=11.2x rangeATR=3.2 ⚡ 🔊 O633.6 H633.66 L628.12 C629.23 ATR=21.54 SL=631.38/632.46 rawVol=113905 volSMA=10411 buf=1.077 prices=
2026-02-18T09:40:00.000-05:00,[KLB] 9:40 ▲ 🔊 MC ramp=15.1x vol=5.6x pos=^95 vwap=below ema=bear adx=62 body=81% rangeATR=2.7 ⚡ O629.29 H633.81 L628.56 C633.53 ATR=21.54
2026-02-18T09:40:00.000-05:00,[KLB] CONF 9:40 ▼ BRK → ✗ (failed)
2026-02-18T09:45:00.000-05:00,[KLB] CONF 9:45 ▲ QBS/MC → ✓★ (auto-promote)
2026-02-18T09:50:00.000-05:00,[KLB] 9:50 ▼ ~ ~ ORB H vol=2.2x pos=v94 vwap=below ema=bear rs=-0.3% adx=60 body=81% ramp=1.2x rangeATR=1.5 ⚠ O634.21 H634.64 L631.52 C631.7 ATR=21.54 SL=633.85/634.93 rawVol=39834 volSMA=17780 buf=1.077 prices=633.66
2026-02-18T09:50:00.000-05:00,[KLB] 5m CHECK 9:50 ▲ pnl=-0.12 → BAIL
2026-02-18T10:00:00.000-05:00,[KLB] 10:00 ▲ ~~ ~~ Week L vol=2.9x pos=^78 vwap=above ema=bear rs=+0% adx=56 body=70% ramp=0.5x rangeATR=1.8 O633.09 H636.8 L632.75 C635.91 ATR=21.54 SL=633.76/632.68 rawVol=64135 volSMA=22242 buf=1.077 prices=634.57
2026-02-18T10:05:00.000-05:00,"[KLB] 10:05 ▲ ~~ ~~ Week L
~ VWAP vol=2.6x pos=^100 vwap=above ema=bear rs=+0.2% adx=52 body=74% ramp=0.9x rangeATR=1.5 O635.87 H638.58 L634.93 C638.58 ATR=21.54 SL=636.43/635.35 rawVol=65560 volSMA=25390 buf=1.077 prices=634.57"
2026-02-18T10:15:00.000-05:00,[KLB] 10:15 ▲ ~ ~ Yest L vol=2.3x pos=^67 vwap=above ema=bear rs=+0.3% adx=46 body=36% ramp=1.3x rangeATR=1.1 O638.62 H640.3 L637.87 C639.5 ATR=21.54 SL=637.35/636.27 rawVol=72056 volSMA=30864 buf=1.077 prices=628.8
2026-02-18T10:40:00.000-05:00,[KLB] 10:40 ▲ ~ ~ Yest L vol=1.2x pos=^91 vwap=above ema=bear rs=+0.4% adx=35 body=91% ramp=0.9x rangeATR=1.3 ⚠ O637.39 H640.26 L637.39 C639.99 ATR=21.54 SL=637.84/636.76 rawVol=46178 volSMA=39146 buf=1.077 prices=628.8
2026-02-18T11:15:00.000-05:00,[KLB] 11:15 ▲ ~ ~ Yest L vol=0.3x pos=^70 vwap=above ema=bull rs=+0.3% adx=27 body=61% ramp=0.6x rangeATR=0.6 O639.24 H640.27 L639.13 C639.93 ATR=21.54 SL=637.78/636.7 rawVol=13372 volSMA=38296 buf=1.077 prices=628.8
2026-02-18T11:35:00.000-05:00,[KLB] 11:35 ▲ ~ ~ Yest L vol=0.7x pos=^54 vwap=above ema=bull rs=+0.3% adx=21 body=44% ramp=1.1x rangeATR=1 O638.89 H640.49 L638.72 C639.67 ATR=21.54 SL=637.52/636.44 rawVol=22944 volSMA=31557 buf=1.077 prices=628.8
2026-02-18T15:25:00.000-05:00,[KLB] 15:25 ▲ ~ ~ Yest L vol=1x pos=^98 vwap=above ema=bear rs=+0.8% adx=27 body=94% ramp=0.9x rangeATR=0.9 ⚠ O638.58 H639.5 L638.54 C639.48 ATR=21.54 SL=637.33/636.25 rawVol=12113 volSMA=12202 buf=1.077 prices=628.8
2026-02-18T15:35:00.000-05:00,[KLB] 15:35 ▲ ~ ~ Yest L vol=2.1x pos=^98 vwap=above ema=bear rs=+1% adx=25 body=98% ramp=1.3x rangeATR=2.2 ⚡ ⚠ O638.87 H641.5 L638.87 C641.44 ATR=21.54 SL=639.29/638.21 rawVol=28373 volSMA=13202 buf=1.077 prices=628.8
2026-02-18T15:55:00.000-05:00,[KLB] 15:55 ▲ BRK Yest H vol=2.8x pos=^37 vwap=above ema=bull rs=+1% adx=26 body=35% ramp=2.4x rangeATR=2 O642.11 H644.54 L642.06 C642.98 ATR=21.54 SL=640.83/639.75 rawVol=52189 volSMA=19754 buf=1.077 prices=642.6
2026-02-18T15:55:00.000-05:00,[KLB] 15:55 ▲ ◆ ◆¹ Yest H 4.8x ^65 vol= pos= vwap=above ema=bull rs=+1% adx=26 body=35% ramp=2.4x rangeATR=2 O642.11 H644.54 L642.06 C642.98 ATR=21.54 SL=640.83/639.75 rawVol=52189 volSMA=19754 buf=1.077 prices=
2026-02-19T10:05:00.000-05:00,[KLB] 10:05 ▲ BRK ORB H vol=2.1x pos=^79 vwap=above ema=bull rs=+0.5% adx=26 body=59% ramp=0.7x rangeATR=1.8 O641.24 H643.63 L640.66 C643 ATR=21.21 SL=640.88/639.82 rawVol=23455 volSMA=11167 buf=1.06 prices=642.37
2026-02-19T10:10:00.000-05:00,[KLB] 10:10 ▲ ◆ ◆² ORB H 1.6x ^100 vol= pos= vwap=above ema=bull rs=+0.4% adx=27 body=76% ramp=0.9x rangeATR=1.1 O642.98 H643 L641.11 C641.55 ATR=21.21 SL=639.43/638.37 rawVol=20047 volSMA=12134 buf=1.06 prices=
2026-02-19T10:25:00.000-05:00,[KLB] 10:25 ▲ ~ ~ VWAP vol=1.7x pos=^59 vwap=above ema=bull rs=+0.6% adx=28 body=39% ramp=1.1x rangeATR=1.3 O643 H644.88 L642.53 C643.91 ATR=21.21 SL=641.79/640.73 rawVol=26403 volSMA=15636 buf=1.06 prices=
2026-02-19T10:35:00.000-05:00,[KLB] 10:35 ▲ BRK PM H vol=2x pos=^89 vwap=above ema=bull rs=+0.7% adx=30 body=80% ramp=1.2x rangeATR=1.6 O642.63 H645.3 L642.36 C644.98 ATR=21.21 SL=642.86/641.8 rawVol=36827 volSMA=18140 buf=1.06 prices=643.91
2026-02-19T10:35:00.000-05:00,[KLB] CONF 10:35 ▲ BRK → ✓ (auto-promote)
2026-02-19T10:40:00.000-05:00,[KLB] 5m CHECK 10:40 ▲ pnl=-0.11 → BAIL
2026-02-19T10:40:00.000-05:00,[KLB] CONF 10:40 ▲ BRK → ✗ (failed)
2026-02-19T11:20:00.000-05:00,[KLB] 11:20 ▲ BRK PM H vol=1.8x pos=^98 vwap=above ema=bull rs=+0.8% adx=33 body=98% ramp=1.7x rangeATR=0.7 ⚠ O644.21 H645.5 L644.21 C645.48 ATR=21.21 SL=643.36/642.3 rawVol=37186 volSMA=20440 buf=1.06 prices=643.91
2026-02-19T11:25:00.000-05:00,[KLB] 11:25 ▲ BRK Yest H vol=1.8x pos=^77 vwap=above ema=bull rs=+1% adx=34 body=77% ramp=2.7x rangeATR=0.7 O645.48 H646.71 L645.48 C646.43 ATR=21.21 SL=644.31/643.25 rawVol=23659 volSMA=20220 buf=1.06 prices=645
2026-02-19T11:25:00.000-05:00,[KLB] CONF 11:25 ▲ BRK → ✓ (auto-promote)
2026-02-19T11:25:00.000-05:00,[KLB] 11:25 ▲ ◆ ◆¹ Yest H 0.8x ^21 vol= pos= vwap=above ema=bull rs=+1% adx=34 body=77% ramp=2.7x rangeATR=0.7 O645.48 H646.71 L645.48 C646.43 ATR=21.21 SL=644.31/643.25 rawVol=23659 volSMA=20220 buf=1.06 prices=
2026-02-19T11:30:00.000-05:00,[KLB] 5m CHECK 11:30 ▲ pnl=-0.06 → BAIL
2026-02-19T11:40:00.000-05:00,[KLB] CONF 11:40 ▲ BRK → ✗ (failed)
2026-02-20T09:30:00.000-05:00,[KLB] 9:30 ▼ ~ ~ VWAP vol=0.7x pos=v75 vwap=below ema=bear rs=-0.3% adx=30 body=34% ramp=2.3x rangeATR=3.5 ⚡ O640.75 H641.99 L639 C639.74 ATR=20.44 SL=641.78/642.81 rawVol=304 volSMA=452 buf=1.022 prices=
2026-02-20T09:35:00.000-05:00,[KLB] 9:35 ▲ 🔊 MC ramp=21.6x vol=16.2x pos=^98 vwap=above ema=bear adx=30 body=85% rangeATR=4.9 ⚡ O639.46 H644.71 L638.71 C644.58 ATR=20.44
2026-02-20T09:35:00.000-05:00,[KLB] 9:35 ▲ ~ ~ PM L vol=16.2x pos=^98 vwap=above ema=bear rs=+0.6% adx=30 body=85% ramp=21.6x rangeATR=4.9 ⚡ ⚠ 🔊 O639.46 H644.71 L638.71 C644.58 ATR=20.44 SL=642.54/641.51 rawVol=38894 volSMA=2396 buf=1.022 prices=639
2026-02-20T09:40:00.000-05:00,[KLB] CONF 9:40 ▲ QBS/MC → ✓★ (auto-promote)
2026-02-20T09:45:00.000-05:00,[KLB] 5m CHECK 9:45 ▲ pnl=0.1 → HOLD
2026-02-20T09:50:00.000-05:00,[KLB] 9:50 ▲ ~ ~ VWAP vol=7.4x pos=^73 vwap=above ema=bull rs=+1.4% adx=34 body=56% ramp=4x rangeATR=2 ⚡ O648.68 H651.53 L648.06 C650.61 ATR=20.44 SL=648.57/647.54 rawVol=76056 volSMA=10287 buf=1.022 prices=
2026-02-23T09:40:00.000-05:00,[KLB] 9:40 ▼ 🔊 MC ramp=19.5x vol=6.5x pos=v65 vwap=above ema=bear adx=25 body=52% rangeATR=3 ⚡ O654.59 H655.11 L651.28 C652.61 ATR=20.73
2026-02-23T09:45:00.000-05:00,[KLB] 9:45 ▼ BRK PM L + ORB L vol=5.1x pos=v99 vwap=below ema=bear rs=-0.6% adx=25 body=99% ramp=37.7x rangeATR=3.1 ⚡ ⚠ 🔊 O653.02 H653.02 L648.26 C648.3 ATR=20.73 SL=650.37/651.41 rawVol=29435 volSMA=6540 buf=1.037 prices=649.44/651.33
2026-02-23T09:45:00.000-05:00,[KLB] 9:45 ▼ ~ ~ VWAP vol=5.1x pos=v99 vwap=below ema=bear rs=-0.6% adx=25 body=99% ramp=37.7x rangeATR=3.1 ⚡ ⚠ 🔊 O653.02 H653.02 L648.26 C648.3 ATR=20.73 SL=650.37/651.41 rawVol=29435 volSMA=6540 buf=1.037 prices=
2026-02-23T09:45:00.000-05:00,[KLB] CONF 9:45 ▼ QBS/MC → ✓ (auto-promote)
2026-02-23T09:45:00.000-05:00,"[KLB] 9:45 ▼ ◆ ◆¹ PM L 4.5x v42
◆¹ ORB L 4.5x v42 vol= pos= vwap=below ema=bear rs=-0.6% adx=25 body=99% ramp=37.7x rangeATR=3.1 ⚡ ⚠ 🔊 O653.02 H653.02 L648.26 C648.3 ATR=20.73 SL=650.37/651.41 rawVol=29435 volSMA=6540 buf=1.037 prices="
2026-02-23T09:50:00.000-05:00,[KLB] 5m CHECK 9:50 ▼ pnl=-0.07 → BAIL
2026-02-23T15:00:00.000-05:00,[KLB] 15:00 ▼ BRK Yest L vol=1.5x pos=v100 vwap=below ema=bear rs=-1.3% adx=34 body=89% ramp=1.2x rangeATR=1.2 ⚠ O638.75 H638.89 L637.67 C637.67 ATR=20.73 SL=639.74/640.78 rawVol=16810 volSMA=11089 buf=1.037 prices=638.78
2026-02-23T15:00:00.000-05:00,[KLB] CONF 15:00 ▼ BRK → ✓★ (auto-promote)
2026-02-23T15:05:00.000-05:00,[KLB] 5m CHECK 15:05 ▼ pnl=0.04 → BAIL
2026-02-23T15:30:00.000-05:00,[KLB] 15:30 ▼ ◆ ◆⁷ Yest L 1x v52 vol= pos= vwap=below ema=bear rs=-1.4% adx=40 body=33% ramp=0.9x rangeATR=0.7 O637.67 H637.93 L637.29 C637.46 ATR=20.73 SL=639.53/640.57 rawVol=8107 volSMA=11607 buf=1.037 prices=
2026-02-24T09:35:00.000-05:00,[KLB] 9:35 ▼ 🔊 MC ramp=69.2x vol=16.8x pos=v48 vwap=below ema=bear adx=22 body=36% rangeATR=3.5 ⚡ O633.39 H633.95 L629.36 C631.73 ATR=20.8
2026-02-24T09:35:00.000-05:00,[KLB] 9:35 ▼ BRK PM L vol=16.8x pos=v48 vwap=below ema=bear rs=0% adx=22 body=36% ramp=69.2x rangeATR=3.5 ⚡ 🔊 O633.39 H633.95 L629.36 C631.73 ATR=20.8 SL=633.81/634.85 rawVol=59055 volSMA=3512 buf=1.04 prices=631.81
2026-02-24T09:40:00.000-05:00,[KLB] 9:40 ▲ 🔊 MC ramp=91x vol=6.7x pos=^95 vwap=above ema=bear adx=24 body=66% rangeATR=2.7 ⚡ O631.73 H634.68 L630.48 C634.49 ATR=20.8
2026-02-24T09:40:00.000-05:00,[KLB] 9:40 ▲ ~ ~ PM L vol=6.7x pos=^95 vwap=above ema=bear rs=+0.2% adx=24 body=66% ramp=91x rangeATR=2.7 ⚡ 🔊 O631.73 H634.68 L630.48 C634.49 ATR=20.8 SL=632.41/631.37 rawVol=35129 volSMA=5254 buf=1.04 prices=631.81
2026-02-24T09:40:00.000-05:00,[KLB] CONF 9:40 ▼ BRK → ✗ (failed)
2026-02-24T09:45:00.000-05:00,"[KLB] 9:45 ▲ ~~ ~~ Yest L
~ VWAP vol=5.3x pos=^93 vwap=above ema=bear rs=+0.4% adx=22 body=85% ramp=54.1x rangeATR=2.3 ⚡ ⚠ 🔊 O634.5 H638.07 L634.19 C637.79 ATR=20.8 SL=635.71/634.67 rawVol=29363 volSMA=6643 buf=1.04 prices=636"
2026-02-24T09:45:00.000-05:00,[KLB] CONF 9:45 ▲ QBS/MC → ✓★ (auto-promote)
2026-02-24T09:50:00.000-05:00,[KLB] 5m CHECK 9:50 ▲ pnl=-0.05 → BAIL
2026-02-24T09:55:00.000-05:00,[KLB] 9:55 ▼ BRK Yest L vol=2.4x pos=v85 vwap=above ema=bear rs=-0.2% adx=21 body=83% ramp=0.7x rangeATR=1.7 ⚠ O636.81 H636.86 L633.61 C634.11 ATR=20.8 SL=636.19/637.23 rawVol=20161 volSMA=8668 buf=1.04 prices=636
2026-02-24T10:00:00.000-05:00,[KLB] 10:00 ▼ BRK PM L vol=3.2x pos=v88 vwap=below ema=bear rs=-0.5% adx=22 body=88% ramp=0.6x rangeATR=1.8 ⚠ O634 H634 L630.37 C630.81 ATR=20.8 SL=632.89/633.93 rawVol=32723 volSMA=10286 buf=1.04 prices=631.81
2026-02-24T10:00:00.000-05:00,"[KLB] 10:00 ▼ ~ ~ ORB H
~ VWAP vol=3.2x pos=v88 vwap=below ema=bear rs=-0.5% adx=22 body=88% ramp=0.6x rangeATR=1.8 ⚠ O634 H634 L630.37 C630.81 ATR=20.8 SL=632.89/633.93 rawVol=32723 volSMA=10286 buf=1.04 prices=633.95"
2026-02-24T10:00:00.000-05:00,[KLB] CONF 10:00 ▼ BRK → ✓ (auto-promote)
2026-02-24T10:00:00.000-05:00,[KLB] 10:00 ▼ ◆ ◆¹ PM L 3.2x v90 vol= pos= vwap=below ema=bear rs=-0.5% adx=22 body=88% ramp=0.6x rangeATR=1.8 ⚠ O634 H634 L630.37 C630.81 ATR=20.8 SL=632.89/633.93 rawVol=32723 volSMA=10286 buf=1.04 prices=
2026-02-24T10:05:00.000-05:00,[KLB] 5m CHECK 10:05 ▼ pnl=0.07 → HOLD
2026-02-24T10:15:00.000-05:00,[KLB] CONF 10:15 ▼ BRK → ✗ (failed)
2026-02-24T10:20:00.000-05:00,[KLB] 10:20 ▲ ~~ ~~ PM L vol=1.7x pos=^80 vwap=above ema=bear rs=+0% adx=23 body=74% ramp=0.9x rangeATR=1.8 O632.18 H636.05 L631.93 C635.22 ATR=20.8 SL=633.14/632.1 rawVol=26074 volSMA=15538 buf=1.04 prices=631.81
2026-02-25T09:30:00.000-05:00,[KLB] 9:30 ▲ BRK Yest H vol=3.3x pos=^100 vwap=below ema=bull rs=+0.5% adx=21 body=44% ramp=2.7x rangeATR=5.2 ⚡ O641.7 H643 L640.03 C643 ATR=20.18 SL=640.98/639.97 rawVol=1405 volSMA=429 buf=1.009 prices=641.11
2026-02-25T09:40:00.000-05:00,[KLB] 9:40 ▲ 🔊 MC ramp=28.1x vol=11.3x pos=^57 vwap=above ema=bull adx=21 body=47% rangeATR=3.1 ⚡ O643.39 H646.01 L643.11 C644.75 ATR=20.18
2026-02-25T09:45:00.000-05:00,[KLB] CONF 9:45 ▲ QBS/MC → ✓ (auto-promote)
2026-02-25T09:50:00.000-05:00,[KLB] 9:50 ▲ BRK ORB H vol=5.9x pos=^97 vwap=above ema=bull rs=+0.9% adx=26 body=92% ramp=2.4x rangeATR=3.2 ⚡ ⚠ O645.7 H649.64 L645.53 C649.5 ATR=20.18 SL=647.48/646.47 rawVol=56650 volSMA=9593 buf=1.009 prices=645.64
2026-02-25T09:50:00.000-05:00,[KLB] 9:50 ▲ ~ ~ VWAP vol=5.9x pos=^97 vwap=above ema=bull rs=+0.9% adx=26 body=92% ramp=2.4x rangeATR=3.2 ⚡ ⚠ O645.7 H649.64 L645.53 C649.5 ATR=20.18 SL=647.48/646.47 rawVol=56650 volSMA=9593 buf=1.009 prices=
2026-02-25T09:50:00.000-05:00,[KLB] CONF 9:50 ▲ BRK → ✓ (auto-promote)
2026-02-25T09:55:00.000-05:00,[KLB] 5m CHECK 9:55 ▲ pnl=0.02 → BAIL
2026-02-26T09:35:00.000-05:00,[KLB] 9:35 ▲ 🔊 MC ramp=25.6x vol=15.8x pos=^89 vwap=above ema=bull adx=22 body=43% rangeATR=6.6 ⚡ O650.55 H653.89 L647.7 C653.23 ATR=19.78
2026-02-26T09:35:00.000-05:00,[KLB] 9:35 ▲ BRK PM H vol=15.8x pos=^89 vwap=above ema=bull rs=+0.6% adx=22 body=43% ramp=25.6x rangeATR=6.6 ⚡ 🔊 O650.55 H653.89 L647.7 C653.23 ATR=19.78 SL=651.25/650.26 rawVol=47781 volSMA=3028 buf=0.989 prices=652
2026-02-26T09:35:00.000-05:00,[KLB] 9:35 ▲ ~ ~ PM L vol=15.8x pos=^89 vwap=above ema=bull rs=+0.6% adx=22 body=43% ramp=25.6x rangeATR=6.6 ⚡ 🔊 O650.55 H653.89 L647.7 C653.23 ATR=19.78 SL=651.25/650.26 rawVol=47781 volSMA=3028 buf=0.989 prices=647.8
2026-02-26T09:35:00.000-05:00,[KLB] 9:35 ▲ ◆ ◆¹ PM H 17.9x ^85 vol= pos= vwap=above ema=bull rs=+0.6% adx=22 body=43% ramp=25.6x rangeATR=6.6 ⚡ 🔊 O650.55 H653.89 L647.7 C653.23 ATR=19.78 SL=651.25/650.26 rawVol=47781 volSMA=3028 buf=0.989 prices=
2026-02-26T09:40:00.000-05:00,[KLB] 9:40 ▲ BRK Yest H + ORB H vol=9.5x pos=^85 vwap=above ema=bull rs=+1% adx=24 body=44% ramp=45.8x rangeATR=4.8 ⚡ 🔊 O653.45 H657.14 L650.89 C656.18 ATR=19.78 SL=654.2/653.21 rawVol=54333 volSMA=5729 buf=0.989 prices=653.88/653.89
2026-02-26T09:40:00.000-05:00,[KLB] CONF 9:40 ▲ BRK → ✓★ (auto-promote)
2026-02-26T09:40:00.000-05:00,[KLB] CONF 9:40 ▲ QBS/MC → ✓★ (auto-promote)
2026-02-26T09:45:00.000-05:00,[KLB] 9:45 ▲ ~ ~ VWAP vol=9.3x pos=^99 vwap=above ema=bull rs=+1.8% adx=27 body=82% ramp=44.7x rangeATR=3.5 ⚡ ⚠ 🔊 O656.21 H660.83 L655.24 C660.79 ATR=19.78 SL=658.81/657.82 rawVol=100420 volSMA=10747 buf=0.989 prices=
2026-02-26T09:45:00.000-05:00,[KLB] 5m CHECK 9:45 ▲ pnl=0.23 → HOLD
2026-02-26T10:05:00.000-05:00,[KLB] 10:05 ▼ 🔇 QBS ramp=0.4x vol=1.8x pos=v79 vwap=below ema=bull adx=35 body=60% rangeATR=1.8 O658.27 H658.92 L655.46 C656.18 ATR=19.78
2026-02-26T10:05:00.000-05:00,"[KLB] 10:05 ▲ ◆ ◆⁶ Yest H 1.6x ^20
◆⁶ ORB H 1.6x ^20 vol= pos= vwap=below ema=bull rs=+1.3% adx=35 body=60% ramp=0.4x rangeATR=1.8 🔇 O658.27 H658.92 L655.46 C656.18 ATR=19.78 SL=654.2/653.21 rawVol=28097 volSMA=16138 buf=0.989 prices="
2026-02-26T10:10:00.000-05:00,[KLB] CONF 10:10 ▼ QBS/MC → ✓ (auto-promote)
2026-02-26T10:15:00.000-05:00,[KLB] 5m CHECK 10:15 ▼ pnl=-0.01 → BAIL
2026-02-26T10:15:00.000-05:00,[KLB] CONF 10:15 ▲ BRK → ✗ (failed)
2026-02-26T10:20:00.000-05:00,"[KLB] 10:20 ▼ ~~ ~~ PM H + ~~ Yest H + ~~ ORB H
~ VWAP vol=1.1x pos=v95 vwap=below ema=bull rs=+1% adx=31 body=95% ramp=0.9x rangeATR=2.1 ⚡ ⚠ O655.23 H655.24 L650.77 C650.98 ATR=19.78 SL=652.96/653.95 rawVol=21240 volSMA=19582 buf=0.989 prices=652/653.88/653.89"
2026-02-27T09:30:00.000-05:00,[KLB] 9:30 ▼ ~ ~ VWAP vol=5.3x pos=v75 vwap=below ema=bear rs=-1% adx=48 body=75% ramp=3.3x rangeATR=3.6 ⚡ O646.5 H646.5 L642.02 C643.16 ATR=19.33 SL=645.09/646.06 rawVol=3686 volSMA=693 buf=0.967 prices=
2026-02-27T09:35:00.000-05:00,[KLB] 9:35 ▲ 🔊 MC ramp=101.4x vol=18x pos=^64 vwap=above ema=bear adx=46 body=40% rangeATR=4.5 ⚡ O643.45 H649.33 L641.55 C646.53 ATR=19.33
2026-02-27T09:35:00.000-05:00,[KLB] 9:35 ▲ ~ ~ PM L vol=18x pos=^64 vwap=above ema=bear rs=+0.4% adx=46 body=40% ramp=101.4x rangeATR=4.5 ⚡ 🔊 O643.45 H649.33 L641.55 C646.53 ATR=19.33 SL=644.6/643.63 rawVol=127296 volSMA=7057 buf=0.967 prices=642.02
2026-02-27T09:40:00.000-05:00,[KLB] 9:40 ▼ 🔊 MC ramp=155.1x vol=5.8x pos=v63 vwap=below ema=bear adx=45 body=61% rangeATR=2.4 ⚡ O646.63 H646.73 L642.21 C643.88 ATR=19.33
2026-02-27T09:45:00.000-05:00,[KLB] CONF 9:45 ▼ QBS/MC → ✓ (auto-promote)
2026-02-27T09:50:00.000-05:00,[KLB] 5m CHECK 9:50 ▼ pnl=-0.15 → BAIL
2026-02-27T10:00:00.000-05:00,[KLB] 10:00 ▲ ~ ~ VWAP vol=1.2x pos=^84 vwap=above ema=bear rs=+0.6% adx=38 body=55% ramp=0.4x rangeATR=1.5 🔇 O645.49 H647.95 L644.5 C647.39 ATR=19.33 SL=645.46/644.49 rawVol=22595 volSMA=18662 buf=0.967 prices=
2026-02-27T15:55:00.000-05:00,[KLB] 15:55 ▲ ~ ~ PM L + ~ ORB L vol=5.1x pos=^97 vwap=above ema=bear rs=-0.2% adx=21 body=97% ramp=3.4x rangeATR=3.3 ⚡ ⚠ O640.43 H644.37 L640.43 C644.24 ATR=19.33 SL=642.31/641.34 rawVol=86611 volSMA=16857 buf=0.967 prices=642.02/641.55
2026-03-02T09:35:00.000-05:00,[KLB] 9:35 ▲ 🔊 MC ramp=15.1x vol=15.4x pos=^97 vwap=above ema=bear adx=21 body=72% rangeATR=5.5 ⚡ O637.17 H645.12 L634.63 C644.77 ATR=19.3
2026-03-02T09:35:00.000-05:00,"[KLB] 9:35 ▲ ~ ~ Yest L
~ VWAP vol=15.4x pos=^97 vwap=above ema=bear rs=+0.8% adx=21 body=72% ramp=15.1x rangeATR=5.5 ⚡ 🔊 O637.17 H645.12 L634.63 C644.77 ATR=19.3 SL=642.84/641.87 rawVol=60566 volSMA=3945 buf=0.965 prices=638.12"
2026-03-02T09:40:00.000-05:00,[KLB] CONF 9:40 ▲ QBS/MC → ✗ (failed)
2026-03-02T09:45:00.000-05:00,[KLB] 9:45 ▲ BRK ORB H vol=7x pos=^88 vwap=above ema=bull rs=+1.5% adx=25 body=87% ramp=22.9x rangeATR=2.6 ⚡ ⚠ 🔊 O644.53 H650.36 L644.43 C649.67 ATR=19.3 SL=647.74/646.77 rawVol=66265 volSMA=9402 buf=0.965 prices=645.12
2026-03-02T09:50:00.000-05:00,[KLB] 9:50 ▲ ◆ ◆² ORB H 1.5x ^30 vol= pos= vwap=above ema=bull rs=+1.4% adx=28 body=23% ramp=2x rangeATR=1.3 O649.37 H651.21 L648.19 C650.06 ATR=19.3 SL=648.13/647.16 rawVol=23373 volSMA=10539 buf=0.965 prices=
2026-03-02T10:20:00.000-05:00,[KLB] 10:20 ▲ BRK Yest H vol=2.5x pos=^63 vwap=above ema=bull rs=+1.4% adx=31 body=47% ramp=1.5x rangeATR=1.4 O649.75 H653 L649.12 C651.58 ATR=19.3 SL=649.65/648.68 rawVol=42639 volSMA=16921 buf=0.965 prices=649.44
2026-03-02T10:20:00.000-05:00,[KLB] CONF 10:20 ▲ BRK → ✓★ (auto-promote)
2026-03-02T10:25:00.000-05:00,[KLB] 5m CHECK 10:25 ▲ pnl=0.1 → HOLD
2026-03-02T10:30:00.000-05:00,[KLB] 10:30 ▲ ◆ ◆³ Yest H 1x ^18 vol= pos= vwap=above ema=bull rs=+1.6% adx=33 body=39% ramp=1.7x rangeATR=1.3 O653.45 H653.97 L650.21 C651.99 ATR=19.3 SL=650.06/649.09 rawVol=15632 volSMA=19126 buf=0.965 prices=
2026-03-03T09:35:00.000-05:00,[KLB] 9:35 ▲ 🔊 MC ramp=18.7x vol=15.9x pos=^51 vwap=above ema=bull adx=28 body=31% rangeATR=4.9 ⚡ O647.52 H655.88 L645.38 C650.78 ATR=19.74
2026-03-03T09:35:00.000-05:00,[KLB] 9:35 ▲ BRK PM H vol=15.9x pos=^51 vwap=above ema=bull rs=+0.5% adx=28 body=31% ramp=18.7x rangeATR=4.9 ⚡ 🔊 O647.52 H655.88 L645.38 C650.78 ATR=19.74 SL=648.81/647.82 rawVol=64968 volSMA=4095 buf=0.987 prices=649
2026-03-03T09:35:00.000-05:00,[KLB] 9:35 ▲ ~ ~ VWAP vol=15.9x pos=^51 vwap=above ema=bull rs=+0.5% adx=28 body=31% ramp=18.7x rangeATR=4.9 ⚡ 🔊 O647.52 H655.88 L645.38 C650.78 ATR=19.74 SL=648.81/647.82 rawVol=64968 volSMA=4095 buf=0.987 prices=
2026-03-03T09:35:00.000-05:00,[KLB] 9:35 ▲ ◆ ◆¹ PM H 9.4x ^25 vol= pos= vwap=above ema=bull rs=+0.5% adx=28 body=31% ramp=18.7x rangeATR=4.9 ⚡ 🔊 O647.52 H655.88 L645.38 C650.78 ATR=19.74 SL=648.81/647.82 rawVol=64968 volSMA=4095 buf=0.987 prices=
2026-03-03T09:40:00.000-05:00,[KLB] 9:40 ▼ 🔊 MC ramp=25.8x vol=6.4x pos=v75 vwap=below ema=bull adx=31 body=62% rangeATR=1.6 O650.75 H651.2 L647.63 C648.52 ATR=19.74
2026-03-03T09:45:00.000-05:00,[KLB] CONF 9:45 ▼ QBS/MC → ✗ (failed)
2026-03-03T09:45:00.000-05:00,[KLB] CONF 9:45 ▲ BRK → ✗ (failed)
2026-03-03T09:50:00.000-05:00,[KLB] 9:50 ▼ ~~ ~~ PM H + ~ Yest H vol=2.9x pos=v94 vwap=below ema=bull rs=+0.1% adx=38 body=53% ramp=1.3x rangeATR=2.8 ⚡ O650.87 H654 L646.34 C646.79 ATR=19.74 SL=648.76/649.75 rawVol=24466 volSMA=8429 buf=0.987 prices=649/659.94
2026-03-03T10:00:00.000-05:00,"[KLB] 10:00 ▼ ~~ ~~ PM H
~ VWAP vol=3.1x pos=v95 vwap=below ema=bull rs=0% adx=42 body=43% ramp=0.6x rangeATR=1.1 O646.79 H648.41 L645.33 C645.48 ATR=19.74 SL=647.45/648.44 rawVol=16236 volSMA=10773 buf=0.987 prices=649"
2026-03-03T11:05:00.000-05:00,[KLB] 11:05 ▲ ~ ~ ORB L vol=0.5x pos=^94 vwap=above ema=bull rs=0% adx=32 body=86% ramp=0.8x rangeATR=0.8 ⚠ O644.69 H646.73 L644.53 C646.59 ATR=19.74 SL=644.62/643.63 rawVol=12537 volSMA=23867 buf=0.987 prices=645.38
2026-03-03T12:45:00.000-05:00,[KLB] 12:45 ▲ BRK PM H vol=1.7x pos=^93 vwap=above ema=bull rs=+0% adx=29 body=86% ramp=2.9x rangeATR=1.1 ⚠ O649.52 H651.66 L649.35 C651.5 ATR=19.74 SL=649.53/648.54 rawVol=18996 volSMA=11286 buf=0.987 prices=649
2026-03-03T12:50:00.000-05:00,[KLB] 12:50 ▲ ◆ ◆² PM H 1.2x ^13 vol= pos= vwap=above ema=bull rs=-0.1% adx=28 body=43% ramp=1.3x rangeATR=0.6 O651.4 H651.51 L650.38 C650.92 ATR=19.74 SL=648.94/647.95 rawVol=9883 volSMA=11164 buf=0.987 prices=
2026-03-03T13:40:00.000-05:00,[KLB] 13:40 ▲ BRK ORB H vol=1.8x pos=^84 vwap=above ema=bull rs=+0.5% adx=27 body=65% ramp=0.9x rangeATR=1.1 O656.21 H657.92 L655.8 C657.59 ATR=19.74 SL=655.62/654.63 rawVol=21231 volSMA=11929 buf=0.987 prices=655.88
2026-03-03T13:40:00.000-05:00,[KLB] CONF 13:40 ▲ BRK → ✓ (auto-promote)
2026-03-03T13:45:00.000-05:00,[KLB] 5m CHECK 13:45 ▲ pnl=0.05 → BAIL
2026-03-03T14:05:00.000-05:00,[KLB] 14:05 ▲ ◆ ◆⁶ ORB H 0.7x ^9 vol= pos= vwap=above ema=bull rs=+0.5% adx=32 body=53% ramp=0.6x rangeATR=0.6 O657.76 H657.93 L656.85 C657.19 ATR=19.74 SL=655.22/654.23 rawVol=7623 volSMA=13954 buf=0.987 prices=
2026-03-03T14:10:00.000-05:00,[KLB] CONF 14:10 ▲ BRK → ✗ (failed)
