Date,Message
2025-07-14T09:30:00.000-04:00,[KLB] 9:30 ▼ RNG range break vol=3.2x
2025-07-14T09:30:00.000-04:00,[KLB] 9:30 ▼ ~ ~ Today O vol=3.2x pos=v100 vwap=above ema=bear rs=-0.1% adx=na body=71% ramp=1.6x rangeATR=1 O44.5 H44.51 L44.48 C44.48 ATR=0.77 SL=44.55/44.59 rawVol=5688 volSMA=1755 buf=0.039 prices=
2025-07-14T14:50:00.000-04:00,[KLB] 14:50 ▼ BRK ORB L vol=1.1x pos=v100 vwap=below ema=bear rs=-1.1% adx=21 body=95% ramp=0.7x rangeATR=1 ⚠ O44.17 H44.17 L44.12 C44.12 ATR=0.77 SL=44.2/44.24 rawVol=26958 volSMA=23460 buf=0.039 prices=44.19
2025-07-14T14:50:00.000-04:00,[KLB] CONF 14:50 ▼ BRK → ✓ (auto-R1: EMA)
2025-07-14T14:55:00.000-04:00,[KLB] 14:55 ▼ BRK Yest L vol=1.1x pos=v100 vwap=below ema=bear rs=-1.1% adx=21 body=58% ramp=0.6x rangeATR=0.6 O44.12 H44.13 L44.1 C44.1 ATR=0.77 SL=44.18/44.22 rawVol=18526 volSMA=23557 buf=0.039 prices=44.16
2025-07-14T14:55:00.000-04:00,[KLB] CONF 14:55 ▼ BRK → ✓ (auto-R1: EMA)
2025-07-14T15:00:00.000-04:00,[KLB] 5m CHECK 15:00 ▼ pnl=-0.01 SPY~ → HOLD
2025-07-14T15:30:00.000-04:00,[KLB] 15:30 ▼ ~ ~ VWAP vol=1.9x pos=v98 vwap=below ema=bear rs=-1.3% adx=21 body=63% ramp=2x rangeATR=2.1 ⚡ O44.09 H44.13 L44.02 C44.03 ATR=0.77 SL=44.1/44.14 rawVol=44702 volSMA=24033 buf=0.039 prices=
2025-07-15T09:30:00.000-04:00,[KLB] 9:30 ▼ RNG range break vol=4x
2025-07-15T09:35:00.000-04:00,[KLB] 9:35 ▲ RNG range break vol=19.7x
2025-07-15T10:55:00.000-04:00,[KLB] 10:55 ▼ ~ ~ VWAP vol=1.9x pos=v94 vwap=below ema=bear rs=-0.3% adx=21 body=92% ramp=1.1x rangeATR=2.1 ⚡ ⚠ O43.8 H43.81 L43.65 C43.66 ATR=0.77 SL=43.74/43.78 rawVol=168484 volSMA=88936 buf=0.038 prices=
2025-07-16T09:35:00.000-04:00,[KLB] 9:35 ▲ RNG range break vol=18.6x
2025-07-16T11:20:00.000-04:00,[KLB] 11:20 ▼ ~ ~ VWAP vol=2.4x pos=v95 vwap=below ema=bear rs=-0.4% adx=24 body=95% ramp=0.9x rangeATR=2.1 ⚡ ⚠ O43.17 H43.17 L42.98 C42.99 ATR=0.77 SL=43.06/43.1 rawVol=188990 volSMA=77987 buf=0.039 prices=
2025-07-16T12:50:00.000-04:00,[KLB] 12:50 ▲ ~ ~ ORB L vol=0.9x pos=^80 vwap=above ema=bear rs=+0.2% adx=20 body=55% ramp=1.2x rangeATR=0.6 O43.34 H43.38 L43.33 C43.37 ATR=0.77 SL=43.29/43.25 rawVol=56682 volSMA=63664 buf=0.039 prices=43.34
2025-07-16T13:10:00.000-04:00,[KLB] 13:10 ▲ ~ ~ PM L + ~ ORB L vol=0.3x pos=^95 vwap=above ema=bull rs=+0.1% adx=21 body=90% ramp=0.7x rangeATR=0.8 ⚠ O43.34 H43.39 L43.33 C43.38 ATR=0.77 SL=43.31/43.27 rawVol=18122 volSMA=54707 buf=0.039 prices=43.33/43.34
2025-07-17T09:30:00.000-04:00,[KLB] 9:30 ▼ RNG range break vol=14.6x
2025-07-17T09:35:00.000-04:00,[KLB] 9:35 ▲ ~ ~ PM L + ~ Today O vol=18.9x pos=^94 vwap=above ema=bear rs=+0.2% adx=30 body=47% ramp=139.8x rangeATR=4.6 ⚡ O42.85 H42.98 L42.74 C42.96 ATR=0.77 SL=42.88/42.84 rawVol=240872 volSMA=12753 buf=0.038 prices=42.85
2025-07-17T09:45:00.000-04:00,"[KLB] 9:45 ▲ ~ ~ Yest L
~ VWAP + ~ PD LH L + ~ PD Cls vol=3.7x pos=^86 vwap=above ema=bear rs=+0.4% adx=32 body=82% ramp=32.5x rangeATR=2.2 ⚡ ⚠ O42.97 H43.1 L42.97 C43.08 ATR=0.77 SL=43/42.96 rawVol=74442 volSMA=20165 buf=0.038 prices=42.91"
2025-07-17T11:15:00.000-04:00,[KLB] 11:15 ▼ ~ ~ PM H vol=0.7x pos=v97 vwap=below ema=bear rs=+0.1% adx=21 body=87% ramp=0.9x rangeATR=1.1 ⚠ O43.08 H43.09 L43.01 C43.01 ATR=0.77 SL=43.09/43.13 rawVol=36084 volSMA=49971 buf=0.038 prices=43.11
2025-07-17T15:40:00.000-04:00,[KLB] 15:40 ▲ BRK PD LH H vol=3.1x pos=^56 vwap=above ema=bull rs=+0.6% adx=20 body=56% ramp=2.6x rangeATR=0.9 O43.35 H43.39 L43.35 C43.37 ATR=0.77 SL=43.29/43.25 rawVol=78806 volSMA=25580 buf=0.038 prices=
2025-07-17T15:40:00.000-04:00,[KLB] CONF 15:40 ▲ BRK → ✓ (auto-R1: EMA)
2025-07-17T15:45:00.000-04:00,[KLB] 5m CHECK 15:45 ▲ pnl=-0.02 SPY✓ → HOLD
2025-07-18T09:35:00.000-04:00,[KLB] 9:35 ▼ RNG range break vol=19x
2025-07-18T09:35:00.000-04:00,[KLB] 9:35 ▼ ~ x~ PM H vol=19x pos=v81 vwap=below ema=bull rs=-0.1% adx=33 body=24% ramp=473.2x rangeATR=5.3 ⚡ O43.67 H43.88 L43.52 C43.59 ATR=0.76 SL=43.66/43.7 rawVol=439072 volSMA=23142 buf=0.038 prices=43.88
2025-07-18T09:45:00.000-04:00,[KLB] 9:45 ▼ ~ ~ VWAP vol=6.5x pos=v100 vwap=below ema=bull rs=-0.5% adx=34 body=65% ramp=647.1x rangeATR=1.6 O43.51 H43.55 L43.42 C43.42 ATR=0.76 SL=43.5/43.53 rawVol=345196 volSMA=59811 buf=0.038 prices=
2025-07-18T10:10:00.000-04:00,[KLB] 10:10 ▲ 🔇 QBS ramp=0.4x vol=1.3x pos=^95 vwap=above ema=bull adx=30 body=75% rangeATR=1.8 O43.59 H43.71 L43.56 C43.7 ATR=0.76
2025-07-18T10:10:00.000-04:00,[KLB] 10:10 ▲ ~ ~ VWAP vol=1.3x pos=^95 vwap=above ema=bull rs=+0.2% adx=30 body=75% ramp=0.4x rangeATR=1.8 🔇 O43.59 H43.71 L43.56 C43.7 ATR=0.76 SL=43.62/43.59 rawVol=77964 volSMA=104747 buf=0.038 prices=
2025-07-18T10:25:00.000-04:00,[KLB] CONF 10:25 ▲ QBS → ✗ (failed)
2025-07-18T11:15:00.000-04:00,[KLB] 11:15 ▼ BRK PM L + PD LH L + Week O vol=1.2x pos=v74 vwap=below ema=bear rs=-0.9% adx=27 body=73% ramp=1.4x rangeATR=2.4 ⚡ O43.33 H43.34 L43.09 C43.15 ATR=0.76 SL=43.23/43.26 rawVol=185308 volSMA=152721 buf=0.038 prices=43.3
2025-07-18T11:15:00.000-04:00,[KLB] 11:15 ▼ ~ ~ Yest H + ~ PD Cls vol=1.2x pos=v74 vwap=below ema=bear rs=-0.9% adx=27 body=73% ramp=1.4x rangeATR=2.4 ⚡ O43.33 H43.34 L43.09 C43.15 ATR=0.76 SL=43.23/43.26 rawVol=185308 volSMA=152721 buf=0.038 prices=43.39
2025-07-18T11:15:00.000-04:00,[KLB] CONF 11:15 ▼ BRK → ✓ (auto-R1: EMA)
2025-07-18T11:20:00.000-04:00,[KLB] 5m CHECK 11:20 ▼ pnl=0.08 SPY✓ → HOLD
2025-07-21T09:35:00.000-04:00,[KLB] 9:35 ▼ RNG range break vol=18.1x
2025-07-21T10:10:00.000-04:00,[KLB] 10:10 ▼ BRK Yest L + Week L + PD LH L vol=1.9x pos=v98 vwap=below ema=bear rs=-1.1% adx=26 body=96% ramp=1x rangeATR=3 ⚡ ⚠ O42.9 H42.91 L42.68 C42.68 ATR=0.78 SL=42.76/42.8 rawVol=62912 volSMA=33444 buf=0.039 prices=42.81/42.74
2025-07-21T10:10:00.000-04:00,[KLB] 10:10 ▼ ~ ~ VWAP vol=1.9x pos=v98 vwap=below ema=bear rs=-1.1% adx=26 body=96% ramp=1x rangeATR=3 ⚡ ⚠ O42.9 H42.91 L42.68 C42.68 ATR=0.78 SL=42.76/42.8 rawVol=62912 volSMA=33444 buf=0.039 prices=
2025-07-21T10:10:00.000-04:00,[KLB] CONF 10:10 ▼ BRK → ✓ (auto-R1: EMA)
2025-07-21T10:15:00.000-04:00,[KLB] 5m CHECK 10:15 ▼ pnl=-0.12 SPY~ → BAIL
2025-07-21T10:20:00.000-04:00,[KLB] 10:20 ▼ BRK Week L vol=1.4x pos=v55 vwap=below ema=bear rs=-1% adx=31 body=50% ramp=1x rangeATR=1.4 O42.78 H42.79 L42.68 C42.73 ATR=0.78 SL=42.8/42.84 rawVol=56870 volSMA=39508 buf=0.039 prices=42.74
2025-07-21T10:20:00.000-04:00,[KLB] CONF 10:20 ▼ BRK → ✓ (auto-R1: EMA)
2025-07-21T10:25:00.000-04:00,[KLB] 5m CHECK 10:25 ▼ pnl=-0.18 SPY✗ → BAIL
2025-07-22T09:35:00.000-04:00,[KLB] 9:35 ▲ RNG range break vol=19.6x
2025-07-22T09:35:00.000-04:00,[KLB] 9:35 ▲ ~ ~ PM L + ~ Yest L + ~ PD LH L + ~ Today O + ~ PD Cls vol=19.6x pos=^92 vwap=above ema=bear rs=+0.5% adx=20 body=82% ramp=359.1x rangeATR=5.7 ⚡ ⚠ O42.47 H42.69 L42.44 C42.67 ATR=0.77 SL=42.59/42.55 rawVol=134216 volSMA=6836 buf=0.039 prices=42.45/42.45
2025-07-22T09:45:00.000-04:00,"[KLB] 9:45 ▲ ~ ~ Week L
~ VWAP vol=6.6x pos=^95 vwap=above ema=bear rs=+0.8% adx=23 body=53% ramp=943.5x rangeATR=2.5 ⚡ O42.75 H42.83 L42.69 C42.83 ATR=0.77 SL=42.75/42.71 rawVol=97404 volSMA=14837 buf=0.039 prices=42.74"
2025-07-22T10:05:00.000-04:00,[KLB] 10:05 ▼ FADE at 42.74
2025-07-22T11:30:00.000-04:00,[KLB] 11:30 ▼ ~ x~ ORB H vol=0.7x pos=v100 vwap=below ema=bull rs=+0.6% adx=15 body=14% ramp=0.5x rangeATR=0.8 O42.63 H42.68 L42.63 C42.63 ATR=0.77 SL=42.7/42.74 rawVol=36694 volSMA=55719 buf=0.039 prices=42.69
2025-07-22T11:40:00.000-04:00,[KLB] 11:40 ▼ ~ x~ ORB H vol=0.8x pos=v76 vwap=below ema=bull rs=+0.6% adx=14 body=24% ramp=0.7x rangeATR=1.8 O42.66 H42.72 L42.6 C42.63 ATR=0.77 SL=42.7/42.74 rawVol=37544 volSMA=49717 buf=0.039 prices=42.69
2025-07-22T14:25:00.000-04:00,[KLB] 14:25 ▲ ~ ~ Week L vol=2x pos=^84 vwap=above ema=bull rs=+0.8% adx=22 body=48% ramp=1.5x rangeATR=1.5 O42.75 H42.8 L42.72 C42.79 ATR=0.77 SL=42.71/42.67 rawVol=47600 volSMA=23310 buf=0.039 prices=42.74
2025-07-23T09:35:00.000-04:00,[KLB] 9:35 ▲ RNG range break vol=18.4x
2025-07-23T11:45:00.000-04:00,[KLB] 11:45 ▲ ~ ~ VWAP vol=0.5x pos=^100 vwap=above ema=bull rs=+0.6% adx=26 body=100% ramp=1x rangeATR=0.9 ⚠ O43.05 H43.11 L43.05 C43.11 ATR=0.75 SL=43.03/42.99 rawVol=23050 volSMA=44243 buf=0.038 prices=
2025-07-24T09:35:00.000-04:00,[KLB] 9:35 ▼ RNG range break vol=18.7x
2025-07-24T13:10:00.000-04:00,[KLB] 13:10 ▲ ~ ~ VWAP vol=0.4x pos=^70 vwap=above ema=bull rs=+0.4% adx=25 body=55% ramp=1.6x rangeATR=0.9 O43.5 H43.57 L43.48 C43.54 ATR=0.75 SL=43.47/43.43 rawVol=19856 volSMA=52760 buf=0.037 prices=
2025-07-25T09:35:00.000-04:00,[KLB] 9:35 ▼ RNG range break vol=19.4x
2025-07-25T09:35:00.000-04:00,[KLB] 9:35 ▼ ~ ~ PM H + ~ Yest H + ~ Today O + ~ PD Cls vol=19.4x pos=v81 vwap=below ema=bull rs=-0.2% adx=24 body=44% ramp=206.4x rangeATR=4.2 ⚡ O43.78 H43.84 L43.68 C43.71 ATR=0.74 SL=43.78/43.82 rawVol=127924 volSMA=6582 buf=0.037 prices=43.83/43.77
2025-07-25T09:40:00.000-04:00,[KLB] 9:40 ▼ ~ x~ Yest H vol=11.7x pos=v67 vwap=below ema=bull rs=-0.2% adx=25 body=13% ramp=471.8x rangeATR=1.9 O43.7 H43.74 L43.66 C43.69 ATR=0.74 SL=43.76/43.8 rawVol=87212 volSMA=10942 buf=0.037 prices=43.77
2025-07-25T09:45:00.000-04:00,"[KLB] 9:45 ▼ ~ ~ Yest H
~ VWAP vol=6.4x pos=v88 vwap=below ema=bull rs=-0.4% adx=25 body=60% ramp=709.5x rangeATR=2.7 ⚡ O43.69 H43.73 L43.6 C43.62 ATR=0.74 SL=43.69/43.73 rawVol=53040 volSMA=13594 buf=0.037 prices=43.77"
2025-07-25T15:35:00.000-04:00,[KLB] 15:35 ▲ ~ ~ VWAP vol=1.1x pos=^80 vwap=above ema=bull rs=-0.7% adx=20 body=80% ramp=2.1x rangeATR=0.8 ⚠ O43.6 H43.63 L43.6 C43.62 ATR=0.74 SL=43.55/43.51 rawVol=14926 volSMA=12988 buf=0.037 prices=
2025-07-28T09:35:00.000-04:00,[KLB] 9:35 ▲ RNG range break vol=19x
2025-07-28T09:35:00.000-04:00,[KLB] 9:35 ▲ ~ ~ Today O vol=19x pos=^69 vwap=above ema=bull rs=+0.3% adx=35 body=54% ramp=69.5x rangeATR=5 ⚡ O43.82 H44.04 L43.78 C43.96 ATR=0.73 SL=43.89/43.85 rawVol=298866 volSMA=15749 buf=0.036 prices=
2025-07-28T09:40:00.000-04:00,[KLB] 9:40 ▲ ~ ~ VWAP vol=14.1x pos=^56 vwap=above ema=bull rs=+0.4% adx=37 body=48% ramp=78.8x rangeATR=2.2 ⚡ O43.97 H44.09 L43.96 C44.03 ATR=0.73 SL=43.96/43.92 rawVol=110256 volSMA=21256 buf=0.036 prices=
2025-07-28T09:45:00.000-04:00,[KLB] 9:45 ▼ ~ ~ ORB H vol=2.3x pos=v79 vwap=below ema=bull rs=+0.2% adx=37 body=76% ramp=138.4x rangeATR=2.3 ⚡ O44.04 H44.04 L43.9 C43.93 ATR=0.73 SL=44/44.03 rawVol=55576 volSMA=24035 buf=0.036 prices=44.04
2025-07-28T10:05:00.000-04:00,[KLB] 10:05 ▲ FADE at 44.04
2025-07-29T09:40:00.000-04:00,[KLB] 9:40 ▼ RNG range break vol=8.4x
2025-07-29T09:40:00.000-04:00,[KLB] 9:40 ▼ ~ ~ PM H + ~ Yest H + ~ Today O + ~ PD Cls vol=8.4x pos=v76 vwap=below ema=bull rs=-0.3% adx=28 body=58% ramp=1961.2x rangeATR=4.3 ⚡ O44.11 H44.14 L43.98 C44.02 ATR=0.72 SL=44.09/44.12 rawVol=61538 volSMA=7326 buf=0.036 prices=44.1/44.12
2025-07-29T09:50:00.000-04:00,[KLB] 9:50 ▼ ~ x~ PM H + x~ Yest H vol=3.4x pos=v70 vwap=below ema=bull rs=-0.1% adx=26 body=17% ramp=1.7x rangeATR=3.1 ⚡ O44.04 H44.12 L43.97 C44.01 ATR=0.72 SL=44.08/44.12 rawVol=38460 volSMA=11293 buf=0.036 prices=44.1/44.12
2025-07-29T09:55:00.000-04:00,[KLB] 9:55 ▲ ~ ~ PM L vol=4.4x pos=^83 vwap=above ema=bull rs=0% adx=26 body=54% ramp=1x rangeATR=2.2 ⚡ O44.02 H44.1 L43.98 C44.08 ATR=0.72 SL=44.01/43.97 rawVol=62766 volSMA=14401 buf=0.036 prices=44.05
2025-07-29T10:00:00.000-04:00,[KLB] 10:00 ▲ FADE at 44.1
2025-07-29T10:05:00.000-04:00,[KLB] 10:05 ▲ BRK PD LH H vol=2.4x pos=^74 vwap=above ema=bull rs=+0.2% adx=28 body=54% ramp=1x rangeATR=1.6 O44.11 H44.19 L44.09 C44.16 ATR=0.72 SL=44.09/44.06 rawVol=31992 volSMA=18179 buf=0.036 prices=
2025-07-29T10:05:00.000-04:00,[KLB] 10:05 ▲ ~ ~ VWAP vol=2.4x pos=^74 vwap=above ema=bull rs=+0.2% adx=28 body=54% ramp=1x rangeATR=1.6 O44.11 H44.19 L44.09 C44.16 ATR=0.72 SL=44.09/44.06 rawVol=31992 volSMA=18179 buf=0.036 prices=
2025-07-29T10:05:00.000-04:00,[KLB] CONF 10:05 ▲ BRK → ✓ (auto-R1: EMA)
2025-07-29T10:10:00.000-04:00,[KLB] 5m CHECK 10:10 ▲ pnl=0 SPY~ → HOLD
2025-07-29T11:45:00.000-04:00,[KLB] 11:45 ▲ ~ ~ PM L + ~ ORB L vol=0.9x pos=^100 vwap=above ema=bull rs=+0.6% adx=23 body=45% ramp=0.9x rangeATR=1.5 O44.11 H44.15 L44.06 C44.15 ATR=0.72 SL=44.07/44.04 rawVol=22620 volSMA=26498 buf=0.036 prices=44.05/44.07
2025-07-29T11:55:00.000-04:00,[KLB] 11:55 ▲ ~ ~ ORB L vol=0.8x pos=^93 vwap=above ema=bull rs=+0.4% adx=20 body=80% ramp=1x rangeATR=1.3 ⚠ O44.09 H44.15 L44.08 C44.15 ATR=0.72 SL=44.07/44.04 rawVol=19884 volSMA=25340 buf=0.036 prices=44.07
2025-07-30T09:35:00.000-04:00,[KLB] 9:35 ▼ RNG range break vol=16.1x
2025-07-30T09:45:00.000-04:00,[KLB] 9:45 ▼ BRK ORB L vol=3.4x pos=v74 vwap=below ema=bear rs=-0.3% adx=22 body=74% ramp=171.1x rangeATR=2.4 ⚡ O44.18 H44.18 L44.04 C44.08 ATR=0.7 SL=44.15/44.18 rawVol=50492 volSMA=15051 buf=0.035 prices=44.09
2025-07-30T09:45:00.000-04:00,[KLB] CONF 9:45 ▼ BRK → ✓ (auto-R1: EMA)
2025-07-30T09:50:00.000-04:00,[KLB] 9:50 ▼ ~ ~ VWAP vol=4.1x pos=v72 vwap=below ema=bear rs=-0.4% adx=25 body=68% ramp=2.3x rangeATR=2.1 ⚡ O44.07 H44.08 L43.95 C43.99 ATR=0.7 SL=44.06/44.09 rawVol=78484 volSMA=18975 buf=0.035 prices=
2025-07-30T09:50:00.000-04:00,[KLB] 5m CHECK 9:50 ▼ pnl=0.13 SPY~ → HOLD
2025-07-30T10:35:00.000-04:00,[KLB] 10:35 ▼ BRK Yest L vol=1.8x pos=v44 vwap=below ema=bear rs=-0.7% adx=37 body=44% ramp=0.8x rangeATR=1.8 O44.02 H44.02 L43.88 C43.96 ATR=0.7 SL=44.03/44.06 rawVol=73514 volSMA=40661 buf=0.035 prices=43.97
2025-07-30T10:35:00.000-04:00,[KLB] CONF 10:35 ▼ BRK → ✓ (auto-R1: EMA)
2025-07-30T10:40:00.000-04:00,[KLB] 5m CHECK 10:40 ▼ pnl=-0.05 SPY~ → HOLD
2025-07-30T12:35:00.000-04:00,[KLB] 12:35 ▲ ~ ~ ORB L vol=1x pos=^67 vwap=above ema=bear rs=-0.3% adx=33 body=60% ramp=1.4x rangeATR=0.8 O44.09 H44.13 L44.09 C44.12 ATR=0.7 SL=44.04/44.01 rawVol=27378 volSMA=26253 buf=0.035 prices=44.09
2025-07-30T13:35:00.000-04:00,[KLB] 13:35 ▲ ~ ~ ORB L vol=1.1x pos=^95 vwap=above ema=bear rs=-0.3% adx=23 body=84% ramp=1.6x rangeATR=1.2 ⚠ O44.08 H44.12 L44.07 C44.12 ATR=0.7 SL=44.04/44.01 rawVol=22994 volSMA=21062 buf=0.035 prices=44.09
2025-07-30T13:40:00.000-04:00,[KLB] 13:40 ▲ ~ ~ ORB L vol=1.1x pos=^100 vwap=above ema=bear rs=-0.2% adx=23 body=100% ramp=1.3x rangeATR=1.1 ⚠ O44.11 H44.16 L44.11 C44.16 ATR=0.7 SL=44.08/44.05 rawVol=8976 volSMA=20261 buf=0.035 prices=44.09
2025-07-30T14:05:00.000-04:00,[KLB] 14:05 ▼ FADE at 44.09
2025-07-30T14:05:00.000-04:00,[KLB] 14:05 ▼ BRK ORB L vol=2.1x pos=v73 vwap=below ema=bear rs=-0.4% adx=22 body=50% ramp=1.3x rangeATR=2.8 ⚡ O44.1 H44.13 L44 C44.04 ATR=0.7 SL=44.11/44.14 rawVol=39716 volSMA=18858 buf=0.035 prices=44.09
2025-07-30T14:05:00.000-04:00,[KLB] CONF 14:05 ▼ BRK → ✓ (auto-R1: EMA)
2025-07-30T14:10:00.000-04:00,[KLB] 5m CHECK 14:10 ▼ pnl=0.08 SPY~ → HOLD
2025-07-30T14:50:00.000-04:00,[KLB] 14:50 ▼ BRK Yest L vol=1.7x pos=v92 vwap=below ema=bear rs=-0.6% adx=27 body=79% ramp=3.1x rangeATR=2.3 ⚡ O44.01 H44.02 L43.89 C43.9 ATR=0.7 SL=43.97/44.01 rawVol=41684 volSMA=23829 buf=0.035 prices=43.97
2025-07-30T14:50:00.000-04:00,[KLB] CONF 14:50 ▼ BRK → ✓ (auto-R1: EMA)
2025-07-30T14:55:00.000-04:00,[KLB] 5m CHECK 14:55 ▼ pnl=0.01 SPY~ → HOLD
2025-07-30T15:05:00.000-04:00,[KLB] 15:05 ▼ ~ ~ Week H vol=2.8x pos=v78 vwap=below ema=bear rs=-0.5% adx=34 body=74% ramp=1.2x rangeATR=2 O43.82 H43.83 L43.69 C43.72 ATR=0.7 SL=43.79/43.83 rawVol=85466 volSMA=30149 buf=0.035 prices=43.84
2025-07-31T09:35:00.000-04:00,[KLB] 9:35 ▲ RNG range break vol=18.8x
2025-07-31T09:35:00.000-04:00,[KLB] 9:35 ▲ ~ ~ VWAP + ~ PD LH L vol=18.8x pos=^100 vwap=above ema=bear rs=+0.9% adx=22 body=97% ramp=144.9x rangeATR=5.9 ⚡ ⚠ O43.41 H43.77 L43.4 C43.77 ATR=0.72 SL=43.69/43.66 rawVol=151644 volSMA=8064 buf=0.036 prices=
2025-07-31T11:10:00.000-04:00,[KLB] 11:10 ▼ ~ x~ ORB H vol=0.8x pos=v47 vwap=below ema=bull rs=+1.3% adx=27 body=20% ramp=1.5x rangeATR=0.9 O43.75 H43.77 L43.7 C43.74 ATR=0.72 SL=43.81/43.84 rawVol=41582 volSMA=51910 buf=0.036 prices=43.77
2025-07-31T13:55:00.000-04:00,[KLB] 13:55 ▼ ~ ~ PM H vol=1.7x pos=v54 vwap=below ema=bear rs=+1.5% adx=22 body=46% ramp=1.1x rangeATR=1.1 O43.68 H43.68 L43.61 C43.64 ATR=0.72 SL=43.71/43.75 rawVol=39914 volSMA=23549 buf=0.036 prices=43.7
2025-07-31T14:10:00.000-04:00,"[KLB] 14:10 ▼ ~ ~ PM H
~ VWAP vol=0.8x pos=v97 vwap=below ema=bear rs=+1.5% adx=22 body=93% ramp=0.7x rangeATR=2.1 ⚡ ⚠ O43.72 H43.72 L43.58 C43.58 ATR=0.72 SL=43.65/43.69 rawVol=17804 volSMA=23177 buf=0.036 prices=43.7"
2025-07-31T14:40:00.000-04:00,[KLB] 14:40 ▼ ~ x~ PM H vol=0.5x pos=v95 vwap=below ema=bear rs=+1.4% adx=20 body=11% ramp=0.4x rangeATR=0.7 🔇 O43.64 H43.68 L43.63 C43.64 ATR=0.72 SL=43.71/43.74 rawVol=10450 volSMA=20147 buf=0.036 prices=43.7
2025-08-01T09:35:00.000-04:00,[KLB] 9:35 ▼ RNG range break vol=19.8x
2025-08-01T09:35:00.000-04:00,[KLB] 9:35 ▼ BRK PM L + Yest L + Month O vol=19.8x pos=v98 vwap=below ema=bear rs=-0.2% adx=21 body=65% ramp=417.5x rangeATR=5 ⚡ O43.46 H43.59 L43.19 C43.2 ATR=0.72 SL=43.27/43.3 rawVol=275022 volSMA=13891 buf=0.036 prices=43.44/43.38
2025-08-01T09:35:00.000-04:00,[KLB] 9:35 ▼ ~ ~ Today O vol=19.8x pos=v98 vwap=below ema=bear rs=-0.2% adx=21 body=65% ramp=417.5x rangeATR=5 ⚡ O43.46 H43.59 L43.19 C43.2 ATR=0.72 SL=43.27/43.3 rawVol=275022 volSMA=13891 buf=0.036 prices=
2025-08-01T09:35:00.000-04:00,[KLB] CONF 9:35 ▼ BRK → ✓ (auto-R1: EMA)
2025-08-01T09:40:00.000-04:00,[KLB] 5m CHECK 9:40 ▼ pnl=0.01 SPY✓ → HOLD
2025-08-01T09:50:00.000-04:00,[KLB] 9:50 ▼ BRK ORB L vol=4x pos=v99 vwap=below ema=bear rs=-0.1% adx=29 body=93% ramp=2.8x rangeATR=1.8 ⚠ O43.22 H43.23 L43.06 C43.06 ATR=0.72 SL=43.13/43.17 rawVol=211138 volSMA=53075 buf=0.036 prices=43.19
2025-08-01T09:50:00.000-04:00,[KLB] 9:50 ▼ ~ ~ VWAP vol=4x pos=v99 vwap=below ema=bear rs=-0.1% adx=29 body=93% ramp=2.8x rangeATR=1.8 ⚠ O43.22 H43.23 L43.06 C43.06 ATR=0.72 SL=43.13/43.17 rawVol=211138 volSMA=53075 buf=0.036 prices=
2025-08-01T09:50:00.000-04:00,[KLB] CONF 9:50 ▼ BRK → ✓ (auto-R1: EMA)
2025-08-01T09:55:00.000-04:00,[KLB] 5m CHECK 9:55 ▼ pnl=0.01 SPY✓ → HOLD
2025-08-01T10:00:00.000-04:00,[KLB] 10:00 ▼ BRK Week O vol=2.6x pos=v93 vwap=below ema=bear rs=-0.4% adx=34 body=89% ramp=0.6x rangeATR=1.4 ⚠ O43.05 H43.05 L42.91 C42.92 ATR=0.72 SL=42.99/43.03 rawVol=115790 volSMA=67789 buf=0.036 prices=
2025-08-01T10:00:00.000-04:00,[KLB] CONF 10:00 ▼ BRK → ✓ (auto-R1: EMA)
2025-08-01T10:05:00.000-04:00,[KLB] 5m CHECK 10:05 ▼ pnl=0.17 SPY✓ → HOLD
2025-08-04T09:35:00.000-04:00,[KLB] 9:35 ▲ RNG range break vol=17.5x
2025-08-04T09:35:00.000-04:00,[KLB] 9:35 ▲ ~ ~ Yest L + ~ PD LH L + ~ PD Cls vol=17.5x pos=^68 vwap=above ema=bear rs=+0.3% adx=33 body=65% ramp=45x rangeATR=6 ⚡ O42.75 H43.04 L42.74 C42.95 ATR=0.74 SL=42.87/42.83 rawVol=170032 volSMA=9692 buf=0.037 prices=42.56
2025-08-04T10:10:00.000-04:00,[KLB] 10:10 ▼ ~ ~ Today O vol=1.9x pos=v78 vwap=below ema=bull rs=-0.5% adx=32 body=75% ramp=0.9x rangeATR=2 ⚡ O42.83 H42.83 L42.67 C42.71 ATR=0.74 SL=42.78/42.82 rawVol=87384 volSMA=46173 buf=0.037 prices=
2025-08-04T10:25:00.000-04:00,[KLB] 10:25 ▲ FADE at 42.72
2025-08-04T10:35:00.000-04:00,[KLB] 10:35 ▼ ~ ~ VWAP vol=1.2x pos=v86 vwap=below ema=bear rs=-0.5% adx=24 body=86% ramp=0.7x rangeATR=1.5 ⚠ O42.83 H42.83 L42.71 C42.72 ATR=0.74 SL=42.8/42.83 rawVol=73046 volSMA=63093 buf=0.037 prices=
2025-08-04T10:50:00.000-04:00,[KLB] 10:50 ▲ ~ ~ Yest L vol=0.8x pos=^87 vwap=above ema=bull rs=-0.2% adx=22 body=87% ramp=0.8x rangeATR=1.4 ⚠ O42.78 H42.9 L42.78 C42.89 ATR=0.74 SL=42.81/42.77 rawVol=25464 volSMA=70075 buf=0.037 prices=42.56
2025-08-04T10:55:00.000-04:00,[KLB] 10:55 ▲ BRK PD LH H vol=3.2x pos=^83 vwap=above ema=bull rs=+0.1% adx=24 body=76% ramp=1.9x rangeATR=1.6 O42.89 H43.03 L42.88 C43 ATR=0.74 SL=42.93/42.89 rawVol=263288 volSMA=83065 buf=0.037 prices=
2025-08-04T10:55:00.000-04:00,[KLB] 10:55 ▲ ~ ~ VWAP vol=3.2x pos=^83 vwap=above ema=bull rs=+0.1% adx=24 body=76% ramp=1.9x rangeATR=1.6 O42.89 H43.03 L42.88 C43 ATR=0.74 SL=42.93/42.89 rawVol=263288 volSMA=83065 buf=0.037 prices=
2025-08-04T10:55:00.000-04:00,[KLB] CONF 10:55 ▲ BRK → ✓ (auto-R1: EMA)
2025-08-04T11:00:00.000-04:00,[KLB] 5m CHECK 11:00 ▲ pnl=-0.04 SPY✓ → HOLD
2025-08-04T12:45:00.000-04:00,[KLB] 12:45 ▼ BRK ORB L + PD LH L vol=1.2x pos=v87 vwap=below ema=bear rs=-0.8% adx=23 body=87% ramp=1.4x rangeATR=1.3 ⚠ O42.75 H42.75 L42.68 C42.69 ATR=0.74 SL=42.76/42.8 rawVol=25430 volSMA=22050 buf=0.037 prices=42.74
2025-08-04T12:45:00.000-04:00,[KLB] CONF 12:45 ▼ BRK → ✓ (auto-R1: EMA)
2025-08-04T12:50:00.000-04:00,[KLB] 5m CHECK 12:50 ▼ pnl=-0.03 SPY✗ → BAIL
2025-08-04T13:40:00.000-04:00,[KLB] 13:40 ▼ BRK PM L vol=1.7x pos=v69 vwap=below ema=bear rs=-1.1% adx=32 body=54% ramp=0.9x rangeATR=1.4 O42.6 H42.61 L42.55 C42.57 ATR=0.74 SL=42.64/42.68 rawVol=34422 volSMA=20710 buf=0.037 prices=42.6
2025-08-04T13:40:00.000-04:00,[KLB] CONF 13:40 ▼ BRK → ✓ (auto-R1: EMA)
2025-08-04T13:45:00.000-04:00,[KLB] 5m CHECK 13:45 ▼ pnl=0.01 SPY✗ → HOLD
2025-08-04T13:50:00.000-04:00,[KLB] 13:50 ▼ BRK Yest L + Week L vol=1.1x pos=v100 vwap=below ema=bear rs=-1.2% adx=35 body=100% ramp=1.8x rangeATR=1 ⚠ O42.55 H42.55 L42.5 C42.5 ATR=0.74 SL=42.57/42.61 rawVol=21616 volSMA=20657 buf=0.037 prices=42.56/42.56
2025-08-04T13:50:00.000-04:00,[KLB] CONF 13:50 ▼ BRK → ✓ (auto-R1: EMA)
2025-08-04T13:55:00.000-04:00,[KLB] 5m CHECK 13:55 ▼ pnl=-0.03 SPY✗ → BAIL
2025-08-05T09:35:00.000-04:00,[KLB] 9:35 ▼ RNG range break vol=19.3x
2025-08-05T12:00:00.000-04:00,[KLB] 12:00 ▲ ~ ~ ORB L vol=0.8x pos=^91 vwap=above ema=bear rs=+0.2% adx=29 body=82% ramp=1.5x rangeATR=0.9 ⚠ O42.49 H42.54 L42.49 C42.54 ATR=0.73 SL=42.46/42.43 rawVol=41028 volSMA=49715 buf=0.036 prices=42.49
2025-08-05T12:25:00.000-04:00,[KLB] 12:25 ▲ ~ ~ ORB L vol=0.6x pos=^80 vwap=above ema=bear rs=+0.1% adx=28 body=63% ramp=0.7x rangeATR=1.2 O42.49 H42.56 L42.48 C42.54 ATR=0.73 SL=42.47/42.43 rawVol=14412 volSMA=36364 buf=0.036 prices=42.49
2025-08-05T12:35:00.000-04:00,[KLB] 12:35 ▼ BRK Week L vol=3.4x pos=v88 vwap=above ema=bear rs=-0.1% adx=28 body=77% ramp=2.7x rangeATR=2.1 ⚡ O42.6 H42.62 L42.48 C42.49 ATR=0.73 SL=42.57/42.6 rawVol=134236 volSMA=39424 buf=0.036 prices=42.56
2025-08-05T12:35:00.000-04:00,[KLB] CONF 12:35 ▼ BRK → ✓ (auto-R1: EMA)
2025-08-05T12:40:00.000-04:00,[KLB] 12:40 ▼ FADE at 42.49
2025-08-05T12:40:00.000-04:00,[KLB] 12:40 ▼ BRK Yest L + ORB L vol=3.4x pos=v93 vwap=below ema=bear rs=-0.2% adx=27 body=80% ramp=3.5x rangeATR=1.1 ⚠ O42.49 H42.5 L42.42 C42.43 ATR=0.73 SL=42.5/42.53 rawVol=36164 volSMA=39641 buf=0.036 prices=42.48/42.49
2025-08-05T12:40:00.000-04:00,[KLB] CONF 12:40 ▼ BRK → ✓ (auto-R1: EMA)
2025-08-05T12:45:00.000-04:00,[KLB] 5m CHECK 12:45 ▼ pnl=0.03 SPY✓ → HOLD
2025-08-05T14:50:00.000-04:00,[KLB] 14:50 ▲ ~ ~ PD LH L vol=1.6x pos=^69 vwap=above ema=bull rs=+0.4% adx=22 body=46% ramp=1.1x rangeATR=0.7 O42.64 H42.66 L42.63 C42.65 ATR=0.73 SL=42.58/42.54 rawVol=38882 volSMA=24587 buf=0.036 prices=
2025-08-05T15:05:00.000-04:00,[KLB] 15:05 ▲ ~ ~ Yest L vol=0.7x pos=^100 vwap=above ema=bull rs=+0.5% adx=27 body=93% ramp=1.3x rangeATR=1.6 ⚠ O42.65 H42.72 L42.64 C42.72 ATR=0.73 SL=42.64/42.61 rawVol=19878 volSMA=27996 buf=0.036 prices=42.48
2025-08-05T15:25:00.000-04:00,[KLB] 15:25 ▲ ~ ~ Yest L vol=0.3x pos=^93 vwap=above ema=bull rs=+0.5% adx=33 body=67% ramp=0.4x rangeATR=0.8 🔇 O42.71 H42.74 L42.7 C42.74 ATR=0.73 SL=42.66/42.63 rawVol=7584 volSMA=24582 buf=0.036 prices=42.48
2025-08-05T15:50:00.000-04:00,[KLB] 15:50 ▲ BRK PD LH H vol=1.7x pos=^58 vwap=above ema=bull rs=+0.7% adx=40 body=42% ramp=6.7x rangeATR=1.3 O42.74 H42.79 L42.73 C42.77 ATR=0.73 SL=42.69/42.66 rawVol=55886 volSMA=32463 buf=0.036 prices=
2025-08-05T15:50:00.000-04:00,[KLB] CONF 15:50 ▲ BRK → ✓ (auto-R1: EMA)
2025-08-05T15:55:00.000-04:00,[KLB] 5m CHECK 15:55 ▲ pnl=0.02 SPY✗ → HOLD
2025-08-06T12:50:00.000-04:00,[KLB] 12:50 ▼ ~ ~ Yest H vol=1.6x pos=v95 vwap=below ema=bear rs=-1.2% adx=23 body=50% ramp=2x rangeATR=1.3 O42.77 H42.82 L42.72 C42.72 ATR=0.72 SL=42.79/42.83 rawVol=79898 volSMA=50781 buf=0.036 prices=42.81
2025-08-06T13:05:00.000-04:00,[KLB] 13:05 ▼ 🔇 QBS ramp=0.5x vol=1.2x pos=v91 vwap=below ema=bear adx=20 body=55% rangeATR=1.5 O42.74 H42.78 L42.66 C42.67 ATR=0.72
2025-08-06T13:05:00.000-04:00,[KLB] 13:05 ▼ ~ ~ Yest H vol=1.2x pos=v91 vwap=below ema=bear rs=-1.3% adx=20 body=55% ramp=0.5x rangeATR=1.5 🔇 O42.74 H42.78 L42.66 C42.67 ATR=0.72 SL=42.74/42.78 rawVol=62800 volSMA=51078 buf=0.036 prices=42.81
2025-08-06T13:20:00.000-04:00,[KLB] CONF 13:20 ▼ QBS → ✓ (auto-promote)
2025-08-06T13:25:00.000-04:00,[KLB] 5m CHECK 13:25 ▼ pnl=0.04 SPY✗ → HOLD
2025-08-07T09:30:00.000-04:00,[KLB] 9:30 ▲ ~ ~ Today O vol=2.1x pos=^100 vwap=below ema=bull rs=+0.6% adx=32 body=71% ramp=0.6x rangeATR=1.5 O42.62 H42.64 L42.61 C42.64 ATR=0.74 SL=42.57/42.53 rawVol=904 volSMA=424 buf=0.037 prices=
2025-08-07T09:35:00.000-04:00,[KLB] 9:35 ▲ RNG range break vol=19.6x
2025-08-07T09:45:00.000-04:00,[KLB] 9:45 ▼ ~ ~ Yest H + ~ ORB H vol=3.1x pos=v97 vwap=below ema=bull rs=+0.8% adx=39 body=73% ramp=665.5x rangeATR=2.4 ⚡ O43.05 H43.08 L42.93 C42.94 ATR=0.74 SL=43.01/43.05 rawVol=154696 volSMA=49520 buf=0.037 prices=43.28/43.03
2025-08-07T11:00:00.000-04:00,[KLB] 11:00 ▼ ~ ~ PD Cls vol=0.5x pos=v76 vwap=below ema=bear rs=-0.1% adx=28 body=59% ramp=1x rangeATR=1 O42.37 H42.39 L42.3 C42.32 ATR=0.74 SL=42.39/42.43 rawVol=42954 volSMA=141991 buf=0.037 prices=
2025-08-07T12:25:00.000-04:00,[KLB] 12:25 ▼ ~ ~ VWAP vol=0.8x pos=v55 vwap=below ema=bear rs=+0.4% adx=22 body=52% ramp=1x rangeATR=1.1 O42.59 H42.59 L42.52 C42.55 ATR=0.74 SL=42.62/42.66 rawVol=23164 volSMA=51631 buf=0.037 prices=
2025-08-07T15:55:00.000-04:00,[KLB] 15:55 ▼ BRK Yest L + PD LH L vol=5.3x pos=v94 vwap=below ema=bear rs=-0.2% adx=24 body=94% ramp=4x rangeATR=2.8 ⚡ ⚠ O42.34 H42.34 L42.17 C42.18 ATR=0.74 SL=42.25/42.29 rawVol=185544 volSMA=35248 buf=0.037 prices=42.24
2025-08-07T15:55:00.000-04:00,[KLB] CONF 15:55 ▼ BRK → ✓ (auto-R1: EMA)
2025-08-07T16:00:00.000-04:00,[KLB] 5m CHECK 16:00 ▼ pnl=-0.04 SPY✓ → HOLD
2025-08-08T09:45:00.000-04:00,[KLB] 9:45 ▲ RNG range break vol=3.6x
2025-08-08T10:15:00.000-04:00,[KLB] 10:15 ▼ RNG range break vol=5.2x
2025-08-08T11:00:00.000-04:00,[KLB] 11:00 ▼ ~ ~ VWAP vol=0.4x pos=v100 vwap=below ema=bear rs=-0.5% adx=25 body=65% ramp=0.6x rangeATR=0.9 O42.37 H42.4 L42.32 C42.32 ATR=0.76 SL=42.39/42.43 rawVol=71306 volSMA=189707 buf=0.038 prices=
2025-08-08T11:40:00.000-04:00,[KLB] 11:40 ▼ ~ ~ ORB H vol=0.2x pos=v100 vwap=below ema=bear rs=-0.2% adx=23 body=87% ramp=0.8x rangeATR=0.8 ⚠ O42.43 H42.44 L42.37 C42.37 ATR=0.76 SL=42.44/42.48 rawVol=31278 volSMA=146944 buf=0.038 prices=42.46
2025-08-11T09:30:00.000-04:00,[KLB] 9:30 ▼ ~ ~ PM H vol=2.8x pos=v100 vwap=below ema=bull rs=+0.2% adx=23 body=100% ramp=1.6x rangeATR=1.1 ⚠ O42.63 H42.63 L42.6 C42.6 ATR=0.75 SL=42.68/42.71 rawVol=748 volSMA=271 buf=0.038 prices=42.65
2025-08-11T09:35:00.000-04:00,[KLB] 9:35 ▲ FADE at 42.65
2025-08-11T09:35:00.000-04:00,[KLB] 9:35 ▲ RNG range break vol=19.6x
2025-08-11T09:35:00.000-04:00,[KLB] 9:35 ▲ ~ ~ Today O vol=19.6x pos=^81 vwap=above ema=bull rs=+0.4% adx=24 body=70% ramp=722.7x rangeATR=4.7 ⚡ O42.57 H42.74 L42.55 C42.7 ATR=0.75 SL=42.62/42.59 rawVol=269524 volSMA=13746 buf=0.038 prices=
2025-08-11T09:45:00.000-04:00,[KLB] 9:45 ▼ RNG range break vol=5.2x
2025-08-11T09:45:00.000-04:00,"[KLB] 9:45 ▼ ~ ~ PM H
~ VWAP vol=5.2x pos=v80 vwap=below ema=bull rs=-0.1% adx=24 body=80% ramp=636.9x rangeATR=2.9 ⚡ ⚠ O42.65 H42.65 L42.5 C42.53 ATR=0.75 SL=42.61/42.64 rawVol=103052 volSMA=25616 buf=0.038 prices=42.65"
2025-08-11T10:00:00.000-04:00,[KLB] 10:00 ▲ ~ ~ PD Cls vol=1.6x pos=^48 vwap=below ema=bull rs=-0.2% adx=21 body=39% ramp=0.4x rangeATR=1.3 🔇 O42.46 H42.54 L42.45 C42.49 ATR=0.75 SL=42.42/42.38 rawVol=57652 volSMA=36134 buf=0.038 prices=
2025-08-11T10:50:00.000-04:00,[KLB] 10:50 ▼ BRK Week L vol=2.8x pos=v68 vwap=below ema=bear rs=-1% adx=31 body=40% ramp=1.7x rangeATR=0.9 O42.13 H42.14 L42.08 C42.1 ATR=0.75 SL=42.18/42.21 rawVol=222534 volSMA=80490 buf=0.038 prices=42.14
2025-08-11T10:50:00.000-04:00,[KLB] CONF 10:50 ▼ BRK → ✓ (auto-R1: EMA)
2025-08-11T10:55:00.000-04:00,[KLB] 5m CHECK 10:55 ▼ pnl=-0.01 SPY~ → HOLD
2025-08-12T09:55:00.000-04:00,[KLB] 9:55 ▲ RNG range break vol=4x
2025-08-12T11:50:00.000-04:00,[KLB] 11:50 ▲ ~ ~ VWAP vol=0.6x pos=^100 vwap=above ema=bull rs=+0.4% adx=23 body=91% ramp=1x rangeATR=0.8 ⚠ O42.5 H42.55 L42.49 C42.55 ATR=0.75 SL=42.47/42.43 rawVol=27426 volSMA=48572 buf=0.037 prices=
2025-08-13T09:35:00.000-04:00,[KLB] 9:35 ▼ RNG range break vol=19.6x
2025-08-13T09:35:00.000-04:00,[KLB] 9:35 ▼ ~ ~ Yest H + ~ Today O + ~ PD Cls vol=19.6x pos=v46 vwap=below ema=bear rs=-0.1% adx=24 body=46% ramp=1990.1x rangeATR=5.4 ⚡ O42.41 H42.41 L42.23 C42.33 ATR=0.74 SL=42.4/42.44 rawVol=254688 volSMA=13025 buf=0.037 prices=42.7
2025-08-13T09:45:00.000-04:00,[KLB] 9:45 ▲ ~ ~ PM L vol=5.3x pos=^92 vwap=above ema=bear rs=0% adx=25 body=77% ramp=6594.6x rangeATR=1.8 O42.34 H42.4 L42.33 C42.39 ATR=0.74 SL=42.32/42.28 rawVol=142052 volSMA=27285 buf=0.037 prices=42.33
2025-08-13T10:00:00.000-04:00,[KLB] 10:00 ▼ 🔇 QBS ramp=0.4x vol=2x pos=v87 vwap=above ema=bear adx=23 body=43% rangeATR=1.5 O42.53 H42.57 L42.49 C42.5 ATR=0.74
2025-08-13T10:05:00.000-04:00,[KLB] 10:05 ▲ BRK PD LH H vol=2.3x pos=^88 vwap=above ema=bull rs=+0.4% adx=22 body=54% ramp=0.8x rangeATR=1.9 O42.51 H42.57 L42.47 C42.56 ATR=0.74 SL=42.49/42.45 rawVol=99228 volSMA=43432 buf=0.037 prices=
2025-08-13T10:05:00.000-04:00,[KLB] 10:05 ▲ ~ ~ VWAP vol=2.3x pos=^88 vwap=above ema=bull rs=+0.4% adx=22 body=54% ramp=0.8x rangeATR=1.9 O42.51 H42.57 L42.47 C42.56 ATR=0.74 SL=42.49/42.45 rawVol=99228 volSMA=43432 buf=0.037 prices=
2025-08-13T10:05:00.000-04:00,[KLB] CONF 10:05 ▲ BRK → ✓ (auto-R1: EMA)
2025-08-13T10:10:00.000-04:00,[KLB] 5m CHECK 10:10 ▲ pnl=-0.03 SPY~ → HOLD
2025-08-13T10:15:00.000-04:00,[KLB] CONF 10:15 ▼ QBS → ✗ (failed)
2025-08-13T10:55:00.000-04:00,[KLB] 10:55 ▼ BRK PD LH L vol=1.3x pos=v100 vwap=below ema=bear rs=-0.1% adx=21 body=40% ramp=1.5x rangeATR=0.8 O42.28 H42.31 L42.26 C42.26 ATR=0.74 SL=42.33/42.37 rawVol=104420 volSMA=77857 buf=0.037 prices=
2025-08-13T10:55:00.000-04:00,[KLB] CONF 10:55 ▼ BRK → ✓ (auto-R1: EMA)
2025-08-13T11:00:00.000-04:00,[KLB] 5m CHECK 11:00 ▼ pnl=0.03 SPY~ → HOLD
2025-08-13T11:20:00.000-04:00,[KLB] 11:20 ▼ ~ x~ ORB H vol=0.6x pos=v82 vwap=below ema=bear rs=+0.2% adx=21 body=27% ramp=0.6x rangeATR=0.9 O42.39 H42.42 L42.36 C42.37 ATR=0.74 SL=42.44/42.48 rawVol=41450 volSMA=68167 buf=0.037 prices=42.41
2025-08-13T15:20:00.000-04:00,[KLB] 15:20 ▲ BRK PD LH H vol=1.2x pos=^95 vwap=above ema=bull rs=+0.7% adx=29 body=95% ramp=0.7x rangeATR=1.4 ⚠ O42.57 H42.62 L42.57 C42.62 ATR=0.74 SL=42.54/42.5 rawVol=23492 volSMA=19188 buf=0.037 prices=
2025-08-13T15:20:00.000-04:00,[KLB] CONF 15:20 ▲ BRK → ✓ (auto-R1: EMA)
2025-08-13T15:25:00.000-04:00,[KLB] 5m CHECK 15:25 ▲ pnl=0.03 SPY~ → HOLD
2025-08-13T15:50:00.000-04:00,[KLB] 15:50 ▲ BRK Week O vol=2.3x pos=^83 vwap=above ema=bull rs=+1% adx=42 body=50% ramp=1.3x rangeATR=1.1 O42.75 H42.78 L42.73 C42.77 ATR=0.74 SL=42.69/42.66 rawVol=64488 volSMA=28112 buf=0.037 prices=
2025-08-13T15:50:00.000-04:00,[KLB] CONF 15:50 ▲ BRK → ✓ (auto-R1: EMA)
2025-08-13T15:55:00.000-04:00,[KLB] 5m CHECK 15:55 ▲ pnl=0.03 SPY~ → HOLD
2025-08-14T09:35:00.000-04:00,[KLB] 9:35 ▼ RNG range break vol=18.6x
2025-08-14T09:45:00.000-04:00,[KLB] 9:45 ▼ ~ ~ VWAP vol=6.3x pos=v86 vwap=below ema=bull rs=-1% adx=31 body=76% ramp=1688.6x rangeATR=2.6 ⚡ O42.53 H42.54 L42.4 C42.42 ATR=0.73 SL=42.49/42.52 rawVol=93602 volSMA=20402 buf=0.036 prices=
2025-08-14T10:45:00.000-04:00,[KLB] 10:45 ▼ BRK ORB L vol=1.8x pos=v69 vwap=below ema=bear rs=-1% adx=26 body=38% ramp=1.9x rangeATR=1 O42.51 H42.53 L42.47 C42.49 ATR=0.73 SL=42.56/42.59 rawVol=84936 volSMA=69122 buf=0.036 prices=42.53
2025-08-14T10:45:00.000-04:00,[KLB] CONF 10:45 ▼ BRK → ✓ (auto-R1: EMA)
2025-08-14T10:50:00.000-04:00,[KLB] 5m CHECK 10:50 ▼ pnl=-0.14 SPY✗ → BAIL
2025-08-14T11:05:00.000-04:00,[KLB] 11:05 ▼ BRK ORB L vol=1.3x pos=v100 vwap=below ema=bear rs=-1% adx=22 body=79% ramp=1.1x rangeATR=1.5 O42.54 H42.56 L42.46 C42.46 ATR=0.73 SL=42.53/42.57 rawVol=101776 volSMA=85970 buf=0.036 prices=42.53
2025-08-14T11:05:00.000-04:00,[KLB] CONF 11:05 ▼ BRK → ✓ (auto-R1: EMA)
2025-08-14T11:10:00.000-04:00,[KLB] 5m CHECK 11:10 ▼ pnl=-0.07 SPY~ → HOLD
2025-08-15T09:35:00.000-04:00,[KLB] 9:35 ▲ RNG range break vol=19.2x
2025-08-15T09:40:00.000-04:00,[KLB] 9:40 ▲ BRK PD LH H vol=15.3x pos=^96 vwap=above ema=bull rs=+0.4% adx=24 body=65% ramp=118x rangeATR=2.1 ⚡ O42.84 H42.92 L42.8 C42.91 ATR=0.71 SL=42.84/42.8 rawVol=92678 volSMA=23044 buf=0.036 prices=
2025-08-15T09:40:00.000-04:00,[KLB] 9:40 ▲ ~ ~ VWAP vol=15.3x pos=^96 vwap=above ema=bull rs=+0.4% adx=24 body=65% ramp=118x rangeATR=2.1 ⚡ O42.84 H42.92 L42.8 C42.91 ATR=0.71 SL=42.84/42.8 rawVol=92678 volSMA=23044 buf=0.036 prices=
2025-08-15T09:40:00.000-04:00,[KLB] CONF 9:40 ▲ BRK → ✓ (auto-R1: EMA)
2025-08-15T09:45:00.000-04:00,[KLB] 5m CHECK 9:45 ▲ pnl=-0.08 SPY~ → HOLD
2025-08-15T15:10:00.000-04:00,[KLB] 15:10 ▼ ~ ~ ORB H vol=1.4x pos=v81 vwap=below ema=bear rs=+0.5% adx=27 body=57% ramp=2.8x rangeATR=1.2 O42.91 H42.92 L42.87 C42.88 ATR=0.71 SL=42.95/42.98 rawVol=21810 volSMA=25449 buf=0.036 prices=42.9
2025-08-15T15:15:00.000-04:00,"[KLB] 15:15 ▼ ~ ~ PM H
~ VWAP vol=2.9x pos=v100 vwap=below ema=bear rs=+0.4% adx=28 body=100% ramp=1.4x rangeATR=0.7 ⚠ O42.88 H42.88 L42.85 C42.85 ATR=0.71 SL=42.92/42.95 rawVol=83240 volSMA=28771 buf=0.036 prices=42.87"
2025-08-15T15:20:00.000-04:00,[KLB] 15:20 ▼ ~ x~ PM H vol=2.8x pos=v42 vwap=below ema=bear rs=+0.4% adx=29 body=26% ramp=1.1x rangeATR=1.1 O42.85 H42.85 L42.81 C42.83 ATR=0.71 SL=42.9/42.94 rawVol=29980 volSMA=29624 buf=0.036 prices=42.87
2025-08-15T15:40:00.000-04:00,[KLB] 15:40 ▼ ~ ~ ORB H vol=1.3x pos=v100 vwap=below ema=bear rs=+0.5% adx=30 body=92% ramp=1.1x rangeATR=0.8 ⚠ O42.89 H42.89 L42.86 C42.86 ATR=0.71 SL=42.93/42.96 rawVol=49222 volSMA=37412 buf=0.036 prices=42.9
2025-08-15T15:45:00.000-04:00,[KLB] 15:45 ▼ ~ ~ PM H vol=1.6x pos=v80 vwap=below ema=bear rs=+0.4% adx=30 body=50% ramp=1.4x rangeATR=1.2 O42.86 H42.87 L42.82 C42.83 ATR=0.71 SL=42.9/42.94 rawVol=59418 volSMA=38232 buf=0.036 prices=42.87
2025-08-18T09:30:00.000-04:00,[KLB] 9:30 ▼ RNG range break vol=4.8x
2025-08-18T09:35:00.000-04:00,[KLB] 9:35 ▼ BRK Week O vol=18.9x pos=v98 vwap=below ema=bear rs=-0.6% adx=29 body=98% ramp=35.3x rangeATR=5 ⚡ ⚠ O42.57 H42.57 L42.32 C42.33 ATR=0.71 SL=42.4/42.43 rawVol=363800 volSMA=19266 buf=0.035 prices=
2025-08-18T09:35:00.000-04:00,[KLB] 9:35 ▼ ~ ~ Today O vol=18.9x pos=v98 vwap=below ema=bear rs=-0.6% adx=29 body=98% ramp=35.3x rangeATR=5 ⚡ ⚠ O42.57 H42.57 L42.32 C42.33 ATR=0.71 SL=42.4/42.43 rawVol=363800 volSMA=19266 buf=0.035 prices=
2025-08-18T09:35:00.000-04:00,[KLB] CONF 9:35 ▼ BRK → ✓ (auto-R1: EMA)
2025-08-18T09:40:00.000-04:00,[KLB] 5m CHECK 9:40 ▼ pnl=0.01 SPY~ → HOLD
2025-08-19T09:30:00.000-04:00,[KLB] 9:30 ▼ ~ ~ VWAP vol=0.1x pos=v100 vwap=below ema=bear rs=-0.2% adx=20 body=50% ramp=14.4x rangeATR=0.3 O42.35 H42.36 L42.35 C42.35 ATR=0.69 SL=42.41/42.45 rawVol=692 volSMA=13436 buf=0.035 prices=
2025-08-19T09:40:00.000-04:00,[KLB] 9:40 ▼ ~ x~ PM H + x~ ORB H vol=12.9x pos=v78 vwap=below ema=bear rs=+0.1% adx=18 body=28% ramp=1463.4x rangeATR=1.9 O42.46 H42.49 L42.42 C42.43 ATR=0.69 SL=42.5/42.54 rawVol=594240 volSMA=46184 buf=0.035 prices=42.47/42.47
2025-08-19T09:45:00.000-04:00,[KLB] 9:45 ▲ RNG range break vol=4.4x
2025-08-19T13:05:00.000-04:00,[KLB] 13:05 ▼ ~ ~ PM H + ~ ORB H vol=1.1x pos=v100 vwap=below ema=bear rs=+0.6% adx=20 body=86% ramp=1.1x rangeATR=0.7 ⚠ O42.45 H42.45 L42.42 C42.42 ATR=0.69 SL=42.48/42.52 rawVol=19812 volSMA=17560 buf=0.035 prices=42.47/42.47
2025-08-19T13:25:00.000-04:00,[KLB] 13:25 ▼ ~ x~ PM H + x~ ORB H vol=0.4x pos=v80 vwap=below ema=bear rs=+0.6% adx=22 body=20% ramp=0.6x rangeATR=0.6 O42.45 H42.46 L42.44 C42.44 ATR=0.69 SL=42.51/42.54 rawVol=6984 volSMA=16435 buf=0.035 prices=42.47/42.47
2025-08-19T13:30:00.000-04:00,[KLB] 13:30 ▼ ~ ~ PM H + ~ ORB H vol=0.5x pos=v100 vwap=below ema=bear rs=+0.6% adx=22 body=60% ramp=0.5x rangeATR=0.8 O42.45 H42.46 L42.42 C42.42 ATR=0.69 SL=42.49/42.53 rawVol=7936 volSMA=15175 buf=0.035 prices=42.47/42.47
2025-08-19T15:40:00.000-04:00,[KLB] 15:40 ▲ ~ ~ Yest L vol=0.6x pos=^89 vwap=above ema=bull rs=+0.9% adx=27 body=56% ramp=1x rangeATR=0.6 O42.52 H42.53 L42.51 C42.53 ATR=0.69 SL=42.46/42.42 rawVol=12444 volSMA=19588 buf=0.035 prices=42.28
2025-08-20T09:35:00.000-04:00,[KLB] 9:35 ▲ RNG range break vol=9.5x
2025-08-20T09:35:00.000-04:00,[KLB] 9:35 ▲ ~ ~ PM L + ~ Today O vol=9.5x pos=^84 vwap=above ema=bull rs=+0.3% adx=27 body=63% ramp=234.3x rangeATR=5.1 ⚡ O42.61 H42.73 L42.57 C42.71 ATR=0.68 SL=42.64/42.6 rawVol=243328 volSMA=25508 buf=0.034 prices=42.62
2025-08-20T09:45:00.000-04:00,[KLB] 9:45 ▲ ~ ~ VWAP vol=5.7x pos=^100 vwap=above ema=bull rs=+0.7% adx=26 body=60% ramp=466.7x rangeATR=2.4 ⚡ O42.78 H42.84 L42.74 C42.84 ATR=0.68 SL=42.77/42.74 rawVol=100012 volSMA=24262 buf=0.034 prices=
2025-08-21T09:45:00.000-04:00,[KLB] 9:45 ▼ RNG range break vol=6.2x
2025-08-21T10:35:00.000-04:00,[KLB] 10:35 ▲ ~ ~ VWAP vol=1x pos=^100 vwap=above ema=bull rs=+0.1% adx=25 body=91% ramp=0.9x rangeATR=0.9 ⚠ O42.89 H42.94 L42.89 C42.94 ATR=0.67 SL=42.87/42.84 rawVol=43390 volSMA=42475 buf=0.033 prices=
2025-08-21T10:40:00.000-04:00,[KLB] 10:40 ▼ ~ ~ PM H + ~ Yest H vol=0.7x pos=v100 vwap=below ema=bear rs=0% adx=24 body=100% ramp=0.9x rangeATR=2 ⚠ O42.95 H42.95 L42.82 C42.82 ATR=0.67 SL=42.88/42.92 rawVol=29476 volSMA=43948 buf=0.033 prices=42.9/43.07
2025-08-21T10:55:00.000-04:00,[KLB] 10:55 ▼ ~ ~ PM H + ~ Yest H vol=0.5x pos=v81 vwap=below ema=bear rs=0% adx=21 body=69% ramp=0.8x rangeATR=1.2 O42.92 H42.93 L42.85 C42.87 ATR=0.67 SL=42.93/42.97 rawVol=22294 volSMA=47632 buf=0.033 prices=42.9/43.07
2025-08-22T09:35:00.000-04:00,[KLB] 9:35 ▲ RNG range break vol=17x
2025-08-22T09:35:00.000-04:00,[KLB] 9:35 ▲ BRK Month O vol=17x pos=^63 vwap=above ema=bull rs=+0.3% adx=24 body=52% ramp=874.3x rangeATR=7.3 ⚡ O43.33 H43.58 L43.3 C43.48 ATR=0.66 SL=43.41/43.38 rawVol=90828 volSMA=5328 buf=0.033 prices=
2025-08-22T09:35:00.000-04:00,[KLB] 9:35 ▲ ~ ~ Today O vol=17x pos=^63 vwap=above ema=bull rs=+0.3% adx=24 body=52% ramp=874.3x rangeATR=7.3 ⚡ O43.33 H43.58 L43.3 C43.48 ATR=0.66 SL=43.41/43.38 rawVol=90828 volSMA=5328 buf=0.033 prices=
2025-08-22T09:35:00.000-04:00,[KLB] CONF 9:35 ▲ BRK → ✓ (auto-R1: EMA)
2025-08-22T09:40:00.000-04:00,[KLB] 5m CHECK 9:40 ▲ pnl=0.07 SPY~ → HOLD
2025-08-22T09:45:00.000-04:00,[KLB] 9:45 ▲ ~ ~ VWAP vol=5x pos=^100 vwap=above ema=bull rs=+0.2% adx=30 body=43% ramp=1510.1x rangeATR=1.6 O43.52 H43.55 L43.48 C43.55 ATR=0.66 SL=43.48/43.45 rawVol=41664 volSMA=9833 buf=0.033 prices=
2025-08-25T09:45:00.000-04:00,[KLB] 9:45 ▲ RNG range break vol=4.8x
2025-08-25T09:45:00.000-04:00,"[KLB] 9:45 ▲ ~ ~ PM L
~ VWAP + ~ PD LH L + ~ PD Cls vol=4.8x pos=^88 vwap=above ema=bull rs=+0.3% adx=24 body=75% ramp=1461.5x rangeATR=3.1 ⚡ O44 H44.14 L43.98 C44.12 ATR=0.68 SL=44.05/44.01 rawVol=93714 volSMA=24264 buf=0.034 prices=43.99"
2025-08-25T10:10:00.000-04:00,[KLB] 10:10 ▲ ~ ~ PM L vol=0.8x pos=^92 vwap=above ema=bull rs=+0.1% adx=22 body=85% ramp=0.6x rangeATR=1 ⚠ O44 H44.06 L43.99 C44.05 ATR=0.68 SL=43.98/43.95 rawVol=38550 volSMA=46618 buf=0.034 prices=43.99
2025-08-25T10:30:00.000-04:00,[KLB] 10:30 ▲ ~ ~ PM L vol=0.4x pos=^100 vwap=above ema=bull rs=+0.2% adx=23 body=84% ramp=0.6x rangeATR=1.4 ⚠ O44 H44.07 L43.98 C44.07 ATR=0.68 SL=44/43.97 rawVol=20482 volSMA=55485 buf=0.034 prices=43.99
2025-08-26T09:35:00.000-04:00,[KLB] 9:35 ▼ ~ x~ PM H vol=18.5x pos=v42 vwap=below ema=bear rs=-0.1% adx=26 body=9% ramp=60.6x rangeATR=3.2 ⚡ O44.01 H44.05 L43.94 C44 ATR=0.67 SL=44.07/44.1 rawVol=100036 volSMA=5409 buf=0.033 prices=44.03
2025-08-26T09:55:00.000-04:00,[KLB] 9:55 ▼ ~ ~ PM H + ~ ORB H vol=3.8x pos=v88 vwap=below ema=bear rs=-0.1% adx=28 body=48% ramp=1.4x rangeATR=1.3 O44.03 H44.06 L43.99 C44 ATR=0.67 SL=44.07/44.1 rawVol=68874 volSMA=17994 buf=0.033 prices=44.03/44.05
2025-08-26T10:00:00.000-04:00,[KLB] 10:00 ▼ BRK ORB L vol=3.4x pos=v63 vwap=below ema=bear rs=-0.2% adx=29 body=63% ramp=0.8x rangeATR=1.8 O43.99 H43.99 L43.9 C43.93 ATR=0.67 SL=44/44.03 rawVol=39576 volSMA=19969 buf=0.033 prices=43.94
2025-08-26T10:00:00.000-04:00,[KLB] CONF 10:00 ▼ BRK → ✓ (auto-R1: EMA)
2025-08-26T10:05:00.000-04:00,[KLB] 10:05 ▼ RNG range break vol=3x
2025-08-26T10:05:00.000-04:00,[KLB] 10:05 ▼ ~ ~ VWAP vol=3x pos=v82 vwap=below ema=bear rs=-0.3% adx=31 body=54% ramp=1x rangeATR=1.3 O43.93 H43.95 L43.88 C43.89 ATR=0.67 SL=43.96/43.99 rawVol=70614 volSMA=23470 buf=0.033 prices=
2025-08-26T10:05:00.000-04:00,[KLB] 5m CHECK 10:05 ▼ pnl=0.06 SPY~ → HOLD
2025-08-26T10:45:00.000-04:00,[KLB] 10:45 ▼ ~ ~ PM H vol=0.6x pos=v68 vwap=below ema=bear rs=-0.2% adx=28 body=64% ramp=0.9x rangeATR=1.1 O44.01 H44.02 L43.96 C43.98 ATR=0.67 SL=44.04/44.08 rawVol=20002 volSMA=34797 buf=0.033 prices=44.03
2025-08-26T11:00:00.000-04:00,[KLB] 11:00 ▼ BRK ORB L vol=1.4x pos=v60 vwap=below ema=bear rs=-0.3% adx=29 body=40% ramp=1.4x rangeATR=0.7 O43.91 H43.92 L43.88 C43.9 ATR=0.67 SL=43.96/43.99 rawVol=54572 volSMA=39553 buf=0.033 prices=43.94
2025-08-26T11:00:00.000-04:00,[KLB] CONF 11:00 ▼ BRK → ✓ (auto-R1: EMA)
2025-08-26T11:05:00.000-04:00,[KLB] 11:05 ▼ BRK PM L + Yest L vol=1.7x pos=v100 vwap=below ema=bear rs=-0.7% adx=31 body=100% ramp=2.2x rangeATR=2.5 ⚡ ⚠ O43.9 H43.9 L43.75 C43.75 ATR=0.67 SL=43.82/43.85 rawVol=75784 volSMA=43338 buf=0.033 prices=43.9/43.82
2025-08-26T11:05:00.000-04:00,[KLB] CONF 11:05 ▼ BRK → ✓ (auto-R1: EMA)
2025-08-26T11:10:00.000-04:00,[KLB] 5m CHECK 11:10 ▼ pnl=-0.01 SPY~ → HOLD
2025-08-26T13:00:00.000-04:00,[KLB] 13:00 ▼ BRK Yest L vol=1.5x pos=v57 vwap=below ema=bear rs=-0.7% adx=21 body=57% ramp=1.4x rangeATR=0.8 O43.82 H43.82 L43.78 C43.8 ATR=0.67 SL=43.86/43.89 rawVol=24504 volSMA=22157 buf=0.033 prices=43.82
2025-08-26T13:00:00.000-04:00,[KLB] CONF 13:00 ▼ BRK → ✓ (auto-R1: EMA)
2025-08-26T13:05:00.000-04:00,[KLB] 5m CHECK 13:05 ▼ pnl=0.03 SPY~ → HOLD
2025-08-26T14:30:00.000-04:00,[KLB] 14:30 ▲ ~ ~ PM L vol=1x pos=^83 vwap=above ema=bull rs=-0.3% adx=21 body=30% ramp=0.9x rangeATR=1.5 O43.93 H43.96 L43.9 C43.95 ATR=0.67 SL=43.88/43.85 rawVol=21654 volSMA=20883 buf=0.033 prices=43.9
2025-08-26T14:35:00.000-04:00,[KLB] 14:35 ▲ ~ ~ Yest L vol=1.1x pos=^67 vwap=above ema=bull rs=-0.3% adx=21 body=67% ramp=0.5x rangeATR=0.6 O43.95 H43.97 L43.95 C43.97 ATR=0.67 SL=43.9/43.87 rawVol=13420 volSMA=19877 buf=0.033 prices=43.82
2025-08-26T15:55:00.000-04:00,[KLB] 15:55 ▲ ~ ~ PD LH L vol=3.8x pos=^95 vwap=above ema=bull rs=-0.1% adx=24 body=62% ramp=1.9x rangeATR=2.6 ⚡ O44.09 H44.16 L44.05 C44.15 ATR=0.67 SL=44.08/44.05 rawVol=135058 volSMA=35730 buf=0.033 prices=
2025-08-27T09:35:00.000-04:00,[KLB] 9:35 ▲ RNG range break vol=6.5x
2025-08-27T09:35:00.000-04:00,[KLB] 9:35 ▲ BRK PD LH H vol=6.5x pos=^95 vwap=above ema=bull rs=+0.4% adx=23 body=89% ramp=1512.2x rangeATR=5.8 ⚡ ⚠ O44.02 H44.28 L44 C44.26 ATR=0.65 SL=44.19/44.16 rawVol=160212 volSMA=24587 buf=0.033 prices=
2025-08-27T09:35:00.000-04:00,[KLB] 9:35 ▲ ~ ~ PM L + ~ Yest L + ~ Today O + ~ PD Cls vol=6.5x pos=^95 vwap=above ema=bull rs=+0.4% adx=23 body=89% ramp=1512.2x rangeATR=5.8 ⚡ ⚠ O44.02 H44.28 L44 C44.26 ATR=0.65 SL=44.19/44.16 rawVol=160212 volSMA=24587 buf=0.033 prices=44.02/43.7
2025-08-27T09:35:00.000-04:00,[KLB] CONF 9:35 ▲ BRK → ✓ (auto-R1: EMA)
2025-08-27T09:40:00.000-04:00,[KLB] 5m CHECK 9:40 ▲ pnl=0.11 SPY~ → HOLD
2025-08-27T09:45:00.000-04:00,[KLB] 9:45 ▲ ~ ~ VWAP vol=5.2x pos=^99 vwap=above ema=bull rs=+1% adx=27 body=99% ramp=3158x rangeATR=3.4 ⚡ ⚠ O44.34 H44.56 L44.34 C44.56 ATR=0.65 SL=44.49/44.46 rawVol=75192 volSMA=14404 buf=0.033 prices=
2025-08-28T09:35:00.000-04:00,[KLB] 9:35 ▼ RNG range break vol=19.8x
2025-08-28T13:50:00.000-04:00,[KLB] 13:50 ▲ BRK PD LH H vol=1.3x pos=^84 vwap=above ema=bull rs=+0.3% adx=20 body=84% ramp=1x rangeATR=1.1 ⚠ O44.79 H44.84 L44.79 C44.83 ATR=0.66 SL=44.76/44.73 rawVol=15696 volSMA=13107 buf=0.033 prices=
2025-08-28T13:50:00.000-04:00,[KLB] CONF 13:50 ▲ BRK → ✓ (auto-R1: EMA)
2025-08-28T13:55:00.000-04:00,[KLB] 5m CHECK 13:55 ▲ pnl=-0.03 SPY~ → HOLD
2025-08-29T09:35:00.000-04:00,[KLB] 9:35 ▲ RNG range break vol=19.3x
2025-08-29T09:35:00.000-04:00,[KLB] 9:35 ▲ BRK PD LH H vol=19.3x pos=^100 vwap=above ema=bull rs=+0.3% adx=23 body=57% ramp=1146.5x rangeATR=6 ⚡ O45 H45.1 L44.92 C45.1 ATR=0.66 SL=45.03/45 rawVol=118834 volSMA=6146 buf=0.033 prices=
2025-08-29T09:35:00.000-04:00,[KLB] 9:35 ▲ ~ ~ Today O + ~ PD Cls vol=19.3x pos=^100 vwap=above ema=bull rs=+0.3% adx=23 body=57% ramp=1146.5x rangeATR=6 ⚡ O45 H45.1 L44.92 C45.1 ATR=0.66 SL=45.03/45 rawVol=118834 volSMA=6146 buf=0.033 prices=
2025-08-29T09:35:00.000-04:00,[KLB] CONF 9:35 ▲ BRK → ✓ (auto-R1: EMA)
2025-08-29T09:40:00.000-04:00,[KLB] 9:40 ▲ ~ ~ VWAP vol=12x pos=^96 vwap=above ema=bull rs=+0.6% adx=26 body=83% ramp=824.8x rangeATR=3.1 ⚡ ⚠ O45.1 H45.2 L45.09 C45.2 ATR=0.66 SL=45.13/45.1 rawVol=75568 volSMA=9923 buf=0.033 prices=
2025-08-29T09:40:00.000-04:00,[KLB] 5m CHECK 9:40 ▲ pnl=0.14 SPY~ → HOLD
2025-09-02T09:30:00.000-04:00,[KLB] 9:30 ▲ ~ ~ PM L + ~ PD LH L + ~ Today O vol=1.5x pos=^100 vwap=above ema=bear rs=-1.1% adx=28 body=58% ramp=3.3x rangeATR=1.8 O45.09 H45.13 L45.07 C45.13 ATR=0.64 SL=45.06/45.03 rawVol=186 volSMA=242 buf=0.032 prices=45.07
2025-09-02T09:40:00.000-04:00,[KLB] 9:40 ▼ FADE at 45.07
2025-09-02T09:40:00.000-04:00,[KLB] 9:40 ▼ RNG range break vol=13.4x
2025-09-02T09:40:00.000-04:00,[KLB] 9:40 ▼ BRK PM L + ORB L + PD LH L vol=13.4x pos=v82 vwap=below ema=bear rs=-0.2% adx=30 body=80% ramp=785.1x rangeATR=3.5 ⚡ ⚠ O45.11 H45.11 L44.91 C44.95 ATR=0.64 SL=45.01/45.04 rawVol=149248 volSMA=23467 buf=0.032 prices=45.07/44.98
2025-09-02T09:40:00.000-04:00,[KLB] 9:40 ▼ ~ ~ VWAP vol=13.4x pos=v82 vwap=below ema=bear rs=-0.2% adx=30 body=80% ramp=785.1x rangeATR=3.5 ⚡ ⚠ O45.11 H45.11 L44.91 C44.95 ATR=0.64 SL=45.01/45.04 rawVol=149248 volSMA=23467 buf=0.032 prices=
2025-09-02T09:40:00.000-04:00,[KLB] CONF 9:40 ▼ BRK → ✓ (auto-R1: EMA)
2025-09-02T09:45:00.000-04:00,[KLB] 5m CHECK 9:45 ▼ pnl=0 SPY~ → HOLD
2025-09-02T10:05:00.000-04:00,[KLB] 10:05 ▲ ~ ~ PD Cls vol=1.7x pos=^87 vwap=above ema=bear rs=+0.2% adx=30 body=83% ramp=0.6x rangeATR=1.6 ⚠ O45.19 H45.32 L45.18 C45.3 ATR=0.64 SL=45.23/45.2 rawVol=71770 volSMA=42270 buf=0.032 prices=
2025-09-02T10:20:00.000-04:00,[KLB] 10:20 ▼ FADE at 45.2
2025-09-02T14:45:00.000-04:00,[KLB] 14:45 ▼ BRK PM L vol=1.4x pos=v63 vwap=below ema=bear rs=-0.1% adx=20 body=63% ramp=1x rangeATR=1.1 O45.05 H45.05 L45 C45.02 ATR=0.64 SL=45.08/45.12 rawVol=13930 volSMA=21258 buf=0.032 prices=45.07
2025-09-02T14:45:00.000-04:00,[KLB] CONF 14:45 ▼ BRK → ✓ (auto-R1: EMA)
2025-09-02T14:50:00.000-04:00,[KLB] 5m CHECK 14:50 ▼ pnl=-0.04 SPY~ → HOLD
2025-09-03T09:35:00.000-04:00,[KLB] 9:35 ▲ RNG range break vol=19.3x
2025-09-03T09:35:00.000-04:00,[KLB] 9:35 ▲ ~ ~ Yest L + ~ PD LH L + ~ Today O vol=19.3x pos=^92 vwap=above ema=bear rs=+0.5% adx=41 body=56% ramp=329x rangeATR=6.2 ⚡ O44.95 H45.15 L44.84 C45.12 ATR=0.64 SL=45.06/45.02 rawVol=311318 volSMA=16140 buf=0.032 prices=44.74
2025-09-03T09:40:00.000-04:00,[KLB] 9:40 ▲ ~ ~ VWAP vol=13.2x pos=^35 vwap=above ema=bear rs=+0.6% adx=42 body=32% ramp=440.9x rangeATR=2.7 ⚡ O45.12 H45.27 L45.11 C45.17 ATR=0.64 SL=45.1/45.07 rawVol=148668 volSMA=23544 buf=0.032 prices=
2025-09-03T09:50:00.000-04:00,[KLB] 9:50 ▼ BRK PD LH L vol=4x pos=v96 vwap=below ema=bear rs=-0.2% adx=39 body=96% ramp=1.2x rangeATR=3.4 ⚡ ⚠ O45.07 H45.07 L44.81 C44.82 ATR=0.64 SL=44.88/44.92 rawVol=139270 volSMA=35163 buf=0.032 prices=
2025-09-03T09:50:00.000-04:00,[KLB] 9:50 ▼ ~ ~ VWAP vol=4x pos=v96 vwap=below ema=bear rs=-0.2% adx=39 body=96% ramp=1.2x rangeATR=3.4 ⚡ ⚠ O45.07 H45.07 L44.81 C44.82 ATR=0.64 SL=44.88/44.92 rawVol=139270 volSMA=35163 buf=0.032 prices=
2025-09-03T09:50:00.000-04:00,[KLB] CONF 9:50 ▼ BRK → ✓ (auto-R1: EMA)
2025-09-03T09:55:00.000-04:00,[KLB] 9:55 ▼ BRK ORB L vol=3.5x pos=v56 vwap=below ema=bear rs=-0.3% adx=37 body=44% ramp=0.7x rangeATR=1.6 O44.82 H44.84 L44.71 C44.77 ATR=0.64 SL=44.83/44.86 rawVol=101582 volSMA=40237 buf=0.032 prices=44.84
2025-09-03T09:55:00.000-04:00,[KLB] CONF 9:55 ▼ BRK → ✓ (auto-R1: EMA)
2025-09-03T10:00:00.000-04:00,[KLB] 10:00 ▼ FADE at 44.74
2025-09-03T10:00:00.000-04:00,[KLB] 10:00 ▼ BRK PM L + Yest L vol=2.3x pos=v70 vwap=below ema=bear rs=-0.4% adx=35 body=66% ramp=0.6x rangeATR=1.7 O44.77 H44.77 L44.63 C44.67 ATR=0.64 SL=44.74/44.77 rawVol=76472 volSMA=44056 buf=0.032 prices=44.75/44.74
2025-09-03T10:00:00.000-04:00,[KLB] CONF 10:00 ▼ BRK → ✓ (auto-R1: EMA)
2025-09-03T10:05:00.000-04:00,[KLB] 10:05 ▼ RNG range break vol=3.2x
2025-09-03T10:05:00.000-04:00,[KLB] 5m CHECK 10:05 ▼ pnl=0.32 SPY~ → HOLD
2025-09-04T09:40:00.000-04:00,[KLB] 9:40 ▲ RNG range break vol=11.1x
2025-09-05T09:30:00.000-04:00,[KLB] 9:30 ▼ ~ ~ Today O vol=2.5x pos=v100 vwap=above ema=bear rs=+0.3% adx=41 body=80% ramp=3x rangeATR=1.1 ⚠ O44.19 H44.2 L44.15 C44.15 ATR=0.68 SL=44.21/44.25 rawVol=3816 volSMA=1513 buf=0.034 prices=
2025-09-05T09:40:00.000-04:00,"[KLB] 9:40 ▲ ~ ~ Yest L
~ VWAP vol=11.4x pos=^77 vwap=above ema=bear rs=+0.2% adx=44 body=57% ramp=729x rangeATR=2 ⚡ O44.18 H44.3 L44.15 C44.26 ATR=0.68 SL=44.19/44.16 rawVol=333328 volSMA=42507 buf=0.034 prices=44.06"
2025-09-05T09:55:00.000-04:00,[KLB] 9:55 ▼ BRK PM L vol=2.6x pos=v90 vwap=below ema=bear rs=-0.1% adx=46 body=72% ramp=0.6x rangeATR=2.6 ⚡ O44.28 H44.32 L44.08 C44.1 ATR=0.68 SL=44.17/44.2 rawVol=178866 volSMA=68727 buf=0.034 prices=44.12
2025-09-05T09:55:00.000-04:00,"[KLB] 9:55 ▼ ~ ~ ORB H
~ VWAP vol=2.6x pos=v90 vwap=below ema=bear rs=-0.1% adx=46 body=72% ramp=0.6x rangeATR=2.6 ⚡ O44.28 H44.32 L44.08 C44.1 ATR=0.68 SL=44.17/44.2 rawVol=178866 volSMA=68727 buf=0.034 prices=44.19"
2025-09-05T09:55:00.000-04:00,[KLB] CONF 9:55 ▼ BRK → ✓ (auto-R1: EMA)
2025-09-05T10:00:00.000-04:00,[KLB] 5m CHECK 10:00 ▼ pnl=-0.27 SPY~ → BAIL
2025-09-05T10:05:00.000-04:00,[KLB] 10:05 ▼ ~ ~ ORB H vol=1.7x pos=v100 vwap=below ema=bear rs=+0% adx=47 body=100% ramp=0.6x rangeATR=1.7 ⚠ O44.29 H44.29 L44.12 C44.12 ATR=0.68 SL=44.18/44.22 rawVol=134982 volSMA=81509 buf=0.034 prices=44.19
2025-09-08T09:40:00.000-04:00,[KLB] 9:40 ▼ RNG range break vol=7.9x
2025-09-08T09:40:00.000-04:00,[KLB] 9:40 ▼ ~ ~ VWAP + ~ Today O vol=7.9x pos=v96 vwap=below ema=bull rs=-0.2% adx=29 body=79% ramp=116.2x rangeATR=3.3 ⚡ O43.85 H43.88 L43.7 C43.7 ATR=0.71 SL=43.77/43.81 rawVol=216860 volSMA=27349 buf=0.035 prices=
2025-09-08T09:45:00.000-04:00,[KLB] 9:45 ▼ ~ ~ PD Cls vol=6x pos=v100 vwap=below ema=bull rs=-0.5% adx=29 body=79% ramp=224x rangeATR=2.1 ⚡ O43.7 H43.73 L43.6 C43.6 ATR=0.71 SL=43.67/43.7 rawVol=173414 volSMA=36019 buf=0.035 prices=
2025-09-09T09:35:00.000-04:00,[KLB] 9:35 ▲ RNG range break vol=19.4x
2025-09-09T09:35:00.000-04:00,[KLB] 9:35 ▲ ~ ~ Today O vol=19.4x pos=^73 vwap=above ema=bull rs=+0.6% adx=53 body=71% ramp=84.1x rangeATR=6.4 ⚡ O43.81 H44.21 L43.8 C44.1 ATR=0.72 SL=44.03/43.99 rawVol=522776 volSMA=26944 buf=0.036 prices=
2025-09-09T09:45:00.000-04:00,[KLB] 9:45 ▲ ~ ~ VWAP vol=5.6x pos=^62 vwap=above ema=bull rs=+0.8% adx=58 body=55% ramp=101.6x rangeATR=1.1 O44.14 H44.21 L44.14 C44.18 ATR=0.72 SL=44.11/44.07 rawVol=99088 volSMA=44195 buf=0.036 prices=
2025-09-10T09:30:00.000-04:00,[KLB] 9:30 ▲ RNG range break vol=11.4x
2025-09-10T09:30:00.000-04:00,[KLB] 9:30 ▲ ~ ~ Today O vol=11.4x pos=^100 vwap=below ema=bear rs=+0.5% adx=21 body=89% ramp=5.9x rangeATR=3.1 ⚡ ⚠ O43.82 H43.9 L43.81 C43.9 ATR=0.72 SL=43.82/43.79 rawVol=8642 volSMA=757 buf=0.036 prices=
2025-09-10T09:35:00.000-04:00,[KLB] 9:35 ▲ ~ ~ Yest L + ~ PD Cls vol=19.1x pos=^81 vwap=above ema=bear rs=+0.4% adx=23 body=54% ramp=186.4x rangeATR=6.5 ⚡ O43.88 H44.13 L43.79 C44.06 ATR=0.72 SL=43.99/43.95 rawVol=309476 volSMA=16225 buf=0.036 prices=43.77
2025-09-10T09:45:00.000-04:00,[KLB] 9:45 ▲ BRK PD LH H vol=4.8x pos=^97 vwap=above ema=bull rs=+1% adx=29 body=97% ramp=60.6x rangeATR=2.5 ⚡ ⚠ O44.15 H44.32 L44.15 C44.31 ATR=0.72 SL=44.24/44.2 rawVol=127892 volSMA=29731 buf=0.036 prices=
2025-09-10T09:45:00.000-04:00,[KLB] 9:45 ▲ ~ ~ VWAP vol=4.8x pos=^97 vwap=above ema=bull rs=+1% adx=29 body=97% ramp=60.6x rangeATR=2.5 ⚡ ⚠ O44.15 H44.32 L44.15 C44.31 ATR=0.72 SL=44.24/44.2 rawVol=127892 volSMA=29731 buf=0.036 prices=
2025-09-10T09:45:00.000-04:00,[KLB] CONF 9:45 ▲ BRK → ✓ (auto-R1: EMA)
2025-09-10T09:50:00.000-04:00,[KLB] 5m CHECK 9:50 ▲ pnl=0.18 SPY~ → HOLD
2025-09-11T09:30:00.000-04:00,[KLB] 9:30 ▼ RNG range break vol=8.3x
2025-09-11T09:35:00.000-04:00,[KLB] 9:35 ▲ ~ ~ Today O vol=19.5x pos=^95 vwap=below ema=bear rs=+0.3% adx=33 body=46% ramp=616.3x rangeATR=5.9 ⚡ O44.21 H44.37 L44.07 C44.35 ATR=0.73 SL=44.28/44.24 rawVol=354652 volSMA=18214 buf=0.036 prices=
2025-09-11T09:40:00.000-04:00,[KLB] 9:40 ▲ RNG range break vol=11.3x
2025-09-11T09:40:00.000-04:00,[KLB] 9:40 ▲ ~ ~ VWAP + ~ PD LH L vol=11.3x pos=^92 vwap=above ema=bear rs=+0.8% adx=32 body=90% ramp=1974.3x rangeATR=3.2 ⚡ ⚠ O44.36 H44.55 L44.35 C44.53 ATR=0.73 SL=44.46/44.42 rawVol=261240 volSMA=31274 buf=0.036 prices=
2025-09-11T09:55:00.000-04:00,[KLB] 9:55 ▲ BRK PD LH H vol=1.7x pos=^79 vwap=above ema=bull rs=+0.8% adx=28 body=61% ramp=0.8x rangeATR=1.9 O44.52 H44.63 L44.49 C44.6 ATR=0.73 SL=44.53/44.49 rawVol=91488 volSMA=55122 buf=0.036 prices=
2025-09-11T09:55:00.000-04:00,[KLB] CONF 9:55 ▲ BRK → ✓ (auto-R1: EMA)
2025-09-11T10:00:00.000-04:00,[KLB] 5m CHECK 10:00 ▲ pnl=0 SPY~ → HOLD
2025-09-11T14:20:00.000-04:00,[KLB] 14:20 ▼ ~ x~ PM H vol=0.9x pos=v73 vwap=below ema=bull rs=+0.2% adx=18 body=27% ramp=1.1x rangeATR=0.9 O44.49 H44.51 L44.47 C44.48 ATR=0.73 SL=44.56/44.59 rawVol=5478 volSMA=13252 buf=0.036 prices=44.53
2025-09-11T14:25:00.000-04:00,[KLB] 14:25 ▲ FADE at 44.53
2025-09-12T09:45:00.000-04:00,"[KLB] 9:45 ▼ ~ ~ PM H
~ VWAP + ~ Today O vol=2.7x pos=v100 vwap=below ema=bull rs=-0.2% adx=29 body=91% ramp=714.5x rangeATR=3.5 ⚡ ⚠ O44.86 H44.88 L44.65 C44.65 ATR=0.72 SL=44.72/44.76 rawVol=85352 volSMA=31125 buf=0.036 prices=44.78"
2025-09-12T11:45:00.000-04:00,[KLB] 11:45 ▼ ~ x~ Yest H vol=0.8x pos=v25 vwap=below ema=bear rs=-0.4% adx=13 body=25% ramp=1.1x rangeATR=0.7 O44.57 H44.57 L44.53 C44.56 ATR=0.72 SL=44.63/44.66 rawVol=18518 volSMA=23608 buf=0.036 prices=44.66
2025-09-12T13:30:00.000-04:00,[KLB] 13:30 ▼ BRK PM L vol=2.1x pos=v84 vwap=below ema=bear rs=-1% adx=28 body=80% ramp=1.3x rangeATR=1.5 ⚠ O44.41 H44.41 L44.35 C44.36 ATR=0.72 SL=44.43/44.46 rawVol=31842 volSMA=15348 buf=0.036 prices=44.4
2025-09-12T13:30:00.000-04:00,[KLB] CONF 13:30 ▼ BRK → ✓ (auto-R1: EMA)
2025-09-12T13:35:00.000-04:00,[KLB] 5m CHECK 13:35 ▼ pnl=-0.04 SPY~ → HOLD
2025-09-12T15:00:00.000-04:00,[KLB] 15:00 ▼ BRK PM L vol=1.6x pos=v86 vwap=below ema=bear rs=-1.1% adx=25 body=86% ramp=1.8x rangeATR=1.7 ⚠ O44.41 H44.41 L44.34 C44.35 ATR=0.72 SL=44.42/44.45 rawVol=14766 volSMA=13836 buf=0.036 prices=44.4
2025-09-12T15:00:00.000-04:00,[KLB] CONF 15:00 ▼ BRK → ✓ (auto-R1: EMA)
2025-09-12T15:05:00.000-04:00,[KLB] 5m CHECK 15:05 ▼ pnl=-0.03 SPY~ → HOLD
2025-09-15T09:30:00.000-04:00,[KLB] 9:30 ▼ ~ ~ Today O vol=2.2x pos=v100 vwap=above ema=bull rs=+0.2% adx=25 body=92% ramp=3x rangeATR=4 ⚡ ⚠ O44.49 H44.5 L44.32 C44.32 ATR=0.71 SL=44.39/44.43 rawVol=2376 volSMA=1058 buf=0.036 prices=
2025-09-15T09:35:00.000-04:00,[KLB] 9:35 ▼ RNG range break vol=19.3x
2025-09-15T09:35:00.000-04:00,[KLB] 9:35 ▼ BRK PM L + Yest L + PD LH L vol=19.3x pos=v83 vwap=below ema=bear rs=-0.4% adx=26 body=47% ramp=673x rangeATR=4 ⚡ O44.35 H44.43 L44.2 C44.24 ATR=0.71 SL=44.31/44.34 rawVol=574850 volSMA=29800 buf=0.036 prices=44.32/44.29
2025-09-15T09:35:00.000-04:00,[KLB] 9:35 ▼ ~ ~ PD Cls vol=19.3x pos=v83 vwap=below ema=bear rs=-0.4% adx=26 body=47% ramp=673x rangeATR=4 ⚡ O44.35 H44.43 L44.2 C44.24 ATR=0.71 SL=44.31/44.34 rawVol=574850 volSMA=29800 buf=0.036 prices=
2025-09-15T09:35:00.000-04:00,[KLB] CONF 9:35 ▼ BRK → ✓ (auto-R1: EMA)
2025-09-15T09:40:00.000-04:00,[KLB] 5m CHECK 9:40 ▼ pnl=0.03 SPY~ → HOLD
2025-09-15T09:45:00.000-04:00,[KLB] 9:45 ▼ BRK ORB L vol=4.6x pos=v82 vwap=below ema=bear rs=-0.6% adx=28 body=59% ramp=343.9x rangeATR=2.5 ⚡ O44.21 H44.25 L44.08 C44.11 ATR=0.71 SL=44.18/44.22 rawVol=104046 volSMA=45108 buf=0.036 prices=44.2
2025-09-15T09:45:00.000-04:00,[KLB] 9:45 ▼ ~ ~ VWAP vol=4.6x pos=v82 vwap=below ema=bear rs=-0.6% adx=28 body=59% ramp=343.9x rangeATR=2.5 ⚡ O44.21 H44.25 L44.08 C44.11 ATR=0.71 SL=44.18/44.22 rawVol=104046 volSMA=45108 buf=0.036 prices=
2025-09-15T09:45:00.000-04:00,[KLB] CONF 9:45 ▼ BRK → ✓ (auto-R1: EMA)
2025-09-15T09:50:00.000-04:00,[KLB] 5m CHECK 9:50 ▼ pnl=-0.15 SPY~ → BAIL
2025-09-16T09:35:00.000-04:00,[KLB] 9:35 ▲ RNG range break vol=17.9x
2025-09-16T09:35:00.000-04:00,[KLB] 9:35 ▲ ~ ~ VWAP vol=17.9x pos=^87 vwap=above ema=bull rs=+0.7% adx=21 body=86% ramp=1464.6x rangeATR=6.1 ⚡ ⚠ O44.37 H44.71 L44.36 C44.66 ATR=0.69 SL=44.59/44.56 rawVol=169310 volSMA=9475 buf=0.035 prices=
2025-09-16T09:45:00.000-04:00,[KLB] 9:45 ▼ ~ ~ VWAP vol=7x pos=v67 vwap=below ema=bull rs=+0.3% adx=25 body=67% ramp=600.7x rangeATR=2.7 ⚡ O44.57 H44.57 L44.37 C44.44 ATR=0.69 SL=44.5/44.54 rawVol=53960 volSMA=18788 buf=0.035 prices=
2025-09-17T09:35:00.000-04:00,[KLB] 9:35 ▲ RNG range break vol=19.8x
2025-09-17T09:35:00.000-04:00,[KLB] 9:35 ▲ ~ ~ PM L + ~ PD LH L + ~ Today O + ~ PD Cls vol=19.8x pos=^96 vwap=above ema=bear rs=+0.1% adx=21 body=38% ramp=5065.4x rangeATR=5.6 ⚡ O44.8 H44.92 L44.64 C44.91 ATR=0.71 SL=44.83/44.8 rawVol=273014 volSMA=13769 buf=0.035 prices=44.75
2025-09-17T09:40:00.000-04:00,[KLB] 9:40 ▲ BRK PD LH H vol=15.7x pos=^69 vwap=above ema=bull rs=+0.3% adx=20 body=59% ramp=1410.3x rangeATR=2.6 ⚡ O44.91 H45.04 L44.9 C45 ATR=0.71 SL=44.92/44.89 rawVol=73590 volSMA=17438 buf=0.035 prices=
2025-09-17T09:40:00.000-04:00,[KLB] 9:40 ▲ ~ ~ VWAP vol=15.7x pos=^69 vwap=above ema=bull rs=+0.3% adx=20 body=59% ramp=1410.3x rangeATR=2.6 ⚡ O44.91 H45.04 L44.9 C45 ATR=0.71 SL=44.92/44.89 rawVol=73590 volSMA=17438 buf=0.035 prices=
2025-09-17T09:40:00.000-04:00,[KLB] CONF 9:40 ▲ BRK → ✓ (auto-R1: EMA)
2025-09-17T09:45:00.000-04:00,[KLB] 5m CHECK 9:45 ▲ pnl=0.04 SPY~ → HOLD
2025-09-17T14:50:00.000-04:00,[KLB] 14:50 ▼ ~ x~ Week H vol=1.6x pos=v59 vwap=below ema=bull rs=+0.6% adx=19 body=19% ramp=1.4x rangeATR=1.5 O44.93 H44.98 L44.85 C44.9 ATR=0.71 SL=44.97/45.01 rawVol=48522 volSMA=38898 buf=0.035 prices=44.95
2025-09-17T15:10:00.000-04:00,[KLB] 15:10 ▲ FADE at 44.95
2025-09-18T09:30:00.000-04:00,[KLB] 9:30 ▼ RNG range break vol=13.8x
2025-09-18T09:40:00.000-04:00,[KLB] 9:40 ▲ ~ ~ PM L + ~ PD LH L vol=6.1x pos=^59 vwap=above ema=bull rs=0% adx=21 body=59% ramp=1233.9x rangeATR=2.4 ⚡ O44.9 H45.08 L44.9 C45.01 ATR=0.7 SL=44.93/44.9 rawVol=124060 volSMA=20417 buf=0.035 prices=44.97
2025-09-18T09:45:00.000-04:00,[KLB] 9:45 ▲ ~ ~ PM L vol=4.8x pos=^83 vwap=above ema=bull rs=+0.2% adx=23 body=39% ramp=49.6x rangeATR=1.2 O45.01 H45.06 L44.97 C45.04 ATR=0.7 SL=44.97/44.93 rawVol=105356 volSMA=25680 buf=0.035 prices=44.97
2025-09-18T09:55:00.000-04:00,[KLB] 9:55 ▼ ~ ~ Yest H vol=3.6x pos=v92 vwap=below ema=bear rs=0% adx=27 body=58% ramp=0.8x rangeATR=0.7 O45.01 H45.03 L44.97 C44.98 ATR=0.7 SL=45.05/45.08 rawVol=96968 volSMA=37112 buf=0.035 prices=45.31
2025-09-18T10:45:00.000-04:00,[KLB] 10:45 ▼ ~ ~ Yest H vol=0.7x pos=v75 vwap=below ema=bear rs=-0.4% adx=34 body=62% ramp=1.3x rangeATR=0.6 O45 H45.01 L44.97 C44.98 ATR=0.7 SL=45.05/45.08 rawVol=45096 volSMA=63982 buf=0.035 prices=45.31
2025-09-18T10:50:00.000-04:00,[KLB] 10:50 ▼ BRK PM L vol=1.6x pos=v100 vwap=below ema=bear rs=-0.5% adx=35 body=96% ramp=1.3x rangeATR=1 ⚠ O44.98 H44.98 L44.92 C44.92 ATR=0.7 SL=44.99/45.03 rawVol=108308 volSMA=69317 buf=0.035 prices=44.97
2025-09-18T10:50:00.000-04:00,[KLB] 10:50 ▼ ~ ~ Week H vol=1.6x pos=v100 vwap=below ema=bear rs=-0.5% adx=35 body=96% ramp=1.3x rangeATR=1 ⚠ O44.98 H44.98 L44.92 C44.92 ATR=0.7 SL=44.99/45.03 rawVol=108308 volSMA=69317 buf=0.035 prices=44.95
2025-09-18T10:50:00.000-04:00,[KLB] CONF 10:50 ▼ BRK → ✓ (auto-R1: EMA)
2025-09-18T10:55:00.000-04:00,[KLB] 10:55 ▼ BRK PD LH L vol=1.5x pos=v59 vwap=below ema=bear rs=-0.5% adx=37 body=59% ramp=1.6x rangeATR=1.2 O44.92 H44.92 L44.84 C44.87 ATR=0.7 SL=44.94/44.97 rawVol=82846 volSMA=73450 buf=0.035 prices=
2025-09-18T10:55:00.000-04:00,[KLB] 10:55 ▼ ~ ~ VWAP vol=1.5x pos=v59 vwap=below ema=bear rs=-0.5% adx=37 body=59% ramp=1.6x rangeATR=1.2 O44.92 H44.92 L44.84 C44.87 ATR=0.7 SL=44.94/44.97 rawVol=82846 volSMA=73450 buf=0.035 prices=
2025-09-18T10:55:00.000-04:00,[KLB] CONF 10:55 ▼ BRK → ✓ (auto-R1: EMA)
2025-09-18T11:00:00.000-04:00,[KLB] 5m CHECK 11:00 ▼ pnl=0.05 SPY~ → HOLD
2025-09-18T11:05:00.000-04:00,[KLB] 11:05 ▼ BRK ORB L vol=1.2x pos=v100 vwap=below ema=bear rs=-0.7% adx=40 body=81% ramp=1.4x rangeATR=1 ⚠ O44.84 H44.85 L44.79 C44.79 ATR=0.7 SL=44.86/44.89 rawVol=98222 volSMA=82186 buf=0.035 prices=44.83
2025-09-18T11:05:00.000-04:00,[KLB] CONF 11:05 ▼ BRK → ✓ (auto-R1: EMA)
2025-09-18T11:10:00.000-04:00,[KLB] 11:10 ▼ BRK Yest L vol=5.9x pos=v78 vwap=below ema=bear rs=-1.1% adx=43 body=39% ramp=3.6x rangeATR=4.7 ⚡ O44.78 H44.95 L44.52 C44.61 ATR=0.7 SL=44.68/44.72 rawVol=680206 volSMA=115698 buf=0.035 prices=44.64
2025-09-18T11:10:00.000-04:00,[KLB] 11:10 ▼ ~ ~ Week H vol=5.9x pos=v78 vwap=below ema=bear rs=-1.1% adx=43 body=39% ramp=3.6x rangeATR=4.7 ⚡ O44.78 H44.95 L44.52 C44.61 ATR=0.7 SL=44.68/44.72 rawVol=680206 volSMA=115698 buf=0.035 prices=44.95
2025-09-18T11:10:00.000-04:00,[KLB] CONF 11:10 ▼ BRK → ✓ (auto-R1: EMA)
2025-09-18T11:15:00.000-04:00,[KLB] 5m CHECK 11:15 ▼ pnl=0 SPY~ → HOLD
2025-09-18T11:40:00.000-04:00,[KLB] 11:40 ▲ ~ ~ ORB L vol=0.5x pos=^93 vwap=above ema=bear rs=-0.7% adx=44 body=85% ramp=0.5x rangeATR=0.8 ⚠ O44.81 H44.87 L44.8 C44.86 ATR=0.7 SL=44.79/44.76 rawVol=44536 volSMA=92350 buf=0.035 prices=44.83
2025-09-18T12:45:00.000-04:00,[KLB] 12:45 ▲ ~ ~ ORB L vol=0.3x pos=^60 vwap=above ema=bear rs=-0.7% adx=24 body=33% ramp=0.9x rangeATR=0.6 O44.86 H44.89 L44.85 C44.87 ATR=0.7 SL=44.8/44.77 rawVol=21382 volSMA=68878 buf=0.035 prices=44.83
2025-09-18T12:50:00.000-04:00,[KLB] 12:50 ▼ FADE at 44.83
2025-09-18T12:55:00.000-04:00,[KLB] 12:55 ▼ BRK ORB L vol=1.1x pos=v43 vwap=below ema=bear rs=-0.8% adx=24 body=36% ramp=1.8x rangeATR=0.6 O44.83 H44.83 L44.79 C44.81 ATR=0.7 SL=44.88/44.92 rawVol=33224 volSMA=32047 buf=0.035 prices=44.83
2025-09-18T12:55:00.000-04:00,[KLB] CONF 12:55 ▼ BRK → ✓ (auto-R1: EMA)
2025-09-18T13:00:00.000-04:00,[KLB] 5m CHECK 13:00 ▼ pnl=0.01 SPY✗ → HOLD
2025-09-18T15:55:00.000-04:00,"[KLB] 15:55 ▲ ~ ~ PM L
~ VWAP vol=5.6x pos=^100 vwap=above ema=bull rs=-0.2% adx=24 body=40% ramp=3.3x rangeATR=1.6 O44.97 H45 L44.92 C45 ATR=0.7 SL=44.92/44.89 rawVol=227394 volSMA=40586 buf=0.035 prices=44.97"
2025-09-19T09:30:00.000-04:00,[KLB] 9:30 ▲ RNG range break vol=18.2x
2025-09-19T09:35:00.000-04:00,[KLB] 9:35 ▼ RNG range break vol=19.5x
2025-09-19T10:00:00.000-04:00,[KLB] 10:00 ▼ BRK ORB L vol=2.5x pos=v90 vwap=below ema=bear rs=-0.6% adx=22 body=85% ramp=0.7x rangeATR=1.5 ⚠ O44.62 H44.63 L44.53 C44.54 ATR=0.7 SL=44.6/44.64 rawVol=107764 volSMA=42570 buf=0.035 prices=44.57
2025-09-19T10:00:00.000-04:00,[KLB] CONF 10:00 ▼ BRK → ✓ (auto-R1: EMA)
2025-09-19T10:05:00.000-04:00,[KLB] 10:05 ▼ BRK Yest L vol=2.2x pos=v68 vwap=below ema=bear rs=-0.8% adx=24 body=68% ramp=0.9x rangeATR=1.9 O44.54 H44.54 L44.4 C44.45 ATR=0.7 SL=44.51/44.55 rawVol=107830 volSMA=47961 buf=0.035 prices=44.52
2025-09-19T10:05:00.000-04:00,[KLB] 10:05 ▼ ~ ~ VWAP vol=2.2x pos=v68 vwap=below ema=bear rs=-0.8% adx=24 body=68% ramp=0.9x rangeATR=1.9 O44.54 H44.54 L44.4 C44.45 ATR=0.7 SL=44.51/44.55 rawVol=107830 volSMA=47961 buf=0.035 prices=
2025-09-19T10:05:00.000-04:00,[KLB] CONF 10:05 ▼ BRK → ✓ (auto-R1: EMA)
2025-09-19T10:10:00.000-04:00,[KLB] 5m CHECK 10:10 ▼ pnl=0.01 SPY~ → HOLD
2025-09-19T10:30:00.000-04:00,[KLB] 10:30 ▼ BRK Yest L vol=1x pos=v88 vwap=below ema=bear rs=-0.9% adx=28 body=88% ramp=0.8x rangeATR=2 ⚡ ⚠ O44.54 H44.54 L44.38 C44.4 ATR=0.7 SL=44.47/44.5 rawVol=63930 volSMA=61737 buf=0.035 prices=44.52
2025-09-19T10:30:00.000-04:00,[KLB] CONF 10:30 ▼ BRK → ✓ (auto-R1: EMA)
2025-09-19T10:35:00.000-04:00,[KLB] 5m CHECK 10:35 ▼ pnl=0 SPY~ → HOLD
2025-09-22T09:35:00.000-04:00,[KLB] 9:35 ▼ RNG range break vol=19.2x
2025-09-22T09:35:00.000-04:00,[KLB] 9:35 ▼ BRK PM L vol=19.2x pos=v33 vwap=below ema=bear rs=-0.2% adx=49 body=30% ramp=544.4x rangeATR=4.9 ⚡ O43.72 H43.73 L43.56 C43.67 ATR=0.7 SL=43.74/43.78 rawVol=251200 volSMA=13114 buf=0.035 prices=43.74
2025-09-22T09:35:00.000-04:00,[KLB] CONF 9:35 ▼ BRK → ✓ (auto-R1: EMA)
2025-09-22T09:40:00.000-04:00,[KLB] 5m CHECK 9:40 ▼ pnl=-0.02 SPY~ → HOLD
2025-09-22T10:45:00.000-04:00,[KLB] 10:45 ▲ ~ ~ Today O vol=0.7x pos=^88 vwap=above ema=bear rs=-0.3% adx=41 body=56% ramp=0.5x rangeATR=0.8 🔇 O43.72 H43.75 L43.71 C43.74 ATR=0.7 SL=43.67/43.63 rawVol=16632 volSMA=51133 buf=0.035 prices=
2025-09-23T09:35:00.000-04:00,[KLB] 9:35 ▲ RNG range break vol=19.3x
2025-09-23T09:35:00.000-04:00,[KLB] 9:35 ▲ BRK PD LH H vol=19.3x pos=^98 vwap=above ema=bull rs=+0.5% adx=23 body=98% ramp=180.2x rangeATR=5.6 ⚡ ⚠ O44.02 H44.27 L44.02 C44.26 ATR=0.7 SL=44.19/44.16 rawVol=228378 volSMA=11849 buf=0.035 prices=
2025-09-23T09:35:00.000-04:00,[KLB] 9:35 ▲ ~ ~ Week L vol=19.3x pos=^98 vwap=above ema=bull rs=+0.5% adx=23 body=98% ramp=180.2x rangeATR=5.6 ⚡ ⚠ O44.02 H44.27 L44.02 C44.26 ATR=0.7 SL=44.19/44.16 rawVol=228378 volSMA=11849 buf=0.035 prices=44.08
2025-09-23T09:35:00.000-04:00,[KLB] CONF 9:35 ▲ BRK → ✓ (auto-R1: EMA)
2025-09-23T09:40:00.000-04:00,[KLB] 5m CHECK 9:40 ▲ pnl=0.13 SPY~ → HOLD
2025-09-23T09:45:00.000-04:00,[KLB] 9:45 ▲ BRK Week O vol=5.8x pos=^100 vwap=above ema=bull rs=+1.1% adx=29 body=100% ramp=281.9x rangeATR=2.5 ⚡ ⚠ O44.36 H44.5 L44.36 C44.5 ATR=0.7 SL=44.43/44.39 rawVol=118970 volSMA=25060 buf=0.035 prices=
2025-09-23T09:45:00.000-04:00,[KLB] 9:45 ▲ ~ ~ VWAP vol=5.8x pos=^100 vwap=above ema=bull rs=+1.1% adx=29 body=100% ramp=281.9x rangeATR=2.5 ⚡ ⚠ O44.36 H44.5 L44.36 C44.5 ATR=0.7 SL=44.43/44.39 rawVol=118970 volSMA=25060 buf=0.035 prices=
2025-09-23T09:45:00.000-04:00,[KLB] CONF 9:45 ▲ BRK → ✓ (auto-R1: EMA)
2025-09-23T09:50:00.000-04:00,[KLB] 5m CHECK 9:50 ▲ pnl=0.19 SPY~ → HOLD
2025-09-23T15:50:00.000-04:00,[KLB] 15:50 ▼ 🔇 QBS ramp=0.4x vol=1.6x pos=v71 vwap=below ema=bear adx=26 body=59% rangeATR=1.7 O44.73 H44.74 L44.65 C44.68 ATR=0.7
2025-09-23T15:50:00.000-04:00,[KLB] 15:50 ▼ ~ ~ VWAP vol=1.6x pos=v71 vwap=below ema=bear rs=+2.1% adx=26 body=59% ramp=0.4x rangeATR=1.7 🔇 O44.73 H44.74 L44.65 C44.68 ATR=0.7 SL=44.75/44.78 rawVol=83674 volSMA=50892 buf=0.035 prices=
2025-09-23T15:55:00.000-04:00,[KLB] CONF 15:55 ▼ QBS → ✓ (auto-promote)
2025-09-23T16:05:00.000-04:00,[KLB] 5m CHECK 16:05 ▼ pnl=0.07 SPY✓ → HOLD
2025-09-24T09:30:00.000-04:00,[KLB] 9:30 ▼ ~ ~ PM H vol=12.5x pos=v100 vwap=below ema=bull rs=+0% adx=31 body=82% ramp=20.9x rangeATR=2.1 ⚡ ⚠ O44.88 H44.89 L44.83 C44.83 ATR=0.74 SL=44.9/44.94 rawVol=6596 volSMA=529 buf=0.037 prices=44.89
2025-09-24T09:35:00.000-04:00,[KLB] 9:35 ▲ FADE at 44.89
2025-09-24T09:35:00.000-04:00,[KLB] 9:35 ▲ RNG range break vol=19.6x
2025-09-24T09:35:00.000-04:00,[KLB] 9:35 ▲ BRK Month O vol=19.6x pos=^93 vwap=above ema=bull rs=+0.6% adx=33 body=73% ramp=707.2x rangeATR=6.1 ⚡ O44.92 H45.16 L44.86 C45.14 ATR=0.74 SL=45.06/45.02 rawVol=478310 volSMA=24425 buf=0.037 prices=
2025-09-24T09:35:00.000-04:00,[KLB] 9:35 ▲ ~ ~ Today O vol=19.6x pos=^93 vwap=above ema=bull rs=+0.6% adx=33 body=73% ramp=707.2x rangeATR=6.1 ⚡ O44.92 H45.16 L44.86 C45.14 ATR=0.74 SL=45.06/45.02 rawVol=478310 volSMA=24425 buf=0.037 prices=
2025-09-24T09:35:00.000-04:00,[KLB] CONF 9:35 ▲ BRK → ✓ (auto-R1: EMA)
2025-09-24T09:40:00.000-04:00,[KLB] 9:40 ▲ ~ ~ VWAP vol=13x pos=^94 vwap=above ema=bull rs=+0.9% adx=36 body=87% ramp=929.3x rangeATR=2.4 ⚡ ⚠ O45.12 H45.24 L45.11 C45.23 ATR=0.74 SL=45.16/45.12 rawVol=245540 volSMA=36701 buf=0.037 prices=
2025-09-24T09:40:00.000-04:00,[KLB] 5m CHECK 9:40 ▲ pnl=0.13 SPY~ → HOLD
2025-09-24T15:45:00.000-04:00,[KLB] 15:45 ▼ ~ ~ VWAP vol=1.9x pos=v96 vwap=below ema=bear rs=+1.2% adx=48 body=79% ramp=1.8x rangeATR=1.6 O45.25 H45.26 L45.2 C45.2 ATR=0.74 SL=45.28/45.31 rawVol=47516 volSMA=25354 buf=0.037 prices=
2025-09-25T09:30:00.000-04:00,[KLB] 9:30 ▲ RNG range break vol=4.3x
2025-09-25T09:35:00.000-04:00,[KLB] 9:35 ▲ ~ ~ PM L + ~ PD LH L + ~ Today O + ~ PD Cls vol=19.7x pos=^81 vwap=above ema=bear rs=+0.5% adx=21 body=53% ramp=835.7x rangeATR=7.7 ⚡ O45.17 H45.42 L45.08 C45.35 ATR=0.76 SL=45.27/45.24 rawVol=339836 volSMA=17245 buf=0.038 prices=45.08
2025-09-25T09:40:00.000-04:00,[KLB] 9:40 ▼ ~ ~ Week H + ~ ORB H vol=5.8x pos=v90 vwap=below ema=bear rs=+0.5% adx=24 body=53% ramp=1185.2x rangeATR=2.9 ⚡ O45.35 H45.41 L45.26 C45.27 ATR=0.76 SL=45.35/45.38 rawVol=140244 volSMA=24246 buf=0.038 prices=45.31/45.42
2025-09-25T09:45:00.000-04:00,"[KLB] 9:45 ▼ ~ ~ PM H + ~ Week H
~ VWAP vol=5x pos=v73 vwap=below ema=bear rs=+0.4% adx=23 body=46% ramp=403.2x rangeATR=3.5 ⚡ O45.27 H45.34 L45.11 C45.17 ATR=0.76 SL=45.25/45.28 rawVol=81218 volSMA=28305 buf=0.038 prices=45.23/45.31"
2025-09-25T09:50:00.000-04:00,[KLB] 9:50 ▼ ~ ~ PM H + ~ Yest H vol=2.9x pos=v81 vwap=below ema=bear rs=+0.1% adx=22 body=36% ramp=0.9x rangeATR=2.6 ⚡ O45.15 H45.23 L45.04 C45.08 ATR=0.76 SL=45.15/45.19 rawVol=95530 volSMA=33080 buf=0.038 prices=45.23/45.59
2025-09-25T10:15:00.000-04:00,[KLB] 10:15 ▲ ~ ~ VWAP vol=1.5x pos=^90 vwap=above ema=bull rs=+0.4% adx=22 body=40% ramp=0.8x rangeATR=0.6 O45.32 H45.34 L45.29 C45.34 ATR=0.76 SL=45.26/45.22 rawVol=72936 volSMA=48283 buf=0.038 prices=
2025-09-26T09:30:00.000-04:00,[KLB] 9:30 ▼ 🔇 QBS ramp=0.1x vol=1.2x pos=v100 vwap=below ema=bull adx=21 body=100% rangeATR=3.8 ⚡ O45.7 H45.7 L45.6 C45.6 ATR=0.75
2025-09-26T09:30:00.000-04:00,"[KLB] 9:30 ▼ ~ ~ PM H
~ VWAP + ~ Today O vol=1.2x pos=v100 vwap=below ema=bull rs=+0.1% adx=21 body=100% ramp=0.1x rangeATR=3.8 ⚡ ⚠ 🔇 O45.7 H45.7 L45.6 C45.6 ATR=0.75 SL=45.67/45.71 rawVol=572 volSMA=458 buf=0.037 prices=45.72"
2025-09-26T09:35:00.000-04:00,[KLB] 9:35 ▲ FADE at 45.72
2025-09-26T09:35:00.000-04:00,[KLB] 9:35 ▲ RNG range break vol=19.5x
2025-09-26T09:45:00.000-04:00,[KLB] 9:45 ▲ ~ ~ VWAP vol=4.5x pos=^100 vwap=above ema=bull rs=+0.7% adx=24 body=98% ramp=789.9x rangeATR=3.4 ⚡ ⚠ O45.86 H46.07 L45.86 C46.07 ATR=0.75 SL=45.99/45.95 rawVol=103326 volSMA=31138 buf=0.037 prices=
2025-09-26T09:45:00.000-04:00,[KLB] CONF 9:45 ▼ QBS → ✗ (failed)
2025-09-29T09:35:00.000-04:00,[KLB] 9:35 ▼ RNG range break vol=19.1x
2025-09-29T09:35:00.000-04:00,[KLB] 9:35 ▼ BRK PM L + Yest L vol=19.1x pos=v78 vwap=above ema=bear rs=-0.2% adx=39 body=56% ramp=203.9x rangeATR=3.4 ⚡ O45.68 H45.72 L45.54 C45.58 ATR=0.76 SL=45.65/45.69 rawVol=584590 volSMA=30536 buf=0.038 prices=45.7/45.64
2025-09-29T09:35:00.000-04:00,[KLB] 9:35 ▼ ~ ~ Today O vol=19.1x pos=v78 vwap=above ema=bear rs=-0.2% adx=39 body=56% ramp=203.9x rangeATR=3.4 ⚡ O45.68 H45.72 L45.54 C45.58 ATR=0.76 SL=45.65/45.69 rawVol=584590 volSMA=30536 buf=0.038 prices=
2025-09-29T09:35:00.000-04:00,[KLB] CONF 9:35 ▼ BRK → ✓ (auto-R1: EMA)
2025-09-29T09:40:00.000-04:00,[KLB] 9:40 ▼ BRK ORB L vol=12.4x pos=v85 vwap=below ema=bear rs=-0.6% adx=42 body=79% ramp=167.1x rangeATR=3.9 ⚡ O45.57 H45.59 L45.33 C45.37 ATR=0.76 SL=45.44/45.48 rawVol=333092 volSMA=47075 buf=0.038 prices=45.54
2025-09-29T09:40:00.000-04:00,[KLB] 9:40 ▼ ~ ~ VWAP vol=12.4x pos=v85 vwap=below ema=bear rs=-0.6% adx=42 body=79% ramp=167.1x rangeATR=3.9 ⚡ O45.57 H45.59 L45.33 C45.37 ATR=0.76 SL=45.44/45.48 rawVol=333092 volSMA=47075 buf=0.038 prices=
2025-09-29T09:40:00.000-04:00,[KLB] CONF 9:40 ▼ BRK → ✓ (auto-R1: EMA)
2025-09-29T09:45:00.000-04:00,[KLB] 5m CHECK 9:45 ▼ pnl=0.13 SPY~ → HOLD
2025-09-30T09:35:00.000-04:00,[KLB] 9:35 ▼ RNG range break vol=18.9x
2025-09-30T09:35:00.000-04:00,[KLB] 9:35 ▼ BRK PM L vol=18.9x pos=v78 vwap=below ema=bear rs=-0.1% adx=22 body=42% ramp=706.1x rangeATR=4 ⚡ O44.75 H44.82 L44.63 C44.67 ATR=0.78 SL=44.75/44.79 rawVol=383390 volSMA=20281 buf=0.039 prices=44.69
2025-09-30T09:35:00.000-04:00,[KLB] 9:35 ▼ ~ ~ Today O vol=18.9x pos=v78 vwap=below ema=bear rs=-0.1% adx=22 body=42% ramp=706.1x rangeATR=4 ⚡ O44.75 H44.82 L44.63 C44.67 ATR=0.78 SL=44.75/44.79 rawVol=383390 volSMA=20281 buf=0.039 prices=
2025-09-30T09:35:00.000-04:00,[KLB] CONF 9:35 ▼ BRK → ✓ (auto-R1: EMA)
2025-09-30T09:40:00.000-04:00,[KLB] 9:40 ▲ ~ ~ PM L vol=5.9x pos=^89 vwap=above ema=bear rs=+0.2% adx=24 body=75% ramp=918.2x rangeATR=2.8 ⚡ O44.69 H44.82 L44.67 C44.8 ATR=0.78 SL=44.72/44.68 rawVol=170830 volSMA=28768 buf=0.039 prices=44.69
2025-09-30T09:40:00.000-04:00,[KLB] 5m CHECK 9:40 ▼ pnl=-0.17 SPY~ → BAIL
2025-09-30T09:50:00.000-04:00,[KLB] 9:50 ▼ ~ ~ ORB H vol=2.8x pos=v89 vwap=below ema=bear rs=0% adx=26 body=36% ramp=1x rangeATR=2.2 ⚡ O44.77 H44.85 L44.71 C44.72 ATR=0.78 SL=44.8/44.84 rawVol=110702 volSMA=38910 buf=0.039 prices=44.82
2025-09-30T10:05:00.000-04:00,[KLB] 10:05 ▼ FADE at 44.69
2025-09-30T10:05:00.000-04:00,[KLB] 10:05 ▼ BRK PM L vol=1.5x pos=v94 vwap=below ema=bear rs=-0.3% adx=29 body=75% ramp=0.6x rangeATR=2.5 ⚡ O44.77 H44.8 L44.62 C44.63 ATR=0.78 SL=44.71/44.75 rawVol=71698 volSMA=48734 buf=0.039 prices=44.69
2025-09-30T10:05:00.000-04:00,"[KLB] 10:05 ▼ ~ ~ ORB H
~ VWAP vol=1.5x pos=v94 vwap=below ema=bear rs=-0.3% adx=29 body=75% ramp=0.6x rangeATR=2.5 ⚡ O44.77 H44.8 L44.62 C44.63 ATR=0.78 SL=44.71/44.75 rawVol=71698 volSMA=48734 buf=0.039 prices=44.82"
2025-09-30T10:05:00.000-04:00,[KLB] CONF 10:05 ▼ BRK → ✓ (auto-R1: EMA)
2025-09-30T10:10:00.000-04:00,[KLB] 10:10 ▼ BRK ORB L vol=1.8x pos=v89 vwap=below ema=bear rs=-0.4% adx=30 body=61% ramp=1x rangeATR=1.5 O44.62 H44.66 L44.54 C44.55 ATR=0.78 SL=44.63/44.67 rawVol=98776 volSMA=53669 buf=0.039 prices=44.63
2025-09-30T10:10:00.000-04:00,[KLB] CONF 10:10 ▼ BRK → ✓ (auto-R1: EMA)
2025-09-30T10:15:00.000-04:00,[KLB] 5m CHECK 10:15 ▼ pnl=0.09 SPY~ → HOLD
2025-09-30T15:55:00.000-04:00,[KLB] 15:55 ▲ ~ ~ VWAP vol=8.6x pos=^71 vwap=above ema=bull rs=-0.6% adx=32 body=38% ramp=5.2x rangeATR=2 O44.66 H44.74 L44.62 C44.7 ATR=0.78 SL=44.62/44.58 rawVol=233532 volSMA=95261 buf=0.039 prices=
2025-10-01T09:30:00.000-04:00,[KLB] 9:30 ▼ RNG range break vol=3.8x
2025-10-01T09:35:00.000-04:00,[KLB] 9:35 ▲ RNG range break vol=19.8x
2025-10-01T12:10:00.000-04:00,[KLB] 12:10 ▲ ~ ~ Yest L vol=1x pos=^91 vwap=above ema=bull rs=0% adx=20 body=82% ramp=0.9x rangeATR=0.9 ⚠ O44.65 H44.7 L44.64 C44.69 ATR=0.78 SL=44.61/44.57 rawVol=33994 volSMA=50737 buf=0.039 prices=44.32
2025-10-02T09:30:00.000-04:00,[KLB] 9:30 ▲ ~ ~ Today O vol=1.7x pos=^100 vwap=below ema=bear rs=+0.4% adx=21 body=62% ramp=2.9x rangeATR=2.2 ⚡ O44.57 H44.62 L44.54 C44.62 ATR=0.76 SL=44.54/44.51 rawVol=384 volSMA=222 buf=0.038 prices=
2025-10-02T09:40:00.000-04:00,[KLB] 9:40 ▲ ~ ~ PD LH L + ~ PD Cls vol=10.9x pos=^94 vwap=above ema=bear rs=+0.6% adx=23 body=78% ramp=238.5x rangeATR=2.9 ⚡ O44.64 H44.79 L44.61 C44.78 ATR=0.76 SL=44.7/44.66 rawVol=209296 volSMA=23476 buf=0.038 prices=
2025-10-02T09:50:00.000-04:00,[KLB] 9:50 ▲ ~ ~ VWAP vol=3.8x pos=^100 vwap=above ema=bull rs=+0.8% adx=25 body=56% ramp=1.6x rangeATR=1.4 O44.8 H44.85 L44.76 C44.85 ATR=0.76 SL=44.77/44.74 rawVol=74408 volSMA=33562 buf=0.038 prices=
2025-10-02T10:45:00.000-04:00,[KLB] 10:45 ▼ RNG range break vol=3.1x
2025-10-03T09:35:00.000-04:00,[KLB] 9:35 ▲ RNG range break vol=19.5x
2025-10-03T11:40:00.000-04:00,[KLB] 11:40 ▼ ~ x~ PM H vol=0.7x pos=v60 vwap=below ema=bull rs=-0.2% adx=10 body=15% ramp=1.6x rangeATR=0.8 O44.49 H44.51 L44.46 C44.48 ATR=0.76 SL=44.56/44.59 rawVol=24340 volSMA=33325 buf=0.038 prices=44.53
2025-10-03T11:50:00.000-04:00,[KLB] 11:50 ▲ FADE at 44.53
2025-10-03T13:10:00.000-04:00,[KLB] 13:10 ▲ ~ ~ VWAP vol=0.7x pos=^75 vwap=above ema=bull rs=+0.3% adx=22 body=58% ramp=0.8x rangeATR=1.4 O44.62 H44.67 L44.61 C44.65 ATR=0.76 SL=44.57/44.54 rawVol=12604 volSMA=18873 buf=0.038 prices=
2025-10-03T15:00:00.000-04:00,[KLB] 15:00 ▼ ~ x~ Yest H + x~ ORB H vol=0.5x pos=v93 vwap=below ema=bull rs=+0.3% adx=19 body=21% ramp=0.8x rangeATR=0.8 O44.57 H44.59 L44.56 C44.56 ATR=0.76 SL=44.63/44.67 rawVol=8174 volSMA=15036 buf=0.038 prices=44.97/44.61
2025-10-03T15:50:00.000-04:00,[KLB] 15:50 ▼ ~ x~ Yest H vol=6.5x pos=v73 vwap=below ema=bull rs=+0.3% adx=13 body=9% ramp=6.2x rangeATR=0.8 O44.56 H44.58 L44.55 C44.56 ATR=0.76 SL=44.64/44.67 rawVol=178082 volSMA=27198 buf=0.038 prices=44.97
2025-10-06T09:35:00.000-04:00,[KLB] 9:35 ▼ RNG range break vol=18.4x
2025-10-06T09:40:00.000-04:00,[KLB] 9:40 ▼ ~ ~ VWAP vol=12.2x pos=v97 vwap=below ema=bull rs=-0.4% adx=21 body=76% ramp=87.1x rangeATR=3 ⚡ O44.62 H44.65 L44.51 C44.51 ATR=0.74 SL=44.58/44.62 rawVol=67584 volSMA=9826 buf=0.037 prices=
2025-10-06T09:50:00.000-04:00,[KLB] 9:50 ▲ BRK PD LH H vol=4.2x pos=^100 vwap=above ema=bull rs=+0.1% adx=24 body=69% ramp=1.5x rangeATR=2.1 ⚡ O44.62 H44.71 L44.58 C44.71 ATR=0.74 SL=44.64/44.6 rawVol=63846 volSMA=15260 buf=0.037 prices=
2025-10-06T09:50:00.000-04:00,[KLB] 9:50 ▲ ~ ~ PM L vol=4.2x pos=^100 vwap=above ema=bull rs=+0.1% adx=24 body=69% ramp=1.5x rangeATR=2.1 ⚡ O44.62 H44.71 L44.58 C44.71 ATR=0.74 SL=44.64/44.6 rawVol=63846 volSMA=15260 buf=0.037 prices=44.68
2025-10-06T09:50:00.000-04:00,[KLB] CONF 9:50 ▲ BRK → ✓ (auto-R1: EMA)
2025-10-06T09:55:00.000-04:00,[KLB] 9:55 ▲ ~ ~ VWAP vol=3.7x pos=^83 vwap=above ema=bull rs=+0.2% adx=24 body=61% ramp=0.8x rangeATR=0.9 O44.72 H44.76 L44.7 C44.75 ATR=0.74 SL=44.68/44.64 rawVol=41328 volSMA=17326 buf=0.037 prices=
2025-10-06T09:55:00.000-04:00,[KLB] 5m CHECK 9:55 ▲ pnl=0.05 SPY~ → HOLD
2025-10-07T09:30:00.000-04:00,[KLB] 9:30 ▼ ~ ~ VWAP vol=1.2x pos=v100 vwap=below ema=bear rs=+0.1% adx=23 body=50% ramp=0.2x rangeATR=0.8 🔇 O44.62 H44.63 L44.6 C44.6 ATR=0.72 SL=44.67/44.71 rawVol=676 volSMA=582 buf=0.036 prices=
2025-10-07T09:35:00.000-04:00,"[KLB] 9:35 ▲ ~ ~ Yest L
~ VWAP + ~ PD LH L + ~ Today O + ~ PD Cls vol=18.8x pos=^98 vwap=above ema=bear rs=+0.2% adx=22 body=62% ramp=28.6x rangeATR=4.3 ⚡ O44.63 H44.77 L44.56 C44.77 ATR=0.72 SL=44.69/44.66 rawVol=190452 volSMA=10105 buf=0.036 prices=44.5"
2025-10-07T09:40:00.000-04:00,[KLB] 9:40 ▼ BRK PD LH L vol=6x pos=v96 vwap=below ema=bear rs=-0.2% adx=21 body=92% ramp=141.1x rangeATR=4 ⚡ ⚠ O44.77 H44.78 L44.53 C44.54 ATR=0.72 SL=44.61/44.64 rawVol=86784 volSMA=14434 buf=0.036 prices=
2025-10-07T09:40:00.000-04:00,[KLB] 9:40 ▼ ~ ~ PM H + ~ Yest H + ~ ORB H vol=6x pos=v96 vwap=below ema=bear rs=-0.2% adx=21 body=92% ramp=141.1x rangeATR=4 ⚡ ⚠ O44.77 H44.78 L44.53 C44.54 ATR=0.72 SL=44.61/44.64 rawVol=86784 volSMA=14434 buf=0.036 prices=44.77/44.93/44.77
2025-10-07T09:40:00.000-04:00,[KLB] CONF 9:40 ▼ BRK → ✓ (auto-R1: EMA)
2025-10-07T09:45:00.000-04:00,[KLB] 5m CHECK 9:45 ▼ pnl=-0.14 SPY~ → BAIL
2025-10-07T10:00:00.000-04:00,[KLB] 10:00 ▼ FADE at 44.5
2025-10-07T10:05:00.000-04:00,[KLB] 10:05 ▼ RNG range break vol=3.9x
2025-10-07T10:10:00.000-04:00,[KLB] 10:10 ▼ BRK Week L vol=4.2x pos=v91 vwap=below ema=bear rs=-1.1% adx=24 body=85% ramp=2.2x rangeATR=1.9 ⚠ O44.24 H44.25 L44.09 C44.1 ATR=0.72 SL=44.17/44.21 rawVol=181422 volSMA=42865 buf=0.036 prices=44.17
2025-10-07T10:10:00.000-04:00,[KLB] CONF 10:10 ▼ BRK → ✓ (auto-R1: EMA)
2025-10-07T10:15:00.000-04:00,[KLB] 5m CHECK 10:15 ▼ pnl=0.07 SPY~ → HOLD
2025-10-07T15:50:00.000-04:00,[KLB] 15:50 ▲ ~ ~ Yest L + ~ PD LH L vol=5.5x pos=^100 vwap=above ema=bull rs=+0.6% adx=35 body=83% ramp=3x rangeATR=2 ⚠ O44.63 H44.69 L44.62 C44.69 ATR=0.72 SL=44.62/44.58 rawVol=112650 volSMA=20391 buf=0.036 prices=44.5
2025-10-07T15:55:00.000-04:00,[KLB] 15:55 ▲ ~ ~ Yest L vol=4.9x pos=^100 vwap=above ema=bull rs=+0.7% adx=37 body=43% ramp=3.5x rangeATR=0.9 O44.7 H44.71 L44.68 C44.71 ATR=0.72 SL=44.64/44.6 rawVol=66454 volSMA=22976 buf=0.036 prices=44.5
2025-10-08T09:35:00.000-04:00,[KLB] 9:35 ▼ RNG range break vol=19.3x
2025-10-08T09:40:00.000-04:00,[KLB] 9:40 ▼ ~ ~ VWAP vol=11.5x pos=v97 vwap=below ema=bull rs=-0.9% adx=46 body=56% ramp=192.1x rangeATR=2.7 ⚡ O44.43 H44.49 L44.33 C44.34 ATR=0.73 SL=44.41/44.44 rawVol=92472 volSMA=11375 buf=0.036 prices=
2025-10-08T10:35:00.000-04:00,[KLB] 10:35 ▼ BRK ORB L vol=2x pos=v82 vwap=below ema=bear rs=-1.2% adx=45 body=52% ramp=1.6x rangeATR=1.4 O44.38 H44.41 L44.3 C44.32 ATR=0.73 SL=44.39/44.43 rawVol=95142 volSMA=47924 buf=0.036 prices=44.41
2025-10-08T10:35:00.000-04:00,[KLB] CONF 10:35 ▼ BRK → ✓ (auto-R1: EMA)
2025-10-08T10:40:00.000-04:00,[KLB] 5m CHECK 10:40 ▼ pnl=0.07 SPY~ → HOLD
2025-10-08T10:55:00.000-04:00,[KLB] 10:55 ▲ ~ ~ VWAP vol=0.4x pos=^100 vwap=above ema=bear rs=-0.9% adx=41 body=43% ramp=0.4x rangeATR=0.4 🔇 O44.41 H44.42 L44.39 C44.42 ATR=0.73 SL=44.35/44.31 rawVol=20884 volSMA=55207 buf=0.036 prices=
2025-10-08T11:05:00.000-04:00,[KLB] 11:05 ▲ ~ ~ ORB L vol=0.2x pos=^67 vwap=above ema=bear rs=-0.9% adx=38 body=67% ramp=0.3x rangeATR=0.4 🔇 O44.43 H44.46 L44.43 C44.45 ATR=0.73 SL=44.38/44.34 rawVol=12700 volSMA=56270 buf=0.036 prices=44.41
2025-10-08T11:10:00.000-04:00,[KLB] 11:10 ▲ ~ ~ ORB L vol=0.3x pos=^100 vwap=above ema=bear rs=-0.8% adx=37 body=56% ramp=0.5x rangeATR=1.1 🔇 O44.44 H44.49 L44.41 C44.49 ATR=0.73 SL=44.41/44.38 rawVol=14736 volSMA=56991 buf=0.036 prices=44.41
2025-10-08T12:35:00.000-04:00,[KLB] 12:35 ▲ ~ ~ ORB L vol=0.2x pos=^96 vwap=above ema=bear rs=-1% adx=20 body=87% ramp=1.1x rangeATR=1 ⚠ O44.43 H44.48 L44.42 C44.48 ATR=0.73 SL=44.4/44.37 rawVol=4358 volSMA=18667 buf=0.036 prices=44.41
2025-10-09T09:30:00.000-04:00,[KLB] 9:30 ▲ RNG range break vol=4.1x
2025-10-09T09:55:00.000-04:00,[KLB] 9:55 ▼ ~ ~ Today O vol=3.2x pos=v90 vwap=below ema=bull rs=+0.1% adx=27 body=90% ramp=0.7x rangeATR=2.5 ⚡ ⚠ O44.7 H44.7 L44.5 C44.52 ATR=0.72 SL=44.59/44.62 rawVol=53702 volSMA=23194 buf=0.036 prices=
2025-10-10T10:05:00.000-04:00,[KLB] 10:05 ▼ BRK PM L vol=1.5x pos=v64 vwap=below ema=bear rs=-0.3% adx=43 body=43% ramp=0.5x rangeATR=1.7 O43.52 H43.55 L43.41 C43.46 ATR=0.75 SL=43.53/43.57 rawVol=67062 volSMA=44057 buf=0.037 prices=43.5
2025-10-10T10:05:00.000-04:00,[KLB] 10:05 ▼ ~ ~ VWAP vol=1.5x pos=v64 vwap=below ema=bear rs=-0.3% adx=43 body=43% ramp=0.5x rangeATR=1.7 O43.52 H43.55 L43.41 C43.46 ATR=0.75 SL=43.53/43.57 rawVol=67062 volSMA=44057 buf=0.037 prices=
2025-10-10T10:05:00.000-04:00,[KLB] CONF 10:05 ▼ BRK → ✓ (auto-R1: EMA)
2025-10-10T10:10:00.000-04:00,[KLB] 5m CHECK 10:10 ▼ pnl=0.01 SPY~ → HOLD
2025-10-10T11:15:00.000-04:00,[KLB] 11:15 ▲ ~ ~ ORB L vol=1.3x pos=^100 vwap=above ema=bear rs=+0.7% adx=38 body=97% ramp=1.6x rangeATR=1.4 ⚠ O43.42 H43.57 L43.42 C43.57 ATR=0.75 SL=43.5/43.46 rawVol=80722 volSMA=65723 buf=0.037 prices=43.42
2025-10-10T11:25:00.000-04:00,[KLB] 11:25 ▼ FADE at 43.42
2025-10-13T09:30:00.000-04:00,[KLB] 9:30 ▲ 🔇 QBS ramp=0.1x vol=0.4x pos=^100 vwap=above ema=bull adx=20 body=100% rangeATR=1.9 O42.97 H43.02 L42.97 C43.02 ATR=0.79
2025-10-13T09:35:00.000-04:00,[KLB] 9:35 ▲ ~ ~ PM L + ~ Today O vol=19.4x pos=^62 vwap=above ema=bull rs=+0.2% adx=21 body=39% ramp=98.1x rangeATR=5.2 ⚡ O42.93 H43.11 L42.88 C43.02 ATR=0.79 SL=42.94/42.9 rawVol=247396 volSMA=12749 buf=0.039 prices=42.92
2025-10-13T09:45:00.000-04:00,[KLB] 9:45 ▼ RNG range break vol=4.7x
2025-10-13T09:45:00.000-04:00,[KLB] CONF 9:45 ▲ QBS → ✗ (failed)
2025-10-13T10:00:00.000-04:00,[KLB] 10:00 ▲ ~ ~ VWAP vol=1.8x pos=^95 vwap=above ema=bull rs=+0.1% adx=20 body=83% ramp=0.5x rangeATR=2.7 ⚡ ⚠ 🔇 O42.97 H43.15 L42.94 C43.14 ATR=0.79 SL=43.06/43.02 rawVol=45210 volSMA=30569 buf=0.039 prices=
2025-10-13T10:35:00.000-04:00,[KLB] 10:35 ▲ ~ ~ PM L vol=0.9x pos=^89 vwap=above ema=bull rs=+0% adx=21 body=51% ramp=0.8x rangeATR=1.1 O42.96 H43.02 L42.93 C43.01 ATR=0.79 SL=42.93/42.89 rawVol=40656 volSMA=44900 buf=0.039 prices=42.92
2025-10-14T09:30:00.000-04:00,[KLB] 9:30 ▼ ~ ~ VWAP vol=1.1x pos=v100 vwap=below ema=bear rs=-0.8% adx=26 body=100% ramp=2.9x rangeATR=2 ⚡ ⚠ O42.67 H42.67 L42.6 C42.6 ATR=0.78 SL=42.68/42.72 rawVol=508 volSMA=471 buf=0.039 prices=
2025-10-14T09:35:00.000-04:00,[KLB] 9:35 ▲ RNG range break vol=19.4x
2025-10-14T09:35:00.000-04:00,[KLB] 9:35 ▲ ~ ~ PM L + ~ Week L + ~ Today O vol=19.4x pos=^70 vwap=above ema=bear rs=+0.5% adx=25 body=38% ramp=690.7x rangeATR=5.7 ⚡ O42.62 H42.82 L42.52 C42.73 ATR=0.78 SL=42.65/42.61 rawVol=287138 volSMA=14793 buf=0.039 prices=42.5/42.6
2025-10-14T10:25:00.000-04:00,[KLB] 10:25 ▲ ~ ~ Yest L vol=3.1x pos=^69 vwap=above ema=bull rs=+0.6% adx=33 body=63% ramp=1.9x rangeATR=1.1 O42.93 H43.01 L42.93 C42.99 ATR=0.78 SL=42.91/42.87 rawVol=32458 volSMA=44106 buf=0.039 prices=42.8
2025-10-14T10:30:00.000-04:00,[KLB] 10:30 ▲ ~ ~ PD LH L vol=0.7x pos=^40 vwap=above ema=bull rs=+0.6% adx=35 body=33% ramp=1.8x rangeATR=0.9 O42.99 H43.06 L42.98 C43.01 ATR=0.78 SL=42.93/42.89 rawVol=26472 volSMA=45418 buf=0.039 prices=
2025-10-14T11:55:00.000-04:00,[KLB] 11:55 ▲ ~ ~ PD Cls vol=0.7x pos=^61 vwap=above ema=bull rs=+0.7% adx=38 body=48% ramp=1.1x rangeATR=1.1 O43.18 H43.25 L43.17 C43.22 ATR=0.78 SL=43.14/43.1 rawVol=25682 volSMA=36046 buf=0.039 prices=
2025-10-14T12:25:00.000-04:00,[KLB] 12:25 ▲ BRK PD LH H vol=1.6x pos=^33 vwap=above ema=bull rs=+0.6% adx=43 body=33% ramp=1.3x rangeATR=0.9 O43.22 H43.28 L43.22 C43.24 ATR=0.78 SL=43.16/43.12 rawVol=45900 volSMA=29479 buf=0.039 prices=
2025-10-14T12:25:00.000-04:00,[KLB] CONF 12:25 ▲ BRK → ✓ (auto-R1: EMA)
2025-10-14T12:30:00.000-04:00,[KLB] 5m CHECK 12:30 ▲ pnl=-0.01 SPY✓ → HOLD
2025-10-14T15:55:00.000-04:00,[KLB] 15:55 ▲ ~ ~ VWAP vol=3x pos=^94 vwap=above ema=bull rs=+0.8% adx=27 body=44% ramp=0.9x rangeATR=1.4 O43.18 H43.22 L43.14 C43.21 ATR=0.78 SL=43.13/43.09 rawVol=100914 volSMA=33127 buf=0.039 prices=
2025-10-15T09:30:00.000-04:00,[KLB] 9:30 ▼ ~ ~ Today O vol=2.6x pos=v100 vwap=below ema=bull rs=+0.7% adx=21 body=83% ramp=1.1x rangeATR=0.9 ⚠ O43.48 H43.48 L43.45 C43.45 ATR=0.79 SL=43.53/43.57 rawVol=3182 volSMA=1202 buf=0.039 prices=
2025-10-15T09:35:00.000-04:00,[KLB] 9:35 ▲ FADE at 43.46
2025-10-15T09:35:00.000-04:00,[KLB] 9:35 ▲ RNG range break vol=15.1x
2025-10-15T09:35:00.000-04:00,[KLB] 9:35 ▲ BRK PD LH H vol=15.1x pos=^87 vwap=above ema=bull rs=+0.3% adx=22 body=55% ramp=14x rangeATR=5.1 ⚡ O43.44 H43.6 L43.37 C43.57 ATR=0.79 SL=43.49/43.45 rawVol=73952 volSMA=4898 buf=0.039 prices=
2025-10-15T09:35:00.000-04:00,[KLB] CONF 9:35 ▲ BRK → ✓ (auto-R1: EMA)
2025-10-15T09:40:00.000-04:00,[KLB] 9:40 ▲ ~ ~ VWAP vol=10.1x pos=^87 vwap=above ema=bull rs=+0.5% adx=24 body=83% ramp=41.4x rangeATR=2.3 ⚡ ⚠ O43.57 H43.68 L43.56 C43.67 ATR=0.79 SL=43.59/43.55 rawVol=48438 volSMA=7315 buf=0.039 prices=
2025-10-15T09:40:00.000-04:00,[KLB] 5m CHECK 9:40 ▲ pnl=0.12 SPY~ → HOLD
2025-10-15T11:45:00.000-04:00,[KLB] 11:45 ▼ ~ ~ Yest H + ~ PD Cls vol=0.8x pos=v60 vwap=below ema=bear rs=-0.5% adx=27 body=60% ramp=0.4x rangeATR=1 🔇 O43.22 H43.22 L43.15 C43.18 ATR=0.79 SL=43.25/43.29 rawVol=15976 volSMA=30282 buf=0.039 prices=43.43
2025-10-15T11:50:00.000-04:00,[KLB] 11:50 ▼ ~ ~ Yest H vol=0.5x pos=v50 vwap=below ema=bear rs=-0.4% adx=29 body=42% ramp=0.5x rangeATR=0.8 O43.19 H43.2 L43.14 C43.17 ATR=0.79 SL=43.24/43.28 rawVol=11132 volSMA=30192 buf=0.039 prices=43.43
2025-10-15T12:00:00.000-04:00,[KLB] 12:00 ▼ ~ ~ Yest H vol=0.5x pos=v100 vwap=below ema=bear rs=-0.5% adx=31 body=45% ramp=0.8x rangeATR=0.8 O43.16 H43.19 L43.14 C43.14 ATR=0.79 SL=43.21/43.25 rawVol=13810 volSMA=29961 buf=0.039 prices=43.43
2025-10-15T15:05:00.000-04:00,[KLB] 15:05 ▼ ~ ~ Yest H vol=0.6x pos=v95 vwap=below ema=bear rs=-0.5% adx=23 body=95% ramp=0.4x rangeATR=1 ⚠ 🔇 O43.21 H43.21 L43.16 C43.16 ATR=0.79 SL=43.24/43.28 rawVol=7638 volSMA=12766 buf=0.039 prices=43.43
2025-10-15T15:35:00.000-04:00,[KLB] 15:35 ▼ ~ ~ Yest H vol=1.7x pos=v100 vwap=below ema=bear rs=-0.4% adx=26 body=60% ramp=1x rangeATR=0.6 O43.19 H43.2 L43.18 C43.18 ATR=0.79 SL=43.25/43.29 rawVol=20990 volSMA=12215 buf=0.039 prices=43.43
2025-10-16T09:35:00.000-04:00,[KLB] 9:35 ▼ RNG range break vol=19.8x
2025-10-16T09:55:00.000-04:00,[KLB] 9:55 ▼ 🔇 QBS ramp=0.5x vol=2.4x pos=v68 vwap=below ema=bear adx=21 body=59% rangeATR=1.8 O43.06 H43.07 L42.96 C43 ATR=0.79
2025-10-16T10:10:00.000-04:00,[KLB] CONF 10:10 ▼ QBS → ✗ (failed)
2025-10-16T10:15:00.000-04:00,[KLB] 10:15 ▼ ~ ~ VWAP vol=1.3x pos=v76 vwap=below ema=bear rs=-0.4% adx=29 body=59% ramp=0.8x rangeATR=1.3 O43.07 H43.08 L43 C43.02 ATR=0.79 SL=43.09/43.13 rawVol=30822 volSMA=24044 buf=0.04 prices=
2025-10-16T11:05:00.000-04:00,[KLB] 11:05 ▲ ~ ~ ORB L vol=0.7x pos=^58 vwap=above ema=bear rs=-0.2% adx=30 body=47% ramp=1.4x rangeATR=1.3 O43.11 H43.19 L43.1 C43.15 ATR=0.79 SL=43.07/43.03 rawVol=23974 volSMA=33258 buf=0.04 prices=43.11
2025-10-16T11:30:00.000-04:00,[KLB] 11:30 ▼ FADE at 43.11
2025-10-16T11:30:00.000-04:00,[KLB] 11:30 ▼ BRK PM L + ORB L + PD LH L vol=2.5x pos=v100 vwap=below ema=bear rs=-0.3% adx=25 body=100% ramp=1.5x rangeATR=2.3 ⚡ ⚠ O43.2 H43.2 L43.03 C43.03 ATR=0.79 SL=43.1/43.14 rawVol=58390 volSMA=23355 buf=0.04 prices=43.22/43.11
2025-10-16T11:30:00.000-04:00,[KLB] CONF 11:30 ▼ BRK → ✓ (auto-R1: EMA)
2025-10-16T11:35:00.000-04:00,[KLB] 5m CHECK 11:35 ▼ pnl=0.01 SPY~ → HOLD
2025-10-16T12:35:00.000-04:00,[KLB] 12:35 ▼ BRK Yest L vol=1.4x pos=v78 vwap=below ema=bear rs=0% adx=32 body=78% ramp=1.3x rangeATR=2.1 ⚡ O42.9 H42.9 L42.74 C42.78 ATR=0.79 SL=42.85/42.89 rawVol=41994 volSMA=30994 buf=0.04 prices=42.84
2025-10-16T12:35:00.000-04:00,[KLB] CONF 12:35 ▼ BRK → ✓ (auto-R1: EMA)
2025-10-16T12:40:00.000-04:00,[KLB] 5m CHECK 12:40 ▼ pnl=-0.04 SPY✓ → HOLD
2025-10-16T13:10:00.000-04:00,[KLB] 13:10 ▼ BRK Yest L vol=1.7x pos=v56 vwap=below ema=bear rs=-0.3% adx=35 body=44% ramp=0.8x rangeATR=1.5 O42.87 H42.89 L42.76 C42.82 ATR=0.79 SL=42.89/42.93 rawVol=58118 volSMA=33902 buf=0.04 prices=42.84
2025-10-16T13:10:00.000-04:00,[KLB] CONF 13:10 ▼ BRK → ✓ (auto-R1: EMA)
2025-10-16T13:15:00.000-04:00,[KLB] 5m CHECK 13:15 ▼ pnl=0.02 SPY✓ → HOLD
2025-10-16T14:05:00.000-04:00,[KLB] 14:05 ▼ BRK Week L vol=2.1x pos=v100 vwap=below ema=bear rs=-0.7% adx=44 body=94% ramp=1.5x rangeATR=1 ⚠ O42.6 H42.6 L42.52 C42.52 ATR=0.79 SL=42.6/42.64 rawVol=67870 volSMA=32843 buf=0.04 prices=42.6
2025-10-16T14:05:00.000-04:00,[KLB] CONF 14:05 ▼ BRK → ✓ (auto-R1: EMA)
2025-10-16T14:10:00.000-04:00,[KLB] 5m CHECK 14:10 ▼ pnl=0.04 SPY✓ → HOLD
2025-10-17T09:30:00.000-04:00,[KLB] 9:30 ▼ 🔇 QBS ramp=0.1x vol=0.5x pos=v100 vwap=below ema=bull adx=42 body=100% rangeATR=2.6 ⚡ O42.86 H42.86 L42.75 C42.75 ATR=0.81
2025-10-17T09:30:00.000-04:00,[KLB] 9:30 ▼ ~ ~ VWAP + ~ Today O vol=0.5x pos=v100 vwap=below ema=bull rs=-0.4% adx=42 body=100% ramp=0.1x rangeATR=2.6 ⚡ ⚠ 🔇 O42.86 H42.86 L42.75 C42.75 ATR=0.81 SL=42.83/42.87 rawVol=296 volSMA=556 buf=0.04 prices=
2025-10-17T09:35:00.000-04:00,[KLB] 9:35 ▲ FADE at 42.82
2025-10-17T09:35:00.000-04:00,[KLB] 9:35 ▲ RNG range break vol=18.8x
2025-10-17T09:40:00.000-04:00,[KLB] 9:40 ▲ ~ ~ VWAP vol=11.7x pos=^87 vwap=above ema=bull rs=+0.5% adx=45 body=50% ramp=129.3x rangeATR=2.2 ⚡ O42.99 H43.08 L42.93 C43.06 ATR=0.81 SL=42.98/42.94 rawVol=109376 volSMA=14408 buf=0.04 prices=
2025-10-17T09:45:00.000-04:00,[KLB] 9:45 ▼ ~ ~ PM H + ~ ORB H vol=2.6x pos=v92 vwap=below ema=bull rs=+0.2% adx=44 body=88% ramp=981.8x rangeATR=3 ⚡ ⚠ O43.06 H43.07 L42.83 C42.85 ATR=0.81 SL=42.93/42.97 rawVol=42318 volSMA=16522 buf=0.04 prices=42.91/42.98
2025-10-17T09:45:00.000-04:00,[KLB] CONF 9:45 ▼ QBS → ✗ (failed)
2025-10-17T09:55:00.000-04:00,[KLB] 9:55 ▼ ~ x~ PM H vol=3.3x pos=v71 vwap=below ema=bull rs=-0.4% adx=41 body=17% ramp=0.7x rangeATR=1.4 O42.83 H42.9 L42.78 C42.81 ATR=0.81 SL=42.89/42.93 rawVol=79874 volSMA=24604 buf=0.04 prices=42.91
2025-10-17T10:20:00.000-04:00,[KLB] 10:20 ▼ ~ x~ PM H vol=1.1x pos=v88 vwap=below ema=bull rs=-0.4% adx=33 body=29% ramp=0.8x rangeATR=0.9 O42.86 H42.91 L42.83 C42.84 ATR=0.81 SL=42.92/42.96 rawVol=37964 volSMA=36148 buf=0.04 prices=42.91
2025-10-17T11:10:00.000-04:00,[KLB] 11:10 ▼ ~ x~ PM H vol=0.8x pos=v94 vwap=below ema=bull rs=-0.1% adx=21 body=22% ramp=1.9x rangeATR=1 O42.85 H42.92 L42.83 C42.83 ATR=0.81 SL=42.91/42.95 rawVol=35794 volSMA=46815 buf=0.04 prices=42.91
2025-10-17T11:35:00.000-04:00,[KLB] 11:35 ▲ FADE at 42.91
2025-10-20T09:30:00.000-04:00,[KLB] 9:30 ▲ RNG range break vol=3.8x
2025-10-20T14:10:00.000-04:00,[KLB] 14:10 ▲ ~ ~ VWAP vol=0.7x pos=^100 vwap=above ema=bull rs=+0% adx=21 body=100% ramp=0.6x rangeATR=0.7 ⚠ O43.36 H43.38 L43.36 C43.38 ATR=0.78 SL=43.3/43.26 rawVol=6624 volSMA=9835 buf=0.039 prices=
2025-10-21T09:35:00.000-04:00,[KLB] 9:35 ▼ ~ x~ PM H vol=19.1x pos=v100 vwap=below ema=bull rs=-0.1% adx=22 body=28% ramp=790.6x rangeATR=3.9 ⚡ O43.55 H43.67 L43.51 C43.51 ATR=0.76 SL=43.58/43.62 rawVol=197756 volSMA=10361 buf=0.038 prices=43.66
2025-10-21T09:45:00.000-04:00,[KLB] 9:45 ▼ RNG range break vol=3.5x
2025-10-21T09:45:00.000-04:00,"[KLB] 9:45 ▼ ~ ~ Yest H
~ VWAP + ~ PD Cls vol=3.5x pos=v91 vwap=below ema=bull rs=-0.4% adx=21 body=91% ramp=233.5x rangeATR=2.9 ⚡ ⚠ O43.51 H43.51 L43.35 C43.36 ATR=0.76 SL=43.44/43.47 rawVol=62804 volSMA=17814 buf=0.038 prices=43.54"
2025-10-22T09:40:00.000-04:00,[KLB] 9:40 ▼ ~ x~ PM H + x~ Week H vol=6.4x pos=v84 vwap=below ema=bull rs=+0% adx=20 body=27% ramp=697.6x rangeATR=3.3 ⚡ O43.65 H43.72 L43.6 C43.62 ATR=0.75 SL=43.69/43.73 rawVol=80160 volSMA=12468 buf=0.037 prices=43.68/43.71
2025-10-22T10:00:00.000-04:00,[KLB] 10:00 ▲ FADE at 43.68
2025-10-22T10:15:00.000-04:00,[KLB] 10:15 ▲ ~ ~ VWAP vol=1.1x pos=^93 vwap=above ema=bull rs=+0.5% adx=20 body=93% ramp=0.8x rangeATR=1.2 ⚠ O43.7 H43.77 L43.7 C43.77 ATR=0.75 SL=43.69/43.65 rawVol=29640 volSMA=26827 buf=0.037 prices=
2025-10-22T10:50:00.000-04:00,[KLB] 10:50 ▼ ~ x~ Week H vol=0.8x pos=v50 vwap=below ema=bull rs=+0.6% adx=18 body=29% ramp=0.9x rangeATR=0.6 O43.69 H43.7 L43.66 C43.68 ATR=0.75 SL=43.75/43.79 rawVol=29304 volSMA=36299 buf=0.037 prices=43.71
2025-10-22T12:15:00.000-04:00,[KLB] 12:15 ▼ ~ x~ Yest H vol=0.5x pos=v54 vwap=below ema=bull rs=+0.4% adx=19 body=15% ramp=0.6x rangeATR=0.5 O43.56 H43.57 L43.54 C43.55 ATR=0.75 SL=43.62/43.66 rawVol=11130 volSMA=21562 buf=0.037 prices=43.67
2025-10-22T13:15:00.000-04:00,"[KLB] 13:15 ▼ ~ ~ Yest H
~ VWAP vol=0.5x pos=v93 vwap=below ema=bear rs=+0.6% adx=35 body=87% ramp=0.3x rangeATR=1.1 ⚠ 🔇 O43.6 H43.6 L43.53 C43.53 ATR=0.75 SL=43.6/43.64 rawVol=15026 volSMA=28660 buf=0.037 prices=43.67"
2025-10-22T15:05:00.000-04:00,[KLB] 15:05 ▼ ~ ~ Yest H vol=7.6x pos=v83 vwap=below ema=bear rs=+0.7% adx=22 body=34% ramp=6.6x rangeATR=1.7 O43.58 H43.62 L43.54 C43.55 ATR=0.75 SL=43.62/43.66 rawVol=159646 volSMA=20969 buf=0.037 prices=43.67
2025-10-23T09:30:00.000-04:00,[KLB] 9:30 ▼ ~ ~ Today O vol=1.6x pos=v100 vwap=above ema=bull rs=-0.1% adx=25 body=100% ramp=1.2x rangeATR=0.9 ⚠ O44.69 H44.69 L44.64 C44.64 ATR=0.75 SL=44.71/44.75 rawVol=166 volSMA=5035 buf=0.038 prices=
2025-10-23T09:35:00.000-04:00,[KLB] 9:35 ▼ RNG range break vol=16.4x
2025-10-23T09:45:00.000-04:00,[KLB] 9:45 ▲ ~ ~ VWAP vol=5.6x pos=^100 vwap=above ema=bull rs=-0.3% adx=25 body=69% ramp=20.1x rangeATR=0.9 O44.61 H44.66 L44.58 C44.66 ATR=0.75 SL=44.58/44.55 rawVol=159442 volSMA=49239 buf=0.038 prices=
2025-10-23T10:50:00.000-04:00,[KLB] 10:50 ▼ ~ ~ VWAP vol=0.8x pos=v87 vwap=below ema=bear rs=-1% adx=37 body=87% ramp=1.3x rangeATR=0.8 ⚠ O44.47 H44.47 L44.4 C44.41 ATR=0.75 SL=44.48/44.52 rawVol=92924 volSMA=116110 buf=0.038 prices=
2025-10-24T09:35:00.000-04:00,[KLB] 9:35 ▼ RNG range break vol=19.2x
2025-10-24T09:35:00.000-04:00,[KLB] 9:35 ▼ ~ ~ Yest H + ~ Today O vol=19.2x pos=v85 vwap=below ema=bull rs=-0.3% adx=21 body=74% ramp=78.5x rangeATR=2.8 ⚡ O44.69 H44.7 L44.57 C44.59 ATR=0.76 SL=44.66/44.7 rawVol=188270 volSMA=9826 buf=0.038 prices=44.78
2025-10-24T12:25:00.000-04:00,[KLB] 12:25 ▼ BRK Yest L vol=1.8x pos=v100 vwap=below ema=bear rs=-1.4% adx=33 body=77% ramp=0.9x rangeATR=1.1 O44.21 H44.23 L44.16 C44.16 ATR=0.76 SL=44.24/44.27 rawVol=29296 volSMA=20141 buf=0.038 prices=44.22
2025-10-24T12:25:00.000-04:00,[KLB] CONF 12:25 ▼ BRK → ✓ (auto-R1: EMA)
2025-10-24T12:30:00.000-04:00,[KLB] 5m CHECK 12:30 ▼ pnl=-0.01 SPY~ → HOLD
2025-10-27T09:35:00.000-04:00,[KLB] 9:35 ▲ RNG range break vol=19.3x
2025-10-27T10:05:00.000-04:00,[KLB] 10:05 ▼ ~ ~ PD Cls vol=2.3x pos=v94 vwap=below ema=bull rs=-0.6% adx=23 body=94% ramp=0.9x rangeATR=2 ⚠ O44.08 H44.08 L43.95 C43.96 ATR=0.76 SL=44.03/44.07 rawVol=51416 volSMA=22701 buf=0.038 prices=
2025-10-27T10:10:00.000-04:00,[KLB] 10:10 ▲ FADE at 44.04
2025-10-28T09:35:00.000-04:00,[KLB] 9:35 ▼ ~ x~ PM H vol=19.3x pos=v57 vwap=below ema=bear rs=0% adx=18 body=21% ramp=335.1x rangeATR=5.3 ⚡ O43.99 H44.07 L43.86 C43.95 ATR=0.73 SL=44.02/44.05 rawVol=100250 volSMA=5190 buf=0.037 prices=44.02
2025-10-28T09:50:00.000-04:00,[KLB] 9:50 ▼ RNG range break vol=4x
2025-10-28T11:35:00.000-04:00,[KLB] 11:35 ▼ BRK PM L + ORB L vol=1.2x pos=v100 vwap=below ema=bear rs=-0.2% adx=21 body=77% ramp=1.1x rangeATR=1.1 O43.83 H43.84 L43.78 C43.78 ATR=0.73 SL=43.85/43.88 rawVol=30256 volSMA=25694 buf=0.037 prices=43.83/43.86
2025-10-28T11:35:00.000-04:00,[KLB] CONF 11:35 ▼ BRK → ✓ (auto-R1: EMA)
2025-10-28T11:40:00.000-04:00,[KLB] 5m CHECK 11:40 ▼ pnl=-0.01 SPY~ → HOLD
2025-10-29T09:30:00.000-04:00,[KLB] 9:30 ▼ RNG range break vol=12.4x
2025-10-30T09:40:00.000-04:00,[KLB] 9:40 ▼ RNG range break vol=14.1x
2025-10-30T12:15:00.000-04:00,[KLB] 12:15 ▲ BRK PD LH H vol=1.4x pos=^68 vwap=above ema=bull rs=+0.5% adx=24 body=64% ramp=1.2x rangeATR=1 O44.24 H44.3 L44.23 C44.28 ATR=0.7 SL=44.2/44.17 rawVol=29178 volSMA=21574 buf=0.035 prices=
2025-10-30T12:15:00.000-04:00,[KLB] CONF 12:15 ▲ BRK → ✓ (auto-R1: EMA)
2025-10-30T12:20:00.000-04:00,[KLB] 5m CHECK 12:20 ▲ pnl=0 SPY~ → HOLD
2025-10-30T12:55:00.000-04:00,[KLB] 12:55 ▲ BRK PD LH H vol=1.1x pos=^72 vwap=above ema=bull rs=+0.6% adx=23 body=69% ramp=1.1x rangeATR=1.3 O44.24 H44.31 L44.24 C44.29 ATR=0.7 SL=44.22/44.18 rawVol=19878 volSMA=18156 buf=0.035 prices=
2025-10-30T12:55:00.000-04:00,[KLB] CONF 12:55 ▲ BRK → ✓ (auto-R1: EMA)
2025-10-30T13:00:00.000-04:00,[KLB] 5m CHECK 13:00 ▲ pnl=-0.01 SPY~ → HOLD
2025-10-30T15:05:00.000-04:00,[KLB] 15:05 ▼ ~ ~ Yest H vol=2.3x pos=v100 vwap=below ema=bear rs=+0.3% adx=31 body=44% ramp=1.7x rangeATR=0.6 O44.01 H44.03 L44 C44 ATR=0.7 SL=44.07/44.11 rawVol=34880 volSMA=15388 buf=0.035 prices=44.23
2025-10-30T15:15:00.000-04:00,[KLB] 15:15 ▼ ~ x~ Yest H vol=1.2x pos=v94 vwap=below ema=bear rs=+0.3% adx=33 body=11% ramp=2.8x rangeATR=1.2 O44.01 H44.04 L44 C44 ATR=0.7 SL=44.07/44.11 rawVol=21454 volSMA=17300 buf=0.035 prices=44.23
2025-10-30T15:25:00.000-04:00,[KLB] 15:25 ▼ ~ x~ Yest H vol=0.9x pos=v27 vwap=below ema=bear rs=+0.4% adx=35 body=27% ramp=0.6x rangeATR=2 ⚡ O44.01 H44.01 L43.93 C43.99 ATR=0.7 SL=44.06/44.09 rawVol=15768 volSMA=17842 buf=0.035 prices=44.23
2025-10-30T15:30:00.000-04:00,"[KLB] 15:30 ▼ ~ ~ ORB H
~ VWAP vol=1.1x pos=v100 vwap=below ema=bear rs=+0.3% adx=36 body=76% ramp=0.5x rangeATR=1.3 O43.99 H44 L43.95 C43.95 ATR=0.7 SL=44.02/44.06 rawVol=19238 volSMA=18263 buf=0.035 prices=44.01"
2025-10-31T09:30:00.000-04:00,[KLB] 9:30 ▼ ~ ~ Today O vol=0.2x pos=v100 vwap=above ema=bear rs=+0.7% adx=31 body=64% ramp=2.1x rangeATR=1.1 O43.86 H43.88 L43.83 C43.83 ATR=0.7 SL=43.89/43.93 rawVol=956 volSMA=3954 buf=0.035 prices=
2025-10-31T09:35:00.000-04:00,"[KLB] 9:35 ▼ ~ ~ PM H + ~ Yest H
~ VWAP + ~ PD Cls vol=15.3x pos=v98 vwap=below ema=bear rs=-0.2% adx=31 body=43% ramp=66.2x rangeATR=4.4 ⚡ O43.84 H44.01 L43.71 C43.71 ATR=0.7 SL=43.78/43.81 rawVol=256368 volSMA=16768 buf=0.035 prices=43.89/44.31"
2025-10-31T09:40:00.000-04:00,[KLB] 9:40 ▲ RNG range break vol=7x
2025-10-31T09:40:00.000-04:00,"[KLB] 9:40 ▲ ~ ~ Yest L
~ VWAP + ~ PD LH L vol=7x pos=^93 vwap=above ema=bear rs=+0.6% adx=31 body=81% ramp=117x rangeATR=4.5 ⚡ ⚠ O43.71 H44.09 L43.66 C44.06 ATR=0.7 SL=43.99/43.95 rawVol=180544 volSMA=25792 buf=0.035 prices=43.68"
2025-10-31T10:00:00.000-04:00,[KLB] 10:00 ▲ 🔇 QBS ramp=0.3x vol=1.2x pos=^99 vwap=above ema=bull adx=34 body=51% rangeATR=1.6 O44.14 H44.24 L44.06 C44.23 ATR=0.7
2025-10-31T10:15:00.000-04:00,[KLB] CONF 10:15 ▲ QBS → ✗ (failed)
2025-10-31T10:40:00.000-04:00,[KLB] 10:40 ▼ ~ x~ Yest H + x~ ORB H vol=0.5x pos=v90 vwap=below ema=bull rs=+0.4% adx=26 body=21% ramp=0.9x rangeATR=0.6 O43.97 H44.02 L43.94 C43.95 ATR=0.7 SL=44.02/44.05 rawVol=25648 volSMA=54818 buf=0.035 prices=44.31/44.01
2025-10-31T12:45:00.000-04:00,[KLB] 12:45 ▼ ~ ~ PM H vol=0.4x pos=v70 vwap=below ema=bear rs=+0.6% adx=20 body=60% ramp=0.9x rangeATR=0.6 O43.89 H43.89 L43.84 C43.86 ATR=0.7 SL=43.92/43.96 rawVol=6772 volSMA=28764 buf=0.035 prices=43.89
2025-11-03T09:35:00.000-05:00,[KLB] 9:35 ▼ RNG range break vol=19.7x
2025-11-03T09:35:00.000-05:00,[KLB] 9:35 ▼ BRK PM L + PD LH L + Month O vol=19.7x pos=v82 vwap=below ema=bear rs=-0.5% adx=25 body=73% ramp=342.5x rangeATR=6.7 ⚡ O44.08 H44.12 L43.73 C43.8 ATR=0.7 SL=43.86/43.9 rawVol=267624 volSMA=13574 buf=0.035 prices=43.96
2025-11-03T09:35:00.000-05:00,"[KLB] 9:35 ▼ ~ ~ Yest H
~ VWAP + ~ Today O + ~ PD Cls vol=19.7x pos=v82 vwap=below ema=bear rs=-0.5% adx=25 body=73% ramp=342.5x rangeATR=6.7 ⚡ O44.08 H44.12 L43.73 C43.8 ATR=0.7 SL=43.86/43.9 rawVol=267624 volSMA=13574 buf=0.035 prices=44.31"
2025-11-03T09:35:00.000-05:00,[KLB] CONF 9:35 ▼ BRK → ✓ (auto-R1: EMA)
2025-11-03T09:40:00.000-05:00,[KLB] 5m CHECK 9:40 ▼ pnl=0.01 SPY~ → HOLD
2025-11-03T10:30:00.000-05:00,[KLB] 10:30 ▼ 🔇 QBS ramp=0.5x vol=0.7x pos=v97 vwap=below ema=bear adx=38 body=97% rangeATR=1.8 O43.74 H43.74 L43.57 C43.57 ATR=0.7
2025-11-03T10:45:00.000-05:00,[KLB] CONF 10:45 ▼ QBS → ✗ (failed)
2025-11-04T09:30:00.000-05:00,[KLB] 9:30 ▼ 🔇 QBS ramp=0.3x vol=1.3x pos=v100 vwap=above ema=bear adx=26 body=100% rangeATR=1.6 O43.57 H43.57 L43.51 C43.51 ATR=0.69
2025-11-04T09:30:00.000-05:00,[KLB] 9:30 ▼ BRK Yest L vol=1.3x pos=v100 vwap=above ema=bear rs=-1.1% adx=26 body=100% ramp=0.3x rangeATR=1.6 ⚠ 🔇 O43.57 H43.57 L43.51 C43.51 ATR=0.69 SL=43.57/43.61 rawVol=1358 volSMA=1069 buf=0.035 prices=43.57
2025-11-04T09:30:00.000-05:00,[KLB] 9:30 ▼ ~ ~ Today O vol=1.3x pos=v100 vwap=above ema=bear rs=-1.1% adx=26 body=100% ramp=0.3x rangeATR=1.6 ⚠ 🔇 O43.57 H43.57 L43.51 C43.51 ATR=0.69 SL=43.57/43.61 rawVol=1358 volSMA=1069 buf=0.035 prices=
2025-11-04T09:30:00.000-05:00,[KLB] CONF 9:30 ▼ BRK → ✓ (auto-R1: EMA)
2025-11-04T09:35:00.000-05:00,[KLB] 9:35 ▼ RNG range break vol=19x
2025-11-04T09:35:00.000-05:00,[KLB] 9:35 ▼ BRK PM L vol=19x pos=v97 vwap=below ema=bear rs=-0.4% adx=29 body=57% ramp=63.8x rangeATR=5.8 ⚡ O43.51 H43.66 L43.28 C43.29 ATR=0.69 SL=43.36/43.39 rawVol=419952 volSMA=22067 buf=0.035 prices=43.51
2025-11-04T09:35:00.000-05:00,[KLB] 9:35 ▼ ~ ~ VWAP vol=19x pos=v97 vwap=below ema=bear rs=-0.4% adx=29 body=57% ramp=63.8x rangeATR=5.8 ⚡ O43.51 H43.66 L43.28 C43.29 ATR=0.69 SL=43.36/43.39 rawVol=419952 volSMA=22067 buf=0.035 prices=
2025-11-04T09:35:00.000-05:00,[KLB] CONF 9:35 ▼ BRK → ✓ (auto-R1: EMA)
2025-11-04T09:35:00.000-05:00,[KLB] CONF 9:35 ▼ QBS → ✓ (auto-promote)
2025-11-04T09:40:00.000-05:00,[KLB] 5m CHECK 9:40 ▼ pnl=-0.04 SPY~ → HOLD
2025-11-05T09:35:00.000-05:00,[KLB] 9:35 ▲ RNG range break vol=19.5x
2025-11-05T09:50:00.000-05:00,[KLB] 9:50 ▲ ~ ~ VWAP vol=3.2x pos=^65 vwap=above ema=bull rs=+0.4% adx=24 body=58% ramp=1.2x rangeATR=2.4 ⚡ O43.76 H43.9 L43.75 C43.85 ATR=0.7 SL=43.77/43.74 rawVol=57510 volSMA=17960 buf=0.035 prices=
2025-11-05T15:50:00.000-05:00,[KLB] 15:50 ▼ ~ ~ VWAP vol=1.1x pos=v91 vwap=below ema=bear rs=-0.1% adx=34 body=86% ramp=1.9x rangeATR=2.5 ⚡ ⚠ O43.92 H43.92 L43.81 C43.82 ATR=0.7 SL=43.89/43.93 rawVol=26534 volSMA=24248 buf=0.035 prices=
2025-11-06T09:30:00.000-05:00,[KLB] 9:30 ▲ ~ ~ Today O vol=0.6x pos=^100 vwap=below ema=bear rs=-0.1% adx=21 body=100% ramp=3.9x rangeATR=0.7 ⚠ O43.77 H43.79 L43.77 C43.79 ATR=0.7 SL=43.72/43.68 rawVol=176 volSMA=286 buf=0.035 prices=
2025-11-06T09:35:00.000-05:00,[KLB] 9:35 ▲ RNG range break vol=19.4x
2025-11-06T09:40:00.000-05:00,[KLB] 9:40 ▲ BRK Week O + Month O vol=11.2x pos=^98 vwap=above ema=bull rs=+1% adx=23 body=63% ramp=791.1x rangeATR=3.3 ⚡ O44.09 H44.24 L44.01 C44.23 ATR=0.7 SL=44.16/44.12 rawVol=148636 volSMA=17524 buf=0.035 prices=
2025-11-06T09:40:00.000-05:00,[KLB] 9:40 ▲ ~ ~ VWAP vol=11.2x pos=^98 vwap=above ema=bull rs=+1% adx=23 body=63% ramp=791.1x rangeATR=3.3 ⚡ O44.09 H44.24 L44.01 C44.23 ATR=0.7 SL=44.16/44.12 rawVol=148636 volSMA=17524 buf=0.035 prices=
2025-11-06T09:40:00.000-05:00,[KLB] CONF 9:40 ▲ BRK → ✓ (auto-R1: EMA)
2025-11-06T09:45:00.000-05:00,[KLB] 5m CHECK 9:45 ▲ pnl=0.15 SPY~ → HOLD
2025-11-06T10:00:00.000-05:00,[KLB] 10:00 ▲ 🔇 QBS ramp=0.5x vol=2.3x pos=^74 vwap=above ema=bull adx=31 body=71% rangeATR=2.1 ⚡ O44.33 H44.5 L44.32 C44.45 ATR=0.7
2025-11-06T10:15:00.000-05:00,[KLB] CONF 10:15 ▲ QBS → ✗ (failed)
2025-11-07T09:35:00.000-05:00,[KLB] 9:35 ▼ RNG range break vol=19.8x
2025-11-07T09:55:00.000-05:00,[KLB] 9:55 ▲ BRK PD LH H vol=2x pos=^94 vwap=above ema=bull rs=+1% adx=22 body=92% ramp=0.7x rangeATR=4.1 ⚡ ⚠ O44.33 H44.64 L44.33 C44.62 ATR=0.71 SL=44.54/44.51 rawVol=59692 volSMA=33314 buf=0.036 prices=
2025-11-07T09:55:00.000-05:00,[KLB] 9:55 ▲ ~ ~ VWAP vol=2x pos=^94 vwap=above ema=bull rs=+1% adx=22 body=92% ramp=0.7x rangeATR=4.1 ⚡ ⚠ O44.33 H44.64 L44.33 C44.62 ATR=0.71 SL=44.54/44.51 rawVol=59692 volSMA=33314 buf=0.036 prices=
2025-11-07T09:55:00.000-05:00,[KLB] CONF 9:55 ▲ BRK → ✓ (auto-R1: EMA)
2025-11-07T10:00:00.000-05:00,[KLB] 10:00 ▲ 🔇 QBS ramp=0.4x vol=2.4x pos=^98 vwap=above ema=bull adx=25 body=80% rangeATR=2.6 ⚡ O44.62 H44.8 L44.58 C44.79 ATR=0.71
2025-11-07T10:00:00.000-05:00,[KLB] 5m CHECK 10:00 ▲ pnl=0.25 SPY~ → HOLD
2025-11-07T10:10:00.000-05:00,[KLB] CONF 10:10 ▲ QBS → ✓ (auto-promote)
2025-11-07T10:15:00.000-05:00,[KLB] 5m CHECK 10:15 ▲ pnl=0.02 SPY~ → HOLD
2025-11-10T09:35:00.000-05:00,[KLB] 9:35 ▼ RNG range break vol=19.7x
2025-11-10T11:15:00.000-05:00,[KLB] 11:15 ▲ ~ ~ ORB L vol=0.5x pos=^77 vwap=above ema=bear rs=-0.2% adx=24 body=77% ramp=0.8x rangeATR=1 O44.67 H44.74 L44.67 C44.73 ATR=0.71 SL=44.65/44.62 rawVol=11106 volSMA=63540 buf=0.036 prices=44.67
2025-11-10T12:00:00.000-05:00,[KLB] 12:00 ▲ ~ ~ PM L vol=0.6x pos=^86 vwap=above ema=bull rs=+0% adx=22 body=86% ramp=1x rangeATR=0.6 ⚠ O44.82 H44.86 L44.82 C44.85 ATR=0.71 SL=44.78/44.74 rawVol=13228 volSMA=25222 buf=0.036 prices=44.82
2025-11-11T09:35:00.000-05:00,[KLB] 9:35 ▲ RNG range break vol=19.1x
2025-11-11T09:35:00.000-05:00,[KLB] 9:35 ▲ ~ ~ Today O vol=19.1x pos=^51 vwap=below ema=bull rs=+0.2% adx=33 body=37% ramp=496.1x rangeATR=5.3 ⚡ O45.45 H45.69 L45.41 C45.55 ATR=0.73 SL=45.48/45.44 rawVol=292166 volSMA=15317 buf=0.037 prices=
2025-11-11T09:50:00.000-05:00,[KLB] 9:50 ▲ ~ ~ VWAP vol=2.6x pos=^98 vwap=above ema=bull rs=+0.7% adx=42 body=91% ramp=1.2x rangeATR=3 ⚡ ⚠ O45.58 H45.78 L45.56 C45.77 ATR=0.73 SL=45.7/45.66 rawVol=86580 volSMA=33042 buf=0.037 prices=
2025-11-12T09:55:00.000-05:00,[KLB] 9:55 ▼ ~ ~ VWAP vol=3.2x pos=v80 vwap=below ema=bear rs=+0.1% adx=29 body=60% ramp=0.8x rangeATR=2 O45.49 H45.51 L45.39 C45.41 ATR=0.74 SL=45.48/45.52 rawVol=110352 volSMA=39016 buf=0.037 prices=
2025-11-13T09:30:00.000-05:00,[KLB] 9:30 ▼ ~ x~ PM H vol=17.1x pos=v95 vwap=below ema=bear rs=-0.5% adx=22 body=14% ramp=19.1x rangeATR=3.3 ⚡ O45.26 H45.34 L45.24 C45.24 ATR=0.74 SL=45.31/45.35 rawVol=15716 volSMA=917 buf=0.037 prices=45.34
2025-11-13T09:35:00.000-05:00,[KLB] 9:35 ▲ RNG range break vol=18.4x
2025-11-13T09:35:00.000-05:00,[KLB] 9:35 ▲ BRK PD LH H vol=18.4x pos=^55 vwap=below ema=bull rs=+0.3% adx=25 body=55% ramp=249.3x rangeATR=5.1 ⚡ O45.25 H45.49 L45.25 C45.38 ATR=0.74 SL=45.31/45.27 rawVol=209008 volSMA=11366 buf=0.037 prices=
2025-11-13T09:35:00.000-05:00,[KLB] CONF 9:35 ▲ BRK → ✓ (auto-R1: EMA)
2025-11-13T09:40:00.000-05:00,[KLB] 5m CHECK 9:40 ▲ pnl=0.08 SPY~ → HOLD
2025-11-13T10:15:00.000-05:00,[KLB] 10:15 ▲ ~ ~ VWAP vol=1.6x pos=^100 vwap=above ema=bull rs=+0.5% adx=38 body=84% ramp=1x rangeATR=0.7 ⚠ O45.44 H45.48 L45.43 C45.48 ATR=0.74 SL=45.4/45.36 rawVol=60520 volSMA=37863 buf=0.037 prices=
2025-11-13T14:25:00.000-05:00,[KLB] 14:25 ▼ ~ ~ PM H vol=2x pos=v77 vwap=below ema=bear rs=+1.2% adx=29 body=62% ramp=1.5x rangeATR=1.2 O45.32 H45.33 L45.27 C45.28 ATR=0.74 SL=45.35/45.39 rawVol=52018 volSMA=25541 buf=0.037 prices=45.34
2025-11-14T09:35:00.000-05:00,[KLB] 9:35 ▼ RNG range break vol=19.3x
2025-11-14T09:40:00.000-05:00,[KLB] 9:40 ▼ BRK Yest L + ORB L + PD LH L vol=11.2x pos=v97 vwap=below ema=bear rs=-1.1% adx=21 body=76% ramp=1993.1x rangeATR=4.3 ⚡ O45.27 H45.34 L45 C45.01 ATR=0.73 SL=45.08/45.12 rawVol=238216 volSMA=28298 buf=0.037 prices=45.04/45.23
2025-11-14T09:40:00.000-05:00,"[KLB] 9:40 ▼ ~ ~ Yest H
~ VWAP + ~ PD Cls vol=11.2x pos=v97 vwap=below ema=bear rs=-1.1% adx=21 body=76% ramp=1993.1x rangeATR=4.3 ⚡ O45.27 H45.34 L45 C45.01 ATR=0.73 SL=45.08/45.12 rawVol=238216 volSMA=28298 buf=0.037 prices=45.65"
2025-11-14T09:40:00.000-05:00,[KLB] CONF 9:40 ▼ BRK → ✓ (auto-R1: EMA)
2025-11-14T09:45:00.000-05:00,[KLB] 5m CHECK 9:45 ▼ pnl=-0.03 SPY~ → HOLD
2025-11-17T09:35:00.000-05:00,[KLB] 9:35 ▼ RNG range break vol=19.5x
2025-11-17T10:55:00.000-05:00,[KLB] 10:55 ▼ ~ ~ VWAP vol=0.7x pos=v100 vwap=below ema=bear rs=-0.8% adx=40 body=94% ramp=1.8x rangeATR=1.2 ⚠ O45.78 H45.78 L45.69 C45.69 ATR=0.77 SL=45.77/45.81 rawVol=41886 volSMA=55906 buf=0.038 prices=
2025-11-17T13:05:00.000-05:00,[KLB] 13:05 ▼ 🔇 QBS ramp=0.4x vol=0.7x pos=v100 vwap=below ema=bear adx=23 body=100% rangeATR=2 O45.7 H45.7 L45.6 C45.6 ATR=0.77
2025-11-17T13:20:00.000-05:00,[KLB] CONF 13:20 ▼ QBS → ✗ (failed)
2025-11-17T13:30:00.000-05:00,[KLB] 13:30 ▼ BRK ORB L vol=1.2x pos=v80 vwap=below ema=bear rs=-0.6% adx=26 body=65% ramp=0.7x rangeATR=0.9 O45.62 H45.63 L45.58 C45.59 ATR=0.77 SL=45.67/45.7 rawVol=30426 volSMA=26391 buf=0.038 prices=45.66
2025-11-17T13:30:00.000-05:00,[KLB] CONF 13:30 ▼ BRK → ✓ (auto-R1: EMA)
2025-11-17T13:35:00.000-05:00,[KLB] 5m CHECK 13:35 ▼ pnl=0.01 SPY~ → HOLD
2025-11-18T09:35:00.000-05:00,[KLB] 9:35 ▲ ~ ~ PM L + ~ PD LH L + ~ Today O vol=17.7x pos=^77 vwap=above ema=bear rs=+0.2% adx=20 body=38% ramp=67.9x rangeATR=5.3 ⚡ O44.98 H45.18 L44.85 C45.1 ATR=0.78 SL=45.02/44.98 rawVol=266914 volSMA=15098 buf=0.039 prices=44.98
2025-11-19T09:35:00.000-05:00,[KLB] 9:35 ▼ RNG range break vol=18.3x
2025-11-19T09:35:00.000-05:00,[KLB] 9:35 ▼ BRK PM L vol=18.3x pos=v87 vwap=below ema=bear rs=-0.5% adx=47 body=79% ramp=153.8x rangeATR=3.2 ⚡ O44.73 H44.75 L44.51 C44.54 ATR=0.79 SL=44.62/44.66 rawVol=394006 volSMA=21476 buf=0.039 prices=44.73
2025-11-19T09:35:00.000-05:00,[KLB] 9:35 ▼ ~ ~ Today O vol=18.3x pos=v87 vwap=below ema=bear rs=-0.5% adx=47 body=79% ramp=153.8x rangeATR=3.2 ⚡ O44.73 H44.75 L44.51 C44.54 ATR=0.79 SL=44.62/44.66 rawVol=394006 volSMA=21476 buf=0.039 prices=
2025-11-19T09:35:00.000-05:00,[KLB] CONF 9:35 ▼ BRK → ✓ (auto-R1: EMA)
2025-11-19T09:40:00.000-05:00,[KLB] 5m CHECK 9:40 ▼ pnl=0.02 SPY~ → HOLD
2025-11-19T09:50:00.000-05:00,[KLB] 9:50 ▼ ~ ~ VWAP vol=2.7x pos=v85 vwap=below ema=bear rs=-1% adx=52 body=33% ramp=1.4x rangeATR=1.6 O44.49 H44.56 L44.43 C44.45 ATR=0.79 SL=44.52/44.56 rawVol=132202 volSMA=49045 buf=0.039 prices=
2025-11-19T13:55:00.000-05:00,[KLB] 13:55 ▲ ~ ~ Yest L vol=1.3x pos=^88 vwap=above ema=bull rs=+0.4% adx=24 body=88% ramp=0.7x rangeATR=1.2 ⚠ O44.94 H45.03 L44.94 C45.02 ATR=0.79 SL=44.94/44.9 rawVol=21218 volSMA=16577 buf=0.039 prices=44.85
2025-11-20T09:35:00.000-05:00,[KLB] 9:35 ▲ ~ ~ PM L + ~ Today O vol=19.6x pos=^73 vwap=above ema=bull rs=+0.1% adx=26 body=41% ramp=268.5x rangeATR=4.8 ⚡ O45.15 H45.32 L45.07 C45.25 ATR=0.81 SL=45.17/45.13 rawVol=247820 volSMA=12614 buf=0.04 prices=45.11
2025-11-20T09:45:00.000-05:00,[KLB] 9:45 ▼ ~ x~ PM H + x~ ORB H vol=6.6x pos=v92 vwap=below ema=bull rs=+0% adx=24 body=22% ramp=1301.5x rangeATR=1.6 O45.25 H45.32 L45.22 C45.23 ATR=0.81 SL=45.31/45.35 rawVol=86136 volSMA=25332 buf=0.04 prices=45.27/45.32
2025-11-20T09:50:00.000-05:00,[KLB] 9:50 ▲ FADE at 45.27
2025-11-20T09:50:00.000-05:00,[KLB] 9:50 ▲ ~ ~ VWAP vol=2.1x pos=^96 vwap=above ema=bull rs=+0.3% adx=23 body=87% ramp=1.3x rangeATR=3 ⚡ ⚠ O45.23 H45.41 L45.21 C45.4 ATR=0.81 SL=45.32/45.28 rawVol=57902 volSMA=28227 buf=0.04 prices=
2025-11-20T10:00:00.000-05:00,[KLB] 10:00 ▲ 🔇 QBS ramp=0.3x vol=1.4x pos=^84 vwap=above ema=bull adx=22 body=78% rangeATR=2.1 ⚡ O45.37 H45.52 L45.36 C45.5 ATR=0.81
2025-11-20T10:15:00.000-05:00,[KLB] CONF 10:15 ▲ QBS → ✗ (failed)
2025-11-20T12:05:00.000-05:00,[KLB] 12:05 ▲ BRK PD LH H vol=1x pos=^62 vwap=below ema=bull rs=+1.5% adx=31 body=62% ramp=0.8x rangeATR=1.2 O45.02 H45.15 L45.02 C45.1 ATR=0.81 SL=45.02/44.98 rawVol=58948 volSMA=58516 buf=0.04 prices=
2025-11-20T12:05:00.000-05:00,[KLB] CONF 12:05 ▲ BRK → ✓ (auto-R1: EMA)
2025-11-20T12:10:00.000-05:00,[KLB] 5m CHECK 12:10 ▲ pnl=-0.09 SPY✗ → BAIL
2025-11-20T12:20:00.000-05:00,[KLB] 12:20 ▼ ~ ~ Yest H + ~ PD Cls vol=1.1x pos=v85 vwap=below ema=bear rs=+1.6% adx=34 body=85% ramp=1.1x rangeATR=1.1 ⚠ O44.99 H44.99 L44.86 C44.88 ATR=0.81 SL=44.96/45 rawVol=73394 volSMA=64224 buf=0.04 prices=45.08
2025-11-20T13:25:00.000-05:00,[KLB] 13:25 ▼ ~ ~ Yest H vol=0.8x pos=v100 vwap=below ema=bear rs=+1.3% adx=33 body=100% ramp=0.7x rangeATR=1.5 ⚠ O44.99 H44.99 L44.82 C44.82 ATR=0.81 SL=44.9/44.94 rawVol=13030 volSMA=45973 buf=0.04 prices=45.08
2025-11-21T09:35:00.000-05:00,[KLB] 9:35 ▼ RNG range break vol=19.5x
2025-11-21T09:45:00.000-05:00,[KLB] 9:45 ▼ BRK Week L vol=3.4x pos=v67 vwap=below ema=bear rs=-0.4% adx=21 body=57% ramp=625.5x rangeATR=1.7 O44.33 H44.34 L44.24 C44.27 ATR=0.85 SL=44.36/44.4 rawVol=67806 volSMA=20156 buf=0.043 prices=44.3
2025-11-21T09:45:00.000-05:00,[KLB] CONF 9:45 ▼ BRK → ✓ (auto-R1: EMA)
2025-11-21T09:50:00.000-05:00,[KLB] 9:50 ▼ BRK PM L + ORB L vol=2.9x pos=v100 vwap=below ema=bear rs=-0.8% adx=24 body=68% ramp=1.1x rangeATR=3 ⚡ O44.29 H44.36 L44.14 C44.14 ATR=0.85 SL=44.22/44.26 rawVol=58112 volSMA=23054 buf=0.043 prices=44.23/44.26
2025-11-21T09:50:00.000-05:00,[KLB] 9:50 ▼ ~ ~ VWAP vol=2.9x pos=v100 vwap=below ema=bear rs=-0.8% adx=24 body=68% ramp=1.1x rangeATR=3 ⚡ O44.29 H44.36 L44.14 C44.14 ATR=0.85 SL=44.22/44.26 rawVol=58112 volSMA=23054 buf=0.043 prices=
2025-11-21T09:50:00.000-05:00,[KLB] CONF 9:50 ▼ BRK → ✓ (auto-R1: EMA)
2025-11-21T09:55:00.000-05:00,[KLB] 5m CHECK 9:55 ▼ pnl=-0.01 SPY~ → HOLD
2025-11-21T10:30:00.000-05:00,[KLB] 10:30 ▼ BRK Yest L + PD LH L vol=1.3x pos=v92 vwap=above ema=bear rs=-0.2% adx=29 body=73% ramp=0.7x rangeATR=1.8 O44.43 H44.47 L44.28 C44.3 ATR=0.85 SL=44.38/44.42 rawVol=66734 volSMA=53018 buf=0.043 prices=44.4
2025-11-21T10:30:00.000-05:00,[KLB] CONF 10:30 ▼ BRK → ✓ (auto-R1: EMA)
2025-11-21T10:35:00.000-05:00,[KLB] 5m CHECK 10:35 ▼ pnl=-0.05 SPY✓ → HOLD
2025-11-21T10:40:00.000-05:00,[KLB] 10:40 ▼ BRK Week L + ORB L vol=1.9x pos=v61 vwap=below ema=bear rs=0% adx=28 body=47% ramp=1.1x rangeATR=1.7 O44.34 H44.37 L44.19 C44.26 ATR=0.85 SL=44.34/44.38 rawVol=119518 volSMA=61419 buf=0.043 prices=44.3/44.26
2025-11-21T10:40:00.000-05:00,[KLB] CONF 10:40 ▼ BRK → ✓ (auto-R1: EMA)
2025-11-21T10:45:00.000-05:00,[KLB] 5m CHECK 10:45 ▼ pnl=-0.06 SPY✓ → HOLD
2025-11-21T11:25:00.000-05:00,[KLB] 11:25 ▲ ~ ~ ORB L vol=0.7x pos=^100 vwap=above ema=bear rs=-0.2% adx=21 body=91% ramp=0.6x rangeATR=0.9 ⚠ O44.29 H44.38 L44.28 C44.38 ATR=0.85 SL=44.3/44.25 rawVol=43996 volSMA=64403 buf=0.043 prices=44.26
2025-11-24T09:35:00.000-05:00,[KLB] 9:35 ▼ RNG range break vol=19.3x
2025-11-24T09:45:00.000-05:00,[KLB] 9:45 ▼ ~ ~ VWAP vol=6.4x pos=v94 vwap=below ema=bear rs=-1.3% adx=22 body=90% ramp=783.2x rangeATR=2.4 ⚡ ⚠ O44.24 H44.24 L44.07 C44.08 ATR=0.85 SL=44.16/44.2 rawVol=96758 volSMA=29509 buf=0.043 prices=
2025-11-24T09:50:00.000-05:00,[KLB] 9:50 ▼ BRK Month O vol=3.3x pos=v98 vwap=below ema=bear rs=-1.4% adx=25 body=35% ramp=1.4x rangeATR=2.4 ⚡ O44.08 H44.2 L44 C44.01 ATR=0.85 SL=44.09/44.13 rawVol=115836 volSMA=35216 buf=0.043 prices=
2025-11-24T09:50:00.000-05:00,[KLB] CONF 9:50 ▼ BRK → ✓ (auto-R1: EMA)
2025-11-24T09:55:00.000-05:00,[KLB] 5m CHECK 9:55 ▼ pnl=-0.03 SPY~ → HOLD
2025-11-24T15:55:00.000-05:00,[KLB] 15:55 ▲ ~ ~ PM L + ~ PD LH L vol=4.3x pos=^98 vwap=above ema=bull rs=-1.1% adx=21 body=93% ramp=1.1x rangeATR=2 ⚡ ⚠ O44.57 H44.67 L44.57 C44.67 ATR=0.85 SL=44.58/44.54 rawVol=173602 volSMA=40464 buf=0.043 prices=44.59
2025-11-25T09:35:00.000-05:00,[KLB] 9:35 ▲ ~ ~ PM L + ~ PD LH L + ~ Today O vol=17.1x pos=^93 vwap=above ema=bear rs=+0.4% adx=24 body=76% ramp=95.6x rangeATR=4.2 ⚡ O44.24 H44.48 L44.19 C44.46 ATR=0.85 SL=44.37/44.33 rawVol=208830 volSMA=12240 buf=0.043 prices=44.25
2025-11-25T09:50:00.000-05:00,[KLB] 9:50 ▼ FADE at 44.25
2025-11-25T09:50:00.000-05:00,[KLB] 9:50 ▼ RNG range break vol=3.6x
2025-11-25T09:50:00.000-05:00,[KLB] 9:50 ▼ ~ ~ VWAP vol=3.6x pos=v100 vwap=below ema=bear rs=+0.2% adx=22 body=73% ramp=1.4x rangeATR=2.7 ⚡ O44.28 H44.34 L44.1 C44.1 ATR=0.85 SL=44.19/44.23 rawVol=92216 volSMA=26405 buf=0.043 prices=
2025-11-25T14:25:00.000-05:00,[KLB] 14:25 ▲ ~ ~ VWAP vol=1.1x pos=^93 vwap=above ema=bull rs=-0.4% adx=21 body=50% ramp=0.9x rangeATR=0.8 O44.35 H44.37 L44.34 C44.37 ATR=0.85 SL=44.28/44.24 rawVol=20598 volSMA=18808 buf=0.043 prices=
2025-11-25T14:45:00.000-05:00,[KLB] 14:45 ▲ ~ ~ PM L vol=0.7x pos=^91 vwap=above ema=bull rs=-0.5% adx=20 body=36% ramp=1.4x rangeATR=1.2 O44.27 H44.3 L44.24 C44.29 ATR=0.85 SL=44.2/44.16 rawVol=12216 volSMA=18476 buf=0.043 prices=44.25
2025-11-26T09:30:00.000-05:00,[KLB] 9:30 ▼ RNG range break vol=3.4x
2025-11-26T09:35:00.000-05:00,[KLB] 9:35 ▲ RNG range break vol=19.7x
2025-11-26T10:10:00.000-05:00,[KLB] 10:10 ▲ ~ ~ VWAP vol=3.2x pos=^58 vwap=above ema=bull rs=+0.6% adx=22 body=35% ramp=1x rangeATR=1 O44.59 H44.64 L44.57 C44.61 ATR=0.84 SL=44.52/44.48 rawVol=18996 volSMA=22751 buf=0.042 prices=
2025-11-26T14:05:00.000-05:00,[KLB] 14:05 ▲ 🔇 QBS ramp=0.2x vol=0.9x pos=^74 vwap=above ema=bull adx=21 body=74% rangeATR=1.6 O44.8 H44.88 L44.8 C44.86 ATR=0.84
2025-11-26T14:20:00.000-05:00,[KLB] CONF 14:20 ▲ QBS → ✓ (auto-promote)
2025-11-26T14:25:00.000-05:00,[KLB] 5m CHECK 14:25 ▲ pnl=0.02 SPY✓ → HOLD
2025-11-28T09:40:00.000-05:00,[KLB] 9:40 ▲ RNG range break vol=10x
2025-11-28T09:45:00.000-05:00,[KLB] 9:45 ▲ BRK PD LH H vol=6.3x pos=^97 vwap=above ema=bull rs=+1% adx=23 body=97% ramp=386x rangeATR=2.5 ⚡ ⚠ O44.98 H45.16 L44.98 C45.16 ATR=0.83 SL=45.07/45.03 rawVol=39752 volSMA=7041 buf=0.041 prices=
2025-11-28T09:45:00.000-05:00,[KLB] 9:45 ▲ ~ ~ VWAP vol=6.3x pos=^97 vwap=above ema=bull rs=+1% adx=23 body=97% ramp=386x rangeATR=2.5 ⚡ ⚠ O44.98 H45.16 L44.98 C45.16 ATR=0.83 SL=45.07/45.03 rawVol=39752 volSMA=7041 buf=0.041 prices=
2025-11-28T09:45:00.000-05:00,[KLB] CONF 9:45 ▲ BRK → ✓ (auto-R1: EMA)
2025-11-28T09:50:00.000-05:00,[KLB] 5m CHECK 9:50 ▲ pnl=0.03 SPY~ → HOLD
2025-12-01T09:35:00.000-05:00,[KLB] 9:35 ▲ RNG range break vol=19.2x
2025-12-01T09:50:00.000-05:00,[KLB] 9:50 ▲ ~ ~ VWAP vol=5.1x pos=^89 vwap=above ema=bull rs=+0.8% adx=22 body=76% ramp=1.9x rangeATR=1.6 O45.68 H45.76 L45.66 C45.75 ATR=0.83 SL=45.66/45.62 rawVol=87366 volSMA=21909 buf=0.041 prices=
2025-12-02T09:35:00.000-05:00,[KLB] 9:35 ▼ RNG range break vol=18.2x
2025-12-02T09:35:00.000-05:00,[KLB] 9:35 ▼ ~ ~ Week H vol=18.2x pos=v100 vwap=below ema=bear rs=-0.6% adx=24 body=93% ramp=140.7x rangeATR=6.9 ⚡ ⚠ O45.56 H45.58 L45.3 C45.3 ATR=0.82 SL=45.38/45.42 rawVol=107902 volSMA=5934 buf=0.041 prices=45.42
2025-12-02T09:40:00.000-05:00,[KLB] 9:40 ▼ BRK Yest L + ORB L + Month O vol=10x pos=v100 vwap=below ema=bear rs=-1% adx=29 body=79% ramp=269.4x rangeATR=3 ⚡ O45.3 H45.33 L45.19 C45.19 ATR=0.82 SL=45.27/45.31 rawVol=97664 volSMA=10805 buf=0.041 prices=45.26/45.3
2025-12-02T09:40:00.000-05:00,[KLB] CONF 9:40 ▼ BRK → ✓ (auto-R1: EMA)
2025-12-02T09:45:00.000-05:00,[KLB] 9:45 ▼ ~ ~ VWAP vol=6.8x pos=v70 vwap=below ema=bear rs=-1.2% adx=33 body=65% ramp=549.7x rangeATR=3.3 ⚡ O45.18 H45.19 L45 C45.06 ATR=0.82 SL=45.14/45.18 rawVol=111072 volSMA=16353 buf=0.041 prices=
2025-12-02T09:45:00.000-05:00,[KLB] 5m CHECK 9:45 ▼ pnl=0.16 SPY~ → HOLD
2025-12-03T09:35:00.000-05:00,[KLB] 9:35 ▲ RNG range break vol=18.2x
2025-12-03T09:35:00.000-05:00,[KLB] 9:35 ▲ ~ ~ Today O vol=18.2x pos=^84 vwap=above ema=bull rs=+0.3% adx=26 body=73% ramp=31.8x rangeATR=5.2 ⚡ O45.34 H45.54 L45.32 C45.51 ATR=0.82 SL=45.42/45.38 rawVol=127000 volSMA=6965 buf=0.041 prices=
2025-12-03T10:10:00.000-05:00,[KLB] 10:10 ▲ 🔇 QBS ramp=0.3x vol=1.1x pos=^88 vwap=above ema=bull adx=37 body=88% rangeATR=1.5 O45.63 H45.71 L45.63 C45.7 ATR=0.82
2025-12-03T10:10:00.000-05:00,[KLB] 10:10 ▲ ~ ~ VWAP vol=1.1x pos=^88 vwap=above ema=bull rs=+0.6% adx=37 body=88% ramp=0.3x rangeATR=1.5 ⚠ 🔇 O45.63 H45.71 L45.63 C45.7 ATR=0.82 SL=45.62/45.58 rawVol=22150 volSMA=29515 buf=0.041 prices=
2025-12-03T10:25:00.000-05:00,[KLB] CONF 10:25 ▲ QBS → ✗ (failed)
2025-12-04T09:35:00.000-05:00,[KLB] 9:35 ▲ RNG range break vol=18.6x
2025-12-04T10:05:00.000-05:00,[KLB] 10:05 ▼ ~ x~ PM H vol=1.3x pos=v85 vwap=below ema=bull rs=+0.5% adx=20 body=25% ramp=0.6x rangeATR=0.8 O46 H46.03 L45.98 C45.98 ATR=0.82 SL=46.06/46.11 rawVol=32490 volSMA=24438 buf=0.041 prices=46.04
2025-12-04T14:30:00.000-05:00,[KLB] 14:30 ▼ ~ x~ PM H vol=1.6x pos=v83 vwap=below ema=bull rs=+0.7% adx=22 body=17% ramp=1.7x rangeATR=0.8 O46 H46.02 L45.99 C45.99 ATR=0.82 SL=46.07/46.11 rawVol=12774 volSMA=11589 buf=0.041 prices=46.04
2025-12-04T15:00:00.000-05:00,[KLB] 15:00 ▼ ~ ~ PM H vol=0.7x pos=v75 vwap=below ema=bear rs=+0.5% adx=25 body=75% ramp=0.7x rangeATR=1.1 O46.03 H46.03 L45.99 C46 ATR=0.82 SL=46.08/46.12 rawVol=9016 volSMA=12689 buf=0.041 prices=46.04
2025-12-04T15:50:00.000-05:00,[KLB] 15:50 ▼ ~ ~ PM H vol=4.7x pos=v84 vwap=below ema=bear rs=+0.6% adx=21 body=53% ramp=2.2x rangeATR=1.2 O46.03 H46.04 L46 C46 ATR=0.82 SL=46.08/46.13 rawVol=98392 volSMA=21066 buf=0.041 prices=46.04
2025-12-05T09:35:00.000-05:00,[KLB] 9:35 ▲ RNG range break vol=19.4x
2025-12-05T10:35:00.000-05:00,[KLB] 10:35 ▲ ~ ~ VWAP vol=1x pos=^92 vwap=above ema=bull rs=+0.6% adx=22 body=81% ramp=1.1x rangeATR=1.9 ⚠ O46.39 H46.5 L46.37 C46.49 ATR=0.8 SL=46.41/46.37 rawVol=24779 volSMA=24255 buf=0.04 prices=
2025-12-05T14:05:00.000-05:00,[KLB] 14:05 ▼ ~ ~ VWAP vol=1.8x pos=v82 vwap=below ema=bear rs=+0.4% adx=22 body=64% ramp=0.9x rangeATR=1.1 O46.3 H46.31 L46.26 C46.27 ATR=0.8 SL=46.34/46.38 rawVol=27816 volSMA=15213 buf=0.04 prices=
2025-12-05T14:30:00.000-05:00,[KLB] 14:30 ▼ ~ ~ ORB H vol=1x pos=v86 vwap=below ema=bear rs=+0.4% adx=26 body=57% ramp=0.6x rangeATR=0.8 O46.26 H46.27 L46.24 C46.24 ATR=0.8 SL=46.32/46.36 rawVol=17040 volSMA=16521 buf=0.04 prices=46.27
2025-12-05T14:50:00.000-05:00,[KLB] 14:50 ▼ ~ x~ ORB H vol=1.1x pos=v75 vwap=below ema=bear rs=+0.4% adx=27 body=25% ramp=1x rangeATR=0.9 O46.25 H46.27 L46.23 C46.24 ATR=0.8 SL=46.32/46.36 rawVol=17488 volSMA=16008 buf=0.04 prices=46.27
2025-12-05T15:05:00.000-05:00,[KLB] 15:05 ▼ ~ ~ ORB H vol=1.4x pos=v92 vwap=below ema=bear rs=+0.4% adx=26 body=92% ramp=1.8x rangeATR=1.5 ⚠ O46.3 H46.3 L46.24 C46.24 ATR=0.8 SL=46.32/46.36 rawVol=23192 volSMA=17050 buf=0.04 prices=46.27
2025-12-05T15:35:00.000-05:00,[KLB] 15:35 ▼ ~ ~ ORB H vol=1.5x pos=v79 vwap=below ema=bear rs=+0.2% adx=24 body=79% ramp=0.8x rangeATR=3 ⚡ O46.27 H46.27 L46.13 C46.16 ATR=0.8 SL=46.24/46.28 rawVol=26821 volSMA=17575 buf=0.04 prices=46.27
2025-12-05T15:45:00.000-05:00,[KLB] 15:45 ▼ ~ ~ PM H + ~ Yest H vol=2.2x pos=v100 vwap=below ema=bear rs=+0.1% adx=28 body=90% ramp=2.3x rangeATR=1 ⚠ O46.15 H46.15 L46.1 C46.1 ATR=0.8 SL=46.18/46.22 rawVol=41102 volSMA=18561 buf=0.04 prices=46.15/46.18
2025-12-05T15:50:00.000-05:00,[KLB] 15:50 ▼ ~ ~ Yest H vol=3.9x pos=v70 vwap=below ema=bear rs=+0.1% adx=30 body=60% ramp=3.2x rangeATR=1.9 O46.1 H46.11 L46.01 C46.04 ATR=0.8 SL=46.12/46.16 rawVol=83925 volSMA=21519 buf=0.04 prices=46.18
2025-12-05T15:55:00.000-05:00,[KLB] 15:55 ▼ BRK PM L + ORB L vol=3.4x pos=v100 vwap=below ema=bear rs=-0.1% adx=33 body=78% ramp=3.4x rangeATR=1.7 O46.05 H46.07 L45.98 C45.98 ATR=0.8 SL=46.06/46.1 rawVol=83309 volSMA=24644 buf=0.04 prices=46.02/46.03
2025-12-05T15:55:00.000-05:00,[KLB] CONF 15:55 ▼ BRK → ✓ (auto-R1: EMA)
2025-12-05T16:00:00.000-05:00,[KLB] 5m CHECK 16:00 ▼ pnl=0.07 SPY~ → HOLD
2025-12-08T09:35:00.000-05:00,[KLB] 9:35 ▼ RNG range break vol=16.5x
2025-12-08T09:40:00.000-05:00,"[KLB] 9:40 ▲ ~ ~ PM L
~ VWAP vol=6.1x pos=^93 vwap=above ema=bear rs=+0.3% adx=28 body=82% ramp=9.9x rangeATR=2.7 ⚡ ⚠ O45.56 H45.76 L45.53 C45.74 ATR=0.79 SL=45.66/45.62 rawVol=94613 volSMA=15501 buf=0.04 prices=45.66"
2025-12-08T10:30:00.000-05:00,[KLB] 10:30 ▼ ~ ~ ORB H vol=0.6x pos=v100 vwap=below ema=bear rs=+0.3% adx=28 body=100% ramp=0.7x rangeATR=1.5 ⚠ O45.78 H45.78 L45.65 C45.65 ATR=0.79 SL=45.72/45.76 rawVol=19139 volSMA=31915 buf=0.04 prices=45.67
2025-12-08T11:00:00.000-05:00,"[KLB] 11:00 ▼ ~ ~ ORB H
~ VWAP vol=0.5x pos=v96 vwap=below ema=bear rs=+0.1% adx=32 body=96% ramp=0.8x rangeATR=1.6 ⚠ O45.65 H45.65 L45.52 C45.52 ATR=0.79 SL=45.6/45.64 rawVol=20678 volSMA=37604 buf=0.04 prices=45.67"
2025-12-08T13:35:00.000-05:00,[KLB] 13:35 ▼ BRK ORB L vol=1.7x pos=v50 vwap=below ema=bear rs=-0.2% adx=44 body=50% ramp=1.2x rangeATR=0.9 O45.32 H45.32 L45.28 C45.3 ATR=0.79 SL=45.38/45.42 rawVol=29635 volSMA=17015 buf=0.04 prices=45.33
2025-12-08T13:35:00.000-05:00,[KLB] CONF 13:35 ▼ BRK → ✓ (auto-R1: EMA)
2025-12-08T13:40:00.000-05:00,[KLB] 5m CHECK 13:40 ▼ pnl=-0.06 SPY✓ → HOLD
2025-12-09T09:35:00.000-05:00,[KLB] 9:35 ▲ RNG range break vol=19.1x
2025-12-09T09:50:00.000-05:00,[KLB] 9:50 ▲ ~ ~ VWAP vol=4.5x pos=^88 vwap=above ema=bull rs=+0.8% adx=26 body=71% ramp=2.7x rangeATR=2.3 ⚡ O45.82 H45.96 L45.79 C45.94 ATR=0.78 SL=45.86/45.82 rawVol=87432 volSMA=19490 buf=0.039 prices=
2025-12-11T09:30:00.000-05:00,[KLB] 9:30 ▼ ~ ~ Today O vol=0.2x pos=v100 vwap=below ema=bear rs=-0.4% adx=27 body=100% ramp=0.1x rangeATR=1.2 ⚠ 🔇 O45.92 H45.92 L45.87 C45.87 ATR=0.76 SL=45.95/45.98 rawVol=215 volSMA=917 buf=0.038 prices=
2025-12-11T09:40:00.000-05:00,[KLB] 9:40 ▲ ~ ~ PM L vol=12.6x pos=^91 vwap=above ema=bear rs=+0.1% adx=26 body=73% ramp=186.5x rangeATR=2.1 ⚡ O45.88 H45.97 L45.86 C45.96 ATR=0.76 SL=45.88/45.85 rawVol=56948 volSMA=9922 buf=0.038 prices=45.85
2025-12-11T09:45:00.000-05:00,[KLB] 9:45 ▲ RNG range break vol=4.7x
2025-12-11T09:45:00.000-05:00,[KLB] 9:45 ▲ ~ ~ VWAP + ~ PD LH L vol=4.7x pos=^95 vwap=above ema=bear rs=+0.4% adx=26 body=89% ramp=602.7x rangeATR=3.1 ⚡ ⚠ O45.96 H46.14 L45.95 C46.13 ATR=0.76 SL=46.05/46.02 rawVol=44058 volSMA=12028 buf=0.038 prices=
2025-12-11T09:50:00.000-05:00,[KLB] 9:50 ▼ FADE at 46.1
2025-12-11T11:10:00.000-05:00,[KLB] 11:10 ▼ ~ x~ PM H vol=4x pos=v100 vwap=below ema=bull rs=+0.3% adx=17 body=8% ramp=2.2x rangeATR=0.9 O46.05 H46.11 L46.05 C46.05 ATR=0.76 SL=46.12/46.16 rawVol=33035 volSMA=48081 buf=0.038 prices=46.07
2025-12-11T14:05:00.000-05:00,"[KLB] 14:05 ▼ ~ ~ ORB H
~ VWAP vol=1.2x pos=v100 vwap=below ema=bear rs=-0.4% adx=21 body=71% ramp=1.2x rangeATR=1.6 O45.97 H46 L45.91 C45.91 ATR=0.76 SL=45.99/46.02 rawVol=17918 volSMA=14921 buf=0.038 prices=45.96"
2025-12-11T14:35:00.000-05:00,[KLB] 14:35 ▼ ~ x~ ORB H vol=1.4x pos=v100 vwap=below ema=bear rs=-0.5% adx=27 body=25% ramp=1.4x rangeATR=0.8 O45.91 H45.94 L45.9 C45.9 ATR=0.76 SL=45.98/46.01 rawVol=22435 volSMA=16272 buf=0.038 prices=45.96
2025-12-11T15:15:00.000-05:00,[KLB] 15:15 ▼ ~ ~ ORB H vol=1.9x pos=v71 vwap=below ema=bear rs=-0.4% adx=21 body=71% ramp=1.4x rangeATR=0.8 O45.96 H45.96 L45.93 C45.94 ATR=0.76 SL=46.01/46.05 rawVol=31179 volSMA=16378 buf=0.038 prices=45.96
2025-12-12T09:30:00.000-05:00,[KLB] 9:30 ▲ RNG range break vol=3.8x
2025-12-12T09:35:00.000-05:00,[KLB] 9:35 ▼ RNG range break vol=19.8x
2025-12-12T12:30:00.000-05:00,[KLB] 12:30 ▼ ~ ~ VWAP vol=0.9x pos=v84 vwap=below ema=bear rs=+0% adx=21 body=84% ramp=1x rangeATR=1.3 ⚠ O45.68 H45.68 L45.59 C45.6 ATR=0.74 SL=45.67/45.71 rawVol=17767 volSMA=39279 buf=0.037 prices=
2025-12-15T09:35:00.000-05:00,[KLB] 9:35 ▼ RNG range break vol=18.9x
2025-12-15T09:35:00.000-05:00,[KLB] 9:35 ▼ ~ ~ PD Cls vol=18.9x pos=v93 vwap=above ema=bull rs=-0.3% adx=30 body=82% ramp=483.4x rangeATR=4.3 ⚡ ⚠ O45.58 H45.61 L45.33 C45.35 ATR=0.75 SL=45.42/45.46 rawVol=121261 volSMA=6417 buf=0.037 prices=
2025-12-15T09:40:00.000-05:00,[KLB] 9:40 ▼ BRK PM L + Week L + ORB L + Month O vol=11x pos=v100 vwap=below ema=bear rs=-0.7% adx=32 body=98% ramp=848.1x rangeATR=2.9 ⚡ ⚠ O45.35 H45.35 L45.13 C45.13 ATR=0.75 SL=45.2/45.24 rawVol=93266 volSMA=11049 buf=0.037 prices=45.36/45.27/45.33
2025-12-15T09:40:00.000-05:00,[KLB] 9:40 ▼ ~ ~ VWAP vol=11x pos=v100 vwap=below ema=bear rs=-0.7% adx=32 body=98% ramp=848.1x rangeATR=2.9 ⚡ ⚠ O45.35 H45.35 L45.13 C45.13 ATR=0.75 SL=45.2/45.24 rawVol=93266 volSMA=11049 buf=0.037 prices=
2025-12-15T09:40:00.000-05:00,[KLB] CONF 9:40 ▼ BRK → ✓ (auto-R1: EMA)
2025-12-15T09:45:00.000-05:00,[KLB] 5m CHECK 9:45 ▼ pnl=-0.06 SPY✓ → HOLD
2025-12-15T15:50:00.000-05:00,[KLB] 15:50 ▲ ~ ~ VWAP vol=2x pos=^100 vwap=above ema=bull rs=-0.3% adx=29 body=90% ramp=1.8x rangeATR=1.4 ⚠ O45.13 H45.17 L45.12 C45.17 ATR=0.75 SL=45.1/45.06 rawVol=47062 volSMA=24125 buf=0.037 prices=
2025-12-16T09:35:00.000-05:00,[KLB] 9:35 ▼ RNG range break vol=17.7x
2025-12-16T09:35:00.000-05:00,[KLB] 9:35 ▼ BRK PM L + Yest L vol=17.7x pos=v91 vwap=below ema=bear rs=-0.7% adx=37 body=75% ramp=279x rangeATR=5.5 ⚡ O44.8 H44.85 L44.53 C44.56 ATR=0.75 SL=44.63/44.67 rawVol=182036 volSMA=10287 buf=0.037 prices=44.8/44.82
2025-12-16T09:35:00.000-05:00,[KLB] 9:35 ▼ ~ ~ VWAP + ~ Today O vol=17.7x pos=v91 vwap=below ema=bear rs=-0.7% adx=37 body=75% ramp=279x rangeATR=5.5 ⚡ O44.8 H44.85 L44.53 C44.56 ATR=0.75 SL=44.63/44.67 rawVol=182036 volSMA=10287 buf=0.037 prices=
2025-12-16T09:35:00.000-05:00,[KLB] CONF 9:35 ▼ BRK → ✓ (auto-R1: EMA)
2025-12-16T09:40:00.000-05:00,[KLB] 5m CHECK 9:40 ▼ pnl=0.03 SPY~ → HOLD
2025-12-16T09:45:00.000-05:00,[KLB] 9:45 ▼ BRK ORB L vol=5.2x pos=v90 vwap=below ema=bear rs=-0.7% adx=41 body=70% ramp=21.7x rangeATR=1.5 O44.54 H44.56 L44.46 C44.47 ATR=0.75 SL=44.54/44.58 rawVol=106996 volSMA=20694 buf=0.037 prices=44.53
2025-12-16T09:45:00.000-05:00,[KLB] CONF 9:45 ▼ BRK → ✓ (auto-R1: EMA)
2025-12-16T09:50:00.000-05:00,[KLB] 5m CHECK 9:50 ▼ pnl=0.08 SPY~ → HOLD
2025-12-17T10:00:00.000-05:00,[KLB] 10:00 ▲ RNG range break vol=5.3x
2025-12-18T09:35:00.000-05:00,[KLB] 9:35 ▼ RNG range break vol=17.4x
2025-12-18T11:15:00.000-05:00,[KLB] 11:15 ▼ ~ ~ VWAP vol=0.7x pos=v100 vwap=below ema=bear rs=-1% adx=23 body=100% ramp=1x rangeATR=1.1 ⚠ O44.42 H44.42 L44.34 C44.34 ATR=0.82 SL=44.42/44.46 rawVol=35452 volSMA=54333 buf=0.041 prices=
2025-12-18T11:20:00.000-05:00,[KLB] 11:20 ▼ BRK ORB L vol=1.3x pos=v100 vwap=below ema=bear rs=-1.2% adx=24 body=71% ramp=1.1x rangeATR=0.9 O44.35 H44.37 L44.3 C44.3 ATR=0.82 SL=44.38/44.42 rawVol=66529 volSMA=52072 buf=0.041 prices=44.37
2025-12-18T11:20:00.000-05:00,[KLB] CONF 11:20 ▼ BRK → ✓ (auto-R1: EMA)
2025-12-18T11:25:00.000-05:00,[KLB] 5m CHECK 11:25 ▼ pnl=-0.12 SPY✗ → BAIL
2025-12-19T09:35:00.000-05:00,[KLB] 9:35 ▲ RNG range break vol=18.8x
2025-12-19T15:45:00.000-05:00,[KLB] 15:45 ▼ BRK PM L vol=1.3x pos=v75 vwap=below ema=bear rs=-0.9% adx=24 body=75% ramp=0.9x rangeATR=1.2 O44.12 H44.12 L44.08 C44.09 ATR=0.82 SL=44.17/44.21 rawVol=37140 volSMA=27810 buf=0.041 prices=44.13
2025-12-19T15:45:00.000-05:00,[KLB] CONF 15:45 ▼ BRK → ✓ (auto-R1: EMA)
2025-12-19T15:50:00.000-05:00,[KLB] 5m CHECK 15:50 ▼ pnl=-0.04 SPY✗ → BAIL
2025-12-22T09:35:00.000-05:00,[KLB] 9:35 ▲ RNG range break vol=17x
2025-12-22T09:35:00.000-05:00,[KLB] 9:35 ▲ BRK PD LH H vol=17x pos=^91 vwap=above ema=bull rs=+0.7% adx=20 body=73% ramp=68.9x rangeATR=6 ⚡ O44.17 H44.44 L44.11 C44.41 ATR=0.79 SL=44.33/44.29 rawVol=170363 volSMA=10050 buf=0.04 prices=
2025-12-22T09:35:00.000-05:00,"[KLB] 9:35 ▲ ~ ~ Yest L
~ VWAP vol=17x pos=^91 vwap=above ema=bull rs=+0.7% adx=20 body=73% ramp=68.9x rangeATR=6 ⚡ O44.17 H44.44 L44.11 C44.41 ATR=0.79 SL=44.33/44.29 rawVol=170363 volSMA=10050 buf=0.04 prices=44.03"
2025-12-22T09:35:00.000-05:00,[KLB] CONF 9:35 ▲ BRK → ✓ (auto-R1: EMA)
2025-12-22T09:40:00.000-05:00,[KLB] 5m CHECK 9:40 ▲ pnl=-0.11 SPY~ → BAIL
2025-12-22T10:15:00.000-05:00,[KLB] 10:15 ▼ ~ x~ PM H vol=1.2x pos=v27 vwap=below ema=bull rs=+0.2% adx=29 body=27% ramp=0.7x rangeATR=1.3 O44.2 H44.2 L44.09 C44.17 ATR=0.79 SL=44.25/44.29 rawVol=48076 volSMA=38899 buf=0.04 prices=44.21
2025-12-22T10:20:00.000-05:00,[KLB] 10:20 ▲ FADE at 44.21
2025-12-22T10:20:00.000-05:00,[KLB] 10:20 ▲ BRK PD LH H vol=1.1x pos=^100 vwap=below ema=bull rs=+0.3% adx=27 body=100% ramp=0.6x rangeATR=0.8 ⚠ O44.18 H44.25 L44.18 C44.25 ATR=0.79 SL=44.17/44.13 rawVol=43563 volSMA=40971 buf=0.04 prices=
2025-12-22T10:20:00.000-05:00,[KLB] CONF 10:20 ▲ BRK → ✓ (auto-R1: EMA)
2025-12-22T10:25:00.000-05:00,[KLB] 10:25 ▼ ~ x~ Yest H vol=0.7x pos=v38 vwap=below ema=bull rs=+0.2% adx=27 body=25% ramp=0.7x rangeATR=1 O44.25 H44.26 L44.18 C44.23 ATR=0.79 SL=44.31/44.35 rawVol=28426 volSMA=42376 buf=0.04 prices=44.53
2025-12-22T10:25:00.000-05:00,[KLB] 5m CHECK 10:25 ▲ pnl=-0.03 SPY~ → HOLD
2025-12-23T09:35:00.000-05:00,[KLB] 9:35 ▲ RNG range break vol=19.1x
2025-12-23T15:30:00.000-05:00,[KLB] 15:30 ▲ ~ ~ VWAP vol=1.3x pos=^100 vwap=above ema=bull rs=-0.3% adx=25 body=57% ramp=1.2x rangeATR=1.4 O44.46 H44.48 L44.45 C44.48 ATR=0.76 SL=44.4/44.37 rawVol=18870 volSMA=14684 buf=0.038 prices=
2025-12-24T09:35:00.000-05:00,[KLB] 9:35 ▼ RNG range break vol=19.6x
2025-12-24T09:35:00.000-05:00,[KLB] 9:35 ▼ ~ x~ Yest H vol=19.6x pos=v80 vwap=below ema=bull rs=-0.2% adx=17 body=26% ramp=2046.5x rangeATR=5.6 ⚡ O44.41 H44.51 L44.33 C44.37 ATR=0.73 SL=44.44/44.48 rawVol=65334 volSMA=3338 buf=0.037 prices=44.55
2025-12-26T09:35:00.000-05:00,[KLB] 9:35 ▲ RNG range break vol=17.2x
2025-12-29T09:35:00.000-05:00,[KLB] 9:35 ▲ RNG range break vol=18x
2025-12-29T09:40:00.000-05:00,[KLB] 9:40 ▼ ~ ~ PM H + ~ Week H + ~ ORB H vol=8.2x pos=v100 vwap=below ema=bull rs=-0.3% adx=21 body=80% ramp=517.3x rangeATR=5.3 ⚡ ⚠ O44.6 H44.64 L44.44 C44.44 ATR=0.68 SL=44.51/44.54 rawVol=51451 volSMA=6306 buf=0.034 prices=44.61/44.56/44.61
2025-12-29T09:45:00.000-05:00,[KLB] 9:45 ▼ RNG range break vol=6.4x
2025-12-29T10:15:00.000-05:00,[KLB] 10:15 ▲ ~ ~ VWAP vol=2.6x pos=^67 vwap=above ema=bull rs=+0.2% adx=21 body=58% ramp=0.8x rangeATR=1 O44.54 H44.6 L44.54 C44.58 ATR=0.68 SL=44.51/44.47 rawVol=52320 volSMA=26817 buf=0.034 prices=
2025-12-30T09:35:00.000-05:00,[KLB] 9:35 ▲ RNG range break vol=18.4x
2025-12-30T14:55:00.000-05:00,[KLB] 14:55 ▲ ~ ~ VWAP vol=1.1x pos=^67 vwap=above ema=bull rs=+0.4% adx=22 body=67% ramp=0.9x rangeATR=0.7 O44.96 H44.98 L44.96 C44.97 ATR=0.67 SL=44.9/44.87 rawVol=23019 volSMA=20527 buf=0.034 prices=
2025-12-31T09:30:00.000-05:00,[KLB] 9:30 ▼ RNG range break vol=3.5x
2025-12-31T09:40:00.000-05:00,[KLB] 9:40 ▼ BRK ORB L vol=10.5x pos=v83 vwap=below ema=bear rs=-0.1% adx=21 body=67% ramp=340.9x rangeATR=1.3 O44.86 H44.87 L44.81 C44.82 ATR=0.66 SL=44.89/44.92 rawVol=71992 volSMA=7851 buf=0.033 prices=44.86
2025-12-31T09:40:00.000-05:00,[KLB] CONF 9:40 ▼ BRK → ✓ (auto-R1: EMA)
2025-12-31T09:45:00.000-05:00,[KLB] 5m CHECK 9:45 ▼ pnl=-0.11 SPY~ → BAIL
2025-12-31T10:05:00.000-05:00,[KLB] 10:05 ▼ BRK ORB L vol=3.1x pos=v95 vwap=below ema=bear rs=-0.1% adx=24 body=90% ramp=1.1x rangeATR=1.8 ⚠ O44.9 H44.9 L44.8 C44.8 ATR=0.66 SL=44.87/44.9 rawVol=68264 volSMA=21922 buf=0.033 prices=44.86
2025-12-31T10:05:00.000-05:00,[KLB] 10:05 ▼ ~ ~ VWAP vol=3.1x pos=v95 vwap=below ema=bear rs=-0.1% adx=24 body=90% ramp=1.1x rangeATR=1.8 ⚠ O44.9 H44.9 L44.8 C44.8 ATR=0.66 SL=44.87/44.9 rawVol=68264 volSMA=21922 buf=0.033 prices=
2025-12-31T10:05:00.000-05:00,[KLB] CONF 10:05 ▼ BRK → ✓ (auto-R1: EMA)
2025-12-31T10:10:00.000-05:00,[KLB] 10:10 ▼ BRK Yest L vol=2.8x pos=v43 vwap=below ema=bear rs=-0.1% adx=26 body=43% ramp=1x rangeATR=0.6 O44.8 H44.8 L44.77 C44.79 ATR=0.66 SL=44.85/44.88 rawVol=43315 volSMA=24070 buf=0.033 prices=44.8
2025-12-31T10:10:00.000-05:00,[KLB] CONF 10:10 ▼ BRK → ✓ (auto-R1: EMA)
2025-12-31T10:15:00.000-05:00,[KLB] 5m CHECK 10:15 ▼ pnl=0.06 SPY~ → HOLD
2025-12-31T10:40:00.000-05:00,[KLB] 10:40 ▼ BRK PM L vol=1.1x pos=v83 vwap=below ema=bear rs=-0.4% adx=35 body=50% ramp=1x rangeATR=1.1 O44.67 H44.69 L44.63 C44.64 ATR=0.66 SL=44.71/44.74 rawVol=40319 volSMA=36096 buf=0.033 prices=44.7
2025-12-31T10:40:00.000-05:00,[KLB] CONF 10:40 ▼ BRK → ✓ (auto-R1: EMA)
2025-12-31T10:45:00.000-05:00,[KLB] 5m CHECK 10:45 ▼ pnl=0.02 SPY~ → HOLD
2026-01-02T09:35:00.000-05:00,[KLB] 9:35 ▼ RNG range break vol=19.5x
2026-01-05T09:35:00.000-05:00,[KLB] 9:35 ▼ RNG range break vol=17.2x
2026-01-05T09:35:00.000-05:00,[KLB] 9:35 ▼ ~ ~ Today O vol=17.2x pos=v69 vwap=below ema=bull rs=-0.2% adx=40 body=49% ramp=29.2x rangeATR=3.4 ⚡ O47.25 H47.32 L46.98 C47.09 ATR=0.69 SL=47.15/47.19 rawVol=958348 volSMA=55827 buf=0.034 prices=
2026-01-05T09:40:00.000-05:00,[KLB] 9:40 ▼ BRK ORB L vol=10.8x pos=v98 vwap=below ema=bear rs=-1% adx=42 body=86% ramp=64.9x rangeATR=3.7 ⚡ ⚠ O47.09 H47.15 L46.69 C46.7 ATR=0.69 SL=46.77/46.8 rawVol=659467 volSMA=88680 buf=0.034 prices=46.98
2026-01-05T09:40:00.000-05:00,[KLB] 9:40 ▼ ~ ~ VWAP vol=10.8x pos=v98 vwap=below ema=bear rs=-1% adx=42 body=86% ramp=64.9x rangeATR=3.7 ⚡ ⚠ O47.09 H47.15 L46.69 C46.7 ATR=0.69 SL=46.77/46.8 rawVol=659467 volSMA=88680 buf=0.034 prices=
2026-01-05T09:40:00.000-05:00,[KLB] CONF 9:40 ▼ BRK → ✓ (auto-R1: EMA)
2026-01-05T09:45:00.000-05:00,[KLB] 5m CHECK 9:45 ▼ pnl=0.19 SPY~ → HOLD
2026-01-05T10:10:00.000-05:00,[KLB] 10:10 ▼ BRK VW Band vol=2x pos=v74 vwap=below ema=bear rs=-3% adx=54 body=59% ramp=0.9x rangeATR=1.6 O45.99 H46.03 L45.76 C45.83 ATR=0.69 SL=45.9/45.93 rawVol=427496 volSMA=215219 buf=0.034 prices=
2026-01-05T10:10:00.000-05:00,[KLB] CONF 10:10 ▼ BRK → ✓ (auto-R1: EMA)
2026-01-05T10:15:00.000-05:00,[KLB] 5m CHECK 10:15 ▼ pnl=-0.12 SPY~ → BAIL
2026-01-06T09:35:00.000-05:00,[KLB] 9:35 ▼ RNG range break vol=19x
2026-01-06T09:40:00.000-05:00,[KLB] 9:40 ▼ BRK ORB L + PD LH L vol=10.6x pos=v65 vwap=below ema=bear rs=-0.8% adx=22 body=56% ramp=81.7x rangeATR=5.7 ⚡ O46.86 H46.9 L46.52 C46.65 ATR=0.76 SL=46.73/46.76 rawVol=316725 volSMA=35518 buf=0.038 prices=46.83
2026-01-06T09:40:00.000-05:00,[KLB] 9:40 ▼ ~ ~ VWAP vol=10.6x pos=v65 vwap=below ema=bear rs=-0.8% adx=22 body=56% ramp=81.7x rangeATR=5.7 ⚡ O46.86 H46.9 L46.52 C46.65 ATR=0.76 SL=46.73/46.76 rawVol=316725 volSMA=35518 buf=0.038 prices=
2026-01-06T09:40:00.000-05:00,[KLB] CONF 9:40 ▼ BRK → ✓ (auto-R1: EMA)
2026-01-06T09:45:00.000-05:00,[KLB] 5m CHECK 9:45 ▼ pnl=-0.09 SPY~ → HOLD
2026-01-06T13:30:00.000-05:00,[KLB] 13:30 ▼ BRK Yest L vol=1.3x pos=v57 vwap=below ema=bear rs=-3.1% adx=49 body=50% ramp=1.3x rangeATR=0.9 O45.78 H45.78 L45.71 C45.74 ATR=0.76 SL=45.82/45.85 rawVol=92478 volSMA=72716 buf=0.038 prices=45.75
2026-01-06T13:30:00.000-05:00,[KLB] 13:30 ▼ ~ ~ Week H vol=1.3x pos=v57 vwap=below ema=bear rs=-3.1% adx=49 body=50% ramp=1.3x rangeATR=0.9 O45.78 H45.78 L45.71 C45.74 ATR=0.76 SL=45.82/45.85 rawVol=92478 volSMA=72716 buf=0.038 prices=45.78
2026-01-06T13:30:00.000-05:00,[KLB] CONF 13:30 ▼ BRK → ✓ (auto-R1: EMA)
2026-01-06T13:35:00.000-05:00,[KLB] 5m CHECK 13:35 ▼ pnl=0.07 SPY✗ → HOLD
2026-01-06T14:15:00.000-05:00,[KLB] 14:15 ▼ ~ ~ Week H vol=1.1x pos=v93 vwap=below ema=bear rs=-3.3% adx=48 body=71% ramp=1.5x rangeATR=1 O45.77 H45.79 L45.72 C45.72 ATR=0.76 SL=45.8/45.83 rawVol=77207 volSMA=69938 buf=0.038 prices=45.78
2026-01-06T14:35:00.000-05:00,[KLB] 14:35 ▼ BRK Yest L vol=1.2x pos=v68 vwap=below ema=bear rs=-3.3% adx=44 body=58% ramp=4.2x rangeATR=1.2 O45.78 H45.79 L45.69 C45.72 ATR=0.76 SL=45.8/45.83 rawVol=115262 volSMA=93379 buf=0.038 prices=45.75
2026-01-06T14:35:00.000-05:00,[KLB] 14:35 ▼ ~ ~ Week H vol=1.2x pos=v68 vwap=below ema=bear rs=-3.3% adx=44 body=58% ramp=4.2x rangeATR=1.2 O45.78 H45.79 L45.69 C45.72 ATR=0.76 SL=45.8/45.83 rawVol=115262 volSMA=93379 buf=0.038 prices=45.78
2026-01-06T14:35:00.000-05:00,[KLB] CONF 14:35 ▼ BRK → ✓ (auto-R1: EMA)
2026-01-06T14:40:00.000-05:00,[KLB] 5m CHECK 14:40 ▼ pnl=0.08 SPY✗ → HOLD
2026-01-06T15:30:00.000-05:00,[KLB] 15:30 ▼ ~ ~ Week H vol=0.7x pos=v92 vwap=below ema=bear rs=-3.3% adx=31 body=92% ramp=1.2x rangeATR=0.8 ⚠ O45.76 H45.76 L45.7 C45.71 ATR=0.76 SL=45.78/45.82 rawVol=85840 volSMA=120333 buf=0.038 prices=45.78
2026-01-06T15:55:00.000-05:00,[KLB] 15:55 ▼ BRK Yest L vol=1.7x pos=v79 vwap=below ema=bear rs=-3.3% adx=25 body=71% ramp=1.8x rangeATR=1.6 O45.81 H45.82 L45.7 C45.73 ATR=0.76 SL=45.8/45.84 rawVol=235166 volSMA=140794 buf=0.038 prices=45.75
2026-01-06T15:55:00.000-05:00,[KLB] 15:55 ▼ ~ ~ Week H vol=1.7x pos=v79 vwap=below ema=bear rs=-3.3% adx=25 body=71% ramp=1.8x rangeATR=1.6 O45.81 H45.82 L45.7 C45.73 ATR=0.76 SL=45.8/45.84 rawVol=235166 volSMA=140794 buf=0.038 prices=45.78
2026-01-06T15:55:00.000-05:00,[KLB] CONF 15:55 ▼ BRK → ✓ (auto-R1: EMA)
2026-01-06T16:00:00.000-05:00,[KLB] 5m CHECK 16:00 ▼ pnl=0.13 SPY✗ → HOLD
2026-01-07T09:35:00.000-05:00,[KLB] 9:35 ▼ RNG range break vol=17x
2026-01-07T10:10:00.000-05:00,[KLB] 10:10 ▼ BRK PD LH L vol=2.2x pos=v90 vwap=below ema=bear rs=-0.6% adx=29 body=80% ramp=0.9x rangeATR=0.9 ⚠ O45.61 H45.62 L45.52 C45.53 ATR=0.81 SL=45.61/45.65 rawVol=82077 volSMA=65414 buf=0.041 prices=
2026-01-07T10:10:00.000-05:00,[KLB] CONF 10:10 ▼ BRK → ✓ (auto-R1: EMA)
2026-01-07T10:15:00.000-05:00,[KLB] 10:15 ▼ BRK Yest L vol=1.2x pos=v96 vwap=below ema=bear rs=-0.8% adx=31 body=83% ramp=0.8x rangeATR=1 ⚠ O45.53 H45.54 L45.43 C45.43 ATR=0.81 SL=45.51/45.55 rawVol=79539 volSMA=67672 buf=0.041 prices=45.53
2026-01-07T10:15:00.000-05:00,[KLB] 10:15 ▼ ~ ~ VWAP vol=1.2x pos=v96 vwap=below ema=bear rs=-0.8% adx=31 body=83% ramp=0.8x rangeATR=1 ⚠ O45.53 H45.54 L45.43 C45.43 ATR=0.81 SL=45.51/45.55 rawVol=79539 volSMA=67672 buf=0.041 prices=
2026-01-07T10:15:00.000-05:00,[KLB] CONF 10:15 ▼ BRK → ✓ (auto-R1: EMA)
2026-01-07T10:20:00.000-05:00,[KLB] 5m CHECK 10:20 ▼ pnl=-0.01 SPY~ → HOLD
2026-01-08T09:30:00.000-05:00,[KLB] 9:30 ▼ RNG range break vol=3.9x
2026-01-08T09:35:00.000-05:00,[KLB] 9:35 ▲ RNG range break vol=19x
2026-01-08T09:35:00.000-05:00,[KLB] 9:35 ▲ BRK PD LH H vol=19x pos=^98 vwap=above ema=bull rs=+0.8% adx=21 body=75% ramp=300.1x rangeATR=8.6 ⚡ O45.31 H45.65 L45.21 C45.64 ATR=0.81 SL=45.56/45.52 rawVol=214976 volSMA=11328 buf=0.04 prices=
2026-01-08T09:35:00.000-05:00,[KLB] 9:35 ▲ ~ ~ VWAP + ~ Today O vol=19x pos=^98 vwap=above ema=bull rs=+0.8% adx=21 body=75% ramp=300.1x rangeATR=8.6 ⚡ O45.31 H45.65 L45.21 C45.64 ATR=0.81 SL=45.56/45.52 rawVol=214976 volSMA=11328 buf=0.04 prices=
2026-01-08T09:35:00.000-05:00,[KLB] CONF 9:35 ▲ BRK → ✓ (auto-R1: EMA)
2026-01-08T09:40:00.000-05:00,[KLB] 5m CHECK 9:40 ▲ pnl=-0.05 SPY~ → HOLD
2026-01-08T09:45:00.000-05:00,[KLB] 9:45 ▼ ~ ~ ORB H vol=6.7x pos=v65 vwap=below ema=bull rs=+0.6% adx=24 body=46% ramp=228.5x rangeATR=2.8 ⚡ O45.6 H45.64 L45.45 C45.52 ATR=0.81 SL=45.6/45.64 rawVol=139943 volSMA=27354 buf=0.04 prices=45.65
2026-01-08T10:05:00.000-05:00,[KLB] 10:05 ▲ FADE at 45.65
2026-01-09T09:35:00.000-05:00,[KLB] 9:35 ▼ ~ x~ PM H vol=18.6x pos=v94 vwap=below ema=bull rs=-0.1% adx=19 body=18% ramp=53.7x rangeATR=3.4 ⚡ O46.75 H46.88 L46.71 C46.72 ATR=0.87 SL=46.81/46.85 rawVol=200247 volSMA=10774 buf=0.044 prices=46.78
2026-01-09T09:50:00.000-05:00,[KLB] 9:50 ▲ FADE at 46.78
2026-01-12T09:35:00.000-05:00,[KLB] 9:35 ▼ RNG range break vol=17.2x
2026-01-12T09:45:00.000-05:00,[KLB] 9:45 ▼ BRK ORB L vol=4.9x pos=v97 vwap=below ema=bear rs=-1.3% adx=21 body=76% ramp=140.1x rangeATR=2.6 ⚡ O46.42 H46.46 L46.28 C46.28 ATR=0.84 SL=46.36/46.41 rawVol=78505 volSMA=15870 buf=0.042 prices=46.39
2026-01-12T09:45:00.000-05:00,[KLB] 9:45 ▼ ~ ~ VWAP vol=4.9x pos=v97 vwap=below ema=bear rs=-1.3% adx=21 body=76% ramp=140.1x rangeATR=2.6 ⚡ O46.42 H46.46 L46.28 C46.28 ATR=0.84 SL=46.36/46.41 rawVol=78505 volSMA=15870 buf=0.042 prices=
2026-01-12T09:45:00.000-05:00,[KLB] CONF 9:45 ▼ BRK → ✓ (auto-R1: EMA)
2026-01-12T09:50:00.000-05:00,[KLB] 5m CHECK 9:50 ▼ pnl=0.13 SPY✗ → HOLD
2026-01-12T11:35:00.000-05:00,[KLB] 11:35 ▲ ~ ~ ORB L vol=0.7x pos=^100 vwap=above ema=bear rs=-1.2% adx=25 body=80% ramp=0.8x rangeATR=0.7 ⚠ O46.38 H46.42 L46.37 C46.42 ATR=0.84 SL=46.34/46.29 rawVol=30330 volSMA=44383 buf=0.042 prices=46.39
2026-01-12T11:40:00.000-05:00,[KLB] 11:40 ▲ ~ ~ ORB L vol=0.7x pos=^89 vwap=above ema=bear rs=-1.2% adx=23 body=56% ramp=0.7x rangeATR=0.7 O46.43 H46.46 L46.42 C46.46 ATR=0.84 SL=46.37/46.33 rawVol=22646 volSMA=42785 buf=0.042 prices=46.39
2026-01-12T12:10:00.000-05:00,[KLB] 12:10 ▼ FADE at 46.39
2026-01-13T09:35:00.000-05:00,[KLB] 9:35 ▲ RNG range break vol=18.9x
2026-01-13T09:40:00.000-05:00,"[KLB] 9:40 ▼ ~ ~ PM H + ~ Yest H
~ VWAP vol=6.5x pos=v100 vwap=below ema=bull rs=-0.1% adx=21 body=91% ramp=251.6x rangeATR=2 ⚡ ⚠ O46.8 H46.81 L46.7 C46.7 ATR=0.83 SL=46.78/46.82 rawVol=109676 volSMA=16826 buf=0.041 prices=46.75/46.81"
2026-01-13T09:45:00.000-05:00,[KLB] 9:45 ▲ FADE at 46.75
2026-01-13T09:50:00.000-05:00,[KLB] 9:50 ▲ BRK Week O vol=5.7x pos=^95 vwap=above ema=bull rs=+1.1% adx=27 body=85% ramp=2.1x rangeATR=3.4 ⚡ ⚠ O46.94 H47.21 L46.91 C47.19 ATR=0.83 SL=47.11/47.07 rawVol=143028 volSMA=33378 buf=0.041 prices=
2026-01-13T09:50:00.000-05:00,[KLB] 9:50 ▲ ~ ~ VWAP vol=5.7x pos=^95 vwap=above ema=bull rs=+1.1% adx=27 body=85% ramp=2.1x rangeATR=3.4 ⚡ ⚠ O46.94 H47.21 L46.91 C47.19 ATR=0.83 SL=47.11/47.07 rawVol=143028 volSMA=33378 buf=0.041 prices=
2026-01-13T09:50:00.000-05:00,[KLB] CONF 9:50 ▲ BRK → ✓ (auto-R1: EMA)
2026-01-13T09:55:00.000-05:00,[KLB] 5m CHECK 9:55 ▲ pnl=-0.02 SPY~ → HOLD
2026-01-14T09:30:00.000-05:00,[KLB] 9:30 ▼ RNG range break vol=4.3x
2026-01-14T09:35:00.000-05:00,[KLB] 9:35 ▲ RNG range break vol=18.9x
2026-01-14T09:45:00.000-05:00,[KLB] 9:45 ▲ ~ ~ VWAP vol=7.7x pos=^86 vwap=above ema=bull rs=+1.8% adx=23 body=75% ramp=195x rangeATR=3.4 ⚡ O47.79 H48.04 L47.76 C48 ATR=0.84 SL=47.92/47.87 rawVol=188578 volSMA=24455 buf=0.042 prices=
2026-01-15T09:35:00.000-05:00,[KLB] 9:35 ▼ RNG range break vol=18.2x
2026-01-15T09:35:00.000-05:00,[KLB] 9:35 ▼ BRK PM L vol=18.2x pos=v88 vwap=below ema=bear rs=-0.3% adx=23 body=62% ramp=44.5x rangeATR=4.1 ⚡ O47.61 H47.68 L47.42 C47.45 ATR=0.9 SL=47.54/47.59 rawVol=299938 volSMA=16482 buf=0.045 prices=47.5
2026-01-15T09:35:00.000-05:00,[KLB] 9:35 ▼ ~ ~ Today O vol=18.2x pos=v88 vwap=below ema=bear rs=-0.3% adx=23 body=62% ramp=44.5x rangeATR=4.1 ⚡ O47.61 H47.68 L47.42 C47.45 ATR=0.9 SL=47.54/47.59 rawVol=299938 volSMA=16482 buf=0.045 prices=
2026-01-15T09:35:00.000-05:00,[KLB] CONF 9:35 ▼ BRK → ✓ (auto-R1: EMA)
2026-01-15T09:40:00.000-05:00,[KLB] 5m CHECK 9:40 ▼ pnl=-0.04 SPY~ → HOLD
2026-01-15T12:00:00.000-05:00,[KLB] 12:00 ▼ ~ ~ PD Cls vol=0.8x pos=v60 vwap=above ema=bull rs=+0.8% adx=27 body=60% ramp=0.5x rangeATR=0.7 🔇 O48.06 H48.06 L48.01 C48.03 ATR=0.9 SL=48.12/48.17 rawVol=52994 volSMA=66953 buf=0.045 prices=
2026-01-15T14:35:00.000-05:00,[KLB] 14:35 ▼ ~ ~ VWAP vol=1x pos=v75 vwap=below ema=bear rs=+0.3% adx=21 body=75% ramp=1.5x rangeATR=1.6 O47.77 H47.77 L47.67 C47.7 ATR=0.9 SL=47.79/47.83 rawVol=45548 volSMA=47605 buf=0.045 prices=
2026-01-15T14:40:00.000-05:00,[KLB] 14:40 ▼ ~ ~ ORB H vol=1x pos=v75 vwap=below ema=bear rs=+0.2% adx=23 body=75% ramp=1.9x rangeATR=1.2 O47.7 H47.7 L47.62 C47.64 ATR=0.9 SL=47.73/47.78 rawVol=47617 volSMA=46317 buf=0.045 prices=47.68
2026-01-15T15:55:00.000-05:00,[KLB] 15:55 ▼ ~ ~ ORB H vol=6.1x pos=v90 vwap=below ema=bear rs=+0.3% adx=25 body=48% ramp=2.8x rangeATR=2.3 ⚡ O47.67 H47.73 L47.59 C47.6 ATR=0.9 SL=47.69/47.74 rawVol=416671 volSMA=68350 buf=0.045 prices=47.68
2026-01-16T09:30:00.000-05:00,[KLB] 9:30 ▼ RNG range break vol=6.6x
2026-01-16T09:35:00.000-05:00,[KLB] 9:35 ▲ ~ ~ PM L + ~ Yest L + ~ PD LH L vol=18.5x pos=^71 vwap=above ema=bear rs=+0.2% adx=20 body=65% ramp=88.3x rangeATR=4.7 ⚡ O47.51 H47.73 L47.49 C47.66 ATR=0.89 SL=47.57/47.53 rawVol=177198 volSMA=9578 buf=0.045 prices=47.51/47.27
2026-01-16T09:40:00.000-05:00,[KLB] 9:40 ▼ ~ ~ Yest H vol=6.3x pos=v67 vwap=below ema=bear rs=+0.1% adx=22 body=33% ramp=144.8x rangeATR=2.2 ⚡ O47.63 H47.67 L47.55 C47.59 ATR=0.89 SL=47.68/47.72 rawVol=87383 volSMA=13892 buf=0.045 prices=48.07
2026-01-16T09:55:00.000-05:00,[KLB] 9:55 ▼ ~ ~ Yest H vol=3.7x pos=v81 vwap=below ema=bear rs=+0.2% adx=22 body=50% ramp=1.1x rangeATR=1.2 O47.63 H47.65 L47.57 C47.59 ATR=0.89 SL=47.67/47.72 rawVol=106193 volSMA=28777 buf=0.045 prices=48.07
2026-01-16T10:10:00.000-05:00,[KLB] 10:10 ▼ ~ ~ Yest H + ~ ORB H vol=1.9x pos=v77 vwap=below ema=bear rs=+0.2% adx=20 body=54% ramp=0.8x rangeATR=1.7 O47.68 H47.71 L47.58 C47.61 ATR=0.89 SL=47.7/47.74 rawVol=76733 volSMA=40849 buf=0.045 prices=48.07/47.73
2026-01-16T10:45:00.000-05:00,[KLB] 10:45 ▼ ~ x~ Yest H vol=0.7x pos=v60 vwap=below ema=bear rs=+0.5% adx=19 body=20% ramp=0.9x rangeATR=0.7 O47.62 H47.64 L47.59 C47.61 ATR=0.89 SL=47.7/47.74 rawVol=43441 volSMA=60689 buf=0.045 prices=48.07
2026-01-20T09:30:00.000-05:00,[KLB] 9:30 ▼ ~ x~ PM H vol=2.1x pos=v90 vwap=below ema=bull rs=-1.8% adx=22 body=20% ramp=2.8x rangeATR=2.6 ⚡ O47.95 H48.02 L47.92 C47.93 ATR=0.85 SL=48.02/48.06 rawVol=1788 volSMA=869 buf=0.043 prices=48.02
2026-01-20T09:35:00.000-05:00,[KLB] 9:35 ▼ RNG range break vol=19.1x
2026-01-20T09:35:00.000-05:00,"[KLB] 9:35 ▼ ~ ~ PM H
~ VWAP + ~ Today O vol=19.1x pos=v100 vwap=below ema=bull rs=-0.8% adx=25 body=58% ramp=199.2x rangeATR=7.2 ⚡ O48.09 H48.31 L47.78 C47.78 ATR=0.85 SL=47.87/47.91 rawVol=352954 volSMA=18501 buf=0.043 prices=48.02"
2026-01-20T09:40:00.000-05:00,[KLB] 9:40 ▲ ~ ~ PD Cls vol=8.9x pos=^90 vwap=below ema=bull rs=-0.6% adx=27 body=41% ramp=340x rangeATR=2.4 ⚡ O47.78 H47.88 L47.69 C47.86 ATR=0.85 SL=47.77/47.73 rawVol=293885 volSMA=33187 buf=0.043 prices=
2026-01-20T09:50:00.000-05:00,[KLB] 9:50 ▼ ~ x~ PM H vol=3.7x pos=v86 vwap=below ema=bull rs=-0.6% adx=30 body=29% ramp=1.8x rangeATR=2.2 ⚡ O47.94 H48.06 L47.85 C47.88 ATR=0.85 SL=47.97/48.01 rawVol=184067 volSMA=50184 buf=0.043 prices=48.02
2026-01-20T10:30:00.000-05:00,[KLB] 10:30 ▲ ~ ~ VWAP vol=1.1x pos=^100 vwap=above ema=bull rs=-0.6% adx=35 body=97% ramp=0.9x rangeATR=1.4 ⚠ O47.85 H47.99 L47.85 C47.99 ATR=0.85 SL=47.9/47.86 rawVol=89716 volSMA=90659 buf=0.043 prices=
2026-01-20T13:55:00.000-05:00,[KLB] 13:55 ▼ BRK PD LH L vol=1.9x pos=v100 vwap=below ema=bear rs=-0.6% adx=21 body=87% ramp=2.4x rangeATR=1.3 ⚠ O47.61 H47.62 L47.55 C47.55 ATR=0.85 SL=47.63/47.67 rawVol=54645 volSMA=45488 buf=0.043 prices=
2026-01-20T13:55:00.000-05:00,[KLB] CONF 13:55 ▼ BRK → ✓ (auto-R1: EMA)
2026-01-20T14:00:00.000-05:00,[KLB] 5m CHECK 14:00 ▼ pnl=-0.04 SPY✓ → HOLD
2026-01-20T14:35:00.000-05:00,[KLB] 14:35 ▼ BRK PD LH L vol=3.4x pos=v97 vwap=below ema=bear rs=-0.6% adx=30 body=97% ramp=2.5x rangeATR=2.4 ⚡ ⚠ O47.68 H47.68 L47.53 C47.54 ATR=0.85 SL=47.62/47.66 rawVol=148544 volSMA=43352 buf=0.043 prices=
2026-01-20T14:35:00.000-05:00,[KLB] CONF 14:35 ▼ BRK → ✓ (auto-R1: EMA)
2026-01-20T14:40:00.000-05:00,[KLB] 5m CHECK 14:40 ▼ pnl=-0.01 SPY✓ → HOLD
2026-01-21T09:30:00.000-05:00,[KLB] 9:30 ▲ RNG range break vol=7.2x
2026-01-21T09:30:00.000-05:00,[KLB] 9:30 ▲ ~ ~ Today O vol=7.2x pos=^100 vwap=below ema=bull rs=+0.4% adx=46 body=78% ramp=2.6x rangeATR=2.1 ⚡ O48.27 H48.34 L48.25 C48.34 ATR=0.85 SL=48.25/48.21 rawVol=5619 volSMA=782 buf=0.043 prices=
2026-01-21T09:40:00.000-05:00,[KLB] 9:40 ▲ ~ ~ VWAP vol=10x pos=^76 vwap=above ema=bull rs=+1.3% adx=52 body=72% ramp=203.6x rangeATR=3.2 ⚡ O48.75 H49.03 L48.74 C48.96 ATR=0.85 SL=48.87/48.83 rawVol=326645 volSMA=34154 buf=0.043 prices=
2026-01-21T10:15:00.000-05:00,[KLB] 10:15 ▼ ~ x~ ORB H vol=1.4x pos=v95 vwap=below ema=bull rs=+0.5% adx=65 body=25% ramp=0.7x rangeATR=0.9 O48.75 H48.82 L48.72 C48.73 ATR=0.85 SL=48.81/48.85 rawVol=116660 volSMA=85808 buf=0.043 prices=48.76
2026-01-21T10:20:00.000-05:00,[KLB] 10:20 ▲ FADE at 48.76
2026-01-21T14:40:00.000-05:00,[KLB] 14:40 ▼ ~ x~ ORB H vol=4.5x pos=v30 vwap=below ema=bull rs=-0.2% adx=18 body=13% ramp=2.9x rangeATR=3.3 ⚡ O48.72 H48.77 L48.47 C48.68 ATR=0.85 SL=48.77/48.81 rawVol=299121 volSMA=66794 buf=0.043 prices=48.76
2026-01-22T09:35:00.000-05:00,[KLB] 9:35 ▲ RNG range break vol=17.9x
2026-01-22T09:45:00.000-05:00,[KLB] 9:45 ▼ BRK ORB L + PD LH L vol=5.9x pos=v68 vwap=below ema=bear rs=-0.2% adx=24 body=57% ramp=267.9x rangeATR=3 ⚡ O48.67 H48.7 L48.42 C48.51 ATR=0.89 SL=48.6/48.64 rawVol=270154 volSMA=45639 buf=0.045 prices=48.54
2026-01-22T09:45:00.000-05:00,"[KLB] 9:45 ▼ ~ ~ Week H
~ VWAP vol=5.9x pos=v68 vwap=below ema=bear rs=-0.2% adx=24 body=57% ramp=267.9x rangeATR=3 ⚡ O48.67 H48.7 L48.42 C48.51 ATR=0.89 SL=48.6/48.64 rawVol=270154 volSMA=45639 buf=0.045 prices=48.65"
2026-01-22T09:45:00.000-05:00,[KLB] CONF 9:45 ▼ BRK → ✓ (auto-R1: EMA)
2026-01-22T09:50:00.000-05:00,[KLB] 5m CHECK 9:50 ▼ pnl=-0.1 SPY~ → BAIL
2026-01-22T09:55:00.000-05:00,[KLB] 9:55 ▼ ~ x~ Week H vol=2x pos=v53 vwap=below ema=bull rs=+0.1% adx=23 body=21% ramp=1x rangeATR=0.9 O48.61 H48.64 L48.55 C48.59 ATR=0.89 SL=48.68/48.72 rawVol=127326 volSMA=62851 buf=0.045 prices=48.65
2026-01-22T10:00:00.000-05:00,[KLB] 10:00 ▼ ~ x~ Week H vol=1.9x pos=v62 vwap=below ema=bull rs=+0.2% adx=22 body=10% ramp=0.5x rangeATR=1 O48.59 H48.65 L48.54 C48.58 ATR=0.89 SL=48.67/48.71 rawVol=93930 volSMA=67538 buf=0.045 prices=48.65
2026-01-22T11:55:00.000-05:00,[KLB] 11:55 ▲ ~ ~ VWAP vol=0.8x pos=^100 vwap=above ema=bull rs=+0.2% adx=22 body=83% ramp=1.1x rangeATR=0.8 ⚠ O48.67 H48.72 L48.66 C48.72 ATR=0.89 SL=48.63/48.59 rawVol=45256 volSMA=57763 buf=0.045 prices=
2026-01-22T13:50:00.000-05:00,[KLB] 13:50 ▲ BRK PD LH H vol=1.1x pos=^86 vwap=above ema=bull rs=+0.5% adx=22 body=71% ramp=1.4x rangeATR=1.3 O48.84 H48.9 L48.83 C48.89 ATR=0.89 SL=48.8/48.76 rawVol=55413 volSMA=52591 buf=0.045 prices=
2026-01-22T13:50:00.000-05:00,[KLB] CONF 13:50 ▲ BRK → ✓ (auto-R1: EMA)
2026-01-22T13:55:00.000-05:00,[KLB] 5m CHECK 13:55 ▲ pnl=0 SPY~ → HOLD
2026-01-23T09:35:00.000-05:00,[KLB] 9:35 ▲ RNG range break vol=17.6x
2026-01-23T09:35:00.000-05:00,[KLB] 9:35 ▲ ~ ~ Today O vol=17.6x pos=^66 vwap=above ema=bull rs=+0.5% adx=38 body=58% ramp=100.2x rangeATR=6.3 ⚡ O49.47 H49.88 L49.44 C49.73 ATR=0.87 SL=49.64/49.6 rawVol=328725 volSMA=18662 buf=0.044 prices=
2026-01-23T09:40:00.000-05:00,[KLB] 9:40 ▲ ~ ~ VWAP vol=11.3x pos=^41 vwap=above ema=bull rs=+0.7% adx=41 body=35% ramp=147.5x rangeATR=2.2 ⚡ O49.73 H49.89 L49.72 C49.79 ATR=0.87 SL=49.7/49.66 rawVol=214697 volSMA=29095 buf=0.044 prices=
2026-01-23T09:45:00.000-05:00,[KLB] 9:45 ▼ ~ ~ ORB H vol=4.6x pos=v93 vwap=below ema=bull rs=+0.2% adx=42 body=66% ramp=209.3x rangeATR=3.1 ⚡ O49.79 H49.87 L49.58 C49.6 ATR=0.87 SL=49.69/49.73 rawVol=173764 volSMA=37765 buf=0.044 prices=49.88
2026-01-26T09:35:00.000-05:00,[KLB] 9:35 ▼ RNG range break vol=19.1x
2026-01-26T09:35:00.000-05:00,"[KLB] 9:35 ▼ ~ ~ Yest H
~ VWAP vol=19.1x pos=v99 vwap=below ema=bull rs=-1.1% adx=24 body=99% ramp=92.4x rangeATR=6.9 ⚡ ⚠ O49.85 H49.85 L49.36 C49.37 ATR=0.88 SL=49.45/49.5 rawVol=303118 volSMA=15867 buf=0.044 prices=49.89"
2026-01-26T09:50:00.000-05:00,[KLB] 9:50 ▼ BRK PM L vol=3.2x pos=v80 vwap=below ema=bear rs=-1.2% adx=30 body=80% ramp=1.3x rangeATR=1.7 ⚠ O49.5 H49.5 L49.35 C49.38 ATR=0.88 SL=49.47/49.51 rawVol=114569 volSMA=35686 buf=0.044 prices=49.45
2026-01-26T09:50:00.000-05:00,[KLB] CONF 9:50 ▼ BRK → ✓ (auto-R1: EMA)
2026-01-26T09:55:00.000-05:00,[KLB] 9:55 ▼ BRK ORB L vol=2.9x pos=v87 vwap=below ema=bear rs=-1.5% adx=32 body=75% ramp=0.6x rangeATR=1.7 O49.37 H49.39 L49.23 C49.25 ATR=0.88 SL=49.34/49.38 rawVol=72911 volSMA=39328 buf=0.044 prices=49.36
2026-01-26T09:55:00.000-05:00,[KLB] CONF 9:55 ▼ BRK → ✓ (auto-R1: EMA)
2026-01-26T10:00:00.000-05:00,[KLB] 10:00 ▼ 🔇 QBS ramp=0.5x vol=1.9x pos=v81 vwap=below ema=bear adx=35 body=77% rangeATR=1.6 O49.24 H49.25 L49.09 C49.12 ATR=0.88
2026-01-26T10:00:00.000-05:00,[KLB] 10:00 ▼ ~ ~ PD Cls vol=1.9x pos=v81 vwap=below ema=bear rs=-1.8% adx=35 body=77% ramp=0.5x rangeATR=1.6 🔇 O49.24 H49.25 L49.09 C49.12 ATR=0.88 SL=49.21/49.25 rawVol=81822 volSMA=43419 buf=0.044 prices=
2026-01-26T10:00:00.000-05:00,[KLB] 5m CHECK 10:00 ▼ pnl=0.15 SPY~ → HOLD
2026-01-26T10:15:00.000-05:00,[KLB] CONF 10:15 ▼ QBS → ✗ (failed)
2026-01-27T09:30:00.000-05:00,[KLB] 9:30 ▲ ~ ~ VWAP + ~ Today O vol=1x pos=^100 vwap=above ema=bull rs=+0.2% adx=33 body=50% ramp=2x rangeATR=2.2 ⚡ O49.36 H49.4 L49.32 C49.4 ATR=0.88 SL=49.31/49.27 rawVol=1427 volSMA=1405 buf=0.044 prices=
2026-01-27T09:35:00.000-05:00,[KLB] 9:35 ▼ ~ x~ PM H vol=18x pos=v54 vwap=below ema=bull rs=-0.2% adx=33 body=23% ramp=47.3x rangeATR=5.2 ⚡ O49.37 H49.45 L49.17 C49.3 ATR=0.88 SL=49.39/49.43 rawVol=255383 volSMA=14168 buf=0.044 prices=49.42
2026-01-27T09:40:00.000-05:00,[KLB] 9:40 ▲ FADE at 49.42
2026-01-27T09:40:00.000-05:00,[KLB] 9:40 ▲ RNG range break vol=6.8x
2026-01-27T09:40:00.000-05:00,[KLB] 9:40 ▲ BRK PD LH H vol=6.8x pos=^92 vwap=above ema=bull rs=+0.4% adx=30 body=92% ramp=76.5x rangeATR=3.5 ⚡ ⚠ O49.31 H49.55 L49.31 C49.53 ATR=0.88 SL=49.44/49.4 rawVol=146276 volSMA=21465 buf=0.044 prices=
2026-01-27T09:40:00.000-05:00,[KLB] CONF 9:40 ▲ BRK → ✓ (auto-R1: EMA)
2026-01-27T09:45:00.000-05:00,[KLB] 5m CHECK 9:45 ▲ pnl=0.28 SPY~ → HOLD
2026-01-27T11:20:00.000-05:00,[KLB] 11:20 ▲ ~ ~ PD Cls vol=0.9x pos=^100 vwap=below ema=bull rs=-0.5% adx=25 body=62% ramp=0.8x rangeATR=0.8 O49.24 H49.28 L49.22 C49.28 ATR=0.88 SL=49.19/49.15 rawVol=61078 volSMA=64899 buf=0.044 prices=
2026-01-27T12:15:00.000-05:00,[KLB] 12:15 ▼ ~ x~ ORB H vol=1.1x pos=v80 vwap=below ema=bull rs=-0.2% adx=15 body=20% ramp=0.8x rangeATR=0.7 O49.41 H49.44 L49.39 C49.4 ATR=0.88 SL=49.49/49.53 rawVol=58524 volSMA=55307 buf=0.044 prices=49.45
2026-01-27T12:30:00.000-05:00,[KLB] 12:30 ▲ FADE at 49.45
2026-01-28T09:35:00.000-05:00,[KLB] 9:35 ▲ RNG range break vol=17.8x
2026-01-28T10:35:00.000-05:00,[KLB] 10:35 ▼ ~ x~ Week H vol=0.8x pos=v73 vwap=below ema=bull rs=-0.1% adx=35 body=5% ramp=0.7x rangeATR=1.3 O49.86 H49.93 L49.82 C49.85 ATR=0.87 SL=49.94/49.98 rawVol=36694 volSMA=48913 buf=0.043 prices=49.89
2026-01-28T10:40:00.000-05:00,[KLB] 10:40 ▲ FADE at 49.89
2026-01-28T11:20:00.000-05:00,[KLB] 11:20 ▼ ~ x~ PM H vol=0.9x pos=v100 vwap=below ema=bull rs=+0.1% adx=26 body=17% ramp=0.9x rangeATR=0.9 O49.93 H49.98 L49.92 C49.92 ATR=0.87 SL=50.01/50.05 rawVol=46963 volSMA=52661 buf=0.043 prices=49.96
2026-01-28T11:25:00.000-05:00,[KLB] 11:25 ▲ FADE at 49.96
2026-01-28T11:40:00.000-05:00,[KLB] 11:40 ▲ ~ ~ VWAP vol=0.4x pos=^100 vwap=above ema=bull rs=+0.4% adx=26 body=100% ramp=0.5x rangeATR=0.6 ⚠ O50 H50.04 L50 C50.04 ATR=0.87 SL=49.95/49.91 rawVol=14982 volSMA=42568 buf=0.043 prices=
2026-01-28T13:05:00.000-05:00,[KLB] 13:05 ▲ BRK PD LH H vol=2.3x pos=^88 vwap=below ema=bull rs=+0.2% adx=21 body=81% ramp=4.6x rangeATR=3.1 ⚡ ⚠ O49.73 H49.97 L49.71 C49.94 ATR=0.87 SL=49.85/49.81 rawVol=91082 volSMA=39829 buf=0.043 prices=
2026-01-28T13:05:00.000-05:00,[KLB] CONF 13:05 ▲ BRK → ✓ (auto-R1: EMA)
2026-01-28T13:10:00.000-05:00,[KLB] 5m CHECK 13:10 ▲ pnl=0.05 SPY~ → HOLD
2026-01-28T13:55:00.000-05:00,[KLB] 13:55 ▼ ~ ~ VWAP vol=0.7x pos=v100 vwap=below ema=bear rs=-0.1% adx=34 body=100% ramp=1.1x rangeATR=1.2 ⚠ O49.86 H49.86 L49.78 C49.78 ATR=0.87 SL=49.86/49.9 rawVol=28153 volSMA=37928 buf=0.043 prices=
2026-01-28T14:20:00.000-05:00,[KLB] 14:20 ▼ ~ ~ PM H vol=0.7x pos=v100 vwap=below ema=bear rs=+0.2% adx=33 body=75% ramp=1.5x rangeATR=0.6 O49.93 H49.94 L49.9 C49.9 ATR=0.87 SL=49.99/50.03 rawVol=28581 volSMA=41284 buf=0.043 prices=49.96
2026-01-28T14:30:00.000-05:00,[KLB] 14:30 ▼ BRK ORB L vol=1.9x pos=v95 vwap=below ema=bear rs=-0.1% adx=34 body=91% ramp=1x rangeATR=2.9 ⚡ ⚠ O49.93 H49.94 L49.72 C49.73 ATR=0.87 SL=49.82/49.86 rawVol=85947 volSMA=44367 buf=0.043 prices=49.85
2026-01-28T14:30:00.000-05:00,[KLB] 14:30 ▼ ~ ~ PM H + ~ Week H vol=1.9x pos=v95 vwap=below ema=bear rs=-0.1% adx=34 body=91% ramp=1x rangeATR=2.9 ⚡ ⚠ O49.93 H49.94 L49.72 C49.73 ATR=0.87 SL=49.82/49.86 rawVol=85947 volSMA=44367 buf=0.043 prices=49.96/49.89
2026-01-28T14:30:00.000-05:00,[KLB] CONF 14:30 ▼ BRK → ✓ (auto-R1: EMA)
2026-01-28T14:35:00.000-05:00,[KLB] 14:35 ▲ ~ ~ PD Cls vol=5.8x pos=^96 vwap=below ema=bear rs=0% adx=36 body=33% ramp=3.3x rangeATR=3 ⚡ O49.73 H49.83 L49.56 C49.82 ATR=0.87 SL=49.73/49.69 rawVol=353608 volSMA=60975 buf=0.043 prices=
2026-01-28T14:35:00.000-05:00,[KLB] 5m CHECK 14:35 ▼ pnl=-0.1 SPY~ → BAIL
2026-01-28T15:00:00.000-05:00,[KLB] 15:00 ▼ ~ ~ Week H vol=1.3x pos=v100 vwap=below ema=bear rs=+0.1% adx=37 body=86% ramp=0.3x rangeATR=0.8 ⚠ 🔇 O49.91 H49.92 L49.85 C49.85 ATR=0.87 SL=49.94/49.98 rawVol=80706 volSMA=59962 buf=0.043 prices=49.89
2026-01-28T15:20:00.000-05:00,[KLB] 15:20 ▼ ~ ~ PM H vol=1x pos=v94 vwap=below ema=bear rs=+0% adx=32 body=71% ramp=1.1x rangeATR=1 O49.96 H49.98 L49.9 C49.9 ATR=0.87 SL=49.99/50.03 rawVol=52330 volSMA=66575 buf=0.043 prices=49.96
2026-01-28T15:50:00.000-05:00,[KLB] 15:50 ▼ ~ x~ PM H vol=1.4x pos=v82 vwap=below ema=bull rs=+0.2% adx=26 body=12% ramp=1.7x rangeATR=1.1 O49.92 H49.98 L49.89 C49.91 ATR=0.87 SL=49.99/50.03 rawVol=111870 volSMA=79245 buf=0.043 prices=49.96
2026-01-28T15:55:00.000-05:00,[KLB] 15:55 ▲ FADE at 49.96
2026-01-29T09:30:00.000-05:00,"[KLB] 9:30 ▼ ~ ~ PM H
~ VWAP + ~ Today O vol=13x pos=v100 vwap=below ema=bull rs=+0% adx=45 body=50% ramp=16.2x rangeATR=2.4 ⚡ O51.15 H51.22 L51.08 C51.08 ATR=0.85 SL=51.16/51.21 rawVol=46938 volSMA=3613 buf=0.042 prices=51.22"
2026-01-29T09:35:00.000-05:00,[KLB] 9:35 ▲ FADE at 51.22
2026-01-29T09:35:00.000-05:00,[KLB] 9:35 ▲ RNG range break vol=17.9x
2026-01-29T09:40:00.000-05:00,[KLB] 9:40 ▲ ~ ~ VWAP vol=12.5x pos=^91 vwap=above ema=bull rs=+1% adx=50 body=86% ramp=195.6x rangeATR=2.5 ⚡ ⚠ O51.41 H51.62 L51.4 C51.6 ATR=0.85 SL=51.52/51.47 rawVol=299582 volSMA=49516 buf=0.042 prices=
2026-01-29T09:45:00.000-05:00,[KLB] 9:45 ▼ ~ ~ ORB H vol=5.9x pos=v91 vwap=below ema=bull rs=+0.8% adx=50 body=66% ramp=26.1x rangeATR=3.9 ⚡ O51.61 H51.73 L51.27 C51.31 ATR=0.85 SL=51.39/51.44 rawVol=415792 volSMA=70256 buf=0.042 prices=51.42
2026-01-30T09:35:00.000-05:00,[KLB] 9:35 ▼ ~ x~ PM H vol=19.5x pos=v68 vwap=below ema=bull rs=-0.3% adx=24 body=16% ramp=495.6x rangeATR=4.5 ⚡ O50.37 H50.56 L50.19 C50.31 ATR=0.91 SL=50.4/50.45 rawVol=374413 volSMA=19178 buf=0.045 prices=50.36
2026-01-30T09:45:00.000-05:00,[KLB] 9:45 ▲ FADE at 50.36
2026-01-30T09:45:00.000-05:00,"[KLB] 9:45 ▲ ~ ~ Yest L
~ VWAP + ~ PD LH L vol=5.8x pos=^90 vwap=above ema=bull rs=+0.3% adx=28 body=79% ramp=758.7x rangeATR=2.7 ⚡ O50.33 H50.59 L50.3 C50.56 ATR=0.91 SL=50.47/50.42 rawVol=135508 volSMA=36415 buf=0.045 prices=50.48"
2026-01-30T09:55:00.000-05:00,[KLB] 9:55 ▼ ~ x~ PM H vol=3.4x pos=v50 vwap=below ema=bull rs=-0.3% adx=30 body=17% ramp=0.8x rangeATR=1.8 O50.3 H50.38 L50.14 C50.26 ATR=0.91 SL=50.35/50.4 rawVol=158367 volSMA=53341 buf=0.045 prices=50.36
2026-01-30T10:10:00.000-05:00,[KLB] 10:10 ▲ FADE at 50.36
2026-01-30T10:40:00.000-05:00,[KLB] 10:40 ▲ ~ ~ PD LH L vol=1.4x pos=^79 vwap=above ema=bull rs=+0.1% adx=28 body=68% ramp=1.1x rangeATR=1.4 O50.38 H50.55 L50.36 C50.51 ATR=0.91 SL=50.42/50.37 rawVol=136700 volSMA=96078 buf=0.045 prices=
2026-01-30T11:30:00.000-05:00,[KLB] 11:30 ▲ ~ ~ Yest L vol=1x pos=^89 vwap=above ema=bull rs=+0.7% adx=29 body=72% ramp=0.9x rangeATR=1.6 O50.54 H50.69 L50.51 C50.67 ATR=0.91 SL=50.58/50.53 rawVol=86475 volSMA=89106 buf=0.045 prices=50.48
2026-01-30T14:00:00.000-05:00,[KLB] 14:00 ▼ ~ ~ PM H vol=1x pos=v84 vwap=below ema=bear rs=-0.1% adx=31 body=48% ramp=0.8x rangeATR=1.8 O50.39 H50.48 L50.23 C50.27 ATR=0.91 SL=50.36/50.41 rawVol=149719 volSMA=154554 buf=0.045 prices=50.36
2026-01-30T14:35:00.000-05:00,[KLB] 14:35 ▲ ~ ~ Yest L vol=1.8x pos=^68 vwap=above ema=bull rs=+0.4% adx=26 body=65% ramp=2.3x rangeATR=1.3 O50.46 H50.64 L50.46 C50.58 ATR=0.91 SL=50.49/50.44 rawVol=218741 volSMA=119565 buf=0.045 prices=50.48
2026-02-02T09:30:00.000-05:00,[KLB] 9:30 ▼ RNG range break vol=3.9x
2026-02-02T09:35:00.000-05:00,[KLB] 9:35 ▼ BRK Month O vol=18.3x pos=v76 vwap=below ema=bear rs=-0.5% adx=21 body=34% ramp=126.4x rangeATR=5 ⚡ O50.1 H50.27 L49.86 C49.96 ATR=0.93 SL=50.05/50.1 rawVol=392312 volSMA=21384 buf=0.046 prices=
2026-02-02T09:35:00.000-05:00,[KLB] 9:35 ▼ ~ ~ VWAP + ~ Today O vol=18.3x pos=v76 vwap=below ema=bear rs=-0.5% adx=21 body=34% ramp=126.4x rangeATR=5 ⚡ O50.1 H50.27 L49.86 C49.96 ATR=0.93 SL=50.05/50.1 rawVol=392312 volSMA=21384 buf=0.046 prices=
2026-02-02T09:35:00.000-05:00,[KLB] CONF 9:35 ▼ BRK → ✓ (auto-R1: EMA)
2026-02-02T09:40:00.000-05:00,[KLB] 5m CHECK 9:40 ▼ pnl=-0.19 SPY✗ → BAIL
2026-02-02T09:45:00.000-05:00,[KLB] 9:45 ▲ ~ ~ VWAP vol=5.6x pos=^96 vwap=above ema=bear rs=-0.1% adx=24 body=50% ramp=67.5x rangeATR=2.3 ⚡ O50.15 H50.29 L50.03 C50.28 ATR=0.93 SL=50.19/50.14 rawVol=166429 volSMA=41250 buf=0.046 prices=
2026-02-02T09:50:00.000-05:00,[KLB] 9:50 ▼ ~ ~ ORB H vol=3.1x pos=v92 vwap=below ema=bear rs=-0.5% adx=25 body=84% ramp=1.4x rangeATR=2.1 ⚡ ⚠ O50.28 H50.3 L50.05 C50.07 ATR=0.93 SL=50.16/50.21 rawVol=150434 volSMA=48702 buf=0.046 prices=50.27
2026-02-02T10:00:00.000-05:00,[KLB] 10:00 ▼ 🔇 QBS ramp=0.5x vol=2.2x pos=v77 vwap=below ema=bear adx=28 body=77% rangeATR=2.1 ⚡ O50.04 H50.04 L49.77 C49.83 ATR=0.93
2026-02-02T10:00:00.000-05:00,[KLB] 10:00 ▼ BRK Yest L + ORB L + Week O vol=2.2x pos=v77 vwap=below ema=bear rs=-1% adx=28 body=77% ramp=0.5x rangeATR=2.1 ⚡ 🔇 O50.04 H50.04 L49.77 C49.83 ATR=0.93 SL=49.92/49.97 rawVol=108290 volSMA=60622 buf=0.046 prices=49.88/49.86
2026-02-02T10:00:00.000-05:00,[KLB] CONF 10:00 ▼ BRK → ✓ (auto-R1: EMA)
2026-02-02T10:05:00.000-05:00,[KLB] 5m CHECK 10:05 ▼ pnl=-0.25 SPY✗ → BAIL
2026-02-02T10:15:00.000-05:00,[KLB] CONF 10:15 ▼ QBS → ✗ (failed)
2026-02-03T09:30:00.000-05:00,[KLB] 9:30 ▼ ~ ~ VWAP vol=2.7x pos=v82 vwap=below ema=bull rs=-0.1% adx=38 body=82% ramp=9.2x rangeATR=2.7 ⚡ ⚠ O50.22 H50.22 L50.11 C50.13 ATR=0.95 SL=50.23/50.27 rawVol=1823 volSMA=686 buf=0.048 prices=
2026-02-03T09:35:00.000-05:00,[KLB] 9:35 ▲ RNG range break vol=19.2x
2026-02-03T09:35:00.000-05:00,[KLB] 9:35 ▲ BRK PD LH H vol=19.2x pos=^78 vwap=above ema=bull rs=+0.2% adx=39 body=42% ramp=314.9x rangeATR=5.9 ⚡ O50.16 H50.41 L50.02 C50.32 ATR=0.95 SL=50.22/50.18 rawVol=326559 volSMA=17000 buf=0.048 prices=
2026-02-03T09:35:00.000-05:00,[KLB] 9:35 ▲ ~ ~ Yest L + ~ PD LH L + ~ Today O + ~ PD Cls vol=19.2x pos=^78 vwap=above ema=bull rs=+0.2% adx=39 body=42% ramp=314.9x rangeATR=5.9 ⚡ O50.16 H50.41 L50.02 C50.32 ATR=0.95 SL=50.22/50.18 rawVol=326559 volSMA=17000 buf=0.048 prices=49.77
2026-02-03T09:35:00.000-05:00,[KLB] CONF 9:35 ▲ BRK → ✓ (auto-R1: EMA)
2026-02-03T09:40:00.000-05:00,[KLB] 9:40 ▲ BRK PD LH H vol=11.7x pos=^74 vwap=above ema=bull rs=+0.5% adx=40 body=52% ramp=93.9x rangeATR=3.7 ⚡ O50.32 H50.56 L50.25 C50.48 ATR=0.95 SL=50.38/50.34 rawVol=220238 volSMA=27973 buf=0.048 prices=
2026-02-03T09:40:00.000-05:00,[KLB] 9:40 ▲ ~ ~ VWAP vol=11.7x pos=^74 vwap=above ema=bull rs=+0.5% adx=40 body=52% ramp=93.9x rangeATR=3.7 ⚡ O50.32 H50.56 L50.25 C50.48 ATR=0.95 SL=50.38/50.34 rawVol=220238 volSMA=27973 buf=0.048 prices=
2026-02-03T09:40:00.000-05:00,[KLB] CONF 9:40 ▲ BRK → ✓ (auto-R1: EMA)
2026-02-03T09:45:00.000-05:00,[KLB] 5m CHECK 9:45 ▲ pnl=-0.01 SPY~ → HOLD
2026-02-04T09:35:00.000-05:00,[KLB] 9:35 ▲ RNG range break vol=19x
2026-02-04T09:35:00.000-05:00,[KLB] 9:35 ▲ ~ ~ VWAP vol=19x pos=^98 vwap=above ema=bull rs=+1.3% adx=23 body=96% ramp=581.2x rangeATR=6.7 ⚡ ⚠ O51.89 H52.44 L51.88 C52.43 ATR=1.01 SL=52.33/52.28 rawVol=347887 volSMA=18301 buf=0.051 prices=
2026-02-05T09:35:00.000-05:00,[KLB] 9:35 ▼ RNG range break vol=18.4x
2026-02-05T09:35:00.000-05:00,[KLB] 9:35 ▼ BRK PM L vol=18.4x pos=v98 vwap=below ema=bear rs=-0.8% adx=37 body=70% ramp=17.1x rangeATR=6.1 ⚡ O52.3 H52.49 L51.83 C51.84 ATR=1.03 SL=51.94/51.99 rawVol=476507 volSMA=25950 buf=0.052 prices=52.27
2026-02-05T09:35:00.000-05:00,[KLB] 9:35 ▼ ~ ~ VWAP + ~ Today O vol=18.4x pos=v98 vwap=below ema=bear rs=-0.8% adx=37 body=70% ramp=17.1x rangeATR=6.1 ⚡ O52.3 H52.49 L51.83 C51.84 ATR=1.03 SL=51.94/51.99 rawVol=476507 volSMA=25950 buf=0.052 prices=
2026-02-05T09:35:00.000-05:00,[KLB] CONF 9:35 ▼ BRK → ✓ (auto-R1: EMA)
2026-02-05T09:40:00.000-05:00,[KLB] 5m CHECK 9:40 ▼ pnl=-0.11 SPY~ → BAIL
2026-02-05T10:35:00.000-05:00,[KLB] 10:35 ▼ BRK Yest L + ORB L vol=1.4x pos=v100 vwap=below ema=bear rs=-0.6% adx=48 body=96% ramp=1.1x rangeATR=2.1 ⚡ ⚠ O51.94 H51.96 L51.59 C51.59 ATR=1.03 SL=51.69/51.74 rawVol=155074 volSMA=110007 buf=0.052 prices=51.82/51.83
2026-02-05T10:35:00.000-05:00,[KLB] 10:35 ▼ ~ ~ Week H vol=1.4x pos=v100 vwap=below ema=bear rs=-0.6% adx=48 body=96% ramp=1.1x rangeATR=2.1 ⚡ ⚠ O51.94 H51.96 L51.59 C51.59 ATR=1.03 SL=51.69/51.74 rawVol=155074 volSMA=110007 buf=0.052 prices=51.73
2026-02-05T10:35:00.000-05:00,[KLB] CONF 10:35 ▼ BRK → ✓ (auto-R1: EMA)
2026-02-05T10:40:00.000-05:00,[KLB] 5m CHECK 10:40 ▼ pnl=-0.13 SPY✓ → HOLD
2026-02-05T11:00:00.000-05:00,[KLB] 11:00 ▼ ~ ~ Week H vol=0.5x pos=v79 vwap=below ema=bear rs=-0.6% adx=52 body=63% ramp=0.5x rangeATR=0.7 🔇 O51.75 H51.77 L51.65 C51.68 ATR=1.03 SL=51.78/51.83 rawVol=58324 volSMA=133639 buf=0.052 prices=51.73
2026-02-05T11:05:00.000-05:00,[KLB] 11:05 ▼ ~ ~ Week H vol=0.6x pos=v70 vwap=below ema=bear rs=-0.5% adx=53 body=35% ramp=0.6x rangeATR=0.6 O51.68 H51.71 L51.61 C51.64 ATR=1.03 SL=51.74/51.79 rawVol=78036 volSMA=137497 buf=0.052 prices=51.73
2026-02-05T11:15:00.000-05:00,[KLB] 11:15 ▼ ~ ~ Week H vol=0.5x pos=v100 vwap=below ema=bear rs=-0.7% adx=54 body=68% ramp=0.9x rangeATR=1.2 O51.65 H51.71 L51.52 C51.52 ATR=1.03 SL=51.62/51.67 rawVol=65694 volSMA=119967 buf=0.052 prices=51.73
2026-02-05T11:30:00.000-05:00,[KLB] 11:30 ▼ ~ ~ Week H vol=1.5x pos=v94 vwap=below ema=bear rs=-1.1% adx=53 body=89% ramp=1.5x rangeATR=1.1 ⚠ O51.77 H51.78 L51.6 C51.61 ATR=1.03 SL=51.71/51.76 rawVol=153925 volSMA=104184 buf=0.052 prices=51.73
2026-02-05T14:50:00.000-05:00,[KLB] 14:50 ▲ ~ ~ PM L vol=0.8x pos=^78 vwap=above ema=bull rs=+0.4% adx=26 body=78% ramp=0.9x rangeATR=0.7 O52.28 H52.33 L52.28 C52.32 ATR=1.03 SL=52.21/52.16 rawVol=29017 volSMA=36083 buf=0.052 prices=52.27
2026-02-05T14:55:00.000-05:00,[KLB] 14:55 ▲ ~ ~ PM L vol=1x pos=^90 vwap=above ema=bull rs=+0.5% adx=27 body=50% ramp=0.5x rangeATR=0.7 O52.31 H52.34 L52.29 C52.34 ATR=1.03 SL=52.23/52.18 rawVol=37497 volSMA=36303 buf=0.052 prices=52.27
2026-02-06T09:30:00.000-05:00,[KLB] 9:30 ▼ 🔇 QBS ramp=0.2x vol=0.4x pos=v100 vwap=below ema=bull adx=22 body=100% rangeATR=1.9 O52.59 H52.59 L52.5 C52.5 ATR=1.06
2026-02-06T09:35:00.000-05:00,[KLB] 9:35 ▲ ~ ~ Today O vol=18.8x pos=^100 vwap=above ema=bull rs=+0.1% adx=21 body=76% ramp=86.3x rangeATR=5.1 ⚡ O52.45 H52.71 L52.37 C52.71 ATR=1.06 SL=52.6/52.55 rawVol=243641 volSMA=12993 buf=0.053 prices=
2026-02-06T09:40:00.000-05:00,[KLB] 9:40 ▼ ~ ~ PM H + ~ ORB H vol=5.7x pos=v93 vwap=below ema=bull rs=-0.3% adx=20 body=48% ramp=865.2x rangeATR=3.3 ⚡ O52.71 H52.83 L52.56 C52.58 ATR=1.06 SL=52.69/52.74 rawVol=103853 volSMA=18185 buf=0.053 prices=52.79/52.71
2026-02-06T09:45:00.000-05:00,[KLB] CONF 9:45 ▼ QBS → ✗ (failed)
2026-02-06T10:00:00.000-05:00,[KLB] 10:00 ▲ FADE at 52.79
2026-02-09T09:30:00.000-05:00,[KLB] 9:30 ▼ 🔇 QBS ramp=0.3x vol=0.2x pos=v90 vwap=below ema=bear adx=28 body=90% rangeATR=2.6 ⚡ O53.26 H53.26 L53.16 C53.17 ATR=1.07
2026-02-09T09:30:00.000-05:00,"[KLB] 9:30 ▼ ~ ~ Yest H
~ VWAP + ~ Today O + ~ PD Cls vol=0.2x pos=v90 vwap=below ema=bear rs=-0.2% adx=28 body=90% ramp=0.3x rangeATR=2.6 ⚡ ⚠ 🔇 O53.26 H53.26 L53.16 C53.17 ATR=1.07 SL=53.28/53.33 rawVol=130 volSMA=750 buf=0.053 prices=53.42"
2026-02-09T09:40:00.000-05:00,[KLB] 9:40 ▼ ~ ~ Yest H + ~ Week H vol=6.1x pos=v94 vwap=below ema=bear rs=-0.2% adx=26 body=57% ramp=226.1x rangeATR=2.6 ⚡ O53.32 H53.39 L53.21 C53.22 ATR=1.07 SL=53.33/53.38 rawVol=173015 volSMA=28442 buf=0.053 prices=53.42/53.42
2026-02-09T09:45:00.000-05:00,[KLB] 9:45 ▼ RNG range break vol=4.9x
2026-02-09T09:45:00.000-05:00,[KLB] 9:45 ▼ BRK ORB L + PD LH L vol=4.9x pos=v69 vwap=below ema=bear rs=-0.4% adx=25 body=69% ramp=907.4x rangeATR=2 O53.22 H53.22 L53.07 C53.12 ATR=1.07 SL=53.22/53.28 rawVol=137029 volSMA=35293 buf=0.053 prices=53.15
2026-02-09T09:45:00.000-05:00,[KLB] CONF 9:45 ▼ BRK → ✓ (auto-R1: EMA)
2026-02-09T09:45:00.000-05:00,[KLB] CONF 9:45 ▼ QBS → ✓ (auto-promote)
2026-02-09T09:50:00.000-05:00,[KLB] 5m CHECK 9:50 ▼ pnl=0.08 SPY~ → HOLD
2026-02-10T09:35:00.000-05:00,[KLB] 9:35 ▼ RNG range break vol=18.8x
2026-02-10T09:35:00.000-05:00,[KLB] 9:35 ▼ ~ ~ Yest H + ~ Today O + ~ PD Cls vol=18.8x pos=v92 vwap=below ema=bull rs=-0.4% adx=27 body=92% ramp=70.1x rangeATR=4.7 ⚡ ⚠ O53.79 H53.79 L53.53 C53.55 ATR=1.04 SL=53.65/53.71 rawVol=213100 volSMA=11364 buf=0.052 prices=53.72
2026-02-10T09:45:00.000-05:00,[KLB] 9:45 ▼ BRK PM L + ORB L + PD LH L vol=5.3x pos=v75 vwap=below ema=bear rs=-0.4% adx=30 body=50% ramp=179.6x rangeATR=2.2 ⚡ O53.57 H53.61 L53.45 C53.49 ATR=1.04 SL=53.59/53.65 rawVol=143317 volSMA=27161 buf=0.052 prices=53.58/53.53
2026-02-10T09:45:00.000-05:00,[KLB] CONF 9:45 ▼ BRK → ✓ (auto-R1: EMA)
2026-02-10T09:50:00.000-05:00,[KLB] 5m CHECK 9:50 ▼ pnl=-0.04 SPY~ → HOLD
2026-02-10T10:05:00.000-05:00,"[KLB] 10:05 ▼ ~ ~ Week H
~ VWAP vol=1.8x pos=v88 vwap=below ema=bear rs=-0.9% adx=37 body=72% ramp=0.6x rangeATR=1.5 O53.45 H53.47 L53.35 C53.36 ATR=1.04 SL=53.46/53.52 rawVol=81069 volSMA=44259 buf=0.052 prices=53.42"
2026-02-10T10:25:00.000-05:00,[KLB] 10:25 ▼ ~ ~ Week H vol=0.7x pos=v93 vwap=below ema=bear rs=-0.8% adx=40 body=53% ramp=0.7x rangeATR=0.9 O53.42 H53.45 L53.38 C53.38 ATR=1.04 SL=53.48/53.54 rawVol=42278 volSMA=56657 buf=0.052 prices=53.42
2026-02-11T09:35:00.000-05:00,[KLB] 9:35 ▲ RNG range break vol=18.1x
2026-02-11T09:35:00.000-05:00,[KLB] 9:35 ▲ ~ ~ Today O vol=18.1x pos=^74 vwap=above ema=bull rs=+0.6% adx=40 body=64% ramp=42x rangeATR=5.8 ⚡ O54.3 H54.71 L54.25 C54.59 ATR=1.01 SL=54.49/54.44 rawVol=290004 volSMA=16003 buf=0.05 prices=
2026-02-11T09:40:00.000-05:00,[KLB] 9:40 ▲ ~ ~ VWAP vol=11.3x pos=^58 vwap=above ema=bull rs=+0.9% adx=43 body=40% ramp=167.4x rangeATR=2.8 ⚡ O54.59 H54.81 L54.55 C54.7 ATR=1.01 SL=54.59/54.54 rawVol=195766 volSMA=25738 buf=0.05 prices=
2026-02-12T09:35:00.000-05:00,[KLB] 9:35 ▲ ~ ~ PM L + ~ PD LH L + ~ PD Cls vol=19.3x pos=^90 vwap=above ema=bear rs=+0% adx=36 body=41% ramp=102.7x rangeATR=5.9 ⚡ O54.88 H55.06 L54.71 C55.02 ATR=1.05 SL=54.92/54.86 rawVol=374795 volSMA=19396 buf=0.052 prices=54.88
2026-02-12T09:40:00.000-05:00,[KLB] 9:40 ▼ ~ ~ Yest H + ~ ORB H vol=7.4x pos=v77 vwap=below ema=bear rs=-0.1% adx=37 body=31% ramp=213.3x rangeATR=3.6 ⚡ O55.01 H55.13 L54.87 C54.93 ATR=1.05 SL=55.03/55.09 rawVol=229871 volSMA=30887 buf=0.052 prices=55.11/55.06
2026-02-12T10:10:00.000-05:00,[KLB] 10:10 ▲ BRK PD LH H vol=1.5x pos=^59 vwap=above ema=bull rs=+0.7% adx=27 body=38% ramp=0.8x rangeATR=1.4 O55.1 H55.22 L55.07 C55.16 ATR=1.05 SL=55.05/55 rawVol=67482 volSMA=62757 buf=0.052 prices=
2026-02-12T10:10:00.000-05:00,[KLB] 10:10 ▲ ~ ~ VWAP vol=1.5x pos=^59 vwap=above ema=bull rs=+0.7% adx=27 body=38% ramp=0.8x rangeATR=1.4 O55.1 H55.22 L55.07 C55.16 ATR=1.05 SL=55.05/55 rawVol=67482 volSMA=62757 buf=0.052 prices=
2026-02-12T10:10:00.000-05:00,[KLB] CONF 10:10 ▲ BRK → ✓ (auto-R1: EMA)
2026-02-12T10:15:00.000-05:00,[KLB] 5m CHECK 10:15 ▲ pnl=-0.07 SPY~ → HOLD
2026-02-12T10:30:00.000-05:00,"[KLB] 10:30 ▼ ~ ~ Yest H
~ VWAP vol=1x pos=v65 vwap=below ema=bear rs=+0.1% adx=23 body=52% ramp=1x rangeATR=1.4 O54.97 H54.99 L54.84 C54.89 ATR=1.05 SL=54.99/55.05 rawVol=71689 volSMA=77169 buf=0.052 prices=55.11"
2026-02-12T10:50:00.000-05:00,[KLB] 10:50 ▼ ~ ~ ORB H vol=0.6x pos=v100 vwap=below ema=bear rs=+0.6% adx=21 body=58% ramp=1x rangeATR=1.1 O55.06 H55.11 L54.99 C54.99 ATR=1.05 SL=55.09/55.15 rawVol=51600 volSMA=90925 buf=0.052 prices=55.06
2026-02-12T11:00:00.000-05:00,[KLB] 11:00 ▼ ~ x~ Yest H vol=0.8x pos=v50 vwap=below ema=bear rs=+0.8% adx=18 body=12% ramp=0.8x rangeATR=0.7 O54.97 H55 L54.92 C54.96 ATR=1.05 SL=55.06/55.12 rawVol=81479 volSMA=97592 buf=0.052 prices=55.11
2026-02-13T09:35:00.000-05:00,[KLB] 9:35 ▲ RNG range break vol=18.9x
2026-02-13T09:35:00.000-05:00,"[KLB] 9:35 ▲ ~ ~ Yest L
~ VWAP + ~ PD LH L + ~ PD Cls vol=18.9x pos=^96 vwap=above ema=bear rs=+0.8% adx=20 body=83% ramp=184.5x rangeATR=5 ⚡ ⚠ O54 H54.33 L53.95 C54.32 ATR=1.08 SL=54.21/54.15 rawVol=295968 volSMA=15663 buf=0.054 prices=53.76"
2026-02-13T09:40:00.000-05:00,[KLB] 9:40 ▼ ~ ~ ORB H vol=7.8x pos=v94 vwap=below ema=bull rs=+0.5% adx=23 body=70% ramp=179.1x rangeATR=3.5 ⚡ O54.31 H54.39 L54.06 C54.08 ATR=1.08 SL=54.19/54.24 rawVol=201685 volSMA=25745 buf=0.054 prices=54.33
2026-02-13T09:45:00.000-05:00,[KLB] 9:45 ▼ ~ x~ PM H vol=5.8x pos=v24 vwap=below ema=bull rs=+0.3% adx=22 body=18% ramp=204.6x rangeATR=2.6 ⚡ O54.07 H54.09 L53.81 C54.02 ATR=1.08 SL=54.13/54.18 rawVol=184014 volSMA=34915 buf=0.054 prices=54.06
2026-02-13T09:50:00.000-05:00,[KLB] 9:50 ▼ ~ ~ Today O vol=4.2x pos=v94 vwap=below ema=bull rs=+0% adx=22 body=43% ramp=1.8x rangeATR=2 ⚡ O54.02 H54.14 L53.91 C53.92 ATR=1.08 SL=54.03/54.08 rawVol=167788 volSMA=43299 buf=0.054 prices=
2026-02-13T09:55:00.000-05:00,[KLB] 9:55 ▲ FADE at 53.94
2026-02-13T10:10:00.000-05:00,[KLB] 10:10 ▲ 🔇 QBS ramp=0.5x vol=1.1x pos=^88 vwap=above ema=bull adx=23 body=48% rangeATR=1.6 O54.19 H54.31 L54.1 C54.29 ATR=1.08
2026-02-13T10:25:00.000-05:00,[KLB] CONF 10:25 ▲ QBS → ✗ (failed)
2026-02-17T09:35:00.000-05:00,[KLB] 9:35 ▼ RNG range break vol=16.8x
2026-02-17T09:35:00.000-05:00,[KLB] 9:35 ▼ BRK PM L vol=16.8x pos=v96 vwap=below ema=bear rs=-0.8% adx=37 body=37% ramp=117.3x rangeATR=5.6 ⚡ O54.5 H54.9 L54.23 C54.25 ATR=1.05 SL=54.36/54.41 rawVol=370605 volSMA=22066 buf=0.053 prices=54.38
2026-02-17T09:35:00.000-05:00,"[KLB] 9:35 ▼ ~ ~ Yest H
~ VWAP + ~ Today O + ~ PD Cls vol=16.8x pos=v96 vwap=below ema=bear rs=-0.8% adx=37 body=37% ramp=117.3x rangeATR=5.6 ⚡ O54.5 H54.9 L54.23 C54.25 ATR=1.05 SL=54.36/54.41 rawVol=370605 volSMA=22066 buf=0.053 prices=54.58"
2026-02-17T09:35:00.000-05:00,[KLB] CONF 9:35 ▼ BRK → ✓ (auto-R1: EMA)
2026-02-17T09:40:00.000-05:00,[KLB] 5m CHECK 9:40 ▼ pnl=0.05 SPY✗ → HOLD
2026-02-17T09:50:00.000-05:00,[KLB] 9:50 ▼ BRK Yest L vol=3.6x pos=v93 vwap=below ema=bear rs=-1.6% adx=34 body=83% ramp=1.7x rangeATR=1.9 ⚠ O53.96 H53.99 L53.69 C53.71 ATR=1.05 SL=53.82/53.87 rawVol=145508 volSMA=53344 buf=0.053 prices=53.81
2026-02-17T09:50:00.000-05:00,[KLB] CONF 9:50 ▼ BRK → ✓ (auto-R1: EMA)
2026-02-17T09:55:00.000-05:00,[KLB] 5m CHECK 9:55 ▼ pnl=0.25 SPY✓ → HOLD
2026-02-18T09:30:00.000-05:00,[KLB] 9:30 ▲ RNG range break vol=4.2x
2026-02-18T10:05:00.000-05:00,[KLB] 10:05 ▼ ~ x~ PM H vol=1.2x pos=v70 vwap=below ema=bull rs=-0.8% adx=17 body=24% ramp=0.4x rangeATR=1.4 🔇 O54.42 H54.5 L54.33 C54.38 ATR=1.1 SL=54.49/54.55 rawVol=82603 volSMA=78425 buf=0.055 prices=54.49
2026-02-18T13:45:00.000-05:00,[KLB] 13:45 ▲ ~ ~ VWAP vol=1.3x pos=^92 vwap=above ema=bull rs=-0.2% adx=23 body=92% ramp=1.7x rangeATR=0.9 ⚠ O54.63 H54.69 L54.63 C54.69 ATR=1.1 SL=54.57/54.52 rawVol=91634 volSMA=68084 buf=0.055 prices=
2026-02-19T09:30:00.000-05:00,[KLB] 9:30 ▼ ~ ~ Today O vol=0.8x pos=v85 vwap=below ema=bull rs=-0.5% adx=34 body=85% ramp=1.1x rangeATR=2.3 ⚡ ⚠ O55.5 H55.5 L55.37 C55.39 ATR=1.1 SL=55.5/55.56 rawVol=552 volSMA=1650 buf=0.055 prices=
2026-02-19T09:35:00.000-05:00,[KLB] 9:35 ▲ FADE at 55.46
2026-02-19T09:40:00.000-05:00,[KLB] 9:40 ▲ RNG range break vol=12.6x
2026-02-19T09:40:00.000-05:00,[KLB] 9:40 ▲ ~ ~ VWAP vol=12.6x pos=^92 vwap=above ema=bull rs=+0.5% adx=32 body=64% ramp=138.5x rangeATR=3.8 ⚡ O55.49 H55.77 L55.37 C55.74 ATR=1.1 SL=55.63/55.57 rawVol=324828 volSMA=47667 buf=0.055 prices=
2026-02-19T11:50:00.000-05:00,[KLB] 11:50 ▼ ~ ~ Week H vol=0.8x pos=v100 vwap=below ema=bear rs=-0.4% adx=23 body=79% ramp=0.7x rangeATR=0.9 O55.26 H55.28 L55.19 C55.19 ATR=1.1 SL=55.3/55.35 rawVol=47888 volSMA=88982 buf=0.055 prices=55.24
2026-02-19T12:50:00.000-05:00,[KLB] 12:50 ▼ ~ ~ Week H vol=0.9x pos=v94 vwap=below ema=bear rs=-0.4% adx=23 body=94% ramp=1.4x rangeATR=1 ⚠ O55.24 H55.24 L55.15 C55.15 ATR=1.1 SL=55.26/55.32 rawVol=51598 volSMA=54819 buf=0.055 prices=55.24
2026-02-19T14:20:00.000-05:00,[KLB] 14:20 ▼ ~ ~ VWAP vol=1.2x pos=v70 vwap=below ema=bear rs=-0.4% adx=23 body=60% ramp=1.2x rangeATR=0.6 O55.29 H55.29 L55.24 C55.26 ATR=1.1 SL=55.37/55.42 rawVol=70205 volSMA=57953 buf=0.055 prices=
2026-02-20T09:30:00.000-05:00,[KLB] 9:30 ▲ RNG range break vol=3.2x
2026-02-20T09:35:00.000-05:00,[KLB] 9:35 ▼ ~ ~ PD Cls vol=18.9x pos=v83 vwap=below ema=bear rs=-0.3% adx=20 body=34% ramp=200.1x rangeATR=4.6 ⚡ O55.04 H55.19 L54.89 C54.94 ATR=1.1 SL=55.05/55.11 rawVol=198454 volSMA=10496 buf=0.055 prices=
2026-02-23T09:30:00.000-05:00,[KLB] 9:30 ▼ ~ x~ PM H vol=2.6x pos=v100 vwap=below ema=bull rs=-0.2% adx=27 body=20% ramp=0.5x rangeATR=1.6 O55.06 H55.1 L55.05 C55.05 ATR=1.08 SL=55.16/55.21 rawVol=2529 volSMA=955 buf=0.054 prices=55.1
2026-02-23T09:35:00.000-05:00,[KLB] 9:35 ▲ FADE at 55.1
2026-02-23T09:35:00.000-05:00,[KLB] 9:35 ▲ RNG range break vol=18.3x
2026-02-23T09:35:00.000-05:00,[KLB] 9:35 ▲ ~ ~ Today O vol=18.3x pos=^92 vwap=below ema=bull rs=+0.5% adx=31 body=82% ramp=23.4x rangeATR=7.8 ⚡ ⚠ O55.04 H55.49 L54.99 C55.45 ATR=1.08 SL=55.34/55.29 rawVol=191420 volSMA=10468 buf=0.054 prices=
2026-02-23T09:40:00.000-05:00,[KLB] 9:40 ▲ ~ ~ VWAP vol=12.5x pos=^94 vwap=above ema=bull rs=+1.1% adx=35 body=94% ramp=199.7x rangeATR=4.2 ⚡ ⚠ O55.42 H55.78 L55.42 C55.76 ATR=1.08 SL=55.65/55.6 rawVol=348655 volSMA=27893 buf=0.054 prices=
2026-02-23T10:10:00.000-05:00,[KLB] 10:10 ▼ ~ x~ ORB H vol=2x pos=v80 vwap=below ema=bull rs=+1.2% adx=41 body=20% ramp=0.8x rangeATR=0.9 O55.46 H55.52 L55.42 C55.44 ATR=1.08 SL=55.55/55.6 rawVol=96278 volSMA=62882 buf=0.054 prices=55.49
2026-02-23T11:50:00.000-05:00,[KLB] 11:50 ▼ ~ x~ PM H vol=0.8x pos=v19 vwap=below ema=bull rs=+0.9% adx=16 body=13% ramp=0.9x rangeATR=0.9 O55.08 H55.08 L55 C55.07 ATR=1.08 SL=55.17/55.23 rawVol=45594 volSMA=55974 buf=0.054 prices=55.1
2026-02-23T11:55:00.000-05:00,[KLB] 11:55 ▲ FADE at 55.1
2026-02-23T12:05:00.000-05:00,[KLB] 12:05 ▼ ~ x~ PM H vol=0.9x pos=v75 vwap=below ema=bull rs=+0.9% adx=15 body=25% ramp=0.8x rangeATR=0.9 O55.08 H55.12 L55.04 C55.06 ATR=1.08 SL=55.17/55.22 rawVol=46092 volSMA=52747 buf=0.054 prices=55.1
2026-02-23T13:00:00.000-05:00,[KLB] 13:00 ▼ ~ x~ PM H vol=1x pos=v91 vwap=below ema=bear rs=+0.8% adx=18 body=18% ramp=1x rangeATR=0.7 O55.03 H55.07 L55.02 C55.02 ATR=1.08 SL=55.13/55.18 rawVol=44556 volSMA=43580 buf=0.054 prices=55.1
2026-02-23T14:10:00.000-05:00,[KLB] 14:10 ▼ ~ x~ PM H vol=1.3x pos=v71 vwap=below ema=bear rs=+0.9% adx=10 body=29% ramp=1x rangeATR=0.6 O55.07 H55.09 L55.05 C55.06 ATR=1.08 SL=55.17/55.22 rawVol=34577 volSMA=36573 buf=0.054 prices=55.1
2026-02-24T09:35:00.000-05:00,[KLB] 9:35 ▼ RNG range break vol=18.6x
2026-02-24T09:35:00.000-05:00,[KLB] 9:35 ▼ ~ ~ Yest H + ~ Today O + ~ PD Cls vol=18.6x pos=v100 vwap=below ema=bull rs=-0.5% adx=30 body=100% ramp=455.7x rangeATR=6.1 ⚡ ⚠ O55.15 H55.15 L54.75 C54.75 ATR=1.08 SL=54.86/54.91 rawVol=226495 volSMA=12176 buf=0.054 prices=55.93
2026-02-24T09:40:00.000-05:00,[KLB] 9:40 ▼ BRK ORB L vol=10.6x pos=v79 vwap=below ema=bear rs=-1% adx=33 body=75% ramp=932x rangeATR=3.1 ⚡ O54.76 H54.77 L54.53 C54.58 ATR=1.08 SL=54.69/54.74 rawVol=182297 volSMA=21290 buf=0.054 prices=54.75
2026-02-24T09:40:00.000-05:00,[KLB] 9:40 ▼ ~ ~ VWAP vol=10.6x pos=v79 vwap=below ema=bear rs=-1% adx=33 body=75% ramp=932x rangeATR=3.1 ⚡ O54.76 H54.77 L54.53 C54.58 ATR=1.08 SL=54.69/54.74 rawVol=182297 volSMA=21290 buf=0.054 prices=
2026-02-24T09:40:00.000-05:00,[KLB] CONF 9:40 ▼ BRK → ✓ (auto-R1: EMA)
2026-02-24T09:45:00.000-05:00,[KLB] 9:45 ▼ BRK Week O vol=6.2x pos=v70 vwap=below ema=bear rs=-1.5% adx=36 body=55% ramp=745.4x rangeATR=2.3 ⚡ O54.57 H54.6 L54.4 C54.46 ATR=1.08 SL=54.57/54.62 rawVol=163684 volSMA=29420 buf=0.054 prices=
2026-02-24T09:45:00.000-05:00,[KLB] CONF 9:45 ▼ BRK → ✓ (auto-R1: EMA)
2026-02-24T09:50:00.000-05:00,[KLB] 5m CHECK 9:50 ▼ pnl=-0.23 SPY✗ → BAIL
2026-02-24T10:30:00.000-05:00,[KLB] 10:30 ▼ BRK Yest L vol=2.4x pos=v91 vwap=above ema=bear rs=-1.3% adx=35 body=64% ramp=1.4x rangeATR=2.1 ⚡ O54.92 H54.99 L54.75 C54.77 ATR=1.08 SL=54.88/54.93 rawVol=194471 volSMA=82638 buf=0.054 prices=54.87
2026-02-24T10:30:00.000-05:00,[KLB] CONF 10:30 ▼ BRK → ✓ (auto-R1: EMA)
2026-02-24T10:35:00.000-05:00,[KLB] 10:35 ▼ BRK ORB L vol=2.2x pos=v83 vwap=below ema=bear rs=-1.6% adx=35 body=74% ramp=1.6x rangeATR=1.9 O54.76 H54.78 L54.55 C54.59 ATR=1.08 SL=54.7/54.75 rawVol=148893 volSMA=90077 buf=0.054 prices=54.75
2026-02-24T10:35:00.000-05:00,[KLB] CONF 10:35 ▼ BRK → ✓ (auto-R1: EMA)
2026-02-24T10:40:00.000-05:00,[KLB] 5m CHECK 10:40 ▼ pnl=-0.04 SPY✗ → BAIL
2026-02-24T12:05:00.000-05:00,[KLB] 12:05 ▲ ~ ~ ORB L vol=0.4x pos=^92 vwap=above ema=bear rs=-1.3% adx=24 body=67% ramp=0.6x rangeATR=0.7 O54.75 H54.8 L54.74 C54.79 ATR=1.08 SL=54.68/54.63 rawVol=26235 volSMA=67012 buf=0.054 prices=54.75
2026-02-24T13:35:00.000-05:00,[KLB] 13:35 ▲ ~ ~ Yest L vol=0.7x pos=^100 vwap=above ema=bull rs=-0.9% adx=24 body=67% ramp=0.8x rangeATR=0.5 O55.02 H55.04 L55.01 C55.04 ATR=1.08 SL=54.93/54.88 rawVol=22514 volSMA=30302 buf=0.054 prices=54.87
2026-02-24T13:40:00.000-05:00,[KLB] 13:40 ▲ ~ ~ Yest L vol=0.8x pos=^100 vwap=above ema=bull rs=-0.9% adx=25 body=86% ramp=0.6x rangeATR=0.7 ⚠ O55.04 H55.07 L55.03 C55.07 ATR=1.08 SL=54.96/54.9 rawVol=19803 volSMA=29923 buf=0.054 prices=54.87
2026-02-24T13:45:00.000-05:00,[KLB] 13:45 ▲ ~ ~ PD LH L vol=0.9x pos=^100 vwap=above ema=bull rs=-0.9% adx=26 body=90% ramp=0.9x rangeATR=0.9 ⚠ O55.07 H55.11 L55.06 C55.11 ATR=1.08 SL=55/54.95 rawVol=27294 volSMA=29976 buf=0.054 prices=
2026-02-24T14:25:00.000-05:00,[KLB] 14:25 ▲ ~ ~ VWAP vol=1.2x pos=^100 vwap=above ema=bull rs=-1.1% adx=23 body=88% ramp=1.1x rangeATR=1.4 ⚠ O54.84 H54.92 L54.83 C54.92 ATR=1.08 SL=54.81/54.75 rawVol=38981 volSMA=32758 buf=0.054 prices=
2026-02-24T14:35:00.000-05:00,[KLB] 14:35 ▲ ~ ~ Yest L vol=1.1x pos=^92 vwap=above ema=bull rs=-0.9% adx=22 body=92% ramp=0.8x rangeATR=1 ⚠ O54.98 H55.05 L54.98 C55.04 ATR=1.08 SL=54.93/54.88 rawVol=23239 volSMA=30043 buf=0.054 prices=54.87
2026-02-24T15:40:00.000-05:00,[KLB] 15:40 ▲ ~ ~ PM L vol=1.1x pos=^71 vwap=above ema=bull rs=-0.7% adx=21 body=43% ramp=1x rangeATR=0.6 O55.13 H55.16 L55.12 C55.15 ATR=1.08 SL=55.04/54.98 rawVol=41161 volSMA=38047 buf=0.054 prices=55.09
2026-02-24T15:50:00.000-05:00,[KLB] 15:50 ▲ ~ ~ PM L vol=1.8x pos=^87 vwap=above ema=bull rs=-0.7% adx=24 body=40% ramp=1.2x rangeATR=1.3 O55.15 H55.19 L55.12 C55.18 ATR=1.08 SL=55.07/55.02 rawVol=48690 volSMA=40440 buf=0.054 prices=55.09
2026-02-25T09:30:00.000-05:00,[KLB] 9:30 ▲ BRK PD LH H vol=2.5x pos=^100 vwap=above ema=bull rs=+0.5% adx=21 body=92% ramp=6.3x rangeATR=3.4 ⚡ ⚠ O55.22 H55.33 L55.21 C55.33 ATR=1.06 SL=55.22/55.17 rawVol=2179 volSMA=860 buf=0.053 prices=
2026-02-25T09:30:00.000-05:00,[KLB] 9:30 ▲ ~ ~ VWAP + ~ Today O vol=2.5x pos=^100 vwap=above ema=bull rs=+0.5% adx=21 body=92% ramp=6.3x rangeATR=3.4 ⚡ ⚠ O55.22 H55.33 L55.21 C55.33 ATR=1.06 SL=55.22/55.17 rawVol=2179 volSMA=860 buf=0.053 prices=
2026-02-25T09:30:00.000-05:00,[KLB] CONF 9:30 ▲ BRK → ✓ (auto-R1: EMA)
2026-02-25T09:35:00.000-05:00,[KLB] 9:35 ▼ RNG range break vol=18x
2026-02-25T09:35:00.000-05:00,"[KLB] 9:35 ▼ ~ ~ PM H + ~ Yest H
~ VWAP + ~ PD Cls vol=18x pos=v85 vwap=below ema=bull rs=-0.6% adx=21 body=73% ramp=28.5x rangeATR=6.6 ⚡ O55.3 H55.35 L54.94 C55 ATR=1.06 SL=55.11/55.16 rawVol=133691 volSMA=7427 buf=0.053 prices=55.33/55.22"
2026-02-25T09:35:00.000-05:00,[KLB] 5m CHECK 9:35 ▲ pnl=-0.31 SPY~ → BAIL
2026-02-25T09:50:00.000-05:00,[KLB] 9:50 ▼ BRK PD LH L vol=4.8x pos=v91 vwap=below ema=bear rs=-1.3% adx=26 body=68% ramp=2.6x rangeATR=2.4 ⚡ O54.87 H54.92 L54.7 C54.72 ATR=1.06 SL=54.83/54.88 rawVol=104172 volSMA=25166 buf=0.053 prices=
2026-02-25T09:50:00.000-05:00,[KLB] CONF 9:50 ▼ BRK → ✓ (auto-R1: EMA)
2026-02-25T09:55:00.000-05:00,[KLB] 9:55 ▼ BRK Week O vol=3.5x pos=v91 vwap=below ema=bear rs=-1.7% adx=29 body=91% ramp=1.2x rangeATR=2.5 ⚡ ⚠ O54.7 H54.7 L54.43 C54.46 ATR=1.06 SL=54.56/54.61 rawVol=92288 volSMA=29745 buf=0.053 prices=
2026-02-25T09:55:00.000-05:00,[KLB] CONF 9:55 ▼ BRK → ✓ (auto-R1: EMA)
2026-02-25T10:00:00.000-05:00,[KLB] 5m CHECK 10:00 ▼ pnl=0.03 SPY~ → HOLD
2026-02-25T10:05:00.000-05:00,[KLB] 10:05 ▼ BRK Yest L vol=3.1x pos=v97 vwap=below ema=bear rs=-1.9% adx=35 body=63% ramp=0.9x rangeATR=1.5 O54.43 H54.49 L54.32 C54.32 ATR=1.06 SL=54.43/54.48 rawVol=101520 volSMA=41043 buf=0.053 prices=54.4
2026-02-25T10:05:00.000-05:00,[KLB] CONF 10:05 ▼ BRK → ✓ (auto-R1: EMA)
2026-02-25T10:10:00.000-05:00,[KLB] 5m CHECK 10:10 ▼ pnl=0.05 SPY~ → HOLD
2026-02-26T09:45:00.000-05:00,"[KLB] 9:45 ▼ ~ ~ ORB H
~ VWAP vol=3.4x pos=v78 vwap=below ema=bear rs=+0.1% adx=45 body=78% ramp=225.9x rangeATR=3 ⚡ O54.5 H54.5 L54.23 C54.29 ATR=1.07 SL=54.4/54.45 rawVol=104560 volSMA=30491 buf=0.053 prices=54.51"
2026-02-26T10:20:00.000-05:00,[KLB] 10:20 ▲ BRK PD LH H vol=1.4x pos=^100 vwap=above ema=bull rs=+2.1% adx=34 body=100% ramp=0.8x rangeATR=1.6 ⚠ O54.79 H54.98 L54.79 C54.98 ATR=1.07 SL=54.87/54.81 rawVol=89317 volSMA=62451 buf=0.053 prices=
2026-02-26T10:20:00.000-05:00,[KLB] 10:20 ▲ ~ ~ Yest L vol=1.4x pos=^100 vwap=above ema=bull rs=+2.1% adx=34 body=100% ramp=0.8x rangeATR=1.6 ⚠ O54.79 H54.98 L54.79 C54.98 ATR=1.07 SL=54.87/54.81 rawVol=89317 volSMA=62451 buf=0.053 prices=54.19
2026-02-26T10:20:00.000-05:00,[KLB] CONF 10:20 ▲ BRK → ✓ (auto-R1: EMA)
2026-02-26T10:25:00.000-05:00,[KLB] 5m CHECK 10:25 ▲ pnl=-0.03 SPY✗ → BAIL
2026-02-26T10:30:00.000-05:00,[KLB] 10:30 ▲ BRK PD LH H vol=1.4x pos=^100 vwap=above ema=bull rs=+2.3% adx=33 body=61% ramp=1.2x rangeATR=1 O54.95 H55.02 L54.91 C55.02 ATR=1.07 SL=54.91/54.86 rawVol=96305 volSMA=70832 buf=0.053 prices=
2026-02-26T10:30:00.000-05:00,[KLB] CONF 10:30 ▲ BRK → ✓ (auto-R1: EMA)
2026-02-26T10:35:00.000-05:00,[KLB] 5m CHECK 10:35 ▲ pnl=0.13 SPY✗ → HOLD
2026-02-26T14:50:00.000-05:00,[KLB] 14:50 ▲ ~ ~ VWAP vol=0.5x pos=^78 vwap=above ema=bull rs=+2% adx=20 body=67% ramp=0.6x rangeATR=0.5 O55.16 H55.2 L55.16 C55.19 ATR=1.07 SL=55.08/55.03 rawVol=25682 volSMA=81289 buf=0.053 prices=
2026-02-27T09:30:00.000-05:00,[KLB] 9:30 ▼ RNG range break vol=3.3x
2026-02-27T09:30:00.000-05:00,[KLB] 9:30 ▼ ~ ~ Today O vol=3.3x pos=v100 vwap=above ema=bull rs=-1% adx=44 body=68% ramp=2.7x rangeATR=3.9 ⚡ O55.75 H55.82 L55.6 C55.6 ATR=1.1 SL=55.71/55.77 rawVol=3196 volSMA=962 buf=0.055 prices=
2026-02-27T10:15:00.000-05:00,[KLB] 10:15 ▼ BRK PM L vol=2x pos=v71 vwap=below ema=bear rs=-1.3% adx=47 body=71% ramp=1x rangeATR=1.4 O55.15 H55.15 L54.98 C55.03 ATR=1.1 SL=55.14/55.2 rawVol=124835 volSMA=63768 buf=0.055 prices=55.05
2026-02-27T10:15:00.000-05:00,[KLB] 10:15 ▼ ~ ~ Yest H + ~ PD Cls vol=2x pos=v71 vwap=below ema=bear rs=-1.3% adx=47 body=71% ramp=1x rangeATR=1.4 O55.15 H55.15 L54.98 C55.03 ATR=1.1 SL=55.14/55.2 rawVol=124835 volSMA=63768 buf=0.055 prices=55.67
2026-02-27T10:15:00.000-05:00,[KLB] CONF 10:15 ▼ BRK → ✓ (auto-R1: EMA)
2026-02-27T10:20:00.000-05:00,[KLB] 10:20 ▼ ~ ~ Yest H vol=1.8x pos=v72 vwap=below ema=bear rs=-1.3% adx=48 body=36% ramp=1.3x rangeATR=1.1 O55.04 H55.09 L54.96 C55 ATR=1.1 SL=55.11/55.16 rawVol=85995 volSMA=68012 buf=0.055 prices=55.67
2026-02-27T10:20:00.000-05:00,[KLB] 5m CHECK 10:20 ▼ pnl=0.03 SPY~ → HOLD
2026-02-27T10:35:00.000-05:00,[KLB] 10:35 ▼ BRK PM L vol=1.3x pos=v89 vwap=below ema=bear rs=-1.4% adx=49 body=79% ramp=0.9x rangeATR=1.6 O55.1 H55.12 L54.93 C54.95 ATR=1.1 SL=55.06/55.12 rawVol=105006 volSMA=80967 buf=0.055 prices=55.05
2026-02-27T10:35:00.000-05:00,[KLB] 10:35 ▼ ~ ~ Yest H vol=1.3x pos=v89 vwap=below ema=bear rs=-1.4% adx=49 body=79% ramp=0.9x rangeATR=1.6 O55.1 H55.12 L54.93 C54.95 ATR=1.1 SL=55.06/55.12 rawVol=105006 volSMA=80967 buf=0.055 prices=55.67
2026-02-27T10:35:00.000-05:00,[KLB] CONF 10:35 ▼ BRK → ✓ (auto-R1: EMA)
2026-02-27T10:40:00.000-05:00,[KLB] 5m CHECK 10:40 ▼ pnl=-0.09 SPY~ → HOLD
2026-02-27T10:50:00.000-05:00,"[KLB] 10:50 ▼ ~ ~ Yest H
~ VWAP vol=0.5x pos=v100 vwap=below ema=bear rs=-1.4% adx=48 body=85% ramp=0.7x rangeATR=1.3 ⚠ O55.15 H55.18 L55.01 C55.01 ATR=1.1 SL=55.12/55.18 rawVol=43248 volSMA=90265 buf=0.055 prices=55.67"
2026-02-27T11:05:00.000-05:00,[KLB] 11:05 ▼ ~ ~ Yest H vol=0.7x pos=v86 vwap=below ema=bear rs=-1.5% adx=46 body=71% ramp=0.9x rangeATR=0.6 O55.07 H55.08 L55.01 C55.02 ATR=1.1 SL=55.13/55.19 rawVol=65036 volSMA=98615 buf=0.055 prices=55.67
2026-02-27T12:05:00.000-05:00,[KLB] 12:05 ▲ ~ ~ ORB L vol=1.3x pos=^85 vwap=above ema=bear rs=-0.7% adx=31 body=85% ramp=1.3x rangeATR=1 ⚠ O55.35 H55.45 L55.35 C55.44 ATR=1.1 SL=55.32/55.27 rawVol=80959 volSMA=63873 buf=0.055 prices=55.37
2026-02-27T12:30:00.000-05:00,[KLB] 12:30 ▲ ~ ~ ORB L vol=0.8x pos=^100 vwap=above ema=bear rs=-0.4% adx=31 body=33% ramp=0.8x rangeATR=1 O55.45 H55.48 L55.39 C55.48 ATR=1.1 SL=55.37/55.31 rawVol=44977 volSMA=58232 buf=0.055 prices=55.37
2026-03-02T09:35:00.000-05:00,[KLB] 9:35 ▼ RNG range break vol=16x
2026-03-02T09:35:00.000-05:00,[KLB] 9:35 ▼ ~ ~ VWAP + ~ Today O vol=16x pos=v93 vwap=below ema=bull rs=-2.1% adx=34 body=84% ramp=25.9x rangeATR=5.7 ⚡ ⚠ O57.75 H57.85 L56.68 C56.76 ATR=1.11 SL=56.87/56.93 rawVol=820321 volSMA=51128 buf=0.056 prices=
2026-03-02T09:40:00.000-05:00,[KLB] 9:40 ▼ BRK ORB L vol=10x pos=v78 vwap=below ema=bear rs=-2.7% adx=37 body=67% ramp=34.4x rangeATR=2.4 ⚡ O56.75 H56.81 L56.27 C56.39 ATR=1.11 SL=56.5/56.56 rawVol=645345 volSMA=82320 buf=0.056 prices=56.68
2026-03-02T09:40:00.000-05:00,[KLB] CONF 9:40 ▼ BRK → ✓ (auto-R1: EMA)
2026-03-02T09:45:00.000-05:00,[KLB] 5m CHECK 9:45 ▼ pnl=-0.08 SPY✗ → BAIL
2026-03-03T09:35:00.000-05:00,[KLB] 9:35 ▼ RNG range break vol=17.5x
2026-03-03T09:35:00.000-05:00,[KLB] 9:35 ▼ BRK PM L vol=17.5x pos=v96 vwap=below ema=bear rs=-0.4% adx=34 body=45% ramp=36x rangeATR=4.5 ⚡ O57.39 H57.71 L57.08 C57.11 ATR=1.17 SL=57.22/57.28 rawVol=608774 volSMA=34792 buf=0.059 prices=57.37
2026-03-03T09:35:00.000-05:00,[KLB] 9:35 ▼ ~ ~ VWAP + ~ Today O vol=17.5x pos=v96 vwap=below ema=bear rs=-0.4% adx=34 body=45% ramp=36x rangeATR=4.5 ⚡ O57.39 H57.71 L57.08 C57.11 ATR=1.17 SL=57.22/57.28 rawVol=608774 volSMA=34792 buf=0.059 prices=
2026-03-03T09:35:00.000-05:00,[KLB] CONF 9:35 ▼ BRK → ✓ (auto-R1: EMA)
2026-03-03T09:40:00.000-05:00,[KLB] 9:40 ▼ BRK ORB L vol=9.9x pos=v55 vwap=below ema=bear rs=-0.8% adx=37 body=31% ramp=91.5x rangeATR=2.6 ⚡ O57.12 H57.22 L56.8 C56.99 ATR=1.17 SL=57.11/57.17 rawVol=544473 volSMA=61747 buf=0.059 prices=57.08
2026-03-03T09:40:00.000-05:00,[KLB] 9:40 ▼ ~ ~ PD Cls vol=9.9x pos=v55 vwap=below ema=bear rs=-0.8% adx=37 body=31% ramp=91.5x rangeATR=2.6 ⚡ O57.12 H57.22 L56.8 C56.99 ATR=1.17 SL=57.11/57.17 rawVol=544473 volSMA=61747 buf=0.059 prices=
2026-03-03T09:40:00.000-05:00,[KLB] CONF 9:40 ▼ BRK → ✓ (auto-R1: EMA)
2026-03-03T09:45:00.000-05:00,[KLB] 9:45 ▼ BRK PD LH L vol=6.2x pos=v92 vwap=below ema=bear rs=-1.7% adx=40 body=92% ramp=135x rangeATR=3.8 ⚡ ⚠ O56.98 H56.98 L56.21 C56.28 ATR=1.17 SL=56.39/56.45 rawVol=524458 volSMA=87778 buf=0.059 prices=
2026-03-03T09:45:00.000-05:00,[KLB] CONF 9:45 ▼ BRK → ✓ (auto-R1: EMA)
2026-03-03T09:50:00.000-05:00,[KLB] 9:50 ▼ BRK Yest L vol=4.8x pos=v100 vwap=below ema=bear rs=-1.8% adx=43 body=57% ramp=2.4x rangeATR=1.1 O56.28 H56.37 L56.15 C56.15 ATR=1.17 SL=56.27/56.33 rawVol=427788 volSMA=109038 buf=0.059 prices=56.27
2026-03-03T09:50:00.000-05:00,[KLB] CONF 9:50 ▼ BRK → ✓ (auto-R1: EMA)
2026-03-03T09:55:00.000-05:00,[KLB] 5m CHECK 9:55 ▼ pnl=-0.11 SPY~ → BAIL
2026-03-03T11:20:00.000-05:00,[KLB] 11:20 ▲ ~ ~ ORB L vol=0.8x pos=^87 vwap=above ema=bear rs=-0.5% adx=28 body=87% ramp=0.7x rangeATR=1.2 ⚠ O56.94 H57.17 L56.94 C57.14 ATR=1.17 SL=57.02/56.96 rawVol=182770 volSMA=241229 buf=0.059 prices=57.08
2026-03-03T11:35:00.000-05:00,[KLB] 11:35 ▼ FADE at 57.08
2026-03-03T11:45:00.000-05:00,[KLB] 11:45 ▼ BRK PD LH L vol=1.3x pos=v81 vwap=below ema=bear rs=-1.5% adx=23 body=58% ramp=1x rangeATR=1.8 O56.87 H56.95 L56.59 C56.66 ATR=1.17 SL=56.78/56.84 rawVol=247622 volSMA=188854 buf=0.059 prices=
2026-03-03T11:45:00.000-05:00,[KLB] CONF 11:45 ▼ BRK → ✓ (auto-R1: EMA)
2026-03-03T11:50:00.000-05:00,[KLB] 5m CHECK 11:50 ▼ pnl=0.03 SPY✗ → HOLD
2026-03-03T14:45:00.000-05:00,[KLB] 14:45 ▼ BRK Yest L vol=3.5x pos=v97 vwap=below ema=bear rs=-3.1% adx=22 body=97% ramp=3.8x rangeATR=2.3 ⚡ ⚠ O56.53 H56.53 L56.18 C56.19 ATR=1.17 SL=56.3/56.36 rawVol=413044 volSMA=136485 buf=0.059 prices=56.27
2026-03-03T14:45:00.000-05:00,[KLB] CONF 14:45 ▼ BRK → ✓ (auto-R1: EMA)
2026-03-03T14:50:00.000-05:00,[KLB] 5m CHECK 14:50 ▼ pnl=-0.12 SPY✗ → BAIL
2026-03-03T15:00:00.000-05:00,[KLB] 15:00 ▼ BRK Yest L vol=1.8x pos=v47 vwap=below ema=bear rs=-3% adx=28 body=47% ramp=0.9x rangeATR=1 O56.28 H56.28 L56.12 C56.21 ATR=1.17 SL=56.32/56.38 rawVol=256584 volSMA=168179 buf=0.059 prices=56.27
2026-03-03T15:00:00.000-05:00,[KLB] CONF 15:00 ▼ BRK → ✓ (auto-R1: EMA)
2026-03-03T15:05:00.000-05:00,[KLB] 5m CHECK 15:05 ▼ pnl=0 SPY✗ → BAIL
2026-03-03T15:10:00.000-05:00,[KLB] 15:10 ▼ ~ ~ Week H vol=1.2x pos=v79 vwap=below ema=bear rs=-3.2% adx=31 body=58% ramp=0.6x rangeATR=1.2 O56.2 H56.24 L56.05 C56.09 ATR=1.17 SL=56.21/56.27 rawVol=211905 volSMA=179157 buf=0.059 prices=56.15
2026-03-04T09:40:00.000-05:00,[KLB] 9:40 ▼ ~ x~ Week H vol=8.3x pos=v58 vwap=below ema=bear rs=+0.1% adx=27 body=20% ramp=206.2x rangeATR=3.6 ⚡ O56.13 H56.3 L55.85 C56.04 ATR=1.21 SL=56.16/56.22 rawVol=439882 volSMA=52772 buf=0.06 prices=56.15
2026-03-04T09:45:00.000-05:00,[KLB] 9:45 ▼ RNG range break vol=6.3x
2026-03-04T09:45:00.000-05:00,[KLB] 9:45 ▼ BRK PM L + ORB L vol=6.3x pos=v65 vwap=below ema=bear rs=-0.2% adx=26 body=54% ramp=51.2x rangeATR=3.1 ⚡ O56.06 H56.11 L55.65 C55.81 ATR=1.21 SL=55.93/55.99 rawVol=335218 volSMA=69444 buf=0.06 prices=55.86/56.02
2026-03-04T09:45:00.000-05:00,[KLB] 9:45 ▼ ~ ~ VWAP vol=6.3x pos=v65 vwap=below ema=bear rs=-0.2% adx=26 body=54% ramp=51.2x rangeATR=3.1 ⚡ O56.06 H56.11 L55.65 C55.81 ATR=1.21 SL=55.93/55.99 rawVol=335218 volSMA=69444 buf=0.06 prices=
2026-03-04T09:45:00.000-05:00,[KLB] CONF 9:45 ▼ BRK → ✓ (auto-R1: EMA)
2026-03-04T09:50:00.000-05:00,[KLB] 5m CHECK 9:50 ▼ pnl=0.07 SPY~ → HOLD
2026-03-05T09:35:00.000-05:00,[KLB] 9:35 ▲ RNG range break vol=18.9x
2026-03-05T09:40:00.000-05:00,[KLB] 9:40 ▼ ~ ~ ORB H vol=8.4x pos=v82 vwap=below ema=bull rs=0% adx=23 body=70% ramp=88.1x rangeATR=4.6 ⚡ O57 H57.06 L56.55 C56.64 ATR=1.21 SL=56.76/56.82 rawVol=226467 volSMA=26966 buf=0.06 prices=57.02
2026-03-05T10:25:00.000-05:00,[KLB] 10:25 ▲ ~ ~ VWAP vol=2.2x pos=^94 vwap=above ema=bull rs=+0.8% adx=41 body=90% ramp=1.3x rangeATR=1.8 ⚠ O56.66 H56.9 L56.65 C56.89 ATR=1.21 SL=56.76/56.7 rawVol=188919 volSMA=86981 buf=0.06 prices=
2026-03-05T11:20:00.000-05:00,[KLB] 11:20 ▲ ~ ~ ORB L vol=1.1x pos=^100 vwap=above ema=bull rs=+0.7% adx=28 body=76% ramp=0.9x rangeATR=1.3 O56.5 H56.66 L56.45 C56.66 ATR=1.21 SL=56.54/56.48 rawVol=126480 volSMA=134939 buf=0.06 prices=56.44
2026-03-05T11:30:00.000-05:00,[KLB] 11:30 ▼ ~ x~ PM H vol=1.6x pos=v27 vwap=below ema=bull rs=+0.2% adx=25 body=9% ramp=1.3x rangeATR=0.7 O56.45 H56.47 L56.36 C56.44 ATR=1.21 SL=56.56/56.62 rawVol=128628 volSMA=135182 buf=0.06 prices=56.5
2026-03-05T11:35:00.000-05:00,[KLB] 11:35 ▲ FADE at 56.5
2026-03-05T12:50:00.000-05:00,[KLB] 12:50 ▼ ~ ~ PD Cls vol=1.1x pos=v100 vwap=below ema=bull rs=+0.2% adx=21 body=91% ramp=0.7x rangeATR=0.8 ⚠ O56.27 H56.28 L56.17 C56.17 ATR=1.21 SL=56.29/56.35 rawVol=54435 volSMA=134934 buf=0.06 prices=
2026-03-05T12:55:00.000-05:00,[KLB] 12:55 ▲ FADE at 56.19
2026-03-05T13:50:00.000-05:00,"[KLB] 13:50 ▼ ~ ~ PM H
~ VWAP vol=1.2x pos=v74 vwap=below ema=bear rs=+0.5% adx=23 body=70% ramp=1.4x rangeATR=1 O56.47 H56.48 L56.36 C56.39 ATR=1.21 SL=56.51/56.57 rawVol=119930 volSMA=99376 buf=0.06 prices=56.5"
2026-03-05T15:55:00.000-05:00,[KLB] 15:55 ▼ ~ x~ PM H vol=1.5x pos=v27 vwap=below ema=bear rs=-0.1% adx=17 body=20% ramp=1.1x rangeATR=1.2 O56.47 H56.48 L56.33 C56.44 ATR=1.21 SL=56.56/56.62 rawVol=151588 volSMA=102773 buf=0.06 prices=56.5
2026-03-06T09:30:00.000-05:00,[KLB] 9:30 ▼ RNG range break vol=3.6x
2026-03-06T09:45:00.000-05:00,[KLB] 9:45 ▼ BRK PM L vol=5.8x pos=v97 vwap=below ema=bear rs=-1.2% adx=22 body=84% ramp=59.7x rangeATR=3.8 ⚡ ⚠ O56.8 H56.89 L56.22 C56.24 ATR=1.19 SL=56.36/56.42 rawVol=248524 volSMA=57902 buf=0.06 prices=56.56
2026-03-06T09:45:00.000-05:00,"[KLB] 9:45 ▼ ~ ~ Yest H
~ VWAP + ~ PD Cls vol=5.8x pos=v97 vwap=below ema=bear rs=-1.2% adx=22 body=84% ramp=59.7x rangeATR=3.8 ⚡ ⚠ O56.8 H56.89 L56.22 C56.24 ATR=1.19 SL=56.36/56.42 rawVol=248524 volSMA=57902 buf=0.06 prices=57.06"
2026-03-06T09:45:00.000-05:00,[KLB] CONF 9:45 ▼ BRK → ✓ (auto-R1: EMA)
2026-03-06T09:50:00.000-05:00,[KLB] 5m CHECK 9:50 ▼ pnl=-0.13 SPY✓ → HOLD
2026-03-06T11:25:00.000-05:00,[KLB] 11:25 ▼ ~ ~ Yest H vol=0.7x pos=v62 vwap=below ema=bear rs=-1.3% adx=23 body=58% ramp=1x rangeATR=0.8 O56.58 H56.58 L56.45 C56.5 ATR=1.19 SL=56.62/56.68 rawVol=71718 volSMA=113749 buf=0.06 prices=57.06
2026-03-06T11:35:00.000-05:00,[KLB] 11:35 ▼ ~ x~ Yest H vol=0.7x pos=v67 vwap=below ema=bear rs=-1.2% adx=22 body=13% ramp=0.7x rangeATR=0.9 O56.53 H56.61 L56.46 C56.51 ATR=1.19 SL=56.63/56.69 rawVol=71127 volSMA=100288 buf=0.06 prices=57.06
2026-03-06T13:05:00.000-05:00,[KLB] 13:05 ▼ ~ x~ Yest H vol=2.2x pos=v60 vwap=below ema=bear rs=-1.1% adx=14 body=20% ramp=1.3x rangeATR=0.9 O56.54 H56.58 L56.48 C56.52 ATR=1.19 SL=56.64/56.7 rawVol=153197 volSMA=70940 buf=0.06 prices=57.06
2026-03-06T15:55:00.000-05:00,[KLB] 15:55 ▼ ~ ~ Yest H vol=2.5x pos=v56 vwap=below ema=bear rs=-1.1% adx=23 body=56% ramp=1.6x rangeATR=0.9 O56.53 H56.53 L56.44 C56.48 ATR=1.19 SL=56.6/56.66 rawVol=224938 volSMA=90961 buf=0.06 prices=57.06
