Date,Message
2025-09-29T09:45:00.000-04:00,[KLB] 9:45 ▲ ~ ~ VWAP vol=4.7x pos=^90 vwap=above ema=bear rs=+0.4% adx=25 body=83% O512.18 H513.87 L512.06 C513.68 ATR=7.35 SL=512.94/512.58 rawVol=33551 volSMA=7098 buf=0.368 prices=
2025-09-29T09:55:00.000-04:00,[KLB] 5m CHECK 9:55 ▲ pnl=0.06 → HOLD
2025-09-30T09:35:00.000-04:00,[KLB] 9:35 ▼ BRK PM L vol=17.6x pos=v61 vwap=below ema=bear rs=-0.3% adx=24 body=52% O513.14 H513.48 L510 C511.34 ATR=7.4 SL=512.08/512.45 rawVol=48174 volSMA=2737 buf=0.37 prices=512.55
2025-09-30T09:40:00.000-04:00,[KLB] 9:40 ▼ ~ ~ VWAP vol=10.4x pos=v75 vwap=below ema=bear rs=-0.5% adx=28 body=50% O511.3 H511.82 L509.71 C510.24 ATR=7.4 SL=510.98/511.35 rawVol=37810 volSMA=4621 buf=0.37 prices=
2025-09-30T09:45:00.000-04:00,[KLB] 9:45 ▲ ~ ~ Yest L + ~ ORB L vol=3.5x pos=^99 vwap=above ema=bear rs=-0.3% adx=31 body=95% O510.19 H511.6 L510.14 C511.58 ATR=7.4 SL=510.84/510.47 rawVol=19324 volSMA=5569 buf=0.37 prices=508.88/510
2025-09-30T09:45:00.000-04:00,[KLB] 5m CHECK 9:45 ▼ pnl=-0.18 → BAIL
2025-09-30T09:45:00.000-04:00,[KLB] 9:45 ▼ ◆ ◆³ PM L 4.4x v26 vol= pos= vwap=above ema=bear rs=-0.3% adx=31 body=95% O510.19 H511.6 L510.14 C511.58 ATR=7.4 SL=512.32/512.69 rawVol=19324 volSMA=5569 buf=0.37 prices=
2025-09-30T09:50:00.000-04:00,[KLB] 9:50 ▲ ~ ~ Yest L vol=3.6x pos=^74 vwap=above ema=bear rs=-0.2% adx=32 body=53% O511.65 H512.56 L511.4 C512.26 ATR=7.4 SL=511.52/511.15 rawVol=24288 volSMA=6783 buf=0.37 prices=508.88
2025-09-30T09:55:00.000-04:00,[KLB] 5m CHECK 9:55 ▲ pnl=-0.04 → BAIL
2025-09-30T09:55:00.000-04:00,[KLB] CONF 9:55 ▼ BRK → ✗ (failed)
2025-09-30T10:00:00.000-04:00,"[KLB] 10:00 ▲ ~~ ~~ PM L
~ VWAP vol=2.6x pos=^100 vwap=above ema=bear rs=-0.1% adx=33 body=79% O511.84 H512.93 L511.55 C512.93 ATR=7.4 SL=512.19/511.82 rawVol=24040 volSMA=9075 buf=0.37 prices=512.55"
2025-09-30T10:05:00.000-04:00,[KLB] 10:05 ▲ ~~ ~~ PM L vol=2.4x pos=^72 vwap=above ema=bear rs=+0% adx=31 body=72% O512.68 H513.8 L512.68 C513.49 ATR=7.4 SL=512.75/512.38 rawVol=24871 volSMA=10296 buf=0.37 prices=512.55
2025-09-30T10:15:00.000-04:00,[KLB] 10:15 ▲ ~~ ~~ PM L vol=1x pos=^72 vwap=above ema=bear rs=0% adx=29 body=60% O512.51 H513.02 L512.44 C512.86 ATR=7.4 SL=512.12/511.75 rawVol=11382 volSMA=11547 buf=0.37 prices=512.55
2025-09-30T10:30:00.000-04:00,[KLB] 10:30 ▲ ~~ ~~ PM L vol=1.2x pos=^81 vwap=above ema=bear rs=0% adx=26 body=67% O512.68 H513.14 L512.6 C513.04 ATR=7.4 SL=512.3/511.93 rawVol=11043 volSMA=13375 buf=0.37 prices=512.55
2025-09-30T11:05:00.000-04:00,[KLB] 11:05 ▲ BRK Yest H vol=1.5x pos=^91 vwap=above ema=bull rs=+0.7% adx=29 body=79% O516.66 H517.61 L516.54 C517.51 ATR=7.4 SL=516.77/516.4 rawVol=32803 volSMA=22210 buf=0.37 prices=516.85
2025-09-30T11:10:00.000-04:00,[KLB] CONF 11:10 ▲ BRK → ✗ (failed)
2025-10-01T10:00:00.000-04:00,[KLB] 10:00 ▼ BRK ORB L vol=2.1x pos=v84 vwap=below ema=bear rs=-0.5% adx=23 body=45% O513.24 H513.89 L512.25 C512.51 ATR=7.47 SL=513.26/513.63 rawVol=25958 volSMA=12370 buf=0.374 prices=513.2
2025-10-01T10:00:00.000-04:00,[KLB] 10:00 ▼ ~ ~ VWAP vol=2.1x pos=v84 vwap=below ema=bear rs=-0.5% adx=23 body=45% O513.24 H513.89 L512.25 C512.51 ATR=7.47 SL=513.26/513.63 rawVol=25958 volSMA=12370 buf=0.374 prices=
2025-10-01T10:00:00.000-04:00,[KLB] 10:00 ▼ ◆ ◆¹ ORB L 1.4x v50 vol= pos= vwap=below ema=bear rs=-0.5% adx=23 body=45% O513.24 H513.89 L512.25 C512.51 ATR=7.47 SL=513.26/513.63 rawVol=25958 volSMA=12370 buf=0.374 prices=
2025-10-01T10:15:00.000-04:00,[KLB] CONF 10:15 ▼ BRK → ✗ (failed)
2025-10-01T10:30:00.000-04:00,[KLB] 10:30 ▼ BRK ORB L vol=1.6x pos=v96 vwap=below ema=bear rs=-0.8% adx=24 body=82% O513.36 H513.48 L512.59 C512.63 ATR=7.47 SL=513.38/513.75 rawVol=25416 volSMA=18565 buf=0.374 prices=513.2
2025-10-01T10:30:00.000-04:00,[KLB] 10:30 ▼ ◆ ◆¹ ORB L 1.4x v64 vol= pos= vwap=below ema=bear rs=-0.8% adx=24 body=82% O513.36 H513.48 L512.59 C512.63 ATR=7.47 SL=513.38/513.75 rawVol=25416 volSMA=18565 buf=0.374 prices=
2025-10-01T10:50:00.000-04:00,[KLB] CONF 10:50 ▼ BRK → ✗ (failed)
2025-10-01T10:55:00.000-04:00,[KLB] 10:55 ▲ ~~ ~ Yest L + ~~ ORB L vol=0.7x pos=^91 vwap=above ema=bear rs=-0.6% adx=22 body=70% O513.39 H513.94 L513.24 C513.88 ATR=7.47 SL=513.13/512.76 rawVol=15857 volSMA=22909 buf=0.374 prices=509.66/513.2
2025-10-02T11:15:00.000-04:00,[KLB] 11:15 ▼ BRK Yest L vol=1.7x pos=v87 vwap=below ema=bear rs=-0.8% adx=23 body=40% O512.12 H513.04 L511.12 C511.36 ATR=7.57 SL=512.12/512.5 rawVol=57395 volSMA=34577 buf=0.379 prices=511.69
2025-10-02T11:20:00.000-04:00,[KLB] CONF 11:20 ▼ BRK → ✗ (failed)
2025-10-02T12:45:00.000-04:00,[KLB] 12:45 ▼ ~ ~ VWAP vol=0.4x pos=v75 vwap=below ema=bear rs=-0.3% adx=23 body=75% O514.74 H514.74 L513.77 C514.02 ATR=7.57 SL=514.77/515.15 rawVol=9838 volSMA=23876 buf=0.379 prices=
2025-10-02T14:00:00.000-04:00,[KLB] 14:00 ▲ ~~ ~~ ORB L vol=0.8x pos=^87 vwap=above ema=bear rs=+0.1% adx=21 body=69% O516.65 H517.21 L516.53 C517.12 ATR=7.57 SL=516.36/515.98 rawVol=8812 volSMA=10615 buf=0.379 prices=516.55
2025-10-02T14:10:00.000-04:00,[KLB] 14:10 ▲ ~~ ~~ ORB L vol=0.9x pos=^76 vwap=above ema=bull rs=+0.1% adx=24 body=63% O516.72 H517.05 L516.67 C516.96 ATR=7.57 SL=516.2/515.82 rawVol=10251 volSMA=11039 buf=0.379 prices=516.55
2025-10-02T14:15:00.000-04:00,[KLB] 14:15 ▲ ~~ ~~ PM L vol=0.9x pos=^67 vwap=above ema=bull rs=+0.1% adx=25 body=52% O516.92 H517.28 L516.86 C517.14 ATR=7.57 SL=516.38/516 rawVol=10209 volSMA=10816 buf=0.379 prices=516.9
2025-10-02T14:40:00.000-04:00,[KLB] 14:40 ▲ ~~ ~~ PM L + ~~ ORB L vol=0.6x pos=^100 vwap=above ema=bull rs=+0% adx=29 body=95% O516.75 H517.14 L516.73 C517.14 ATR=7.57 SL=516.38/516 rawVol=6620 volSMA=10187 buf=0.379 prices=516.9/516.55
2025-10-02T15:05:00.000-04:00,[KLB] 15:05 ▲ ~~ ~~ PM L vol=1.2x pos=^100 vwap=above ema=bull rs=+0.1% adx=28 body=90% O517.04 H517.31 L517.01 C517.31 ATR=7.57 SL=516.55/516.17 rawVol=6553 volSMA=9643 buf=0.379 prices=516.9
2025-10-02T15:25:00.000-04:00,[KLB] 15:25 ▲ ~~ ~~ ORB L vol=1.3x pos=^100 vwap=above ema=bull rs=+0% adx=25 body=67% O516.77 H517.08 L516.62 C517.08 ATR=7.57 SL=516.32/515.94 rawVol=13027 volSMA=9902 buf=0.379 prices=516.55
2025-10-02T15:50:00.000-04:00,[KLB] 15:50 ▲ ~ ~ VWAP vol=1.5x pos=^66 vwap=above ema=bull rs=0% adx=20 body=48% O516.36 H516.72 L516.28 C516.57 ATR=7.57 SL=515.81/515.43 rawVol=16705 volSMA=11300 buf=0.379 prices=
2025-10-03T09:30:00.000-04:00,[KLB] 9:30 ▲ ~ ~ Yest L vol=3.2x pos=^72 vwap=above ema=bear rs=+0% adx=31 body=67% O515.5 H517.17 L515.42 C516.68 ATR=7.81 SL=515.9/515.51 rawVol=1518 volSMA=468 buf=0.39 prices=510.68
2025-10-03T09:35:00.000-04:00,[KLB] 9:35 ▼ ~ ~ PM H + ~ Yest H + ~ Week H vol=16.5x pos=v85 vwap=below ema=bear rs=-0.2% adx=32 body=38% O516.99 H517.69 L516.2 C516.43 ATR=7.81 SL=517.21/517.6 rawVol=41671 volSMA=2527 buf=0.39 prices=517.17/521.6/517.74
2025-10-03T09:45:00.000-04:00,[KLB] 9:45 ▼ BRK ORB L vol=5.2x pos=v55 vwap=below ema=bear rs=-0.4% adx=30 body=39% O516.22 H516.45 L515 C515.65 ATR=7.81 SL=516.43/516.82 rawVol=24658 volSMA=4734 buf=0.39 prices=516.2
2025-10-03T09:45:00.000-04:00,[KLB] 9:45 ▼ ~ ~ VWAP vol=5.2x pos=v55 vwap=below ema=bear rs=-0.4% adx=30 body=39% O516.22 H516.45 L515 C515.65 ATR=7.81 SL=516.43/516.82 rawVol=24658 volSMA=4734 buf=0.39 prices=
2025-10-03T09:45:00.000-04:00,[KLB] 5m CHECK 9:45 ▼ pnl=0.08 → HOLD
2025-10-03T09:50:00.000-04:00,[KLB] 9:50 ▲ ~ ~ Yest L + ~ ORB L vol=4.7x pos=^89 vwap=above ema=bear rs=-0.1% adx=30 body=89% O515.58 H517.56 L515.58 C517.34 ATR=7.81 SL=516.56/516.17 rawVol=29450 volSMA=6202 buf=0.39 prices=510.68/516.2
2025-10-03T09:50:00.000-04:00,[KLB] CONF 9:50 ▼ BRK → ✗ (failed)
2025-10-03T09:55:00.000-04:00,[KLB] 9:55 ▲ BRK PM H + Week H + ORB H vol=7.2x pos=^62 vwap=above ema=bull rs=+0.1% adx=31 body=62% O517.34 H519.14 L517.34 C518.46 ATR=7.81 SL=517.68/517.29 rawVol=69954 volSMA=9698 buf=0.39 prices=517.17/517.74/517.69
2025-10-03T09:55:00.000-04:00,[KLB] 9:55 ▲ ~ ~ VWAP vol=7.2x pos=^62 vwap=above ema=bull rs=+0.1% adx=31 body=62% O517.34 H519.14 L517.34 C518.46 ATR=7.81 SL=517.68/517.29 rawVol=69954 volSMA=9698 buf=0.39 prices=
2025-10-03T10:00:00.000-04:00,"[KLB] 10:00 ▲ ◆ ◆² Week H 2.4x ^20
◆² ORB H 2.4x ^20 vol= pos= vwap=above ema=bull rs=+0.2% adx=32 body=49% O518.44 H518.97 L518.02 C518.91 ATR=7.81 SL=518.13/517.74 rawVol=22715 volSMA=10827 buf=0.39 prices="
2025-10-03T10:05:00.000-04:00,[KLB] CONF 10:05 ▲ BRK → ✗ (failed)
2025-10-03T10:10:00.000-04:00,[KLB] 10:10 ▼ ~~ ~~ PM H + ~ Yest H + ~~ Week H + ~~ ORB H vol=2x pos=v61 vwap=below ema=bull rs=-0.1% adx=30 body=57% O517.81 H517.89 L516.11 C516.8 ATR=7.81 SL=517.58/517.97 rawVol=26155 volSMA=13392 buf=0.39 prices=517.17/521.6/517.74/517.69
2025-10-03T13:55:00.000-04:00,[KLB] 13:55 ▼ ~ ~ Yest H vol=1.8x pos=v72 vwap=below ema=bull rs=+0.4% adx=25 body=66% O518.19 H518.25 L517.31 C517.57 ATR=7.81 SL=518.35/518.74 rawVol=20221 volSMA=11050 buf=0.39 prices=521.6
2025-10-03T14:05:00.000-04:00,[KLB] 14:05 ▼ ~~ ~~ PM H + ~ Yest H + ~~ Week H + ~~ ORB H vol=1x pos=v97 vwap=below ema=bear rs=+0.1% adx=27 body=92% O517.63 H517.67 L516.76 C516.79 ATR=7.81 SL=517.57/517.96 rawVol=11579 volSMA=11808 buf=0.39 prices=517.17/521.6/517.74/517.69
2025-10-03T14:40:00.000-04:00,[KLB] 14:40 ▼ ~ ~ Yest H vol=0.7x pos=v79 vwap=below ema=bear rs=+0.1% adx=25 body=45% O517.73 H517.87 L517.45 C517.54 ATR=7.81 SL=518.32/518.71 rawVol=4343 volSMA=12372 buf=0.39 prices=521.6
2025-10-03T14:50:00.000-04:00,[KLB] 14:50 ▼ ~~ ~ Yest H + ~~ Week H + ~~ ORB H vol=0.7x pos=v93 vwap=below ema=bear rs=+0.1% adx=25 body=72% O517.56 H517.69 L517.08 C517.12 ATR=7.81 SL=517.9/518.29 rawVol=8135 volSMA=11264 buf=0.39 prices=521.6/517.74/517.69
2025-10-06T09:35:00.000-04:00,[KLB] 9:35 ▲ BRK PM H + Yest H vol=15.5x pos=^82 vwap=above ema=bull rs=+0.7% adx=37 body=73% O518.62 H522.31 L518.24 C521.57 ATR=7.64 SL=520.81/520.42 rawVol=45825 volSMA=2953 buf=0.382 prices=520.61/520.49
2025-10-06T09:35:00.000-04:00,[KLB] 9:35 ▲ ~ ~ VWAP vol=15.5x pos=^82 vwap=above ema=bull rs=+0.7% adx=37 body=73% O518.62 H522.31 L518.24 C521.57 ATR=7.64 SL=520.81/520.42 rawVol=45825 volSMA=2953 buf=0.382 prices=
2025-10-06T09:45:00.000-04:00,[KLB] 5m CHECK 9:45 ▲ pnl=-0.02 → BAIL
2025-10-06T09:50:00.000-04:00,[KLB] 9:50 ▲ BRK ORB H vol=3.4x pos=^78 vwap=above ema=bull rs=+0.9% adx=40 body=48% O521.74 H523.25 L521.1 C522.77 ATR=7.64 SL=522.01/521.62 rawVol=27229 volSMA=7966 buf=0.382 prices=522.31
2025-10-06T09:50:00.000-04:00,[KLB] CONF 9:50 ▲ BRK → ✓★ (auto-promote)
2025-10-06T09:50:00.000-04:00,[KLB] 9:50 ▲ ◆ ◆¹ ORB H 4.6x ^99 vol= pos= vwap=above ema=bull rs=+0.9% adx=40 body=48% O521.74 H523.25 L521.1 C522.77 ATR=7.64 SL=522.01/521.62 rawVol=27229 volSMA=7966 buf=0.382 prices=
2025-10-06T09:55:00.000-04:00,[KLB] 5m CHECK 9:55 ▲ pnl=0.18 → HOLD
2025-10-06T10:05:00.000-04:00,[KLB] CONF 10:05 ▲ BRK → ✗ (failed)
2025-10-06T10:10:00.000-04:00,[KLB] 10:10 ▼ ~~ ~~ ORB H vol=1.4x pos=v100 vwap=below ema=bull rs=+0.9% adx=40 body=93% O522.87 H522.97 L521.52 C521.52 ATR=7.64 SL=522.28/522.67 rawVol=13532 volSMA=12679 buf=0.382 prices=522.31
2025-10-06T10:25:00.000-04:00,[KLB] 5m CHECK 10:25 ▲ pnl=0.03 → BAIL
2025-10-07T09:45:00.000-04:00,[KLB] 9:45 ▼ ~ ~ VWAP vol=4.3x pos=v92 vwap=below ema=bull rs=-0.5% adx=33 body=90% O527.67 H527.7 L525.41 C525.6 ATR=8.08 SL=526.41/526.81 rawVol=37265 volSMA=8672 buf=0.404 prices=
2025-10-07T09:55:00.000-04:00,[KLB] 5m CHECK 9:55 ▼ pnl=-0.05 → BAIL
2025-10-07T10:25:00.000-04:00,[KLB] 10:25 ▲ ~ ~ PM L + ~ ORB L vol=0.9x pos=^98 vwap=above ema=bear rs=-0.2% adx=33 body=80% O526.18 H526.88 L526.03 C526.86 ATR=8.08 SL=526.05/525.65 rawVol=12294 volSMA=17439 buf=0.404 prices=526.27/525.9
2025-10-07T10:35:00.000-04:00,[KLB] 10:35 ▲ ~ ~ PM L vol=0.7x pos=^77 vwap=above ema=bear rs=-0.2% adx=30 body=72% O526.22 H526.72 L526.19 C526.6 ATR=8.08 SL=525.79/525.39 rawVol=12583 volSMA=18716 buf=0.404 prices=526.27
2025-10-07T10:40:00.000-04:00,[KLB] 10:40 ▲ ~ ~ PM L vol=0.9x pos=^100 vwap=above ema=bear rs=0% adx=28 body=57% O526.54 H526.97 L526.21 C526.97 ATR=8.08 SL=526.16/525.76 rawVol=17198 volSMA=19537 buf=0.404 prices=526.27
2025-10-08T09:35:00.000-04:00,"[KLB] 9:35 ▲ ~ ~ PM L + ~ Yest L
~ VWAP vol=18.3x pos=^89 vwap=above ema=bear rs=+0.7% adx=32 body=84% O523.28 H526.96 L523.1 C526.54 ATR=8.1 SL=525.73/525.33 rawVol=88883 volSMA=4870 buf=0.405 prices=523.09/521.44"
2025-10-08T10:00:00.000-04:00,[KLB] 10:00 ▼ ~ ~ ORB H vol=1.5x pos=v89 vwap=below ema=bull rs=+0.5% adx=40 body=54% O526.41 H526.86 L525.58 C525.72 ATR=8.1 SL=526.53/526.93 rawVol=15351 volSMA=10445 buf=0.405 prices=526.96
2025-10-08T10:25:00.000-04:00,"[KLB] 10:25 ▼ ~ ~ PM H
~ VWAP vol=1x pos=v67 vwap=below ema=bull rs=+0% adx=35 body=64% O525.35 H525.38 L524.1 C524.53 ATR=8.1 SL=525.33/525.74 rawVol=14021 volSMA=13875 buf=0.405 prices=525.35"
2025-10-08T10:50:00.000-04:00,[KLB] 10:50 ▼ ~ ~ PM H vol=0.5x pos=v79 vwap=below ema=bull rs=+0.1% adx=26 body=54% O525.25 H525.43 L524.71 C524.86 ATR=8.1 SL=525.67/526.07 rawVol=4960 volSMA=16180 buf=0.405 prices=525.35
2025-10-08T11:10:00.000-04:00,[KLB] 11:10 ▼ ~ ~ PM H vol=0.8x pos=v77 vwap=below ema=bull rs=+0% adx=22 body=37% O525.26 H525.7 L524.59 C524.85 ATR=8.1 SL=525.66/526.06 rawVol=13706 volSMA=17957 buf=0.405 prices=525.35
2025-10-09T09:30:00.000-04:00,[KLB] 9:30 ▼ ~ ~ VWAP vol=1.1x pos=v86 vwap=below ema=bear rs=+0.1% adx=25 body=79% O523.54 H523.65 L522.1 C522.31 ATR=7.79 SL=523.09/523.48 rawVol=1344 volSMA=1264 buf=0.39 prices=
2025-10-09T09:40:00.000-04:00,[KLB] 9:40 ▲ ~ ~ Yest L vol=9.3x pos=^78 vwap=above ema=bear rs=+0.2% adx=24 body=54% O522.9 H523.67 L522.65 C523.45 ATR=7.79 SL=522.67/522.28 rawVol=18313 volSMA=4030 buf=0.39 prices=523.09
2025-10-09T09:50:00.000-04:00,[KLB] 9:50 ▼ BRK ORB L vol=7.2x pos=v44 vwap=below ema=bear rs=-0.1% adx=26 body=43% O522.19 H522.21 L520.5 C521.46 ATR=7.79 SL=522.23/522.62 rawVol=52840 volSMA=7361 buf=0.39 prices=521.81
2025-10-09T09:50:00.000-04:00,[KLB] 9:50 ▼ ◆ ◆¹ ORB L 5.9x v60 vol= pos= vwap=below ema=bear rs=-0.1% adx=26 body=43% O522.19 H522.21 L520.5 C521.46 ATR=7.79 SL=522.23/522.62 rawVol=52840 volSMA=7361 buf=0.39 prices=
2025-10-09T09:55:00.000-04:00,[KLB] 9:55 ▼ BRK PM L vol=5.6x pos=v60 vwap=below ema=bear rs=-0.1% adx=28 body=54% O521.47 H521.58 L519.85 C520.54 ATR=7.79 SL=521.32/521.71 rawVol=43790 volSMA=9497 buf=0.39 prices=521.04
2025-10-09T09:55:00.000-04:00,[KLB] 9:55 ▼ ~ ~ Week H vol=5.6x pos=v60 vwap=below ema=bear rs=-0.1% adx=28 body=54% O521.47 H521.58 L519.85 C520.54 ATR=7.79 SL=521.32/521.71 rawVol=43790 volSMA=9497 buf=0.39 prices=521.6
2025-10-09T09:55:00.000-04:00,[KLB] CONF 9:55 ▼ BRK → ✓ (auto-promote)
2025-10-09T10:00:00.000-04:00,[KLB] 5m CHECK 10:00 ▼ pnl=-0.16 → BAIL
2025-10-09T10:00:00.000-04:00,[KLB] CONF 10:00 ▼ BRK → ✗ (failed)
2025-10-09T10:20:00.000-04:00,[KLB] 10:20 ▲ ~~ ~~ ORB L vol=0.9x pos=^68 vwap=above ema=bear rs=+0.3% adx=29 body=68% O521.99 H522.52 L521.99 C522.35 ATR=7.79 SL=521.57/521.18 rawVol=11879 volSMA=13918 buf=0.39 prices=521.81
2025-10-09T10:30:00.000-04:00,[KLB] 10:30 ▲ ~~ ~~ ORB L vol=0.7x pos=^87 vwap=above ema=bear rs=+0.3% adx=29 body=82% O521.47 H522.44 L521.41 C522.31 ATR=7.79 SL=521.53/521.14 rawVol=10736 volSMA=15097 buf=0.39 prices=521.81
2025-10-09T10:45:00.000-04:00,[KLB] 10:45 ▲ ~~ ~~ ORB L vol=0.6x pos=^59 vwap=above ema=bear rs=+0.5% adx=28 body=59% O521.69 H522.5 L521.69 C522.17 ATR=7.79 SL=521.39/521 rawVol=11609 volSMA=18147 buf=0.39 prices=521.81
2025-10-09T10:55:00.000-04:00,[KLB] 10:55 ▼ ~ ~ Week H vol=0.8x pos=v79 vwap=below ema=bear rs=+0.2% adx=27 body=59% O521.71 H521.85 L521.15 C521.3 ATR=7.79 SL=522.08/522.47 rawVol=12145 volSMA=19298 buf=0.39 prices=521.6
2025-10-09T11:05:00.000-04:00,[KLB] 11:05 ▼ ~ ~ Week H vol=0.4x pos=v99 vwap=below ema=bear rs=+0.1% adx=26 body=67% O521.73 H521.96 L521.24 C521.25 ATR=7.79 SL=522.03/522.42 rawVol=7605 volSMA=20087 buf=0.39 prices=521.6
2025-10-10T09:30:00.000-04:00,"[KLB] 9:30 ▼ ~ ~ PM H + ~ Yest H + ~ Week H
~ VWAP vol=10.5x pos=v95 vwap=below ema=bull rs=+0.2% adx=24 body=94% O523.17 H523.21 L519.62 C519.8 ATR=7.77 SL=520.58/520.97 rawVol=6624 volSMA=631 buf=0.388 prices=523.39/524.33/521.6"
2025-10-10T09:35:00.000-04:00,[KLB] 9:35 ▲ BRK Week H vol=14.3x pos=^75 vwap=above ema=bull rs=+0.5% adx=26 body=69% O519.77 H523.38 L519.57 C522.41 ATR=7.77 SL=521.63/521.24 rawVol=31399 volSMA=2197 buf=0.388 prices=521.6
2025-10-10T09:35:00.000-04:00,[KLB] 9:35 ▲ ~ ~ PM L + ~ Yest L vol=14.3x pos=^75 vwap=above ema=bull rs=+0.5% adx=26 body=69% O519.77 H523.38 L519.57 C522.41 ATR=7.77 SL=521.63/521.24 rawVol=31399 volSMA=2197 buf=0.388 prices=519.62/517.4
2025-10-10T09:35:00.000-04:00,[KLB] 9:35 ▲ ◆ ◆¹ Week H 11.8x ^50 vol= pos= vwap=above ema=bull rs=+0.5% adx=26 body=69% O519.77 H523.38 L519.57 C522.41 ATR=7.77 SL=521.63/521.24 rawVol=31399 volSMA=2197 buf=0.388 prices=
2025-10-10T09:50:00.000-04:00,"[KLB] 9:50 ▲ ~ ~ Yest L
~ VWAP vol=5.1x pos=^68 vwap=above ema=bull rs=+0.5% adx=29 body=68% O522.28 H523.56 L522.28 C523.15 ATR=7.77 SL=522.37/521.98 rawVol=33572 volSMA=6637 buf=0.388 prices=517.4"
2025-10-10T10:05:00.000-04:00,[KLB] 10:05 ▼ ~ ~ Yest H vol=2.9x pos=v93 vwap=below ema=bull rs=+0.3% adx=28 body=74% O522.55 H522.78 L521.54 C521.63 ATR=7.77 SL=522.41/522.8 rawVol=31196 volSMA=10713 buf=0.388 prices=524.33
2025-10-10T10:20:00.000-04:00,[KLB] CONF 10:20 ▲ BRK → ✗ (failed)
2025-10-10T10:25:00.000-04:00,[KLB] 10:25 ▼ ~~ ~~ Week H vol=1.4x pos=v84 vwap=below ema=bear rs=+0.3% adx=28 body=62% O521.75 H521.89 L521.26 C521.36 ATR=7.77 SL=522.14/522.53 rawVol=16031 volSMA=14018 buf=0.388 prices=521.6
2025-10-10T10:35:00.000-04:00,[KLB] 10:35 ▼ ~~ ~~ Week H vol=1.3x pos=v100 vwap=below ema=bear rs=+0.1% adx=30 body=75% O521.26 H521.4 L520.85 C520.85 ATR=7.77 SL=521.63/522.02 rawVol=19389 volSMA=15973 buf=0.388 prices=521.6
2025-10-10T11:00:00.000-04:00,[KLB] 11:00 ▼ ~~ ~~ Week H vol=1.5x pos=v71 vwap=below ema=bear rs=+0.4% adx=32 body=58% O521.12 H521.52 L518.44 C519.34 ATR=7.77 SL=520.12/520.51 rawVol=33484 volSMA=21661 buf=0.388 prices=521.6
2025-10-13T09:35:00.000-04:00,[KLB] 9:35 ▼ BRK PM L vol=12.6x pos=v77 vwap=below ema=bear rs=-0.5% adx=37 body=77% O516.41 H516.41 L513.06 C513.84 ATR=8.21 SL=514.66/515.07 rawVol=47069 volSMA=3744 buf=0.41 prices=515.22
2025-10-13T09:35:00.000-04:00,[KLB] 9:35 ▼ ~ ~ VWAP vol=12.6x pos=v77 vwap=below ema=bear rs=-0.5% adx=37 body=77% O516.41 H516.41 L513.06 C513.84 ATR=8.21 SL=514.66/515.07 rawVol=47069 volSMA=3744 buf=0.41 prices=
2025-10-13T09:40:00.000-04:00,[KLB] 9:40 ▼ ◆ ◆² PM L 4.9x v10 vol= pos= vwap=below ema=bear rs=-0.4% adx=39 body=12% O513.91 H514.47 L512.66 C514.13 ATR=8.21 SL=514.95/515.36 rawVol=55699 volSMA=6503 buf=0.41 prices=
2025-10-13T09:45:00.000-04:00,[KLB] 9:45 ▲ ~ ~ ORB L vol=7x pos=^90 vwap=above ema=bear rs=-0.3% adx=40 body=48% O514.05 H515.39 L513.1 C515.15 ATR=8.21 SL=514.33/513.92 rawVol=31614 volSMA=8001 buf=0.41 prices=513.06
2025-10-13T11:05:00.000-04:00,[KLB] 11:05 ▼ BRK ORB L vol=1.9x pos=v60 vwap=below ema=bear rs=-0.6% adx=34 body=51% O513.5 H513.61 L512.37 C512.87 ATR=8.21 SL=513.69/514.1 rawVol=45929 volSMA=24241 buf=0.41 prices=513.06
2025-10-13T11:05:00.000-04:00,[KLB] CONF 11:05 ▼ BRK → ✓ (auto-promote)
2025-10-13T11:05:00.000-04:00,[KLB] 11:05 ▼ ◆ ◆¹ ORB L 0.3x v83 vol= pos= vwap=below ema=bear rs=-0.6% adx=34 body=51% O513.5 H513.61 L512.37 C512.87 ATR=8.21 SL=513.69/514.1 rawVol=45929 volSMA=24241 buf=0.41 prices=
2025-10-13T11:10:00.000-04:00,[KLB] 5m CHECK 11:10 ▼ pnl=0.08 → HOLD
2025-10-13T11:30:00.000-04:00,[KLB] CONF 11:30 ▼ BRK → ✗ (failed)
2025-10-14T09:35:00.000-04:00,[KLB] 9:35 ▼ BRK PM L + Week L vol=14.2x pos=v84 vwap=below ema=bear rs=-0.3% adx=20 body=74% O510.12 H510.45 L507.25 C507.75 ATR=8.01 SL=508.55/508.95 rawVol=45408 volSMA=3200 buf=0.401 prices=508.47/509.63
2025-10-14T09:40:00.000-04:00,[KLB] 9:40 ▼ BRK ORB L vol=11.2x pos=v66 vwap=below ema=bear rs=-0.4% adx=23 body=46% O507.7 H508.11 L506.04 C506.75 ATR=8.01 SL=507.55/507.95 rawVol=80768 volSMA=7235 buf=0.401 prices=507.25
2025-10-14T09:40:00.000-04:00,[KLB] 9:40 ▼ ~ ~ VWAP vol=11.2x pos=v66 vwap=below ema=bear rs=-0.4% adx=23 body=46% O507.7 H508.11 L506.04 C506.75 ATR=8.01 SL=507.55/507.95 rawVol=80768 volSMA=7235 buf=0.401 prices=
2025-10-14T09:40:00.000-04:00,[KLB] CONF 9:40 ▼ BRK → ✓★ (auto-promote)
2025-10-14T09:40:00.000-04:00,[KLB] 9:40 ▼ ◆ ◆¹ ORB L 10.9x v55 vol= pos= vwap=below ema=bear rs=-0.4% adx=23 body=46% O507.7 H508.11 L506.04 C506.75 ATR=8.01 SL=507.55/507.95 rawVol=80768 volSMA=7235 buf=0.401 prices=
2025-10-14T09:45:00.000-04:00,[KLB] 5m CHECK 9:45 ▼ pnl=0.02 → BAIL
2025-10-14T09:50:00.000-04:00,[KLB] CONF 9:50 ▼ BRK → ✗ (failed)
2025-10-14T09:55:00.000-04:00,"[KLB] 9:55 ▲ ~~ ~~ ORB L
~ VWAP vol=2.2x pos=^100 vwap=above ema=bear rs=-0.1% adx=28 body=81% O506.91 H508.61 L506.52 C508.61 ATR=8.01 SL=507.81/507.41 rawVol=27940 volSMA=14092 buf=0.401 prices=507.25"
2025-10-14T10:00:00.000-04:00,[KLB] 10:00 ▲ ~~ ~~ PM L + ~~ Week L vol=1.8x pos=^93 vwap=above ema=bear rs=0% adx=26 body=90% O508.69 H510 L508.65 C509.91 ATR=8.01 SL=509.11/508.71 rawVol=25557 volSMA=15212 buf=0.401 prices=508.47/509.63
2025-10-14T10:25:00.000-04:00,[KLB] 10:25 ▲ ~~ ~~ Week L vol=0.9x pos=^90 vwap=above ema=bear rs=-0.4% adx=21 body=72% O509.24 H510 L509.07 C509.91 ATR=8.01 SL=509.11/508.71 rawVol=17146 volSMA=18711 buf=0.401 prices=509.63
2025-10-15T12:55:00.000-04:00,[KLB] 12:55 ▼ ~ ~ Yest H vol=0.6x pos=v80 vwap=below ema=bear rs=+0.1% adx=26 body=80% O513.82 H513.82 L513.13 C513.27 ATR=8.1 SL=514.08/514.49 rawVol=5649 volSMA=9599 buf=0.405 prices=515.28
2025-10-16T09:40:00.000-04:00,[KLB] 9:40 ▲ ~ ~ PM L + ~ Yest L + ~ ORB L vol=7.7x pos=^87 vwap=above ema=bear rs=+0.2% adx=26 body=66% O512.12 H513.83 L511.68 C513.54 ATR=8.04 SL=512.74/512.33 rawVol=27597 volSMA=3569 buf=0.402 prices=511.87/510/511.67
2025-10-16T09:50:00.000-04:00,[KLB] 5m CHECK 9:50 ▲ pnl=0.02 → BAIL
2025-10-16T10:15:00.000-04:00,[KLB] 10:15 ▼ ~ ~ ORB H vol=1.3x pos=v43 vwap=below ema=bear rs=+0.4% adx=27 body=33% O514.04 H514.16 L513 C513.66 ATR=8.04 SL=514.46/514.87 rawVol=10735 volSMA=8357 buf=0.402 prices=514.24
2025-10-16T10:20:00.000-04:00,[KLB] 10:20 ▲ ~ ~ VWAP vol=0.9x pos=^92 vwap=above ema=bear rs=+0.4% adx=27 body=81% O513.63 H514.78 L513.49 C514.68 ATR=8.04 SL=513.88/513.47 rawVol=7730 volSMA=8727 buf=0.402 prices=
2025-10-16T12:30:00.000-04:00,[KLB] 12:30 ▼ ~ ~ VWAP vol=1.2x pos=v95 vwap=below ema=bear rs=+0.6% adx=21 body=94% O513.54 H513.55 L512.2 C512.27 ATR=8.04 SL=513.07/513.48 rawVol=9023 volSMA=7823 buf=0.402 prices=
2025-10-17T09:30:00.000-04:00,[KLB] 9:30 ▼ ~ ~ VWAP vol=6.8x pos=v88 vwap=below ema=bull rs=-0.3% adx=22 body=76% O510.15 H510.44 L508 C508.3 ATR=8.09 SL=509.11/509.51 rawVol=3610 volSMA=530 buf=0.404 prices=
2025-10-17T09:45:00.000-04:00,[KLB] 9:45 ▼ BRK Yest L + ORB L vol=6.8x pos=v87 vwap=below ema=bear rs=-0.2% adx=23 body=48% O508.45 H509.18 L507.35 C507.58 ATR=8.09 SL=508.39/508.79 rawVol=42914 volSMA=6295 buf=0.404 prices=508.13/508.3
2025-10-17T09:50:00.000-04:00,[KLB] 9:50 ▲ ~ ~ ORB L vol=4x pos=^77 vwap=above ema=bear rs=-0.1% adx=23 body=72% O507.5 H509.69 L507.39 C509.16 ATR=8.09 SL=508.35/507.95 rawVol=31486 volSMA=7857 buf=0.404 prices=508.3
2025-10-17T09:50:00.000-04:00,[KLB] CONF 9:50 ▼ BRK → ✗ (failed)
2025-10-17T09:55:00.000-04:00,[KLB] 9:55 ▲ BRK PM H + ORB H vol=3.5x pos=^87 vwap=above ema=bull rs=+0.1% adx=22 body=87% O509.31 H511.49 L509.3 C511.21 ATR=8.09 SL=510.4/510 rawVol=33203 volSMA=9506 buf=0.404 prices=511/510.9
2025-10-17T09:55:00.000-04:00,"[KLB] 9:55 ▲ ~~ ~~ Week L
~ VWAP vol=3.5x pos=^87 vwap=above ema=bull rs=+0.1% adx=22 body=87% O509.31 H511.49 L509.3 C511.21 ATR=8.09 SL=510.4/510 rawVol=33203 volSMA=9506 buf=0.404 prices=509.63"
2025-10-17T10:00:00.000-04:00,[KLB] CONF 10:00 ▲ BRK → ✗ (failed)
2025-10-17T10:05:00.000-04:00,[KLB] 10:05 ▲ ~~ ~~ Week L vol=2x pos=^68 vwap=above ema=bull rs=+0.1% adx=20 body=37% O509.98 H511.06 L509.5 C510.56 ATR=8.09 SL=509.75/509.35 rawVol=22418 volSMA=11487 buf=0.404 prices=509.63
2025-10-17T10:15:00.000-04:00,[KLB] 10:15 ▲ BRK PM H + ORB H vol=1.9x pos=^87 vwap=above ema=bull rs=+0.1% adx=20 body=86% O510.29 H512.4 L510.26 C512.13 ATR=8.09 SL=511.32/510.92 rawVol=25257 volSMA=13474 buf=0.404 prices=511/510.9
2025-10-17T10:15:00.000-04:00,[KLB] 10:15 ▲ ~~ ~~ Yest L vol=1.9x pos=^87 vwap=above ema=bull rs=+0.1% adx=20 body=86% O510.29 H512.4 L510.26 C512.13 ATR=8.09 SL=511.32/510.92 rawVol=25257 volSMA=13474 buf=0.404 prices=508.13
2025-10-17T10:20:00.000-04:00,[KLB] 10:20 ▲ ◆ ◆² PM H 0.9x ^46 vol= pos= vwap=above ema=bull rs=+0.1% adx=21 body=30% O512.16 H512.65 L511.5 C511.81 ATR=8.09 SL=511/510.6 rawVol=16687 volSMA=14282 buf=0.404 prices=
2025-10-17T10:25:00.000-04:00,"[KLB] 10:25 ▲ ◆ ◆² PM H 0.9x ^46
◆³ ORB H 0.8x ^19 vol= pos= vwap=above ema=bull rs=+0.1% adx=21 body=21% O511.89 H512.23 L511.22 C511.68 ATR=8.09 SL=510.87/510.47 rawVol=12413 volSMA=14881 buf=0.404 prices="
2025-10-17T10:35:00.000-04:00,[KLB] CONF 10:35 ▲ BRK → ✗ (failed)
2025-10-20T10:10:00.000-04:00,[KLB] 10:10 ▲ ~ ~ VWAP vol=3.1x pos=^60 vwap=above ema=bull rs=0% adx=32 body=60% O515.45 H516.69 L515.45 C516.2 ATR=8.09 SL=515.39/514.99 rawVol=27480 volSMA=8914 buf=0.405 prices=
2025-10-21T09:40:00.000-04:00,[KLB] 9:40 ▼ ~ ~ PM H vol=6.6x pos=v63 vwap=below ema=bull rs=-0.1% adx=23 body=63% O517.91 H517.92 L516.69 C517.14 ATR=7.89 SL=517.93/518.32 rawVol=25206 volSMA=3794 buf=0.395 prices=517.99
2025-10-21T10:05:00.000-04:00,[KLB] 10:05 ▼ ~ ~ PM H + ~ Yest H + ~ Week H vol=2.9x pos=v93 vwap=below ema=bull rs=+0% adx=33 body=71% O517.89 H518.24 L516.67 C516.78 ATR=7.89 SL=517.57/517.96 rawVol=23462 volSMA=8130 buf=0.395 prices=517.99/518.7/517.19
2025-10-21T10:10:00.000-04:00,"[KLB] 10:10 ▼ ~ ~ Yest H + ~ Week H
~ VWAP vol=2.5x pos=v100 vwap=below ema=bull rs=-0.3% adx=31 body=80% O516.76 H517.1 L515.44 C515.44 ATR=7.89 SL=516.23/516.62 rawVol=21898 volSMA=9216 buf=0.395 prices=518.7/517.19"
2025-10-21T11:05:00.000-04:00,[KLB] 11:05 ▲ ~ ~ PM L + ~ ORB L vol=0.7x pos=^68 vwap=above ema=bear rs=-0.3% adx=24 body=53% O516.47 H516.98 L516.38 C516.79 ATR=7.89 SL=516/515.61 rawVol=10158 volSMA=14975 buf=0.395 prices=516.29/516.23
2025-10-21T14:55:00.000-04:00,[KLB] 14:55 ▲ ~ ~ PM L + ~ ORB L vol=1x pos=^87 vwap=above ema=bull rs=-0.2% adx=25 body=82% O516.21 H516.58 L516.19 C516.53 ATR=7.89 SL=515.74/515.35 rawVol=11081 volSMA=11321 buf=0.395 prices=516.29/516.23
2025-10-21T15:00:00.000-04:00,"[KLB] 15:00 ▲ ~ ~ PM L
~ VWAP vol=1.1x pos=^88 vwap=above ema=bull rs=-0.2% adx=27 body=88% O516.5 H517.19 L516.5 C517.11 ATR=7.89 SL=516.32/515.93 rawVol=12847 volSMA=11327 buf=0.395 prices=516.29"
2025-10-21T15:10:00.000-04:00,[KLB] 15:10 ▲ ~ ~ PM L + ~ ORB L vol=1.1x pos=^71 vwap=above ema=bull rs=-0.2% adx=29 body=31% O516.67 H516.98 L516.46 C516.83 ATR=7.89 SL=516.04/515.65 rawVol=12171 volSMA=11275 buf=0.395 prices=516.29/516.23
2025-10-22T09:40:00.000-04:00,[KLB] 9:40 ▲ BRK ORB H vol=8.6x pos=^95 vwap=above ema=bull rs=+0.2% adx=31 body=67% O520.09 H522.01 L519.37 C521.87 ATR=7.73 SL=521.1/520.71 rawVol=60901 volSMA=7051 buf=0.387 prices=521.17
2025-10-22T09:45:00.000-04:00,[KLB] 9:45 ▲ BRK PM H vol=6.6x pos=^78 vwap=above ema=bull rs=+0.4% adx=32 body=76% O521.93 H523.57 L521.89 C523.2 ATR=7.73 SL=522.43/522.04 rawVol=69890 volSMA=10532 buf=0.387 prices=521.7
2025-10-22T09:45:00.000-04:00,[KLB] 9:45 ▲ ~ ~ VWAP vol=6.6x pos=^78 vwap=above ema=bull rs=+0.4% adx=32 body=76% O521.93 H523.57 L521.89 C523.2 ATR=7.73 SL=522.43/522.04 rawVol=69890 volSMA=10532 buf=0.387 prices=
2025-10-22T09:45:00.000-04:00,[KLB] CONF 9:45 ▲ BRK → ✓★ (auto-promote)
2025-10-22T09:45:00.000-04:00,[KLB] 9:45 ▲ ◆ ◆¹ PM H 5.1x ^12 vol= pos= vwap=above ema=bull rs=+0.4% adx=32 body=76% O521.93 H523.57 L521.89 C523.2 ATR=7.73 SL=522.43/522.04 rawVol=69890 volSMA=10532 buf=0.387 prices=
2025-10-22T09:50:00.000-04:00,[KLB] 5m CHECK 9:50 ▲ pnl=-0.15 → BAIL
2025-10-22T13:10:00.000-04:00,[KLB] CONF 13:10 ▲ BRK → ✗ (failed)
2025-10-22T13:15:00.000-04:00,"[KLB] 13:15 ▼ ~~ ~~ PM H + ~~ ORB H
~ VWAP vol=0.6x pos=v98 vwap=below ema=bull rs=+0.8% adx=20 body=95% O522 H522.05 L520.74 C520.76 ATR=7.73 SL=521.53/521.92 rawVol=6703 volSMA=11971 buf=0.387 prices=521.7/521.17"
2025-10-22T13:25:00.000-04:00,[KLB] 13:25 ▼ ~~ ~~ ORB H vol=0.9x pos=v78 vwap=below ema=bull rs=+0.9% adx=24 body=77% O520.98 H520.99 L520.18 C520.36 ATR=7.73 SL=521.13/521.52 rawVol=10381 volSMA=12185 buf=0.387 prices=521.17
2025-10-22T15:45:00.000-04:00,[KLB] 15:45 ▼ ~~ ~~ ORB H vol=1.4x pos=v100 vwap=below ema=bear rs=+0.5% adx=22 body=78% O520.79 H520.96 L520.17 C520.17 ATR=7.73 SL=520.94/521.33 rawVol=15303 volSMA=11196 buf=0.387 prices=521.17
2025-10-24T09:30:00.000-04:00,[KLB] 9:30 ▼ ~ ~ Yest H vol=1.9x pos=v100 vwap=below ema=bull rs=+0.7% adx=23 body=53% O523.3 H524.06 L522.45 C522.45 ATR=7.55 SL=523.2/523.58 rawVol=2103 volSMA=1125 buf=0.377 prices=523.95
2025-10-24T09:45:00.000-04:00,[KLB] 9:45 ▲ BRK Yest H + ORB H vol=5x pos=^99 vwap=above ema=bull rs=+0.2% adx=25 body=99% O523.29 H524.58 L523.29 C524.57 ATR=7.55 SL=523.82/523.44 rawVol=35097 volSMA=7037 buf=0.377 prices=523.95/524
2025-10-24T09:45:00.000-04:00,[KLB] 9:45 ▲ ~ ~ VWAP vol=5x pos=^99 vwap=above ema=bull rs=+0.2% adx=25 body=99% O523.29 H524.58 L523.29 C524.57 ATR=7.55 SL=523.82/523.44 rawVol=35097 volSMA=7037 buf=0.377 prices=
2025-10-24T09:50:00.000-04:00,[KLB] 9:50 ▼ ~ ~ PM H + ~ ORB H vol=4.7x pos=v92 vwap=below ema=bull rs=0% adx=23 body=72% O524.63 H525.05 L523 C523.16 ATR=7.55 SL=523.91/524.29 rawVol=43005 volSMA=9146 buf=0.377 prices=524.66/524
2025-10-24T09:50:00.000-04:00,[KLB] CONF 9:50 ▲ BRK → ✗ (failed)
2025-10-24T10:05:00.000-04:00,[KLB] 10:05 ▼ ~~ ~~ Yest H vol=1.5x pos=v80 vwap=below ema=bull rs=-0.2% adx=24 body=55% O522.97 H523.2 L522.26 C522.45 ATR=7.55 SL=523.2/523.58 rawVol=17902 volSMA=11727 buf=0.377 prices=523.95
2025-10-24T11:05:00.000-04:00,[KLB] 11:05 ▼ ~~ ~~ Yest H vol=0.4x pos=v80 vwap=below ema=bull rs=-0.1% adx=22 body=66% O523 H523.13 L522.22 C522.4 ATR=7.55 SL=523.15/523.53 rawVol=6832 volSMA=17963 buf=0.377 prices=523.95
2025-10-27T09:40:00.000-04:00,[KLB] 9:40 ▼ ~ ~ VWAP vol=9.4x pos=v74 vwap=below ema=bull rs=-0.4% adx=20 body=69% O530.77 H530.85 L529.16 C529.6 ATR=7.35 SL=530.34/530.7 rawVol=51876 volSMA=8910 buf=0.368 prices=
2025-10-27T09:45:00.000-04:00,[KLB] 5m CHECK 9:45 ▼ pnl=-0.07 → BAIL
2025-10-27T10:10:00.000-04:00,[KLB] 10:10 ▲ BRK PM H + ORB H vol=2.4x pos=^34 vwap=above ema=bull rs=+0.1% adx=20 body=32% O532.14 H533.48 L532.1 C532.58 ATR=7.35 SL=531.84/531.47 rawVol=34599 volSMA=20807 buf=0.368 prices=532.36/532.22
2025-10-27T10:10:00.000-04:00,"[KLB] 10:10 ▲ ◆ ◆¹ PM H 2.7x ^54
◆¹ ORB H 2.7x ^54 vol= pos= vwap=above ema=bull rs=+0.1% adx=20 body=32% O532.14 H533.48 L532.1 C532.58 ATR=7.35 SL=531.84/531.47 rawVol=34599 volSMA=20807 buf=0.368 prices="
2025-10-27T10:15:00.000-04:00,[KLB] CONF 10:15 ▲ BRK → ✗ (failed)
2025-10-27T10:25:00.000-04:00,[KLB] 10:25 ▲ ~ ~ VWAP vol=1.2x pos=^53 vwap=above ema=bull rs=+0.2% adx=23 body=51% O532 H533.1 L531.98 C532.57 ATR=7.35 SL=531.83/531.47 rawVol=30848 volSMA=26550 buf=0.368 prices=
2025-10-28T09:35:00.000-04:00,[KLB] 9:35 ▼ ~ ~ VWAP vol=6.5x pos=v100 vwap=below ema=bull rs=-0.7% adx=40 body=58% O550.34 H553.5 L545.86 C545.88 ATR=7.61 SL=546.64/547.02 rawVol=192411 volSMA=29592 buf=0.381 prices=
2025-10-29T09:35:00.000-04:00,[KLB] 9:35 ▼ ~ ~ VWAP vol=15x pos=v97 vwap=below ema=bull rs=-0.5% adx=26 body=63% O544.93 H546.34 L542.2 C542.33 ATR=8.65 SL=543.2/543.63 rawVol=138188 volSMA=9239 buf=0.433 prices=
2025-10-29T09:45:00.000-04:00,[KLB] 9:45 ▼ BRK Yest L + ORB L vol=4.5x pos=v61 vwap=below ema=bear rs=-0.9% adx=26 body=56% O542.38 H542.53 L539.48 C540.68 ATR=8.65 SL=541.55/541.98 rawVol=78578 volSMA=17647 buf=0.433 prices=540.77/542.2
2025-10-29T09:45:00.000-04:00,[KLB] 9:45 ▼ ◆ ◆¹ Yest L 3.6x v90 vol= pos= vwap=below ema=bear rs=-0.9% adx=26 body=56% O542.38 H542.53 L539.48 C540.68 ATR=8.65 SL=541.55/541.98 rawVol=78578 volSMA=17647 buf=0.433 prices=
2025-10-29T15:55:00.000-04:00,[KLB] CONF 15:55 ▼ BRK → ✗ (failed)
2025-10-30T09:35:00.000-04:00,[KLB] 9:35 ▲ BRK PM H vol=13x pos=^77 vwap=above ema=bull rs=+0.7% adx=22 body=52% O530.25 H534.94 L528.66 C533.51 ATR=8.72 SL=532.64/532.2 rawVol=260712 volSMA=20015 buf=0.436 prices=532.49
2025-10-30T09:35:00.000-04:00,[KLB] 9:35 ▲ ~ ~ VWAP vol=13x pos=^77 vwap=above ema=bull rs=+0.7% adx=22 body=52% O530.25 H534.94 L528.66 C533.51 ATR=8.72 SL=532.64/532.2 rawVol=260712 volSMA=20015 buf=0.436 prices=
2025-10-30T09:40:00.000-04:00,"[KLB] 9:40 ▼ ~ ~ PM H + ~ ORB H
~ VWAP vol=7.2x pos=v75 vwap=below ema=bull rs=+0.1% adx=22 body=58% O533.53 H534.68 L527.77 C529.49 ATR=8.72 SL=530.36/530.8 rawVol=224704 volSMA=31183 buf=0.436 prices=532.49/534.94"
2025-10-30T09:40:00.000-04:00,[KLB] 9:40 ▲ ◆ ◆² PM H 4x ^61 vol= pos= vwap=below ema=bull rs=+0.1% adx=22 body=58% O533.53 H534.68 L527.77 C529.49 ATR=8.72 SL=528.62/528.18 rawVol=224704 volSMA=31183 buf=0.436 prices=
2025-10-30T09:45:00.000-04:00,[KLB] 9:45 ▲ BRK PM H vol=3.4x pos=^61 vwap=above ema=bull rs=+0.6% adx=22 body=56% O529.47 H534.96 L529.16 C532.71 ATR=8.72 SL=531.84/531.4 rawVol=125631 volSMA=37406 buf=0.436 prices=532.49
2025-10-30T09:45:00.000-04:00,[KLB] CONF 9:45 ▲ BRK → ✓ (auto-promote)
2025-10-30T09:50:00.000-04:00,[KLB] 9:50 ▼ ~ ~ PM H vol=2.6x pos=v91 vwap=below ema=bull rs=-0.1% adx=22 body=91% O532.75 H532.76 L529.46 C529.76 ATR=8.72 SL=530.63/531.07 rawVol=113580 volSMA=42931 buf=0.436 prices=532.49
2025-10-30T09:50:00.000-04:00,[KLB] 5m CHECK 9:50 ▲ pnl=-0.34 → BAIL
2025-10-30T09:50:00.000-04:00,[KLB] CONF 9:50 ▲ BRK → ✗ (failed)
2025-10-31T09:35:00.000-04:00,[KLB] 9:35 ▼ ~ ~ VWAP vol=13.9x pos=v86 vwap=below ema=bull rs=-0.5% adx=22 body=82% O529.05 H529.23 L524.94 C525.55 ATR=9.48 SL=526.5/526.97 rawVol=94885 volSMA=6833 buf=0.474 prices=
2025-10-31T09:40:00.000-04:00,[KLB] 9:40 ▼ ~ ~ Week H vol=10.4x pos=v100 vwap=below ema=bull rs=-0.9% adx=22 body=67% O525.45 H526.32 L523.67 C523.67 ATR=9.48 SL=524.62/525.09 rawVol=46479 volSMA=9151 buf=0.474 prices=525.35
2025-10-31T09:45:00.000-04:00,[KLB] 9:45 ▼ BRK Yest L vol=7.6x pos=v59 vwap=below ema=bear rs=-1.1% adx=24 body=51% O523.72 H524 L520.16 C521.75 ATR=9.48 SL=522.7/523.17 rawVol=111951 volSMA=14668 buf=0.474 prices=522.12
2025-10-31T09:45:00.000-04:00,[KLB] 5m CHECK 9:45 ▼ pnl=0.2 → HOLD
2025-10-31T09:45:00.000-04:00,[KLB] 9:45 ▼ ◆ ◆¹ Yest L 7.1x v97 vol= pos= vwap=below ema=bear rs=-1.1% adx=24 body=51% O523.72 H524 L520.16 C521.75 ATR=9.48 SL=522.7/523.17 rawVol=111951 volSMA=14668 buf=0.474 prices=
2025-10-31T11:20:00.000-04:00,[KLB] 11:20 ▲ ~ ~ VWAP vol=0.4x pos=^100 vwap=above ema=bear rs=-1.3% adx=27 body=78% O520.33 H521.95 L519.88 C521.95 ATR=9.48 SL=521/520.53 rawVol=21929 volSMA=58591 buf=0.474 prices=
2025-11-03T09:35:00.000-05:00,[KLB] 9:35 ▲ ~ ~ VWAP vol=9.1x pos=^54 vwap=above ema=bull rs=+0.6% adx=42 body=51% O519.82 H524.18 L519.7 C522.1 ATR=9.82 SL=521.12/520.63 rawVol=93134 volSMA=10234 buf=0.491 prices=
2025-11-03T09:45:00.000-05:00,[KLB] 9:45 ▲ BRK PM H vol=3.6x pos=^99 vwap=above ema=bull rs=+1.1% adx=39 body=77% O522.01 H523.87 L521.49 C523.84 ATR=9.82 SL=522.86/522.37 rawVol=56185 volSMA=15414 buf=0.491 prices=523
2025-11-03T09:45:00.000-05:00,[KLB] 9:45 ▲ ◆ ◆¹ PM H 4.6x ^25 vol= pos= vwap=above ema=bull rs=+1.1% adx=39 body=77% O522.01 H523.87 L521.49 C523.84 ATR=9.82 SL=522.86/522.37 rawVol=56185 volSMA=15414 buf=0.491 prices=
2025-11-03T09:55:00.000-05:00,[KLB] CONF 9:55 ▲ BRK → ✗ (failed)
2025-11-03T10:20:00.000-05:00,[KLB] 10:20 ▼ ~ ~ VWAP vol=0.9x pos=v58 vwap=below ema=bull rs=+0.6% adx=29 body=58% O520.82 H520.82 L519.75 C520.2 ATR=9.82 SL=521.18/521.67 rawVol=16240 volSMA=27686 buf=0.491 prices=
2025-11-03T15:35:00.000-05:00,[KLB] 15:35 ▼ BRK Yest L + Week L vol=2.3x pos=v94 vwap=below ema=bear rs=-0.6% adx=28 body=94% O515.43 H515.43 L514.58 C514.63 ATR=9.82 SL=515.61/516.1 rawVol=42950 volSMA=18596 buf=0.491 prices=515.1/515.1
2025-11-03T15:35:00.000-05:00,"[KLB] 15:35 ▼ ◆ ◆¹ Yest L 1.3x v2
◆¹ Week L 1.3x v2 vol= pos= vwap=below ema=bear rs=-0.6% adx=28 body=94% O515.43 H515.43 L514.58 C514.63 ATR=9.82 SL=515.61/516.1 rawVol=42950 volSMA=18596 buf=0.491 prices="
2025-11-03T15:45:00.000-05:00,[KLB] CONF 15:45 ▼ BRK → ✗ (failed)
2025-11-04T09:40:00.000-05:00,[KLB] 9:40 ▼ ~ ~ VWAP vol=11.4x pos=v96 vwap=below ema=bear rs=-0.4% adx=22 body=31% O509.86 H511.41 L509.01 C509.11 ATR=9.86 SL=510.1/510.59 rawVol=47365 volSMA=8439 buf=0.493 prices=
2025-11-04T09:45:00.000-05:00,"[KLB] 9:45 ▲ ~ ~ PM L
~ VWAP vol=3.8x pos=^94 vwap=above ema=bear rs=-0.1% adx=24 body=93% O509.08 H511.9 L509.05 C511.74 ATR=9.86 SL=510.75/510.26 rawVol=39470 volSMA=10344 buf=0.493 prices=510.27"
2025-11-04T13:50:00.000-05:00,[KLB] 13:50 ▼ ~ ~ ORB H vol=1x pos=v94 vwap=below ema=bear rs=0% adx=23 body=35% O511.44 H511.91 L511.11 C511.16 ATR=9.86 SL=512.15/512.64 rawVol=10024 volSMA=9801 buf=0.493 prices=512.07
2025-11-05T09:35:00.000-05:00,[KLB] 9:35 ▼ BRK PM L vol=12.3x pos=v74 vwap=below ema=bear rs=-0.2% adx=24 body=62% O513.3 H513.55 L511.4 C511.96 ATR=9.81 SL=512.94/513.43 rawVol=34709 volSMA=2831 buf=0.491 prices=512.02
2025-11-05T09:35:00.000-05:00,[KLB] 9:35 ▼ ◆ ◆¹ PM L 11x v42 vol= pos= vwap=below ema=bear rs=-0.2% adx=24 body=62% O513.3 H513.55 L511.4 C511.96 ATR=9.81 SL=512.94/513.43 rawVol=34709 volSMA=2831 buf=0.491 prices=
2025-11-05T09:45:00.000-05:00,[KLB] 9:45 ▼ ~ ~ VWAP vol=4.8x pos=v93 vwap=below ema=bear rs=-0.3% adx=25 body=79% O512.09 H512.24 L511.13 C511.21 ATR=9.81 SL=512.19/512.68 rawVol=27303 volSMA=5635 buf=0.491 prices=
2025-11-05T10:05:00.000-05:00,[KLB] CONF 10:05 ▼ BRK → ✗ (failed)
2025-11-05T10:15:00.000-05:00,[KLB] 10:15 ▲ ~~ ~~ PM L vol=2.1x pos=^67 vwap=above ema=bear rs=-0.4% adx=24 body=36% O512.33 H513.04 L512 C512.7 ATR=9.81 SL=511.72/511.23 rawVol=19852 volSMA=13307 buf=0.491 prices=512.02
2025-11-05T10:25:00.000-05:00,"[KLB] 10:25 ▲ ~~ ~~ PM L
~ VWAP vol=1.3x pos=^89 vwap=above ema=bear rs=-0.3% adx=22 body=70% O512.59 H514.11 L512.24 C513.9 ATR=9.81 SL=512.91/512.42 rawVol=19995 volSMA=14957 buf=0.491 prices=512.02"
2025-11-06T09:35:00.000-05:00,[KLB] 9:35 ▼ BRK PM L vol=14.9x pos=v84 vwap=below ema=bear rs=-0.5% adx=23 body=70% O505.33 H505.7 L503.03 C503.46 ATR=9.7 SL=504.43/504.92 rawVol=68108 volSMA=4559 buf=0.485 prices=505.2
2025-11-06T09:45:00.000-05:00,[KLB] 9:45 ▼ BRK ORB L vol=7.8x pos=v62 vwap=below ema=bear rs=-0.6% adx=30 body=61% O503.29 H503.3 L501.54 C502.21 ATR=9.7 SL=503.18/503.67 rawVol=94530 volSMA=12066 buf=0.485 prices=503.03
2025-11-06T09:45:00.000-05:00,[KLB] 9:45 ▼ ~ ~ VWAP vol=7.8x pos=v62 vwap=below ema=bear rs=-0.6% adx=30 body=61% O503.29 H503.3 L501.54 C502.21 ATR=9.7 SL=503.18/503.67 rawVol=94530 volSMA=12066 buf=0.485 prices=
2025-11-06T09:45:00.000-05:00,[KLB] CONF 9:45 ▼ BRK → ✓★ (auto-promote)
2025-11-06T09:45:00.000-05:00,[KLB] 9:45 ▼ ◆ ◆¹ ORB L 6.1x v100 vol= pos= vwap=below ema=bear rs=-0.6% adx=30 body=61% O503.29 H503.3 L501.54 C502.21 ATR=9.7 SL=503.18/503.67 rawVol=94530 volSMA=12066 buf=0.485 prices=
2025-11-06T09:50:00.000-05:00,[KLB] 5m CHECK 9:50 ▼ pnl=0.1 → HOLD
2025-11-07T09:35:00.000-05:00,[KLB] 9:35 ▲ BRK PM H vol=14.9x pos=^74 vwap=above ema=bull rs=+0.6% adx=21 body=49% O497.16 H499.35 L496.44 C498.6 ATR=9.82 SL=497.62/497.13 rawVol=80420 volSMA=5388 buf=0.491 prices=498.08
2025-11-07T09:35:00.000-05:00,"[KLB] 9:35 ▲ ~ ~ Yest L
~ VWAP vol=14.9x pos=^74 vwap=above ema=bull rs=+0.6% adx=21 body=49% O497.16 H499.35 L496.44 C498.6 ATR=9.82 SL=497.62/497.13 rawVol=80420 volSMA=5388 buf=0.491 prices=495.81"
2025-11-07T09:40:00.000-05:00,[KLB] 9:40 ▼ ~ ~ PM H vol=8.9x pos=v90 vwap=below ema=bull rs=+0.4% adx=21 body=80% O498.59 H498.84 L496.22 C496.49 ATR=9.82 SL=497.47/497.96 rawVol=85856 volSMA=9599 buf=0.491 prices=498.08
2025-11-07T09:40:00.000-05:00,[KLB] CONF 9:40 ▲ BRK → ✗ (failed)
2025-11-07T09:45:00.000-05:00,[KLB] 9:45 ▼ ~ ~ VWAP vol=6.4x pos=v75 vwap=below ema=bull rs=+0% adx=21 body=59% O496.46 H496.78 L494.77 C495.27 ATR=9.82 SL=496.25/496.74 rawVol=76117 volSMA=13365 buf=0.491 prices=
2025-11-07T09:50:00.000-05:00,[KLB] 5m CHECK 9:50 ▼ pnl=0.04 → BAIL
2025-11-07T14:45:00.000-05:00,[KLB] 14:45 ▲ ~ ~ Yest L + ~ ORB L vol=1.9x pos=^73 vwap=above ema=bull rs=-0.2% adx=23 body=73% O496.61 H497.46 L496.61 C497.23 ATR=9.82 SL=496.25/495.76 rawVol=21694 volSMA=15968 buf=0.491 prices=495.81/496.44
2025-11-10T10:05:00.000-05:00,[KLB] 10:05 ▲ ~ ~ VWAP vol=1.9x pos=^96 vwap=above ema=bull rs=+0.6% adx=21 body=49% O503.37 H504.45 L502.42 C504.36 ATR=9.55 SL=503.4/502.93 rawVol=35379 volSMA=19062 buf=0.478 prices=
2025-11-10T11:00:00.000-05:00,[KLB] 11:00 ▼ ~ ~ PM H vol=0.5x pos=v56 vwap=below ema=bull rs=+0.6% adx=25 body=53% O502.71 H502.73 L502.05 C502.35 ATR=9.55 SL=503.31/503.78 rawVol=13717 volSMA=29932 buf=0.478 prices=502.85
2025-11-10T11:05:00.000-05:00,[KLB] 11:05 ▼ ~ ~ VWAP vol=0.5x pos=v75 vwap=below ema=bull rs=+0.6% adx=24 body=70% O502.28 H502.31 L501.68 C501.84 ATR=9.55 SL=502.8/503.27 rawVol=14339 volSMA=30612 buf=0.478 prices=
2025-11-10T11:50:00.000-05:00,[KLB] 11:50 ▼ ~ ~ ORB H vol=0.7x pos=v71 vwap=below ema=bear rs=+0.3% adx=20 body=63% O500.57 H500.6 L500.22 C500.33 ATR=9.55 SL=501.29/501.76 rawVol=8059 volSMA=13780 buf=0.478 prices=500.87
2025-11-10T12:15:00.000-05:00,[KLB] 12:15 ▼ ~ ~ ORB H vol=0.7x pos=v93 vwap=below ema=bear rs=+0.1% adx=22 body=78% O500.89 H501 L500.27 C500.32 ATR=9.55 SL=501.28/501.75 rawVol=8712 volSMA=11627 buf=0.478 prices=500.87
2025-11-11T09:35:00.000-05:00,[KLB] 9:35 ▼ BRK PM L vol=15.1x pos=v68 vwap=below ema=bear rs=-0.3% adx=25 body=59% O504.94 H505.17 L502.64 C503.44 ATR=9.59 SL=504.4/504.88 rawVol=37936 volSMA=2514 buf=0.479 prices=503.47
2025-11-11T09:35:00.000-05:00,[KLB] 9:35 ▼ ◆ ◆¹ PM L 8.3x v63 vol= pos= vwap=below ema=bear rs=-0.3% adx=25 body=59% O504.94 H505.17 L502.64 C503.44 ATR=9.59 SL=504.4/504.88 rawVol=37936 volSMA=2514 buf=0.479 prices=
2025-11-11T09:40:00.000-05:00,[KLB] CONF 9:40 ▼ BRK → ✗ (failed)
2025-11-11T09:45:00.000-05:00,[KLB] 9:45 ▲ ~~ ~~ PM L vol=4.9x pos=^98 vwap=above ema=bear rs=+0% adx=26 body=76% O503.59 H505.11 L503.17 C505.07 ATR=9.59 SL=504.11/503.63 rawVol=14006 volSMA=4220 buf=0.479 prices=503.47
2025-11-11T10:10:00.000-05:00,[KLB] 10:10 ▲ ~~ ~~ PM L vol=1.6x pos=^100 vwap=above ema=bear rs=+0.1% adx=22 body=40% O504.52 H505.04 L503.75 C505.04 ATR=9.59 SL=504.08/503.6 rawVol=12335 volSMA=7952 buf=0.479 prices=503.47
2025-11-11T10:15:00.000-05:00,[KLB] 10:15 ▲ ~ ~ VWAP vol=1.5x pos=^99 vwap=above ema=bull rs=+0.3% adx=21 body=71% O505.15 H505.91 L504.85 C505.9 ATR=9.59 SL=504.94/504.46 rawVol=10860 volSMA=8468 buf=0.479 prices=
2025-11-11T10:50:00.000-05:00,[KLB] 10:50 ▼ ~ ~ VWAP vol=1.4x pos=v71 vwap=below ema=bear rs=-0.2% adx=20 body=70% O503.79 H503.8 L502.89 C503.16 ATR=9.59 SL=504.11/504.59 rawVol=19572 volSMA=13514 buf=0.479 prices=
2025-11-11T13:50:00.000-05:00,[KLB] 13:50 ▲ BRK Yest H vol=1.6x pos=^88 vwap=above ema=bull rs=+0% adx=22 body=88% O506.84 H507.35 L506.84 C507.29 ATR=9.59 SL=506.33/505.85 rawVol=13839 volSMA=8462 buf=0.479 prices=506.85
2025-11-11T13:50:00.000-05:00,[KLB] 13:50 ▲ ◆ ◆¹ Yest H 1.3x ^97 vol= pos= vwap=above ema=bull rs=+0% adx=22 body=88% O506.84 H507.35 L506.84 C507.29 ATR=9.59 SL=506.33/505.85 rawVol=13839 volSMA=8462 buf=0.479 prices=
2025-11-12T09:40:00.000-05:00,[KLB] 9:40 ▲ ~ ~ ORB L vol=6.4x pos=^94 vwap=above ema=bear rs=-0.1% adx=23 body=73% O507.54 H509.07 L507.15 C508.95 ATR=9.42 SL=508.01/507.54 rawVol=29841 volSMA=4648 buf=0.471 prices=507.08
2025-11-12T09:45:00.000-05:00,"[KLB] 9:45 ▼ ~ ~ Yest H + ~ ORB H
~ VWAP vol=4.6x pos=v92 vwap=below ema=bear rs=-0.3% adx=27 body=80% O508.95 H509.17 L507.27 C507.43 ATR=9.42 SL=508.37/508.84 rawVol=27674 volSMA=6006 buf=0.471 prices=509.6/509.36"
2025-11-12T09:55:00.000-05:00,[KLB] 5m CHECK 9:55 ▼ pnl=0 → BAIL
2025-11-12T10:05:00.000-05:00,[KLB] 10:05 ▼ BRK ORB L vol=2.7x pos=v40 vwap=below ema=bear rs=-0.4% adx=39 body=35% O507.15 H507.22 L505.93 C506.7 ATR=9.42 SL=507.64/508.11 rawVol=26131 volSMA=9769 buf=0.471 prices=507.08
2025-11-12T11:20:00.000-05:00,[KLB] 11:20 ▼ BRK Yest L vol=1.5x pos=v88 vwap=below ema=bear rs=-1.3% adx=63 body=83% O501.92 H502 L500.44 C500.62 ATR=9.42 SL=501.56/502.03 rawVol=21745 volSMA=22523 buf=0.471 prices=502.35
2025-11-12T11:20:00.000-05:00,[KLB] CONF 11:20 ▼ BRK → ✓ (auto-promote)
2025-11-12T11:25:00.000-05:00,[KLB] 5m CHECK 11:25 ▼ pnl=0.02 → BAIL
2025-11-12T11:30:00.000-05:00,[KLB] 11:30 ▼ ◆ ◆³ Yest L 0.7x v99 vol= pos= vwap=below ema=bear rs=-1.2% adx=64 body=83% O500.5 H501.85 L500.4 C501.71 ATR=9.42 SL=502.65/503.12 rawVol=27453 volSMA=23452 buf=0.471 prices=
2025-11-12T12:35:00.000-05:00,[KLB] CONF 12:35 ▼ BRK → ✗ (failed)
2025-11-12T13:00:00.000-05:00,"[KLB] 13:00 ▲ ~~ ~~ Yest L
~ VWAP vol=1.1x pos=^93 vwap=above ema=bear rs=-0.6% adx=41 body=93% O503.88 H505.5 L503.88 C505.38 ATR=9.42 SL=504.44/503.97 rawVol=21633 volSMA=19685 buf=0.471 prices=502.35"
2025-11-12T13:15:00.000-05:00,[KLB] 13:15 ▲ ~~ ~~ Yest L vol=0.9x pos=^90 vwap=above ema=bear rs=-0.6% adx=39 body=70% O504.58 H505.59 L504.34 C505.46 ATR=9.42 SL=504.52/504.05 rawVol=17121 volSMA=18753 buf=0.471 prices=502.35
2025-11-12T13:20:00.000-05:00,[KLB] 13:20 ▲ ~~ ~~ ORB L vol=3.2x pos=^87 vwap=above ema=bear rs=-0.2% adx=40 body=83% O505.46 H508.03 L505.34 C507.68 ATR=9.42 SL=506.74/506.27 rawVol=69422 volSMA=21614 buf=0.471 prices=507.08
2025-11-12T14:10:00.000-05:00,[KLB] 14:10 ▲ ~~ ~~ PM L vol=1.2x pos=^78 vwap=above ema=bull rs=+0.3% adx=46 body=72% O508.76 H510.1 L508.66 C509.79 ATR=9.42 SL=508.85/508.38 rawVol=31286 volSMA=26565 buf=0.471 prices=509.1
2025-11-12T14:25:00.000-05:00,[KLB] 14:25 ▲ ~~ ~~ PM L vol=0.8x pos=^73 vwap=above ema=bull rs=+0.3% adx=45 body=73% O509.17 H509.87 L509.17 C509.68 ATR=9.42 SL=508.74/508.27 rawVol=14565 volSMA=24996 buf=0.471 prices=509.1
2025-11-13T09:50:00.000-05:00,[KLB] 9:50 ▼ ~ ~ VWAP vol=4.2x pos=v50 vwap=below ema=bear rs=-0.4% adx=21 body=33% O507.53 H507.96 L505.46 C506.7 ATR=9.64 SL=507.66/508.15 rawVol=35209 volSMA=8389 buf=0.482 prices=
2025-11-13T10:00:00.000-05:00,[KLB] 10:00 ▲ ~ ~ PM L + ~ Yest L vol=3.6x pos=^80 vwap=above ema=bear rs=+0.1% adx=20 body=63% O508.81 H509.75 L508.62 C509.52 ATR=9.64 SL=508.56/508.07 rawVol=17910 volSMA=11219 buf=0.482 prices=508.8/499.12
2025-11-14T09:40:00.000-05:00,[KLB] 9:40 ▲ ~ ~ ORB L vol=6.9x pos=^74 vwap=above ema=bear rs=+0.3% adx=28 body=69% O497.65 H501.4 L497.47 C500.36 ATR=9.83 SL=499.38/498.89 rawVol=61073 volSMA=8823 buf=0.491 prices=497.44
2025-11-14T09:45:00.000-05:00,[KLB] 9:45 ▲ ~ ~ VWAP vol=5.5x pos=^62 vwap=above ema=bear rs=+0.4% adx=28 body=52% O500.2 H502.27 L499.97 C501.4 ATR=9.83 SL=500.42/499.93 rawVol=44692 volSMA=11017 buf=0.491 prices=
2025-11-14T09:50:00.000-05:00,[KLB] 5m CHECK 9:50 ▲ pnl=0.1 → HOLD
2025-11-14T10:05:00.000-05:00,[KLB] 10:05 ▲ ~ ~ Yest L vol=2.2x pos=^62 vwap=above ema=bear rs=+0.7% adx=29 body=38% O502.37 H504.36 L501.73 C503.36 ATR=9.83 SL=502.38/501.89 rawVol=34637 volSMA=18187 buf=0.491 prices=501.29
2025-11-14T10:10:00.000-05:00,[KLB] 10:10 ▲ ~ ~ Yest L vol=1.8x pos=^100 vwap=above ema=bull rs=+0.9% adx=30 body=80% O503.33 H505.07 L502.89 C505.07 ATR=9.83 SL=504.09/503.6 rawVol=22939 volSMA=19289 buf=0.491 prices=501.29
2025-11-17T09:35:00.000-05:00,[KLB] 9:35 ▲ ~ ~ PM L vol=14.9x pos=^89 vwap=above ema=bear rs=+0.1% adx=26 body=35% O508.38 H510.44 L506.04 C509.94 ATR=10.14 SL=508.93/508.42 rawVol=77469 volSMA=5210 buf=0.507 prices=507.47
2025-11-17T09:40:00.000-05:00,[KLB] 9:40 ▲ ~ ~ VWAP vol=10.3x pos=^56 vwap=above ema=bear rs=+0.1% adx=24 body=48% O509.98 H512.1 L509.8 C511.1 ATR=10.14 SL=510.08/509.57 rawVol=51160 volSMA=7543 buf=0.507 prices=
2025-11-17T09:45:00.000-05:00,[KLB] 5m CHECK 9:45 ▲ pnl=0.01 → BAIL
2025-11-17T09:55:00.000-05:00,[KLB] 9:55 ▼ ~ ~ Yest H + ~ ORB H vol=2.3x pos=v91 vwap=below ema=bear rs=-0.4% adx=23 body=70% O510.72 H511.17 L508.98 C509.18 ATR=10.14 SL=510.19/510.7 rawVol=27662 volSMA=11773 buf=0.507 prices=511.6/510.44
2025-11-17T10:05:00.000-05:00,[KLB] 10:05 ▼ ~ ~ VWAP vol=2.2x pos=v97 vwap=below ema=bear rs=-0.5% adx=25 body=73% O508.92 H509.4 L507.36 C507.43 ATR=10.14 SL=508.44/508.95 rawVol=18730 volSMA=13902 buf=0.507 prices=
2025-11-18T09:30:00.000-05:00,[KLB] 9:30 ▼ BRK Week L vol=3.7x pos=v84 vwap=below ema=bear rs=-0.5% adx=42 body=81% O497.44 H497.5 L495 C495.41 ATR=9.93 SL=496.4/496.9 rawVol=8599 volSMA=2340 buf=0.496 prices=497.44
2025-11-18T09:35:00.000-05:00,[KLB] 9:35 ▲ ~ ~ PM L + ~ Week L vol=14.4x pos=^78 vwap=above ema=bear rs=+0.8% adx=39 body=71% O495.54 H501.03 L495.13 C499.74 ATR=9.93 SL=498.75/498.25 rawVol=116289 volSMA=8060 buf=0.496 prices=495/497.44
2025-11-18T09:35:00.000-05:00,[KLB] CONF 9:35 ▼ BRK → ✗ (failed)
2025-11-18T09:50:00.000-05:00,[KLB] 9:50 ▼ ~ ~ VWAP vol=3.7x pos=v67 vwap=below ema=bear rs=+0.4% adx=34 body=36% O497.3 H498.09 L495.54 C496.38 ATR=9.93 SL=497.37/497.87 rawVol=39491 volSMA=15173 buf=0.496 prices=
2025-11-18T09:55:00.000-05:00,[KLB] 5m CHECK 9:55 ▼ pnl=0.12 → HOLD
2025-11-18T15:30:00.000-05:00,[KLB] 15:30 ▲ ~ ~ VWAP vol=1.4x pos=^99 vwap=above ema=bull rs=-0.1% adx=21 body=67% O494.14 H495.25 L493.62 C495.23 ATR=9.93 SL=494.24/493.74 rawVol=21752 volSMA=15741 buf=0.496 prices=
2025-11-19T09:45:00.000-05:00,[KLB] 9:45 ▲ ~ ~ VWAP vol=4.8x pos=^96 vwap=above ema=bear rs=+0.4% adx=34 body=69% O491.39 H493.73 L490.5 C493.61 ATR=10.7 SL=492.54/492.01 rawVol=36246 volSMA=9803 buf=0.535 prices=
2025-11-19T09:45:00.000-05:00,[KLB] 5m CHECK 9:45 ▲ pnl=0.21 → HOLD
2025-11-19T10:00:00.000-05:00,[KLB] 10:00 ▲ ~ ~ Yest L vol=2.3x pos=^92 vwap=above ema=bear rs=+0.2% adx=29 body=71% O493.22 H494.86 L492.78 C494.7 ATR=10.7 SL=493.63/493.1 rawVol=35162 volSMA=15468 buf=0.535 prices=486.78
2025-11-19T10:55:00.000-05:00,"[KLB] 10:55 ▼ ~ ~ ORB H
~ VWAP vol=1x pos=v81 vwap=below ema=bear rs=-0.5% adx=23 body=81% O491.6 H491.6 L489.9 C490.23 ATR=10.7 SL=491.3/491.83 rawVol=25397 volSMA=24594 buf=0.535 prices=491.01"
2025-11-19T15:50:00.000-05:00,[KLB] 15:50 ▼ BRK Yest L vol=1.6x pos=v96 vwap=below ema=bear rs=-1% adx=27 body=95% O487.83 H487.85 L485.91 C485.99 ATR=10.7 SL=487.06/487.59 rawVol=28993 volSMA=18222 buf=0.535 prices=486.78
2025-11-19T15:50:00.000-05:00,[KLB] 15:50 ▼ ◆ ◆¹ Yest L 3x v34 vol= pos= vwap=below ema=bear rs=-1% adx=27 body=95% O487.83 H487.85 L485.91 C485.99 ATR=10.7 SL=487.06/487.59 rawVol=28993 volSMA=18222 buf=0.535 prices=
2025-11-20T10:10:00.000-05:00,[KLB] 10:10 ▼ ~ ~ ORB H vol=1.8x pos=v87 vwap=below ema=bull rs=-0.2% adx=24 body=73% O492.86 H493.05 L491.66 C491.84 ATR=10.82 SL=492.92/493.46 rawVol=26273 volSMA=18432 buf=0.541 prices=493.26
2025-11-20T10:35:00.000-05:00,[KLB] 10:35 ▼ ~ ~ ORB H vol=0.7x pos=v92 vwap=below ema=bull rs=-0.4% adx=24 body=83% O492.85 H492.96 L491.75 C491.85 ATR=10.82 SL=492.93/493.47 rawVol=16119 volSMA=22342 buf=0.541 prices=493.26
2025-11-20T10:50:00.000-05:00,[KLB] 10:50 ▼ ~ ~ ORB H vol=0.6x pos=v88 vwap=below ema=bull rs=-0.4% adx=26 body=88% O493.06 H493.07 L491.53 C491.71 ATR=10.82 SL=492.79/493.33 rawVol=14617 volSMA=24715 buf=0.541 prices=493.26
2025-11-20T11:00:00.000-05:00,[KLB] 11:00 ▼ ~ ~ VWAP vol=0.6x pos=v76 vwap=below ema=bear rs=-0.4% adx=28 body=67% O491.21 H491.28 L490.53 C490.71 ATR=10.82 SL=491.79/492.33 rawVol=14878 volSMA=25933 buf=0.541 prices=
2025-11-20T11:05:00.000-05:00,[KLB] 11:05 ▼ ~ ~ Yest H vol=0.9x pos=v94 vwap=below ema=bear rs=-0.4% adx=30 body=86% O490.71 H490.78 L489.85 C489.91 ATR=10.82 SL=490.99/491.53 rawVol=24888 volSMA=26998 buf=0.541 prices=495.19
2025-11-20T12:00:00.000-05:00,[KLB] 12:00 ▼ BRK Yest L vol=1.7x pos=v90 vwap=below ema=bear rs=-0.2% adx=49 body=77% O483.93 H484.19 L482.2 C482.39 ATR=10.82 SL=483.47/484.01 rawVol=35821 volSMA=20897 buf=0.541 prices=482.83
2025-11-20T12:00:00.000-05:00,[KLB] 12:00 ▼ ◆ ◆¹ Yest L 2.1x v32 vol= pos= vwap=below ema=bear rs=-0.2% adx=49 body=77% O483.93 H484.19 L482.2 C482.39 ATR=10.82 SL=483.47/484.01 rawVol=35821 volSMA=20897 buf=0.541 prices=
2025-11-20T13:10:00.000-05:00,[KLB] CONF 13:10 ▼ BRK → ✗ (failed)
2025-11-21T10:00:00.000-05:00,[KLB] 10:00 ▼ BRK Yest L + ORB L vol=3.9x pos=v65 vwap=below ema=bear rs=-0.8% adx=25 body=65% O476.26 H476.26 L473.5 C474.47 ATR=11.34 SL=475.6/476.17 rawVol=71583 volSMA=18467 buf=0.567 prices=475.5/475.87
2025-11-21T10:05:00.000-05:00,[KLB] 10:05 ▼ BRK PM L vol=4.3x pos=v69 vwap=below ema=bear rs=-1.4% adx=29 body=57% O474.35 H475 L469.36 C471.13 ATR=11.34 SL=472.26/472.83 rawVol=99569 volSMA=23414 buf=0.567 prices=474.3
2025-11-21T10:05:00.000-05:00,[KLB] 10:05 ▼ ~ ~ VWAP vol=4.3x pos=v69 vwap=below ema=bear rs=-1.4% adx=29 body=57% O474.35 H475 L469.36 C471.13 ATR=11.34 SL=472.26/472.83 rawVol=99569 volSMA=23414 buf=0.567 prices=
2025-11-21T10:05:00.000-05:00,[KLB] CONF 10:05 ▼ BRK → ✓ (auto-promote)
2025-11-21T10:10:00.000-05:00,[KLB] 5m CHECK 10:10 ▼ pnl=-0.01 → BAIL
2025-11-21T10:20:00.000-05:00,[KLB] CONF 10:20 ▼ BRK → ✗ (failed)
2025-11-21T10:25:00.000-05:00,[KLB] 10:25 ▲ ~~ ~~ PM L vol=1x pos=^100 vwap=above ema=bear rs=-0.8% adx=36 body=50% O473.28 H474.7 L471.84 C474.7 ATR=11.34 SL=473.57/473 rawVol=32780 volSMA=31455 buf=0.567 prices=474.3
2025-11-21T12:10:00.000-05:00,"[KLB] 12:10 ▲ ~~ ~~ PM L
~ VWAP vol=1.1x pos=^92 vwap=above ema=bear rs=-1.6% adx=30 body=54% O474.32 H475.06 L473.87 C474.96 ATR=11.34 SL=473.83/473.26 rawVol=30307 volSMA=26470 buf=0.567 prices=474.3"
2025-11-21T12:25:00.000-05:00,[KLB] 12:25 ▲ ~~ ~~ PM L vol=0.5x pos=^89 vwap=above ema=bear rs=-1.6% adx=26 body=66% O474.38 H475.37 L474.08 C475.23 ATR=11.34 SL=474.1/473.53 rawVol=12875 volSMA=24034 buf=0.567 prices=474.3
2025-11-21T12:35:00.000-05:00,[KLB] 12:35 ▲ ~~ ~~ PM L vol=0.7x pos=^69 vwap=above ema=bear rs=-1.6% adx=24 body=63% O474.28 H475.3 L474.22 C474.97 ATR=11.34 SL=473.83/473.26 rawVol=16707 volSMA=23015 buf=0.567 prices=474.3
2025-11-21T14:25:00.000-05:00,[KLB] 14:25 ▲ ~~ ~~ ORB L vol=1.3x pos=^68 vwap=above ema=bull rs=-1.8% adx=21 body=59% O476.12 H476.89 L476.04 C476.62 ATR=11.34 SL=475.49/474.92 rawVol=16118 volSMA=14619 buf=0.567 prices=475.87
2025-11-21T14:40:00.000-05:00,[KLB] 14:40 ▲ ~~ ~~ ORB L vol=1.2x pos=^100 vwap=above ema=bull rs=-1.8% adx=21 body=90% O475.82 H476.59 L475.73 C476.59 ATR=11.34 SL=475.46/474.89 rawVol=18883 volSMA=15623 buf=0.567 prices=475.87
2025-11-25T09:30:00.000-05:00,"[KLB] 9:30 ▲ ~ ~ Yest L
~ VWAP vol=4.8x pos=^85 vwap=above ema=bear rs=+0.1% adx=24 body=70% O471.98 H475 L471.42 C474.48 ATR=11.11 SL=473.37/472.81 rawVol=7584 volSMA=1592 buf=0.556 prices=468.02"
2025-11-25T09:45:00.000-05:00,[KLB] 9:45 ▼ BRK PM L + Yest L + Week L vol=7.1x pos=v77 vwap=below ema=bear rs=-1.1% adx=24 body=77% O470.83 H470.83 L467 C467.9 ATR=11.11 SL=469.01/469.57 rawVol=76448 volSMA=10815 buf=0.556 prices=469.5/468.02/468.27
2025-11-25T09:45:00.000-05:00,[KLB] 9:45 ▼ ~ ~ VWAP vol=7.1x pos=v77 vwap=below ema=bear rs=-1.1% adx=24 body=77% O470.83 H470.83 L467 C467.9 ATR=11.11 SL=469.01/469.57 rawVol=76448 volSMA=10815 buf=0.556 prices=
2025-11-25T09:45:00.000-05:00,[KLB] 5m CHECK 9:45 ▼ pnl=0.27 → HOLD
2025-11-25T09:45:00.000-05:00,[KLB] 9:45 ▼ ◆ ◆¹ Yest L 7.1x v69 vol= pos= vwap=below ema=bear rs=-1.1% adx=24 body=77% O470.83 H470.83 L467 C467.9 ATR=11.11 SL=469.01/469.57 rawVol=76448 volSMA=10815 buf=0.556 prices=
2025-11-25T09:50:00.000-05:00,"[KLB] 9:50 ▼ ◆ ◆¹ Yest L 7.1x v69
◆² Week L 4.1x v3 vol= pos= vwap=below ema=bear rs=-1.2% adx=25 body=67% O467.8 H467.87 L464.89 C465.8 ATR=11.11 SL=466.91/467.47 rawVol=77217 volSMA=14544 buf=0.556 prices="
2025-11-25T09:55:00.000-05:00,[KLB] CONF 9:55 ▼ BRK → ✗ (failed)
2025-11-25T10:00:00.000-05:00,[KLB] 10:00 ▲ ~~ ~~ Week L vol=3.7x pos=^99 vwap=above ema=bear rs=-1% adx=23 body=99% O468.2 H469.7 L468.2 C469.68 ATR=11.11 SL=468.57/468.01 rawVol=78234 volSMA=21303 buf=0.556 prices=468.27
2025-11-25T10:05:00.000-05:00,[KLB] 10:05 ▼ BRK Yest L + Week L vol=2.7x pos=v100 vwap=below ema=bear rs=-1.4% adx=23 body=99% O469.58 H469.64 L465.32 C465.32 ATR=11.11 SL=466.43/466.99 rawVol=65699 volSMA=24406 buf=0.556 prices=468.02/468.27
2025-11-25T10:10:00.000-05:00,[KLB] 10:10 ▲ ~ ~ Week L vol=1.3x pos=^96 vwap=above ema=bear rs=-1.1% adx=24 body=96% O465.35 H469 L465.35 C468.86 ATR=11.11 SL=467.75/467.19 rawVol=33885 volSMA=26063 buf=0.556 prices=468.27
2025-11-25T10:10:00.000-05:00,[KLB] CONF 10:10 ▼ BRK → ✗ (failed)
2025-11-25T10:35:00.000-05:00,[KLB] 10:35 ▲ ~~ ~~ Week L vol=1.1x pos=^80 vwap=above ema=bear rs=-1.2% adx=23 body=80% O468.42 H469.39 L468.42 C469.2 ATR=11.11 SL=468.09/467.53 rawVol=34432 volSMA=31250 buf=0.556 prices=468.27
2025-11-25T10:45:00.000-05:00,[KLB] 10:45 ▲ ~~ ~~ PM L vol=0.8x pos=^99 vwap=above ema=bear rs=-1% adx=21 body=60% O469.76 H470.58 L469.22 C470.57 ATR=11.11 SL=469.46/468.9 rawVol=27019 volSMA=33590 buf=0.556 prices=469.5
2025-11-25T12:05:00.000-05:00,[KLB] 12:05 ▲ ~~ ~~ Yest L vol=1.1x pos=^91 vwap=above ema=bull rs=-0.4% adx=21 body=69% O473.85 H475.1 L473.5 C474.95 ATR=11.11 SL=473.84/473.28 rawVol=20524 volSMA=18889 buf=0.556 prices=468.02
2025-11-26T09:45:00.000-05:00,[KLB] 9:45 ▲ ~ ~ ORB L vol=4.6x pos=^100 vwap=above ema=bull rs=-0.6% adx=51 body=52% O482.88 H484.03 L481.82 C484.03 ATR=11.34 SL=482.9/482.33 rawVol=70219 volSMA=15366 buf=0.567 prices=481.74
2025-11-26T09:45:00.000-05:00,[KLB] 5m CHECK 9:45 ▼ pnl=-0.1 → BAIL
2025-11-26T10:25:00.000-05:00,[KLB] 10:25 ▼ ~ ~ VWAP vol=0.8x pos=v89 vwap=below ema=bull rs=-1% adx=38 body=68% O482.4 H482.72 L481.21 C481.38 ATR=11.34 SL=482.51/483.08 rawVol=18123 volSMA=27767 buf=0.567 prices=
2025-11-26T10:30:00.000-05:00,[KLB] 10:30 ▲ ~ ~ ORB L vol=1.1x pos=^92 vwap=above ema=bull rs=-0.7% adx=37 body=87% O481.34 H483.47 L481.21 C483.3 ATR=11.34 SL=482.17/481.6 rawVol=30731 volSMA=28723 buf=0.567 prices=481.74
2025-11-26T10:35:00.000-05:00,[KLB] 10:35 ▲ ~ ~ VWAP vol=1x pos=^92 vwap=above ema=bull rs=-0.5% adx=36 body=92% O483.31 H484.66 L483.31 C484.55 ATR=11.34 SL=483.42/482.85 rawVol=24093 volSMA=29634 buf=0.567 prices=
2025-11-28T09:30:00.000-05:00,[KLB] 9:30 ▼ ~ ~ PM H vol=4.7x pos=v100 vwap=below ema=bear rs=+0.2% adx=27 body=32% O488.1 H489.5 L487.45 C487.45 ATR=11.34 SL=488.58/489.15 rawVol=3509 volSMA=747 buf=0.567 prices=489.75
2025-11-28T09:45:00.000-05:00,[KLB] 5m CHECK 9:45 ▲ pnl=-0.01 → BAIL
2025-11-28T09:50:00.000-05:00,[KLB] 9:50 ▲ BRK PM H vol=6.4x pos=^96 vwap=above ema=bull rs=+0.4% adx=23 body=88% O488.78 H490.32 L488.64 C490.25 ATR=11.34 SL=489.12/488.55 rawVol=51095 volSMA=7930 buf=0.567 prices=489.75
2025-11-28T09:55:00.000-05:00,[KLB] 9:55 ▲ ~ ~ VWAP vol=5.1x pos=^94 vwap=above ema=bull rs=+0.7% adx=24 body=88% O490.3 H491.36 L490.24 C491.29 ATR=11.34 SL=490.16/489.59 rawVol=41267 volSMA=9953 buf=0.567 prices=
2025-11-28T10:05:00.000-05:00,[KLB] 10:05 ▲ ◆ ◆⁴ PM H 1.4x ^77 vol= pos= vwap=above ema=bull rs=+0.5% adx=26 body=94% O491.35 H491.37 L490.28 C490.33 ATR=11.34 SL=489.2/488.63 rawVol=15249 volSMA=13131 buf=0.567 prices=
2025-12-01T09:50:00.000-05:00,[KLB] 5m CHECK 9:50 ▼ pnl=-0.09 → BAIL
2025-12-01T10:00:00.000-05:00,[KLB] 10:00 ▲ ~ ~ Yest L vol=3.1x pos=^56 vwap=above ema=bear rs=-0.5% adx=29 body=41% O487.48 H488.43 L487.32 C487.94 ATR=11.04 SL=486.84/486.28 rawVol=30236 volSMA=13239 buf=0.552 prices=486.65
2025-12-01T10:20:00.000-05:00,[KLB] 10:20 ▲ ~ ~ Yest L vol=0.8x pos=^85 vwap=above ema=bear rs=-0.4% adx=27 body=42% O487.37 H487.86 L487 C487.73 ATR=11.04 SL=486.63/486.07 rawVol=10523 volSMA=15777 buf=0.552 prices=486.65
2025-12-01T10:55:00.000-05:00,"[KLB] 10:55 ▲ ~ ~ PM L + ~ Yest L
~ VWAP vol=0.8x pos=^100 vwap=above ema=bear rs=-0.4% adx=26 body=98% O486.97 H488.51 L486.94 C488.51 ATR=11.04 SL=487.41/486.85 rawVol=16524 volSMA=20039 buf=0.552 prices=487.89/486.65"
2025-12-01T15:30:00.000-05:00,[KLB] 15:30 ▲ ~ ~ Yest L vol=1.3x pos=^93 vwap=above ema=bear rs=-0.4% adx=29 body=78% O487.46 H487.81 L487.4 C487.78 ATR=11.04 SL=486.68/486.12 rawVol=9685 volSMA=7680 buf=0.552 prices=486.65
2025-12-01T15:55:00.000-05:00,[KLB] 15:55 ▼ BRK Yest L vol=3.5x pos=v71 vwap=below ema=bear rs=-0.6% adx=28 body=69% O487.77 H487.8 L486 C486.52 ATR=11.04 SL=487.62/488.18 rawVol=37785 volSMA=10696 buf=0.552 prices=486.65
2025-12-01T15:55:00.000-05:00,[KLB] 15:55 ▼ ◆ ◆¹ Yest L 24.6x v18 vol= pos= vwap=below ema=bear rs=-0.6% adx=28 body=69% O487.77 H487.8 L486 C486.52 ATR=11.04 SL=487.62/488.18 rawVol=37785 volSMA=10696 buf=0.552 prices=
2025-12-02T10:15:00.000-05:00,[KLB] 10:15 ▲ ~ ~ VWAP vol=2.2x pos=^100 vwap=above ema=bull rs=+0.6% adx=23 body=68% O489.61 H490.28 L489.3 C490.28 ATR=10.77 SL=489.2/488.66 rawVol=16557 volSMA=9115 buf=0.539 prices=
2025-12-02T10:20:00.000-05:00,[KLB] 10:20 ▲ BRK Yest H vol=2.2x pos=^46 vwap=above ema=bull rs=+0.6% adx=25 body=45% O490.25 H490.93 L490.24 C490.56 ATR=10.77 SL=489.48/488.94 rawVol=22836 volSMA=10242 buf=0.539 prices=489.86
2025-12-02T10:20:00.000-05:00,[KLB] 10:20 ▲ ◆ ◆¹ Yest H 1.4x ^96 vol= pos= vwap=above ema=bull rs=+0.6% adx=25 body=45% O490.25 H490.93 L490.24 C490.56 ATR=10.77 SL=489.48/488.94 rawVol=22836 volSMA=10242 buf=0.539 prices=
2025-12-02T14:20:00.000-05:00,[KLB] CONF 14:20 ▲ BRK → ✗ (failed)
2025-12-03T09:50:00.000-05:00,[KLB] 9:50 ▼ ~ ~ VWAP vol=2.9x pos=v91 vwap=below ema=bear rs=-0.1% adx=52 body=37% O476.47 H477.61 L475.51 C475.7 ATR=10.52 SL=476.75/477.28 rawVol=88214 volSMA=31760 buf=0.526 prices=
2025-12-03T10:35:00.000-05:00,[KLB] 10:35 ▲ ~ ~ VWAP vol=2.3x pos=^92 vwap=above ema=bear rs=+1.2% adx=48 body=90% O478.31 H484 L478.19 C483.54 ATR=10.52 SL=482.49/481.96 rawVol=142098 volSMA=61905 buf=0.526 prices=
2025-12-03T15:55:00.000-05:00,[KLB] 15:55 ▼ ~ ~ ORB H vol=4.8x pos=v48 vwap=below ema=bear rs=+0.1% adx=22 body=47% O480.7 H480.75 L477.51 C479.18 ATR=10.52 SL=480.23/480.76 rawVol=95156 volSMA=19748 buf=0.526 prices=479.8
2025-12-04T09:35:00.000-05:00,[KLB] 9:35 ▼ ~ ~ PM H vol=16.8x pos=v97 vwap=below ema=bear rs=0% adx=23 body=30% O479.53 H481.32 L478.65 C478.72 ATR=10.82 SL=479.8/480.34 rawVol=78403 volSMA=4673 buf=0.541 prices=480.7
2025-12-04T09:45:00.000-05:00,[KLB] 9:45 ▼ BRK PM L vol=5.4x pos=v78 vwap=below ema=bear rs=-0.3% adx=22 body=71% O478.53 H478.64 L477.07 C477.42 ATR=10.82 SL=478.5/479.04 rawVol=44675 volSMA=9382 buf=0.541 prices=478.55
2025-12-04T09:45:00.000-05:00,"[KLB] 9:45 ▼ ~ ~ Yest H
~ VWAP vol=5.4x pos=v78 vwap=below ema=bear rs=-0.3% adx=22 body=71% O478.53 H478.64 L477.07 C477.42 ATR=10.82 SL=478.5/479.04 rawVol=44675 volSMA=9382 buf=0.541 prices=484.24"
2025-12-04T09:45:00.000-05:00,[KLB] 5m CHECK 9:45 ▼ pnl=0.1 → HOLD
2025-12-04T09:50:00.000-05:00,[KLB] 9:50 ▼ ~ ~ Yest H vol=4x pos=v81 vwap=below ema=bear rs=-0.3% adx=22 body=35% O477.44 H478.1 L476.65 C476.93 ATR=10.82 SL=478.01/478.55 rawVol=38695 volSMA=11303 buf=0.541 prices=484.24
2025-12-04T09:50:00.000-05:00,[KLB] 9:50 ▼ ◆ ◆² PM L 2.6x v18 vol= pos= vwap=below ema=bear rs=-0.3% adx=22 body=35% O477.44 H478.1 L476.65 C476.93 ATR=10.82 SL=478.01/478.55 rawVol=38695 volSMA=11303 buf=0.541 prices=
2025-12-04T10:05:00.000-05:00,[KLB] CONF 10:05 ▼ BRK → ✗ (failed)
2025-12-05T09:35:00.000-05:00,[KLB] 9:35 ▼ ~ ~ PM H vol=15.1x pos=v63 vwap=below ema=bear rs=-0.2% adx=23 body=46% O482.85 H483.23 L480.92 C481.78 ATR=10.4 SL=482.82/483.34 rawVol=64541 volSMA=4276 buf=0.52 prices=483.5
2025-12-05T09:45:00.000-05:00,[KLB] 9:45 ▼ BRK ORB L vol=4.3x pos=v81 vwap=below ema=bear rs=-0.4% adx=22 body=66% O481.43 H481.62 L480.36 C480.6 ATR=10.4 SL=481.64/482.16 rawVol=27203 volSMA=7157 buf=0.52 prices=480.92
2025-12-05T09:45:00.000-05:00,"[KLB] 9:45 ▼ ~ ~ Yest H
~ VWAP vol=4.3x pos=v81 vwap=below ema=bear rs=-0.4% adx=22 body=66% O481.43 H481.62 L480.36 C480.6 ATR=10.4 SL=481.64/482.16 rawVol=27203 volSMA=7157 buf=0.52 prices=481.32"
2025-12-05T09:45:00.000-05:00,[KLB] 5m CHECK 9:45 ▼ pnl=0.08 → HOLD
2025-12-05T09:45:00.000-05:00,[KLB] 9:45 ▼ ◆ ◆¹ ORB L 4.1x v52 vol= pos= vwap=below ema=bear rs=-0.4% adx=22 body=66% O481.43 H481.62 L480.36 C480.6 ATR=10.4 SL=481.64/482.16 rawVol=27203 volSMA=7157 buf=0.52 prices=
2025-12-05T09:50:00.000-05:00,[KLB] CONF 9:50 ▼ BRK → ✗ (failed)
2025-12-08T09:30:00.000-05:00,[KLB] 9:30 ▲ BRK Yest H vol=6.9x pos=^100 vwap=below ema=bull rs=+0.2% adx=28 body=81% O483 H485.07 L482.5 C485.07 ATR=9.98 SL=484.07/483.57 rawVol=5142 volSMA=741 buf=0.499 prices=483.4
2025-12-08T09:35:00.000-05:00,[KLB] 9:35 ▲ BRK PM H vol=16.1x pos=^99 vwap=above ema=bull rs=+0.6% adx=31 body=84% O484.89 H487.36 L484.44 C487.33 ATR=9.98 SL=486.33/485.83 rawVol=58556 volSMA=3634 buf=0.499 prices=485.07
2025-12-08T09:35:00.000-05:00,[KLB] CONF 9:35 ▲ BRK → ✓★ (auto-promote)
2025-12-08T09:40:00.000-05:00,[KLB] 9:40 ▲ BRK ORB H vol=9x pos=^92 vwap=above ema=bull rs=+0.9% adx=34 body=77% O487.33 H488.89 L487.04 C488.75 ATR=9.98 SL=487.75/487.25 rawVol=58387 volSMA=6526 buf=0.499 prices=487.36
2025-12-08T09:40:00.000-05:00,[KLB] 9:40 ▲ ~ ~ VWAP vol=9x pos=^92 vwap=above ema=bull rs=+0.9% adx=34 body=77% O487.33 H488.89 L487.04 C488.75 ATR=9.98 SL=487.75/487.25 rawVol=58387 volSMA=6526 buf=0.499 prices=
2025-12-08T09:40:00.000-05:00,[KLB] CONF 9:40 ▲ BRK → ✓★ (auto-promote)
2025-12-08T09:45:00.000-05:00,[KLB] 5m CHECK 9:45 ▲ pnl=0.07 → HOLD
2025-12-09T09:50:00.000-05:00,[KLB] 9:50 ▲ ~ ~ ORB L vol=3.4x pos=^70 vwap=above ema=bear rs=+0.1% adx=33 body=70% O489.2 H490.42 L489.2 C490.05 ATR=9.92 SL=489.06/488.56 rawVol=21811 volSMA=6456 buf=0.496 prices=489.09
2025-12-09T10:00:00.000-05:00,[KLB] 10:00 ▲ ~ ~ VWAP vol=1.9x pos=^89 vwap=above ema=bear rs=+0.2% adx=30 body=72% O490.57 H491.26 L490.43 C491.17 ATR=9.92 SL=490.18/489.68 rawVol=14560 volSMA=7826 buf=0.496 prices=
2025-12-10T09:35:00.000-05:00,[KLB] 9:35 ▼ BRK PM L vol=13.2x pos=v88 vwap=below ema=bear rs=-0.6% adx=41 body=79% O483.91 H484.24 L480.14 C480.65 ATR=9.47 SL=481.6/482.07 rawVol=115478 volSMA=8741 buf=0.473 prices=482.5
2025-12-10T09:35:00.000-05:00,[KLB] 9:35 ▼ ~ ~ VWAP vol=13.2x pos=v88 vwap=below ema=bear rs=-0.6% adx=41 body=79% O483.91 H484.24 L480.14 C480.65 ATR=9.47 SL=481.6/482.07 rawVol=115478 volSMA=8741 buf=0.473 prices=
2025-12-10T09:40:00.000-05:00,[KLB] 9:40 ▼ BRK ORB L vol=9x pos=v84 vwap=below ema=bear rs=-1% adx=42 body=75% O480.62 H480.82 L478.61 C478.97 ATR=9.47 SL=479.92/480.39 rawVol=140582 volSMA=15687 buf=0.473 prices=480.14
2025-12-10T09:40:00.000-05:00,[KLB] CONF 9:40 ▼ BRK → ✓★ (auto-promote)
2025-12-10T09:40:00.000-05:00,[KLB] 9:40 ▼ ◆ ◆¹ ORB L 4.4x v28 vol= pos= vwap=below ema=bear rs=-1% adx=42 body=75% O480.62 H480.82 L478.61 C478.97 ATR=9.47 SL=479.92/480.39 rawVol=140582 volSMA=15687 buf=0.473 prices=
2025-12-10T09:45:00.000-05:00,[KLB] 5m CHECK 9:45 ▼ pnl=-0.14 → BAIL
2025-12-10T09:50:00.000-05:00,[KLB] CONF 9:50 ▼ BRK → ✗ (failed)
2025-12-10T09:55:00.000-05:00,[KLB] 5m CHECK 9:55 ▲ pnl=0.06 → HOLD
2025-12-10T10:35:00.000-05:00,[KLB] 10:35 ▼ BRK ORB L vol=1.8x pos=v83 vwap=below ema=bear rs=-0.9% adx=45 body=68% O480.39 H480.6 L479.2 C479.44 ATR=9.47 SL=480.39/480.86 rawVol=65884 volSMA=36026 buf=0.473 prices=480.14
2025-12-10T10:45:00.000-05:00,[KLB] 10:45 ▼ ◆ ◆³ ORB L 0.6x v7 vol= pos= vwap=below ema=bear rs=-1% adx=47 body=11% O479.2 H479.55 L478.74 C479.29 ATR=9.47 SL=480.24/480.71 rawVol=33857 volSMA=40114 buf=0.473 prices=
2025-12-10T11:30:00.000-05:00,[KLB] CONF 11:30 ▼ BRK → ✗ (failed)
2025-12-10T11:50:00.000-05:00,[KLB] 11:50 ▲ ~~ ~~ ORB L vol=0.6x pos=^89 vwap=above ema=bear rs=-0.8% adx=33 body=51% O480.52 H480.98 L480.24 C480.9 ATR=9.47 SL=479.95/479.48 rawVol=14692 volSMA=24895 buf=0.473 prices=480.14
2025-12-10T12:20:00.000-05:00,[KLB] 12:20 ▲ ~~ ~~ ORB L vol=0.3x pos=^69 vwap=above ema=bear rs=-0.8% adx=24 body=69% O480.23 H480.9 L480.23 C480.69 ATR=9.47 SL=479.74/479.27 rawVol=4955 volSMA=17544 buf=0.473 prices=480.14
2025-12-10T12:30:00.000-05:00,[KLB] 12:30 ▲ ~ ~ VWAP vol=0.8x pos=^59 vwap=above ema=bear rs=-0.6% adx=21 body=33% O481.44 H481.78 L481.32 C481.59 ATR=9.47 SL=480.64/480.17 rawVol=11974 volSMA=15769 buf=0.473 prices=
2025-12-11T09:35:00.000-05:00,[KLB] 9:35 ▲ BRK PM H vol=15.5x pos=^59 vwap=above ema=bull rs=+0.3% adx=22 body=36% O476.56 H479.59 L475.67 C477.97 ATR=10 SL=476.97/476.47 rawVol=65304 volSMA=4212 buf=0.5 prices=477.33
2025-12-11T09:40:00.000-05:00,[KLB] 9:40 ▲ ~ ~ Yest L vol=9.5x pos=^52 vwap=above ema=bull rs=+0.4% adx=25 body=44% O477.85 H479.6 L477.71 C478.69 ATR=10 SL=477.69/477.19 rawVol=53065 volSMA=6854 buf=0.5 prices=475.08
2025-12-11T09:45:00.000-05:00,[KLB] 9:45 ▲ BRK ORB H vol=6x pos=^64 vwap=above ema=bull rs=+0.7% adx=28 body=47% O478.68 H481.16 L478.15 C480.09 ATR=10 SL=479.09/478.59 rawVol=58548 volSMA=9767 buf=0.5 prices=479.59
2025-12-11T09:45:00.000-05:00,"[KLB] 9:45 ▲ ~ ~ Yest L
~ VWAP vol=6x pos=^64 vwap=above ema=bull rs=+0.7% adx=28 body=47% O478.68 H481.16 L478.15 C480.09 ATR=10 SL=479.09/478.59 rawVol=58548 volSMA=9767 buf=0.5 prices=475.08"
2025-12-11T09:45:00.000-05:00,[KLB] CONF 9:45 ▲ BRK → ✓ (auto-promote)
2025-12-11T09:45:00.000-05:00,[KLB] 9:45 ▲ ◆ ◆¹ ORB H 5.3x ^41 vol= pos= vwap=above ema=bull rs=+0.7% adx=28 body=47% O478.68 H481.16 L478.15 C480.09 ATR=10 SL=479.09/478.59 rawVol=58548 volSMA=9767 buf=0.5 prices=
2025-12-11T09:50:00.000-05:00,[KLB] 5m CHECK 9:50 ▲ pnl=-0.05 → BAIL
2025-12-11T09:50:00.000-05:00,[KLB] CONF 9:50 ▲ BRK → ✗ (failed)
2025-12-11T09:55:00.000-05:00,[KLB] 9:55 ▼ ~~ ~~ ORB H vol=3.7x pos=v92 vwap=below ema=bull rs=+0.6% adx=31 body=85% O479.59 H479.74 L477.48 C477.67 ATR=10 SL=478.67/479.17 rawVol=31588 volSMA=13854 buf=0.5 prices=479.59
2025-12-11T10:05:00.000-05:00,[KLB] 10:05 ▲ ~ ~ Yest L vol=2.4x pos=^85 vwap=above ema=bull rs=+0.9% adx=31 body=55% O478.32 H479.85 L477.67 C479.52 ATR=10 SL=478.51/478.01 rawVol=39327 volSMA=17973 buf=0.5 prices=475.08
2025-12-11T10:10:00.000-05:00,[KLB] 10:10 ▲ BRK ORB H vol=3.4x pos=^98 vwap=above ema=bull rs=+1.1% adx=32 body=98% O479.48 H481.4 L479.47 C481.37 ATR=10 SL=480.37/479.87 rawVol=73655 volSMA=21619 buf=0.5 prices=479.59
2025-12-11T10:30:00.000-05:00,[KLB] 10:30 ▲ ◆ ◆⁵ ORB H 1x ^28 vol= pos= vwap=above ema=bull rs=+0.6% adx=36 body=98% O481.42 H481.43 L480.38 C480.39 ATR=10 SL=479.39/478.89 rawVol=15507 volSMA=28444 buf=0.5 prices=
2025-12-11T11:25:00.000-05:00,[KLB] CONF 11:25 ▲ BRK → ✗ (failed)
2025-12-11T11:30:00.000-05:00,[KLB] 11:30 ▼ ~~ ~~ ORB H vol=0.5x pos=v98 vwap=below ema=bull rs=+0.6% adx=23 body=93% O480.14 H480.2 L478.94 C478.97 ATR=10 SL=479.97/480.47 rawVol=11650 volSMA=24338 buf=0.5 prices=479.59
2025-12-11T13:50:00.000-05:00,[KLB] 13:50 ▲ BRK Yest H vol=3.3x pos=^94 vwap=above ema=bull rs=+1.5% adx=30 body=94% O483.64 H485.95 L483.64 C485.81 ATR=10 SL=484.81/484.31 rawVol=52197 volSMA=15982 buf=0.5 prices=484.25
2025-12-11T13:50:00.000-05:00,[KLB] 13:50 ▲ ◆ ◆¹ Yest H 1.7x ^1 vol= pos= vwap=above ema=bull rs=+1.5% adx=30 body=94% O483.64 H485.95 L483.64 C485.81 ATR=10 SL=484.81/484.31 rawVol=52197 volSMA=15982 buf=0.5 prices=
2025-12-11T15:30:00.000-05:00,[KLB] CONF 15:30 ▲ BRK → ✗ (failed)
2025-12-12T09:30:00.000-05:00,[KLB] 9:30 ▼ ~ ~ VWAP vol=7.6x pos=v65 vwap=below ema=bear rs=-0.1% adx=24 body=58% O481.5 H481.7 L478.79 C479.82 ATR=10.01 SL=480.82/481.32 rawVol=8789 volSMA=1160 buf=0.501 prices=
2025-12-12T09:35:00.000-05:00,[KLB] 9:35 ▲ ~ ~ PM L vol=12.6x pos=^68 vwap=above ema=bear rs=+0.3% adx=24 body=38% O479.82 H482.45 L478.72 C481.24 ATR=10.01 SL=480.24/479.74 rawVol=39291 volSMA=3112 buf=0.501 prices=478.79
2025-12-12T09:55:00.000-05:00,[KLB] 5m CHECK 9:55 ▼ pnl=-0.09 → BAIL
2025-12-15T09:30:00.000-05:00,"[KLB] 9:30 ▲ ~ ~ Yest L
~ VWAP vol=9.4x pos=^65 vwap=above ema=bull rs=+0.5% adx=27 body=35% O479.16 H480.7 L478.48 C479.93 ATR=9.81 SL=478.95/478.46 rawVol=8065 volSMA=858 buf=0.49 prices=476.34"
2025-12-15T09:35:00.000-05:00,[KLB] 9:35 ▼ ~ ~ PM H + ~ Yest H vol=15x pos=v96 vwap=below ema=bull rs=-0.2% adx=27 body=71% O480 H480.73 L477.74 C477.87 ATR=9.81 SL=478.85/479.34 rawVol=50813 volSMA=3384 buf=0.49 prices=480.7/482.45
2025-12-15T09:45:00.000-05:00,[KLB] 5m CHECK 9:45 ▼ pnl=-0.01 → BAIL
2025-12-15T10:00:00.000-05:00,[KLB] 10:00 ▼ BRK PM L + Yest L vol=3.7x pos=v91 vwap=below ema=bear rs=-0.5% adx=24 body=80% O476.96 H477.15 L475.4 C475.56 ATR=9.81 SL=476.54/477.03 rawVol=35028 volSMA=9357 buf=0.49 prices=477/476.34
2025-12-15T10:00:00.000-05:00,[KLB] 10:00 ▼ ~ ~ VWAP vol=3.7x pos=v91 vwap=below ema=bear rs=-0.5% adx=24 body=80% O476.96 H477.15 L475.4 C475.56 ATR=9.81 SL=476.54/477.03 rawVol=35028 volSMA=9357 buf=0.49 prices=
2025-12-15T15:50:00.000-05:00,[KLB] 15:50 ▼ ◆ ◆⁷¹ Yest L 5.5x v79 vol= pos= vwap=above ema=bear rs=-0.2% adx=16 body=81% O475.25 H475.88 L475.16 C475.83 ATR=9.81 SL=476.81/477.3 rawVol=22869 volSMA=9982 buf=0.49 prices=
2025-12-16T09:30:00.000-05:00,[KLB] 9:30 ▼ BRK Yest L vol=4x pos=v75 vwap=below ema=bear rs=-0.2% adx=21 body=67% O473.05 H473.19 L471.5 C471.92 ATR=9.69 SL=472.89/473.37 rawVol=3406 volSMA=856 buf=0.485 prices=472.52
2025-12-16T09:30:00.000-05:00,[KLB] 9:30 ▼ ~ ~ VWAP vol=4x pos=v75 vwap=below ema=bear rs=-0.2% adx=21 body=67% O473.05 H473.19 L471.5 C471.92 ATR=9.69 SL=472.89/473.37 rawVol=3406 volSMA=856 buf=0.485 prices=
2025-12-16T09:35:00.000-05:00,[KLB] 9:35 ▲ ~ ~ PM L vol=13.8x pos=^80 vwap=above ema=bear rs=+0.2% adx=21 body=46% O471.93 H473.93 L470.88 C473.32 ATR=9.69 SL=472.35/471.87 rawVol=37958 volSMA=2742 buf=0.485 prices=471.5
2025-12-16T09:35:00.000-05:00,[KLB] 9:35 ▼ ◆ ◆² Yest L 17.2x v99 vol= pos= vwap=above ema=bear rs=+0.2% adx=21 body=46% O471.93 H473.93 L470.88 C473.32 ATR=9.69 SL=474.29/474.77 rawVol=37958 volSMA=2742 buf=0.485 prices=
2025-12-16T09:40:00.000-05:00,[KLB] 9:40 ▼ ~ ~ ORB H vol=9.3x pos=v99 vwap=below ema=bear rs=+0.1% adx=21 body=65% O473.28 H473.68 L472.52 C472.53 ATR=9.69 SL=473.5/473.98 rawVol=47241 volSMA=5074 buf=0.485 prices=473.93
2025-12-16T09:45:00.000-05:00,[KLB] CONF 9:45 ▼ BRK → ✗ (failed)
2025-12-16T09:50:00.000-05:00,[KLB] 5m CHECK 9:50 ▼ pnl=-0.14 → BAIL
2025-12-16T13:30:00.000-05:00,[KLB] 13:30 ▼ ~ ~ ORB H vol=1.1x pos=v91 vwap=below ema=bear rs=+0.8% adx=24 body=61% O473.45 H473.64 L473 C473.06 ATR=9.69 SL=474.03/474.51 rawVol=9396 volSMA=8447 buf=0.485 prices=473.93
2025-12-16T13:45:00.000-05:00,"[KLB] 13:45 ▲ ~~ ~~ Yest L
~ VWAP vol=1.3x pos=^83 vwap=above ema=bull rs=+0.9% adx=22 body=83% O474.57 H475.15 L474.57 C475.05 ATR=9.69 SL=474.08/473.6 rawVol=10252 volSMA=8579 buf=0.485 prices=472.52"
2025-12-16T13:50:00.000-05:00,[KLB] 13:50 ▲ ~~ ~~ Week L vol=1.2x pos=^65 vwap=above ema=bull rs=+0.9% adx=22 body=65% O475.08 H475.65 L475.08 C475.45 ATR=9.69 SL=474.48/474 rawVol=9119 volSMA=8448 buf=0.485 prices=475.08
2025-12-18T09:30:00.000-05:00,[KLB] 9:30 ▼ ~ ~ VWAP vol=2.6x pos=v77 vwap=below ema=bull rs=+0.9% adx=23 body=64% O479.45 H479.69 L477.72 C478.18 ATR=9.18 SL=479.1/479.56 rawVol=2705 volSMA=1023 buf=0.459 prices=
2025-12-18T09:35:00.000-05:00,[KLB] 9:35 ▲ BRK PM H + Yest H vol=13.8x pos=^92 vwap=above ema=bull rs=+0.5% adx=21 body=76% O478.47 H480.96 L478 C480.71 ATR=9.18 SL=479.79/479.33 rawVol=45891 volSMA=3316 buf=0.459 prices=480.46/480
2025-12-18T09:35:00.000-05:00,[KLB] 9:35 ▲ ~ ~ VWAP vol=13.8x pos=^92 vwap=above ema=bull rs=+0.5% adx=21 body=76% O478.47 H480.96 L478 C480.71 ATR=9.18 SL=479.79/479.33 rawVol=45891 volSMA=3316 buf=0.459 prices=
2025-12-18T09:40:00.000-05:00,[KLB] CONF 9:40 ▲ BRK → ✗ (failed)
2025-12-19T09:35:00.000-05:00,"[KLB] 9:35 ▼ ~ ~ Yest H
~ VWAP vol=14.3x pos=v83 vwap=below ema=bull rs=-0.9% adx=41 body=82% O487.66 H487.72 L483.2 C483.97 ATR=9.49 SL=484.92/485.39 rawVol=79613 volSMA=5553 buf=0.474 prices=489.6"
2025-12-19T09:50:00.000-05:00,[KLB] 9:50 ▲ ~ ~ VWAP vol=4.1x pos=^89 vwap=above ema=bull rs=-0.4% adx=40 body=81% O486 H487.34 L485.88 C487.18 ATR=9.49 SL=486.23/485.76 rawVol=25893 volSMA=10846 buf=0.474 prices=
2025-12-19T09:55:00.000-05:00,[KLB] 5m CHECK 9:55 ▲ pnl=-0.03 → BAIL
2025-12-19T15:00:00.000-05:00,[KLB] 15:00 ▼ ~ ~ Yest H vol=1.4x pos=v100 vwap=below ema=bear rs=-1.3% adx=24 body=63% O484.12 H484.25 L483.9 C483.9 ATR=9.49 SL=484.85/485.32 rawVol=14971 volSMA=10574 buf=0.474 prices=489.6
2025-12-19T15:05:00.000-05:00,[KLB] 15:05 ▼ ~ ~ Yest H vol=1.4x pos=v97 vwap=below ema=bear rs=-1.3% adx=25 body=51% O483.9 H484.06 L483.71 C483.72 ATR=9.49 SL=484.67/485.14 rawVol=12818 volSMA=10820 buf=0.474 prices=489.6
2025-12-19T15:30:00.000-05:00,[KLB] 15:30 ▼ BRK PM L + ORB L vol=2.7x pos=v72 vwap=below ema=bear rs=-1.5% adx=33 body=67% O483.47 H483.52 L482.59 C482.85 ATR=9.49 SL=483.8/484.27 rawVol=33958 volSMA=12587 buf=0.474 prices=483.13/483.2
2025-12-19T15:30:00.000-05:00,"[KLB] 15:30 ▼ ◆ ◆¹ PM L 1.2x v38
◆¹ ORB L 1.2x v38 vol= pos= vwap=below ema=bear rs=-1.5% adx=33 body=67% O483.47 H483.52 L482.59 C482.85 ATR=9.49 SL=483.8/484.27 rawVol=33958 volSMA=12587 buf=0.474 prices="
2025-12-19T15:50:00.000-05:00,[KLB] CONF 15:50 ▼ BRK → ✗ (failed)
2025-12-19T15:55:00.000-05:00,[KLB] 15:55 ▲ ~~ ~~ PM L + ~~ ORB L vol=7.1x pos=^73 vwap=above ema=bear rs=-0.9% adx=40 body=69% O482.73 H486.97 L482.52 C485.79 ATR=9.49 SL=484.84/484.37 rawVol=152585 volSMA=21438 buf=0.474 prices=483.13/483.2
2025-12-23T09:55:00.000-05:00,[KLB] 9:55 ▼ ~ ~ PM H + ~ Yest H vol=1.7x pos=v89 vwap=below ema=bull rs=-0.1% adx=30 body=81% O486.31 H486.38 L485.49 C485.59 ATR=8.97 SL=486.49/486.93 rawVol=13744 volSMA=8205 buf=0.448 prices=486.25/488.73
2025-12-23T10:20:00.000-05:00,[KLB] 10:20 ▼ ~ ~ PM H + ~ Yest H vol=1.1x pos=v93 vwap=below ema=bull rs=0% adx=30 body=40% O486.15 H486.44 L485.89 C485.93 ATR=8.97 SL=486.83/487.27 rawVol=11003 volSMA=12692 buf=0.448 prices=486.25/488.73
2025-12-23T10:50:00.000-05:00,[KLB] 10:50 ▼ ~ ~ PM H + ~ Yest H vol=0.5x pos=v74 vwap=below ema=bull rs=-0.1% adx=28 body=74% O486.37 H486.37 L485.78 C485.94 ATR=8.97 SL=486.83/487.28 rawVol=8539 volSMA=15860 buf=0.448 prices=486.25/488.73
2025-12-23T11:00:00.000-05:00,[KLB] 11:00 ▼ ~ ~ PM H vol=0.6x pos=v86 vwap=below ema=bull rs=-0.2% adx=27 body=75% O485.98 H486 L485.78 C485.81 ATR=8.97 SL=486.71/487.15 rawVol=10625 volSMA=16728 buf=0.448 prices=486.25
2025-12-23T11:40:00.000-05:00,[KLB] 11:40 ▲ ~ ~ VWAP vol=1.9x pos=^56 vwap=above ema=bull rs=+0.1% adx=32 body=38% O486.92 H487.29 L486.84 C487.09 ATR=8.97 SL=486.19/485.75 rawVol=24215 volSMA=12771 buf=0.448 prices=
2025-12-24T09:30:00.000-05:00,[KLB] 9:30 ▼ ~ ~ Yest H vol=12.4x pos=v75 vwap=below ema=bull rs=+0% adx=25 body=69% O487.57 H487.71 L485.15 C485.8 ATR=8.55 SL=486.65/487.08 rawVol=13004 volSMA=1046 buf=0.427 prices=487.83
2025-12-24T09:40:00.000-05:00,[KLB] 5m CHECK 9:40 ▼ pnl=-0.04 → BAIL
2025-12-24T10:20:00.000-05:00,[KLB] 10:20 ▲ ~ ~ VWAP vol=1.2x pos=^80 vwap=above ema=bull rs=+0.2% adx=23 body=80% O487.05 H487.45 L487.05 C487.37 ATR=8.55 SL=486.52/486.09 rawVol=6931 volSMA=6971 buf=0.427 prices=
2025-12-24T12:50:00.000-05:00,[KLB] 12:50 ▲ BRK PM H + Yest H vol=1.8x pos=^97 vwap=above ema=bull rs=+0.3% adx=25 body=91% O488.21 H488.76 L488.18 C488.74 ATR=8.55 SL=487.89/487.46 rawVol=13599 volSMA=7593 buf=0.427 prices=488/487.83
2025-12-24T12:55:00.000-05:00,"[KLB] 12:55 ▲ ◆ ◆² PM H 4.9x ^30
◆² Yest H 4.9x ^30 vol= pos= vwap=above ema=bull rs=+0.2% adx=24 body=57% O488.74 H488.8 L488.44 C488.53 ATR=8.55 SL=487.68/487.25 rawVol=13989 volSMA=7687 buf=0.427 prices="
2025-12-24T13:25:00.000-05:00,[KLB] CONF 13:25 ▲ BRK → ✗ (failed)
2025-12-29T09:35:00.000-05:00,[KLB] 9:35 ▲ ~ ~ PM L vol=14.4x pos=^75 vwap=above ema=bear rs=+0.3% adx=45 body=52% O484.94 H487.53 L484.17 C486.69 ATR=7.81 SL=485.91/485.52 rawVol=32720 volSMA=2277 buf=0.391 prices=484.5
2025-12-29T09:40:00.000-05:00,[KLB] 9:40 ▲ ~ ~ Yest L vol=9.4x pos=^71 vwap=above ema=bear rs=+0.3% adx=44 body=62% O486.68 H487.69 L486.58 C487.37 ATR=7.81 SL=486.59/486.2 rawVol=24092 volSMA=3478 buf=0.391 prices=485.96
2025-12-29T09:45:00.000-05:00,[KLB] 9:45 ▲ ~ ~ VWAP vol=5.4x pos=^84 vwap=above ema=bear rs=+0.5% adx=43 body=48% O487.32 H487.8 L487.05 C487.68 ATR=7.81 SL=486.9/486.51 rawVol=20834 volSMA=4441 buf=0.391 prices=
2025-12-29T09:45:00.000-05:00,[KLB] 5m CHECK 9:45 ▲ pnl=0.04 → BAIL
2025-12-29T10:15:00.000-05:00,[KLB] 10:15 ▼ ~ ~ ORB H vol=1.1x pos=v64 vwap=below ema=bull rs=+0.5% adx=38 body=55% O487.37 H487.45 L486.58 C486.89 ATR=7.81 SL=487.67/488.06 rawVol=8338 volSMA=7587 buf=0.391 prices=487.53
2025-12-29T10:55:00.000-05:00,[KLB] 10:55 ▼ ~ ~ PM H + ~ ORB H vol=0.9x pos=v100 vwap=below ema=bull rs=+0.4% adx=26 body=100% O487.32 H487.32 L486.74 C486.74 ATR=7.81 SL=487.52/487.91 rawVol=9120 volSMA=10551 buf=0.391 prices=487/487.53
2025-12-29T11:00:00.000-05:00,[KLB] 11:00 ▲ ~ ~ Yest L vol=0.9x pos=^66 vwap=above ema=bull rs=+0.5% adx=24 body=49% O486.78 H487.37 L486.66 C487.13 ATR=7.81 SL=486.35/485.96 rawVol=9576 volSMA=11013 buf=0.391 prices=485.96
2025-12-29T11:05:00.000-05:00,[KLB] 11:05 ▼ ~ ~ ORB H vol=1.4x pos=v96 vwap=below ema=bull rs=+0.4% adx=23 body=58% O487.1 H487.32 L486.75 C486.77 ATR=7.81 SL=487.55/487.94 rawVol=16873 volSMA=11829 buf=0.391 prices=487.53
2025-12-29T11:10:00.000-05:00,[KLB] 11:10 ▼ ~ ~ PM H vol=1.3x pos=v94 vwap=below ema=bull rs=+0.4% adx=23 body=58% O486.75 H486.98 L486.34 C486.38 ATR=7.81 SL=487.16/487.55 rawVol=16800 volSMA=12641 buf=0.391 prices=487
2025-12-29T11:20:00.000-05:00,[KLB] 11:20 ▼ ~ ~ VWAP vol=1.4x pos=v90 vwap=below ema=bull rs=+0.2% adx=24 body=90% O486.18 H486.18 L485.49 C485.56 ATR=7.81 SL=486.34/486.73 rawVol=16332 volSMA=11302 buf=0.391 prices=
2025-12-29T14:50:00.000-05:00,[KLB] 14:50 ▲ ~ ~ Yest L vol=1.4x pos=^89 vwap=above ema=bull rs=+0.4% adx=23 body=87% O486.68 H487.14 L486.67 C487.09 ATR=7.81 SL=486.31/485.92 rawVol=7391 volSMA=5954 buf=0.391 prices=485.96
2025-12-30T09:35:00.000-05:00,[KLB] 9:35 ▲ ~ ~ VWAP vol=14.7x pos=^96 vwap=above ema=bear rs=+0.4% adx=23 body=87% O485.74 H487.85 L485.53 C487.75 ATR=7.55 SL=486.99/486.62 rawVol=24796 volSMA=1689 buf=0.378 prices=
2025-12-30T09:40:00.000-05:00,[KLB] 5m CHECK 9:40 ▲ pnl=-0.05 → BAIL
2025-12-30T09:50:00.000-05:00,[KLB] 9:50 ▲ BRK ORB H vol=6.5x pos=^97 vwap=above ema=bull rs=+0.5% adx=26 body=72% O487.24 H488.63 L486.78 C488.57 ATR=7.55 SL=487.81/487.44 rawVol=31669 volSMA=4859 buf=0.378 prices=487.85
2025-12-30T09:50:00.000-05:00,[KLB] 5m CHECK 9:50 ▼ pnl=-0.18 → BAIL
2025-12-30T10:00:00.000-05:00,[KLB] 10:00 ▲ ◆ ◆³ ORB H 2.7x ^0 vol= pos= vwap=above ema=bull rs=+0.4% adx=29 body=45% O488.68 H489.06 L488.15 C488.27 ATR=7.55 SL=487.51/487.14 rawVol=16159 volSMA=6932 buf=0.378 prices=
2025-12-30T10:15:00.000-05:00,[KLB] CONF 10:15 ▲ BRK → ✗ (failed)
2025-12-30T10:30:00.000-05:00,[KLB] 10:30 ▼ ~~ ~~ ORB H vol=1.1x pos=v62 vwap=below ema=bull rs=+0.4% adx=27 body=40% O487.6 H487.72 L487.17 C487.38 ATR=7.55 SL=488.14/488.51 rawVol=11563 volSMA=10529 buf=0.378 prices=487.85
2025-12-31T09:45:00.000-05:00,[KLB] 9:45 ▼ BRK PM L vol=8.2x pos=v83 vwap=below ema=bear rs=-0.2% adx=23 body=64% O486.37 H486.53 L485.67 C485.82 ATR=7.31 SL=486.55/486.92 rawVol=14015 volSMA=3178 buf=0.366 prices=486.35
2025-12-31T09:50:00.000-05:00,[KLB] 9:50 ▼ ~ ~ VWAP vol=4.3x pos=v46 vwap=below ema=bear rs=-0.2% adx=24 body=42% O485.91 H485.94 L485.23 C485.61 ATR=7.31 SL=486.34/486.71 rawVol=17156 volSMA=4026 buf=0.366 prices=
2025-12-31T09:50:00.000-05:00,[KLB] 5m CHECK 9:50 ▼ pnl=0.03 → BAIL
2025-12-31T09:50:00.000-05:00,[KLB] CONF 9:50 ▼ BRK → ✗ (failed)
2025-12-31T09:55:00.000-05:00,[KLB] 9:55 ▲ ~~ ~~ PM L + ~ Yest L vol=3.2x pos=^78 vwap=above ema=bear rs=-0.1% adx=24 body=78% O485.62 H486.86 L485.62 C486.59 ATR=7.31 SL=485.86/485.49 rawVol=15246 volSMA=4788 buf=0.366 prices=486.35/485.5
2025-12-31T10:00:00.000-05:00,[KLB] 10:00 ▼ BRK PM L vol=1.9x pos=v90 vwap=below ema=bear rs=-0.2% adx=23 body=76% O486.6 H486.7 L485.98 C486.05 ATR=7.31 SL=486.78/487.15 rawVol=9888 volSMA=5278 buf=0.366 prices=486.35
2025-12-31T10:00:00.000-05:00,[KLB] 10:00 ▼ ◆ ◆¹ PM L 2.5x v33 vol= pos= vwap=below ema=bear rs=-0.2% adx=23 body=76% O486.6 H486.7 L485.98 C486.05 ATR=7.31 SL=486.78/487.15 rawVol=9888 volSMA=5278 buf=0.366 prices=
2025-12-31T10:40:00.000-05:00,[KLB] 10:40 ▼ BRK Yest L vol=1.9x pos=v68 vwap=below ema=bear rs=-0.3% adx=24 body=32% O485.21 H485.39 L484.89 C485.05 ATR=7.31 SL=485.78/486.15 rawVol=19442 volSMA=10405 buf=0.366 prices=485.5
2025-12-31T10:40:00.000-05:00,[KLB] CONF 10:40 ▼ BRK → ✓ (auto-promote)
2025-12-31T10:45:00.000-05:00,[KLB] 5m CHECK 10:45 ▼ pnl=-0.02 → BAIL
2025-12-31T10:45:00.000-05:00,[KLB] 10:45 ▼ ◆ ◆² Yest L 0.8x v85 vol= pos= vwap=below ema=bear rs=-0.2% adx=24 body=49% O485.03 H485.25 L484.9 C485.2 ATR=7.31 SL=485.93/486.3 rawVol=7149 volSMA=10758 buf=0.366 prices=
2025-12-31T11:50:00.000-05:00,[KLB] CONF 11:50 ▼ BRK → ✗ (failed)
2025-12-31T14:05:00.000-05:00,[KLB] 14:05 ▲ ~ ~ VWAP vol=0.9x pos=^58 vwap=above ema=bull rs=-0.1% adx=22 body=50% O486.34 H486.7 L486.31 C486.54 ATR=7.31 SL=485.8/485.44 rawVol=2799 volSMA=4484 buf=0.366 prices=
2025-12-31T14:10:00.000-05:00,[KLB] 14:10 ▲ ~~ ~~ PM L vol=0.6x pos=^76 vwap=above ema=bull rs=-0.1% adx=24 body=48% O486.51 H486.66 L486.45 C486.61 ATR=7.31 SL=485.88/485.51 rawVol=2170 volSMA=4355 buf=0.366 prices=486.35
2026-01-02T09:35:00.000-05:00,[KLB] 9:35 ▼ BRK PM L vol=14.5x pos=v55 vwap=below ema=bear rs=-0.1% adx=20 body=43% O484.39 H484.67 L482.38 C483.4 ATR=7.13 SL=484.11/484.47 rawVol=47410 volSMA=3267 buf=0.357 prices=483.75
2026-01-02T09:35:00.000-05:00,[KLB] 9:35 ▼ ◆ ◆¹ PM L 8.2x v100 vol= pos= vwap=below ema=bear rs=-0.1% adx=20 body=43% O484.39 H484.67 L482.38 C483.4 ATR=7.13 SL=484.11/484.47 rawVol=47410 volSMA=3267 buf=0.357 prices=
2026-01-02T09:40:00.000-05:00,[KLB] 9:40 ▼ BRK Yest L + Week L vol=10.5x pos=v100 vwap=below ema=bear rs=-0.3% adx=24 body=66% O483.34 H483.87 L482.3 C482.3 ATR=7.13 SL=483.01/483.37 rawVol=26846 volSMA=4494 buf=0.357 prices=483.3/482.69
2026-01-02T09:40:00.000-05:00,[KLB] CONF 9:40 ▼ BRK → ✓ (auto-promote)
2026-01-02T09:45:00.000-05:00,[KLB] 9:45 ▼ BRK ORB L vol=7.2x pos=v81 vwap=below ema=bear rs=-0.8% adx=28 body=81% O482.32 H482.33 L479.47 C480.01 ATR=7.13 SL=480.72/481.08 rawVol=50568 volSMA=7022 buf=0.357 prices=482.38
2026-01-02T09:45:00.000-05:00,[KLB] 9:45 ▼ ~ ~ VWAP vol=7.2x pos=v81 vwap=below ema=bear rs=-0.8% adx=28 body=81% O482.32 H482.33 L479.47 C480.01 ATR=7.13 SL=480.72/481.08 rawVol=50568 volSMA=7022 buf=0.357 prices=
2026-01-02T09:45:00.000-05:00,[KLB] CONF 9:45 ▼ BRK → ✓★ (auto-promote)
2026-01-02T09:50:00.000-05:00,[KLB] 5m CHECK 9:50 ▼ pnl=-0.05 → BAIL
2026-01-05T09:35:00.000-05:00,[KLB] 9:35 ▼ BRK PM L vol=12.3x pos=v84 vwap=below ema=bear rs=-0.9% adx=27 body=79% O474.01 H474.22 L469.56 C470.31 ATR=7.66 SL=471.08/471.46 rawVol=76823 volSMA=6252 buf=0.383 prices=472.5
2026-01-05T09:35:00.000-05:00,[KLB] 9:35 ▼ ~ ~ VWAP vol=12.3x pos=v84 vwap=below ema=bear rs=-0.9% adx=27 body=79% O474.01 H474.22 L469.56 C470.31 ATR=7.66 SL=471.08/471.46 rawVol=76823 volSMA=6252 buf=0.383 prices=
2026-01-05T09:40:00.000-05:00,[KLB] CONF 9:40 ▼ BRK → ✗ (failed)
2026-01-05T09:45:00.000-05:00,[KLB] 9:45 ▲ ~~ ~~ PM L vol=5.1x pos=^80 vwap=above ema=bear rs=-0.4% adx=29 body=63% O471.37 H473.26 L470.99 C472.8 ATR=7.66 SL=472.03/471.65 rawVol=55324 volSMA=10899 buf=0.383 prices=472.5
2026-01-05T09:50:00.000-05:00,[KLB] 9:50 ▼ BRK PM L vol=3.1x pos=v59 vwap=below ema=bear rs=-0.5% adx=29 body=45% O472.81 H473.08 L471.26 C472 ATR=7.66 SL=472.77/473.15 rawVol=39878 volSMA=12799 buf=0.383 prices=472.5
2026-01-05T09:50:00.000-05:00,[KLB] 5m CHECK 9:50 ▲ pnl=-0.1 → BAIL
2026-01-05T09:50:00.000-05:00,[KLB] 9:50 ▼ ◆ ◆¹ PM L 2.1x v48 vol= pos= vwap=below ema=bear rs=-0.5% adx=29 body=45% O472.81 H473.08 L471.26 C472 ATR=7.66 SL=472.77/473.15 rawVol=39878 volSMA=12799 buf=0.383 prices=
2026-01-05T10:00:00.000-05:00,[KLB] CONF 10:00 ▼ BRK → ✗ (failed)
2026-01-05T10:10:00.000-05:00,"[KLB] 10:10 ▲ ~~ ~~ PM L + ~ Yest L
~ VWAP vol=2.1x pos=^85 vwap=above ema=bear rs=-0.3% adx=26 body=35% O472.92 H473.31 L472.54 C473.19 ATR=7.66 SL=472.42/472.04 rawVol=39652 volSMA=19359 buf=0.383 prices=472.5/470.16"
2026-01-05T11:05:00.000-05:00,[KLB] 11:05 ▲ ~~ ~~ PM L + ~ Yest L vol=1x pos=^94 vwap=above ema=bear rs=-0.4% adx=24 body=80% O472.39 H473.26 L472.25 C473.2 ATR=7.66 SL=472.43/472.05 rawVol=30923 volSMA=30052 buf=0.383 prices=472.5/470.16
2026-01-06T09:30:00.000-05:00,[KLB] 9:30 ▲ ~ ~ Yest L vol=4.9x pos=^76 vwap=above ema=bull rs=+0% adx=24 body=74% O472.48 H474.22 L472.44 C473.8 ATR=7.58 SL=473.04/472.66 rawVol=4236 volSMA=869 buf=0.379 prices=469.5
2026-01-06T09:45:00.000-05:00,[KLB] 9:45 ▼ BRK PM L vol=6.1x pos=v51 vwap=below ema=bear rs=-0.6% adx=23 body=49% O472.08 H472.11 L470.86 C471.47 ATR=7.58 SL=472.23/472.61 rawVol=34708 volSMA=5661 buf=0.379 prices=472
2026-01-06T09:45:00.000-05:00,[KLB] 9:45 ▼ ~ ~ VWAP vol=6.1x pos=v51 vwap=below ema=bear rs=-0.6% adx=23 body=49% O472.08 H472.11 L470.86 C471.47 ATR=7.58 SL=472.23/472.61 rawVol=34708 volSMA=5661 buf=0.379 prices=
2026-01-06T09:45:00.000-05:00,[KLB] 5m CHECK 9:45 ▼ pnl=0.08 → HOLD
2026-01-06T09:50:00.000-05:00,[KLB] 9:50 ▲ ~ ~ PM L + ~ Yest L + ~ ORB L vol=6.1x pos=^91 vwap=above ema=bear rs=-0.4% adx=22 body=79% O471.53 H473.21 L471.3 C473.03 ATR=7.58 SL=472.27/471.89 rawVol=49753 volSMA=8138 buf=0.379 prices=472/469.5/472.4
2026-01-06T09:50:00.000-05:00,[KLB] CONF 9:50 ▼ BRK → ✗ (failed)
2026-01-06T10:00:00.000-05:00,[KLB] 10:00 ▼ BRK PM L + ORB L vol=2.6x pos=v85 vwap=below ema=bear rs=-0.8% adx=21 body=85% O472.68 H472.68 L471.4 C471.59 ATR=7.58 SL=472.35/472.73 rawVol=27329 volSMA=10541 buf=0.379 prices=472/472.4
2026-01-06T10:25:00.000-05:00,[KLB] 10:25 ▼ ◆ ◆⁶ PM L 0.6x v68 vol= pos= vwap=below ema=bear rs=-0.9% adx=21 body=83% O470.55 H471.67 L470.46 C471.55 ATR=7.58 SL=472.31/472.69 rawVol=22441 volSMA=18340 buf=0.379 prices=
2026-01-06T10:35:00.000-05:00,[KLB] CONF 10:35 ▼ BRK → ✗ (failed)
2026-01-07T09:30:00.000-05:00,[KLB] 9:30 ▲ BRK Yest H vol=3.3x pos=^92 vwap=below ema=bull rs=+0% adx=27 body=66% O478.2 H479.88 L477.6 C479.7 ATR=7.68 SL=478.93/478.55 rawVol=3741 volSMA=1140 buf=0.384 prices=478.74
2026-01-07T09:30:00.000-05:00,[KLB] 9:30 ▲ ◆ ◆¹ Yest H 75.4x ^98 vol= pos= vwap=below ema=bull rs=+0% adx=27 body=66% O478.2 H479.88 L477.6 C479.7 ATR=7.68 SL=478.93/478.55 rawVol=3741 volSMA=1140 buf=0.384 prices=
2026-01-07T09:35:00.000-05:00,[KLB] 9:35 ▲ BRK PM H vol=15.8x pos=^98 vwap=above ema=bull rs=+0.7% adx=30 body=61% O479.76 H482.79 L477.96 C482.7 ATR=7.68 SL=481.93/481.55 rawVol=85904 volSMA=5429 buf=0.384 prices=479.88
2026-01-07T09:35:00.000-05:00,[KLB] 9:35 ▲ ~ ~ VWAP vol=15.8x pos=^98 vwap=above ema=bull rs=+0.7% adx=30 body=61% O479.76 H482.79 L477.96 C482.7 ATR=7.68 SL=481.93/481.55 rawVol=85904 volSMA=5429 buf=0.384 prices=
2026-01-07T09:35:00.000-05:00,[KLB] CONF 9:35 ▲ BRK → ✓ (auto-promote)
2026-01-07T09:40:00.000-05:00,[KLB] 5m CHECK 9:40 ▲ pnl=0.06 → HOLD
2026-01-07T09:45:00.000-05:00,[KLB] 5m CHECK 9:45 ▲ pnl=0.1 → HOLD
2026-01-07T15:00:00.000-05:00,[KLB] 15:00 ▼ ~ ~ VWAP vol=1x pos=v93 vwap=below ema=bull rs=+1.2% adx=39 body=81% O485.34 H485.39 L484.96 C484.99 ATR=7.68 SL=485.76/486.14 rawVol=11334 volSMA=11194 buf=0.384 prices=
2026-01-08T09:40:00.000-05:00,[KLB] 9:40 ▼ BRK PM L + ORB L vol=8.1x pos=v99 vwap=below ema=bear rs=-0.4% adx=27 body=76% O480.97 H481.56 L478.88 C478.92 ATR=7.97 SL=479.72/480.12 rawVol=33384 volSMA=4699 buf=0.399 prices=479.5/480.55
2026-01-08T09:45:00.000-05:00,[KLB] 9:45 ▼ BRK Yest L vol=7.1x pos=v87 vwap=below ema=bear rs=-0.8% adx=29 body=85% O478.85 H478.91 L476.13 C476.48 ATR=7.97 SL=477.28/477.68 rawVol=51185 volSMA=7233 buf=0.399 prices=477.95
2026-01-08T09:45:00.000-05:00,[KLB] 9:45 ▼ ~ ~ VWAP vol=7.1x pos=v87 vwap=below ema=bear rs=-0.8% adx=29 body=85% O478.85 H478.91 L476.13 C476.48 ATR=7.97 SL=477.28/477.68 rawVol=51185 volSMA=7233 buf=0.399 prices=
2026-01-08T09:45:00.000-05:00,[KLB] CONF 9:45 ▼ BRK → ✓★ (auto-promote)
2026-01-08T09:45:00.000-05:00,[KLB] 9:45 ▼ ◆ ◆¹ Yest L 5.8x v16 vol= pos= vwap=below ema=bear rs=-0.8% adx=29 body=85% O478.85 H478.91 L476.13 C476.48 ATR=7.97 SL=477.28/477.68 rawVol=51185 volSMA=7233 buf=0.399 prices=
2026-01-08T09:50:00.000-05:00,[KLB] 5m CHECK 9:50 ▼ pnl=-0.2 → BAIL
2026-01-08T09:50:00.000-05:00,[KLB] CONF 9:50 ▼ BRK → ✗ (failed)
2026-01-09T09:30:00.000-05:00,[KLB] 9:30 ▼ ~ ~ VWAP vol=4.7x pos=v88 vwap=below ema=bear rs=+0.2% adx=30 body=67% O476.04 H476.65 L473.74 C474.1 ATR=7.95 SL=474.89/475.29 rawVol=6208 volSMA=1331 buf=0.397 prices=
2026-01-09T09:50:00.000-05:00,[KLB] 9:50 ▼ BRK PM L + ORB L vol=4.3x pos=v83 vwap=below ema=bear rs=-0.3% adx=39 body=74% O475.45 H475.74 L472.45 C473 ATR=7.95 SL=473.79/474.19 rawVol=47820 volSMA=11073 buf=0.397 prices=473.74/473.99
2026-01-09T09:50:00.000-05:00,[KLB] 5m CHECK 9:50 ▲ pnl=-0.3 → BAIL
2026-01-09T09:50:00.000-05:00,[KLB] 9:50 ▼ ◆ ◆¹ PM L 3.6x v52 vol= pos= vwap=below ema=bear rs=-0.3% adx=39 body=74% O475.45 H475.74 L472.45 C473 ATR=7.95 SL=473.79/474.19 rawVol=47820 volSMA=11073 buf=0.397 prices=
2026-01-09T10:00:00.000-05:00,"[KLB] 10:00 ▼ ◆ ◆¹ PM L 3.6x v52
◆³ ORB L 1.8x v10 vol= pos= vwap=below ema=bear rs=-0.4% adx=44 body=6% O472.86 H473.27 L472.44 C472.81 ATR=7.95 SL=473.6/474 rawVol=22464 volSMA=14169 buf=0.397 prices="
2026-01-09T10:10:00.000-05:00,[KLB] CONF 10:10 ▼ BRK → ✗ (failed)
2026-01-09T10:15:00.000-05:00,[KLB] 10:15 ▲ ~~ ~~ PM L + ~~ ORB L vol=1.7x pos=^95 vwap=above ema=bear rs=0% adx=45 body=93% O473.25 H474.52 L473.22 C474.46 ATR=7.95 SL=473.67/473.27 rawVol=29365 volSMA=17505 buf=0.397 prices=473.74/473.99
2026-01-09T10:20:00.000-05:00,[KLB] 10:20 ▲ ~~ ~~ ORB L vol=1.6x pos=^85 vwap=above ema=bear rs=+0% adx=44 body=52% O474.41 H475 L474.12 C474.87 ATR=7.95 SL=474.07/473.67 rawVol=27165 volSMA=18768 buf=0.397 prices=473.99
2026-01-09T10:25:00.000-05:00,[KLB] 10:25 ▲ ~ ~ VWAP vol=1.4x pos=^76 vwap=above ema=bear rs=+0% adx=41 body=47% O474.9 H475.75 L474.55 C475.46 ATR=7.95 SL=474.67/474.27 rawVol=28575 volSMA=20189 buf=0.397 prices=
2026-01-12T09:35:00.000-05:00,[KLB] 9:35 ▲ BRK PM H vol=15x pos=^98 vwap=above ema=bull rs=+0.5% adx=26 body=89% O476.66 H480.11 L476.31 C480.03 ATR=7.92 SL=479.24/478.84 rawVol=52720 volSMA=3509 buf=0.396 prices=477.44
2026-01-12T09:35:00.000-05:00,[KLB] 9:35 ▲ ~ ~ VWAP vol=15x pos=^98 vwap=above ema=bull rs=+0.5% adx=26 body=89% O476.66 H480.11 L476.31 C480.03 ATR=7.92 SL=479.24/478.84 rawVol=52720 volSMA=3509 buf=0.396 prices=
2026-01-12T09:45:00.000-05:00,[KLB] 5m CHECK 9:45 ▲ pnl=-0.09 → BAIL
2026-01-12T09:50:00.000-05:00,[KLB] 9:50 ▲ BRK Yest H + ORB H vol=4.4x pos=^87 vwap=above ema=bull rs=+0.5% adx=33 body=66% O479.34 H480.81 L478.95 C480.57 ATR=7.92 SL=479.78/479.38 rawVol=35524 volSMA=8140 buf=0.396 prices=479.82/480.11
2026-01-12T09:50:00.000-05:00,[KLB] CONF 9:50 ▲ BRK → ✓★ (auto-promote)
2026-01-12T09:50:00.000-05:00,[KLB] 9:50 ▲ ◆ ◆¹ Yest H 3.3x ^5 vol= pos= vwap=above ema=bull rs=+0.5% adx=33 body=66% O479.34 H480.81 L478.95 C480.57 ATR=7.92 SL=479.78/479.38 rawVol=35524 volSMA=8140 buf=0.396 prices=
2026-01-12T09:55:00.000-05:00,[KLB] 5m CHECK 9:55 ▲ pnl=-0.11 → BAIL
2026-01-12T09:55:00.000-05:00,"[KLB] 9:55 ▲ ◆ ◆¹ Yest H 3.3x ^5
◆² ORB H 1.8x ^42 vol= pos= vwap=above ema=bull rs=+0.2% adx=35 body=64% O480.56 H480.99 L479.59 C479.66 ATR=7.92 SL=478.87/478.47 rawVol=26959 volSMA=9467 buf=0.396 prices="
2026-01-12T10:00:00.000-05:00,[KLB] CONF 10:00 ▲ BRK → ✗ (failed)
2026-01-12T10:25:00.000-05:00,[KLB] 10:25 ▼ ~~ ~~ Yest H vol=0.6x pos=v85 vwap=below ema=bull rs=+0.1% adx=37 body=54% O479.17 H479.32 L478.84 C478.91 ATR=7.92 SL=479.7/480.1 rawVol=7514 volSMA=13074 buf=0.396 prices=479.82
2026-01-12T11:30:00.000-05:00,[KLB] 11:30 ▼ ~~ ~~ Yest H vol=0.9x pos=v90 vwap=below ema=bull rs=-0.1% adx=23 body=78% O479.42 H479.52 L478.69 C478.77 ATR=7.92 SL=479.56/479.96 rawVol=11107 volSMA=11913 buf=0.396 prices=479.82
2026-01-12T15:55:00.000-05:00,[KLB] 15:55 ▼ ~ ~ VWAP vol=3.6x pos=v65 vwap=below ema=bull rs=-0.5% adx=25 body=65% O478.51 H478.51 L477.3 C477.72 ATR=7.92 SL=478.51/478.91 rawVol=58725 volSMA=16226 buf=0.396 prices=
2026-01-13T09:40:00.000-05:00,[KLB] 9:40 ▲ BRK ORB H vol=6.6x pos=^62 vwap=above ema=bull rs=+0.1% adx=28 body=49% O474.49 H475.7 L474.31 C475.17 ATR=7.74 SL=474.4/474.01 rawVol=55142 volSMA=8346 buf=0.387 prices=475
2026-01-13T09:40:00.000-05:00,[KLB] 5m CHECK 9:40 ▼ pnl=-0.09 → BAIL
2026-01-13T09:45:00.000-05:00,[KLB] 9:45 ▼ ~ ~ ORB H vol=4.1x pos=v93 vwap=below ema=bear rs=-0.2% adx=29 body=69% O475.19 H475.75 L473.4 C473.57 ATR=7.74 SL=474.34/474.73 rawVol=43258 volSMA=10505 buf=0.387 prices=475
2026-01-13T09:45:00.000-05:00,[KLB] CONF 9:45 ▲ BRK → ✗ (failed)
2026-01-13T09:50:00.000-05:00,[KLB] 9:50 ▼ BRK PM L + ORB L vol=5.3x pos=v68 vwap=below ema=bear rs=-0.3% adx=31 body=45% O473.63 H473.96 L472.54 C472.99 ATR=7.74 SL=473.76/474.15 rawVol=75602 volSMA=14274 buf=0.387 prices=473.13/473.06
2026-01-13T09:50:00.000-05:00,[KLB] 9:50 ▼ ~ ~ VWAP vol=5.3x pos=v68 vwap=below ema=bear rs=-0.3% adx=31 body=45% O473.63 H473.96 L472.54 C472.99 ATR=7.74 SL=473.76/474.15 rawVol=75602 volSMA=14274 buf=0.387 prices=
2026-01-13T09:50:00.000-05:00,"[KLB] 9:50 ▼ ◆ ◆¹ PM L 2.4x v40
◆¹ ORB L 2.4x v40 vol= pos= vwap=below ema=bear rs=-0.3% adx=31 body=45% O473.63 H473.96 L472.54 C472.99 ATR=7.74 SL=473.76/474.15 rawVol=75602 volSMA=14274 buf=0.387 prices="
2026-01-13T10:00:00.000-05:00,[KLB] CONF 10:00 ▼ BRK → ✗ (failed)
2026-01-13T10:15:00.000-05:00,[KLB] 10:15 ▼ BRK PM L + ORB L vol=3.1x pos=v91 vwap=below ema=bear rs=-0.3% adx=35 body=72% O472.84 H473.05 L471.94 C472.04 ATR=7.74 SL=472.81/473.2 rawVol=75825 volSMA=24346 buf=0.387 prices=473.13/473.06
2026-01-13T10:25:00.000-05:00,[KLB] 10:25 ▼ BRK Week L vol=3.7x pos=v92 vwap=below ema=bear rs=-0.8% adx=39 body=92% O470.3 H470.3 L468.49 C468.64 ATR=7.74 SL=469.41/469.8 rawVol=52455 volSMA=32716 buf=0.387 prices=469.5
2026-01-13T10:25:00.000-05:00,[KLB] CONF 10:25 ▼ BRK → ✓ (auto-promote)
2026-01-13T10:30:00.000-05:00,[KLB] 5m CHECK 10:30 ▼ pnl=0.05 → HOLD
2026-01-13T11:30:00.000-05:00,[KLB] 11:30 ▼ ◆ ◆¹⁴ Week L 0.5x v15 vol= pos= vwap=below ema=bear rs=-1% adx=45 body=5% O468.77 H468.92 L468.08 C468.73 ATR=7.74 SL=469.5/469.89 rawVol=23543 volSMA=42600 buf=0.387 prices=
2026-01-13T11:40:00.000-05:00,[KLB] CONF 11:40 ▼ BRK → ✗ (failed)
2026-01-13T15:55:00.000-05:00,[KLB] 15:55 ▲ ~~ ~~ Week L vol=3.2x pos=^100 vwap=above ema=bear rs=-0.7% adx=21 body=93% O468.19 H470 L468.06 C470 ATR=7.74 SL=469.23/468.84 rawVol=87701 volSMA=27266 buf=0.387 prices=469.5
2026-01-14T09:40:00.000-05:00,[KLB] 9:40 ▼ ~ ~ ORB H vol=7x pos=v93 vwap=below ema=bear rs=+0% adx=21 body=79% O467.72 H467.97 L466.16 C466.29 ATR=7.99 SL=467.09/467.49 rawVol=57586 volSMA=8231 buf=0.399 prices=468.15
2026-01-14T09:45:00.000-05:00,[KLB] 9:45 ▼ BRK PM L + Yest L + ORB L vol=6.9x pos=v89 vwap=below ema=bear rs=-0.3% adx=23 body=89% O466.29 H466.29 L463.92 C464.17 ATR=7.99 SL=464.97/465.37 rawVol=85461 volSMA=12474 buf=0.399 prices=465.2/465.95/466.05
2026-01-14T09:45:00.000-05:00,[KLB] 9:45 ▼ ~ ~ VWAP vol=6.9x pos=v89 vwap=below ema=bear rs=-0.3% adx=23 body=89% O466.29 H466.29 L463.92 C464.17 ATR=7.99 SL=464.97/465.37 rawVol=85461 volSMA=12474 buf=0.399 prices=
2026-01-14T09:45:00.000-05:00,[KLB] 9:45 ▼ ◆ ◆¹ PM L 3.4x v46 vol= pos= vwap=below ema=bear rs=-0.3% adx=23 body=89% O466.29 H466.29 L463.92 C464.17 ATR=7.99 SL=464.97/465.37 rawVol=85461 volSMA=12474 buf=0.399 prices=
2026-01-14T09:50:00.000-05:00,[KLB] 5m CHECK 9:50 ▼ pnl=-0.07 → BAIL
2026-01-14T10:15:00.000-05:00,[KLB] CONF 10:15 ▼ BRK → ✗ (failed)
2026-01-14T10:20:00.000-05:00,[KLB] 10:20 ▲ ~~ ~~ PM L vol=1.5x pos=^50 vwap=above ema=bear rs=-0.1% adx=29 body=38% O465.1 H466.12 L464.97 C465.54 ATR=7.99 SL=464.74/464.34 rawVol=28672 volSMA=24862 buf=0.399 prices=465.2
2026-01-16T09:35:00.000-05:00,[KLB] 9:35 ▲ ~ ~ Yest L vol=15.7x pos=^81 vwap=above ema=bull rs=+0.2% adx=29 body=35% O457.82 H459.38 L456.48 C458.83 ATR=8.38 SL=457.99/457.57 rawVol=66164 volSMA=4206 buf=0.419 prices=455.9
2026-01-16T09:40:00.000-05:00,[KLB] 9:40 ▲ BRK PM H + ORB H vol=9.8x pos=^51 vwap=above ema=bull rs=+0.4% adx=29 body=38% O458.83 H460.36 L458.6 C459.5 ATR=8.38 SL=458.66/458.24 rawVol=79312 volSMA=8099 buf=0.419 prices=459.3/459.38
2026-01-16T09:40:00.000-05:00,[KLB] 9:40 ▲ ~ ~ VWAP vol=9.8x pos=^51 vwap=above ema=bull rs=+0.4% adx=29 body=38% O458.83 H460.36 L458.6 C459.5 ATR=8.38 SL=458.66/458.24 rawVol=79312 volSMA=8099 buf=0.419 prices=
2026-01-16T09:45:00.000-05:00,[KLB] 9:45 ▼ ~ ~ PM H + ~ ORB H vol=3.7x pos=v96 vwap=below ema=bull rs=+0.2% adx=27 body=74% O459.49 H459.87 L458.17 C458.23 ATR=8.38 SL=459.07/459.49 rawVol=36916 volSMA=9902 buf=0.419 prices=459.3/459.38
2026-01-16T09:45:00.000-05:00,[KLB] 5m CHECK 9:45 ▲ pnl=-0.15 → BAIL
2026-01-16T09:45:00.000-05:00,[KLB] CONF 9:45 ▲ BRK → ✗ (failed)
2026-01-16T10:25:00.000-05:00,[KLB] 10:25 ▲ BRK PM H + ORB H vol=1.7x pos=^74 vwap=above ema=bull rs=+0.6% adx=24 body=74% O459.11 H460.24 L459.11 C459.95 ATR=8.38 SL=459.11/458.69 rawVol=37381 volSMA=21461 buf=0.419 prices=459.3/459.38
2026-01-16T10:25:00.000-05:00,"[KLB] 10:25 ▲ ◆ ◆¹ PM H 0.8x ^68
◆¹ ORB H 0.8x ^68 vol= pos= vwap=above ema=bull rs=+0.6% adx=24 body=74% O459.11 H460.24 L459.11 C459.95 ATR=8.38 SL=459.11/458.69 rawVol=37381 volSMA=21461 buf=0.419 prices="
2026-01-16T10:30:00.000-05:00,[KLB] CONF 10:30 ▲ BRK → ✗ (failed)
2026-01-16T10:40:00.000-05:00,[KLB] 10:40 ▼ ~~ ~~ PM H + ~~ ORB H vol=0.7x pos=v89 vwap=below ema=bull rs=+0.6% adx=24 body=46% O459.05 H459.33 L458.68 C458.75 ATR=8.38 SL=459.59/460.01 rawVol=10236 volSMA=23485 buf=0.419 prices=459.3/459.38
2026-01-20T09:30:00.000-05:00,[KLB] 9:30 ▲ ~ ~ PM L vol=7x pos=^100 vwap=above ema=bear rs=-1.4% adx=26 body=34% O450.65 H451.71 L448.6 C451.71 ATR=8.26 SL=450.88/450.47 rawVol=21191 volSMA=3014 buf=0.413 prices=448.6
2026-01-20T09:40:00.000-05:00,[KLB] 9:40 ▲ ~ ~ VWAP vol=4.5x pos=^86 vwap=above ema=bear rs=+0.2% adx=27 body=55% O451.35 H453.1 L450.58 C452.74 ATR=8.26 SL=451.91/451.5 rawVol=46814 volSMA=10499 buf=0.413 prices=
2026-01-20T11:40:00.000-05:00,[KLB] 11:40 ▲ ~ ~ Week L vol=0.5x pos=^93 vwap=above ema=bull rs=+0.8% adx=24 body=93% O456.04 H456.78 L456.04 C456.73 ATR=8.26 SL=455.9/455.49 rawVol=9401 volSMA=22415 buf=0.413 prices=455.9
2026-01-21T09:35:00.000-05:00,[KLB] 9:35 ▼ BRK PM L vol=16.6x pos=v54 vwap=below ema=bear rs=-0.4% adx=34 body=47% O452.6 H452.89 L448.67 C450.61 ATR=8.42 SL=451.45/451.87 rawVol=138247 volSMA=8336 buf=0.421 prices=451.5
2026-01-21T09:35:00.000-05:00,[KLB] 9:35 ▼ ◆ ◆¹ PM L 12x v99 vol= pos= vwap=below ema=bear rs=-0.4% adx=34 body=47% O452.6 H452.89 L448.67 C450.61 ATR=8.42 SL=451.45/451.87 rawVol=138247 volSMA=8336 buf=0.421 prices=
2026-01-21T09:40:00.000-05:00,[KLB] 9:40 ▼ ~ ~ VWAP vol=10.4x pos=v99 vwap=below ema=bear rs=-0.8% adx=34 body=61% O450.62 H451.36 L449.43 C449.45 ATR=8.42 SL=450.29/450.71 rawVol=100029 volSMA=13328 buf=0.421 prices=
2026-01-21T09:45:00.000-05:00,[KLB] 5m CHECK 9:45 ▼ pnl=0.01 → BAIL
2026-01-21T10:00:00.000-05:00,"[KLB] 10:00 ▲ ~ ~ Yest L
~ VWAP vol=2.8x pos=^55 vwap=above ema=bear rs=-0.7% adx=34 body=49% O450.72 H452.01 L450.63 C451.39 ATR=8.42 SL=450.55/450.13 rawVol=68171 volSMA=29711 buf=0.421 prices=449.28"
2026-01-21T10:55:00.000-05:00,[KLB] 10:55 ▲ ~ ~ Yest L vol=0.5x pos=^68 vwap=above ema=bear rs=-1% adx=23 body=66% O450.91 H451.88 L450.89 C451.56 ATR=8.42 SL=450.72/450.3 rawVol=18008 volSMA=45930 buf=0.421 prices=449.28
2026-01-22T09:30:00.000-05:00,[KLB] 9:30 ▼ ~ ~ PM H vol=3.7x pos=v88 vwap=below ema=bull rs=+0.7% adx=25 body=34% O448.43 H449.5 L447.5 C447.75 ATR=8.95 SL=448.65/449.09 rawVol=8281 volSMA=2217 buf=0.448 prices=449.51
2026-01-22T09:40:00.000-05:00,[KLB] 9:40 ▼ ~ ~ ORB H vol=5.7x pos=v94 vwap=below ema=bull rs=0% adx=28 body=32% O448.18 H449.05 L447.65 C447.73 ATR=8.95 SL=448.63/449.07 rawVol=45089 volSMA=7905 buf=0.448 prices=448.82
2026-01-22T09:45:00.000-05:00,[KLB] 9:45 ▲ BRK ORB H vol=4.7x pos=^86 vwap=above ema=bull rs=+0.4% adx=28 body=86% O447.8 H449.52 L447.8 C449.28 ATR=8.95 SL=448.38/447.94 rawVol=47694 volSMA=10209 buf=0.448 prices=448.82
2026-01-22T09:45:00.000-05:00,[KLB] 9:45 ▲ ~ ~ VWAP vol=4.7x pos=^86 vwap=above ema=bull rs=+0.4% adx=28 body=86% O447.8 H449.52 L447.8 C449.28 ATR=8.95 SL=448.38/447.94 rawVol=47694 volSMA=10209 buf=0.448 prices=
2026-01-22T09:50:00.000-05:00,[KLB] 9:50 ▼ ~ ~ PM H + ~ ORB H vol=4.7x pos=v95 vwap=below ema=bull rs=+0.2% adx=29 body=71% O449.32 H449.94 L447.27 C447.42 ATR=8.95 SL=448.31/448.76 rawVol=62161 volSMA=13288 buf=0.448 prices=449.51/448.82
2026-01-22T09:50:00.000-05:00,[KLB] CONF 9:50 ▲ BRK → ✗ (failed)
2026-01-22T09:55:00.000-05:00,[KLB] 9:55 ▼ ~ ~ VWAP vol=4.1x pos=v61 vwap=below ema=bull rs=0% adx=30 body=61% O447.35 H447.35 L446 C446.53 ATR=8.95 SL=447.43/447.87 rawVol=43231 volSMA=15308 buf=0.448 prices=
2026-01-22T10:00:00.000-05:00,[KLB] 10:00 ▼ BRK PM L vol=3x pos=v36 vwap=below ema=bear rs=-0.1% adx=32 body=32% O446.54 H446.61 L445.02 C446.03 ATR=8.95 SL=446.93/447.37 rawVol=54429 volSMA=17901 buf=0.448 prices=446.23
2026-01-22T10:00:00.000-05:00,[KLB] 10:00 ▼ ◆ ◆¹ PM L 1.5x v54 vol= pos= vwap=below ema=bear rs=-0.1% adx=32 body=32% O446.54 H446.61 L445.02 C446.03 ATR=8.95 SL=446.93/447.37 rawVol=54429 volSMA=17901 buf=0.448 prices=
2026-01-22T10:25:00.000-05:00,[KLB] CONF 10:25 ▼ BRK → ✗ (failed)
2026-01-22T10:35:00.000-05:00,[KLB] 10:35 ▲ ~~ ~~ PM L + ~~ ORB L vol=1x pos=^100 vwap=above ema=bear rs=+0.1% adx=37 body=49% O446.82 H447.36 L446.25 C447.36 ATR=8.95 SL=446.46/446.02 rawVol=27967 volSMA=27306 buf=0.448 prices=446.23/446
2026-01-22T12:10:00.000-05:00,[KLB] 12:10 ▲ BRK PM H vol=1.9x pos=^60 vwap=above ema=bull rs=+0.5% adx=31 body=38% O449.81 H450.2 L449.7 C450 ATR=8.95 SL=449.1/448.66 rawVol=39927 volSMA=20919 buf=0.448 prices=449.51
2026-01-22T12:10:00.000-05:00,[KLB] 12:10 ▲ ◆ ◆¹ PM H 0.8x ^46 vol= pos= vwap=above ema=bull rs=+0.5% adx=31 body=38% O449.81 H450.2 L449.7 C450 ATR=8.95 SL=449.1/448.66 rawVol=39927 volSMA=20919 buf=0.448 prices=
2026-01-23T09:35:00.000-05:00,[KLB] 9:35 ▲ ~ ~ VWAP vol=14x pos=^99 vwap=above ema=bear rs=+0.6% adx=34 body=64% O451.87 H454.23 L450.57 C454.2 ATR=8.94 SL=453.31/452.86 rawVol=68384 volSMA=4873 buf=0.447 prices=
2026-01-23T09:45:00.000-05:00,[KLB] 9:45 ▲ BRK ORB H vol=5.7x pos=^74 vwap=above ema=bull rs=+0.7% adx=36 body=64% O453.42 H455.2 L453.22 C454.69 ATR=8.94 SL=453.8/453.35 rawVol=65029 volSMA=11333 buf=0.447 prices=454.23
2026-01-23T09:45:00.000-05:00,[KLB] 9:45 ▲ ◆ ◆¹ ORB H 6.5x ^96 vol= pos= vwap=above ema=bull rs=+0.7% adx=36 body=64% O453.42 H455.2 L453.22 C454.69 ATR=8.94 SL=453.8/453.35 rawVol=65029 volSMA=11333 buf=0.447 prices=
2026-01-23T09:55:00.000-05:00,[KLB] 9:55 ▲ ~ ~ Week L vol=6.5x pos=^84 vwap=above ema=bull rs=+1.1% adx=39 body=63% O455.58 H457.26 L455.12 C456.92 ATR=8.94 SL=456.03/455.58 rawVol=145048 volSMA=22173 buf=0.447 prices=455.9
2026-01-26T09:40:00.000-05:00,[KLB] 9:40 ▲ ~ ~ PM L vol=8x pos=^95 vwap=above ema=bear rs=+0% adx=21 body=77% O464.37 H466.45 L463.9 C466.33 ATR=9.77 SL=465.35/464.86 rawVol=96338 volSMA=12067 buf=0.488 prices=463.88
2026-01-26T09:50:00.000-05:00,[KLB] 9:50 ▲ ~ ~ VWAP vol=3.5x pos=^83 vwap=above ema=bull rs=+0.3% adx=21 body=38% O467.01 H468.13 L466.1 C467.78 ATR=9.77 SL=466.8/466.31 rawVol=55210 volSMA=17844 buf=0.488 prices=
2026-01-26T09:50:00.000-05:00,[KLB] 5m CHECK 9:50 ▲ pnl=0.08 → HOLD
2026-01-27T09:35:00.000-05:00,[KLB] 9:35 ▲ ~ ~ VWAP vol=16.5x pos=^98 vwap=above ema=bear rs=+0.8% adx=44 body=85% O473.73 H477.67 L473.13 C477.59 ATR=9.95 SL=476.6/476.1 rawVol=122357 volSMA=7407 buf=0.497 prices=
2026-01-27T10:25:00.000-05:00,[KLB] 10:25 ▼ ~ ~ ORB H vol=0.7x pos=v100 vwap=below ema=bull rs=+0.5% adx=37 body=53% O477.23 H477.86 L476.53 C476.53 ATR=9.95 SL=477.52/478.02 rawVol=22980 volSMA=34782 buf=0.497 prices=477.67
2026-01-28T13:05:00.000-05:00,[KLB] 13:05 ▼ ~ ~ VWAP vol=0.5x pos=v63 vwap=below ema=bear rs=-0.7% adx=22 body=56% O479.12 H479.17 L478.39 C478.68 ATR=10.14 SL=479.69/480.2 rawVol=7503 volSMA=14384 buf=0.507 prices=
2026-01-28T15:50:00.000-05:00,[KLB] 15:50 ▲ ~ ~ ORB L vol=1.7x pos=^77 vwap=above ema=bull rs=-0.3% adx=26 body=74% O479.76 H480.66 L479.73 C480.45 ATR=10.14 SL=479.44/478.93 rawVol=47027 volSMA=27137 buf=0.507 prices=480.11
2026-01-28T15:55:00.000-05:00,[KLB] 15:55 ▲ ~ ~ ORB L vol=3.9x pos=^67 vwap=above ema=bull rs=-0.2% adx=24 body=31% O480.42 H482 L479.54 C481.18 ATR=10.14 SL=480.17/479.66 rawVol=127460 volSMA=32620 buf=0.507 prices=480.11
2026-01-29T09:35:00.000-05:00,[KLB] 9:35 ▼ BRK PM L + Week L vol=13.7x pos=v80 vwap=below ema=bear rs=-1.8% adx=22 body=58% O439.52 H442.46 L429.25 C431.92 ATR=9.82 SL=432.9/433.39 rawVol=1013169 volSMA=73751 buf=0.491 prices=435.91/438.68
2026-01-29T09:35:00.000-05:00,[KLB] 9:35 ▼ ~ ~ VWAP vol=13.7x pos=v80 vwap=below ema=bear rs=-1.8% adx=22 body=58% O439.52 H442.46 L429.25 C431.92 ATR=9.82 SL=432.9/433.39 rawVol=1013169 volSMA=73751 buf=0.491 prices=
2026-01-29T09:55:00.000-05:00,[KLB] 9:55 ▼ BRK ORB L vol=3.1x pos=v84 vwap=below ema=bear rs=-2% adx=35 body=72% O432.43 H433.04 L428.15 C428.93 ATR=9.82 SL=429.91/430.4 rawVol=481660 volSMA=156272 buf=0.491 prices=429.25
2026-01-29T09:55:00.000-05:00,[KLB] CONF 9:55 ▼ BRK → ✓★ (auto-promote)
2026-01-29T09:55:00.000-05:00,[KLB] 9:55 ▼ ◆ ◆¹ ORB L 2x v78 vol= pos= vwap=below ema=bear rs=-2% adx=35 body=72% O432.43 H433.04 L428.15 C428.93 ATR=9.82 SL=429.91/430.4 rawVol=481660 volSMA=156272 buf=0.491 prices=
2026-01-29T10:00:00.000-05:00,[KLB] 5m CHECK 10:00 ▼ pnl=0.04 → BAIL
2026-01-29T15:35:00.000-05:00,[KLB] CONF 15:35 ▼ BRK → ✗ (failed)
2026-01-29T15:40:00.000-05:00,"[KLB] 15:40 ▲ ~~ ~~ ORB L
~ VWAP vol=2.5x pos=^96 vwap=above ema=bear rs=-1.6% adx=29 body=89% O428.17 H430.57 L427.99 C430.47 ATR=9.82 SL=429.49/429 rawVol=222771 volSMA=88887 buf=0.491 prices=429.25"
2026-01-29T15:50:00.000-05:00,[KLB] 15:50 ▼ BRK ORB L vol=2.3x pos=v98 vwap=below ema=bear rs=-2.1% adx=33 body=90% O431.46 H431.75 L428.27 C428.33 ATR=9.82 SL=429.31/429.8 rawVol=247116 volSMA=106648 buf=0.491 prices=429.25
2026-01-29T15:55:00.000-05:00,[KLB] 15:55 ▲ ~ ~ ORB L vol=2.8x pos=^95 vwap=above ema=bull rs=-1.6% adx=34 body=94% O428.32 H431.56 L428.31 C431.39 ATR=9.82 SL=430.41/429.92 rawVol=336547 volSMA=120675 buf=0.491 prices=429.25
2026-01-29T15:55:00.000-05:00,[KLB] CONF 15:55 ▼ BRK → ✗ (failed)
2026-01-30T09:30:00.000-05:00,[KLB] 9:30 ▲ ~ ~ VWAP vol=4.3x pos=^92 vwap=above ema=bull rs=-0.3% adx=27 body=92% O434.88 H439.42 L434.88 C439.06 ATR=13.45 SL=437.72/437.04 rawVol=35625 volSMA=8350 buf=0.672 prices=
2026-01-30T09:45:00.000-05:00,[KLB] 9:45 ▼ ~ ~ VWAP vol=4.5x pos=v74 vwap=below ema=bull rs=-1.4% adx=25 body=70% O434.78 H434.85 L432.84 C433.37 ATR=13.45 SL=434.71/435.39 rawVol=128301 volSMA=33898 buf=0.672 prices=
2026-01-30T09:45:00.000-05:00,[KLB] 5m CHECK 9:45 ▼ pnl=0.11 → HOLD
2026-02-02T11:40:00.000-05:00,[KLB] 11:40 ▼ ~ ~ VWAP vol=0.9x pos=v98 vwap=below ema=bear rs=-2% adx=20 body=75% O426.02 H426.25 L425.23 C425.25 ATR=13.43 SL=426.59/427.26 rawVol=37111 volSMA=39515 buf=0.671 prices=
2026-02-02T11:50:00.000-05:00,[KLB] 11:50 ▼ BRK ORB L vol=1.8x pos=v46 vwap=below ema=bear rs=-2% adx=24 body=46% O425.2 H425.2 L424.4 C424.83 ATR=13.43 SL=426.17/426.84 rawVol=54445 volSMA=41799 buf=0.671 prices=425.28
2026-02-02T12:00:00.000-05:00,[KLB] 12:00 ▼ ◆ ◆³ ORB L 1x v2 vol= pos= vwap=below ema=bear rs=-2.2% adx=27 body=56% O424.42 H424.74 L424.2 C424.72 ATR=13.43 SL=426.06/426.73 rawVol=39855 volSMA=41189 buf=0.671 prices=
2026-02-02T13:40:00.000-05:00,[KLB] 13:40 ▼ BRK PM L vol=1.5x pos=v54 vwap=below ema=bear rs=-2.3% adx=26 body=31% O424.55 H424.7 L424.05 C424.35 ATR=13.43 SL=425.69/426.36 rawVol=48042 volSMA=31880 buf=0.671 prices=425
2026-02-02T13:40:00.000-05:00,[KLB] CONF 13:40 ▼ BRK → ✓ (auto-promote)
2026-02-02T13:40:00.000-05:00,[KLB] 13:40 ▼ ◆ ◆¹ PM L 1.1x v18 vol= pos= vwap=below ema=bear rs=-2.3% adx=26 body=31% O424.55 H424.7 L424.05 C424.35 ATR=13.43 SL=425.69/426.36 rawVol=48042 volSMA=31880 buf=0.671 prices=
2026-02-02T13:45:00.000-05:00,[KLB] 5m CHECK 13:45 ▼ pnl=-0.04 → BAIL
2026-02-03T09:35:00.000-05:00,[KLB] 9:35 ▼ BRK PM L + Yest L + Week L vol=12.9x pos=v98 vwap=below ema=bear rs=-1.3% adx=44 body=97% O422 H422.06 L416.46 C416.57 ATR=13.07 SL=417.88/418.53 rawVol=248836 volSMA=19258 buf=0.654 prices=421.23/422.25/421.02
2026-02-03T09:35:00.000-05:00,[KLB] 9:35 ▼ ~ ~ VWAP vol=12.9x pos=v98 vwap=below ema=bear rs=-1.3% adx=44 body=97% O422 H422.06 L416.46 C416.57 ATR=13.07 SL=417.88/418.53 rawVol=248836 volSMA=19258 buf=0.654 prices=
2026-02-04T09:35:00.000-05:00,[KLB] 9:35 ▲ ~ ~ Yest L vol=14.1x pos=^91 vwap=above ema=bear rs=+0.5% adx=32 body=58% O410.98 H412.8 L410.1 C412.55 ATR=13.2 SL=411.23/410.57 rawVol=165709 volSMA=11789 buf=0.66 prices=408.56
2026-02-04T09:45:00.000-05:00,[KLB] 5m CHECK 9:45 ▲ pnl=-0.05 → BAIL
2026-02-04T09:50:00.000-05:00,[KLB] 9:50 ▼ ~ ~ ORB H vol=5.6x pos=v82 vwap=below ema=bear rs=+0.1% adx=32 body=71% O413.18 H413.41 L411.33 C411.71 ATR=13.2 SL=413.03/413.69 rawVol=87585 volSMA=31600 buf=0.66 prices=412.8
2026-02-04T09:55:00.000-05:00,[KLB] 9:55 ▼ ~ ~ VWAP vol=2.7x pos=v64 vwap=below ema=bear rs=-0.1% adx=30 body=54% O411.71 H411.93 L409.74 C410.53 ATR=13.2 SL=411.85/412.51 rawVol=98361 volSMA=36413 buf=0.66 prices=
2026-02-04T10:10:00.000-05:00,[KLB] 10:10 ▲ ~ ~ VWAP vol=2.5x pos=^93 vwap=above ema=bear rs=+1.1% adx=27 body=91% O411.65 H415.07 L411.56 C414.83 ATR=13.2 SL=413.51/412.85 rawVol=128358 volSMA=51215 buf=0.66 prices=
2026-02-04T12:15:00.000-05:00,[KLB] 12:15 ▼ ~ ~ PM H vol=0.8x pos=v98 vwap=below ema=bull rs=+1.2% adx=23 body=93% O414.98 H415.03 L413.91 C413.93 ATR=13.2 SL=415.25/415.91 rawVol=23674 volSMA=36075 buf=0.66 prices=414.88
2026-02-04T15:40:00.000-05:00,[KLB] 15:40 ▲ BRK PM H vol=1.6x pos=^73 vwap=above ema=bull rs=+1.4% adx=20 body=37% O415.33 H415.78 L415.07 C415.59 ATR=13.2 SL=414.27/413.61 rawVol=31991 volSMA=22851 buf=0.66 prices=414.88
2026-02-04T15:45:00.000-05:00,[KLB] 15:45 ▲ ◆ ◆² PM H 1.5x ^20 vol= pos= vwap=above ema=bull rs=+1.5% adx=19 body=22% O415.6 H415.88 L415.51 C415.68 ATR=13.2 SL=414.36/413.7 rawVol=33025 volSMA=23152 buf=0.66 prices=
2026-02-04T15:50:00.000-05:00,[KLB] CONF 15:50 ▲ BRK → ✗ (failed)
2026-02-05T09:30:00.000-05:00,[KLB] 9:30 ▲ ~ ~ VWAP vol=2.3x pos=^100 vwap=above ema=bear rs=-0.6% adx=42 body=100% O405.5 H408.02 L405.5 C408.02 ATR=13.01 SL=406.72/406.07 rawVol=14250 volSMA=6075 buf=0.651 prices=
2026-02-05T09:45:00.000-05:00,[KLB] 9:45 ▼ ~ ~ VWAP vol=5.9x pos=v43 vwap=below ema=bear rs=-1.2% adx=40 body=43% O405.43 H405.44 L401.6 C403.77 ATR=13.01 SL=405.07/405.72 rawVol=154975 volSMA=26382 buf=0.651 prices=
2026-02-05T09:45:00.000-05:00,[KLB] 5m CHECK 9:45 ▼ pnl=0.13 → HOLD
2026-02-05T09:55:00.000-05:00,[KLB] 9:55 ▼ BRK PM L vol=2.1x pos=v85 vwap=below ema=bear rs=-1.4% adx=39 body=51% O403.97 H405.09 L401.81 C402.29 ATR=13.01 SL=403.59/404.24 rawVol=71778 volSMA=33547 buf=0.651 prices=403.6
2026-02-05T10:00:00.000-05:00,[KLB] 10:00 ▼ BRK ORB L vol=4.1x pos=v79 vwap=below ema=bear rs=-1.6% adx=39 body=52% O402.21 H402.94 L400.18 C400.77 ATR=13.01 SL=402.07/402.72 rawVol=169145 volSMA=41222 buf=0.651 prices=401.96
2026-02-05T10:00:00.000-05:00,[KLB] CONF 10:00 ▼ BRK → ✓ (auto-promote)
2026-02-05T10:05:00.000-05:00,[KLB] 5m CHECK 10:05 ▼ pnl=0.12 → HOLD
2026-02-05T10:25:00.000-05:00,[KLB] 10:25 ▼ ◆ ◆⁶ ORB L 0.5x v6 vol= pos= vwap=below ema=bear rs=-1.2% adx=42 body=44% O399.66 H400.78 L399.01 C400.43 ATR=13.01 SL=401.73/402.38 rawVol=50959 volSMA=76406 buf=0.651 prices=
2026-02-05T10:35:00.000-05:00,[KLB] CONF 10:35 ▼ BRK → ✗ (failed)
2026-02-05T10:40:00.000-05:00,[KLB] 10:40 ▲ ~~ ~~ ORB L vol=0.6x pos=^93 vwap=above ema=bear rs=-0.6% adx=38 body=92% O401.2 H403.07 L401.18 C402.93 ATR=13.01 SL=401.63/400.98 rawVol=51363 volSMA=83009 buf=0.651 prices=401.96
2026-02-05T11:25:00.000-05:00,[KLB] 11:25 ▲ ~~ ~~ ORB L vol=0.6x pos=^63 vwap=above ema=bear rs=-0.7% adx=31 body=63% O402.14 H404.28 L402.14 C403.48 ATR=13.01 SL=402.18/401.53 rawVol=51611 volSMA=80261 buf=0.651 prices=401.96
2026-02-05T11:30:00.000-05:00,[KLB] 11:30 ▲ ~~ ~~ PM L vol=0.8x pos=^66 vwap=above ema=bear rs=-0.6% adx=30 body=50% O403.53 H404.69 L403.31 C404.22 ATR=13.01 SL=402.92/402.27 rawVol=60733 volSMA=79445 buf=0.651 prices=403.6
2026-02-05T11:50:00.000-05:00,[KLB] 11:50 ▲ ~~ ~~ PM L vol=0.6x pos=^98 vwap=above ema=bear rs=-0.5% adx=26 body=54% O404.02 H404.7 L403.48 C404.68 ATR=13.01 SL=403.38/402.73 rawVol=32828 volSMA=53703 buf=0.651 prices=403.6
2026-02-06T09:50:00.000-05:00,[KLB] 5m CHECK 9:50 ▲ pnl=-0.04 → BAIL
2026-02-06T09:55:00.000-05:00,[KLB] 9:55 ▼ ~ ~ ORB H vol=2.7x pos=v92 vwap=below ema=bull rs=-0.9% adx=31 body=61% O399.26 H399.91 L397.83 C397.99 ATR=13.64 SL=399.35/400.04 rawVol=100863 volSMA=43391 buf=0.682 prices=399.35
2026-02-06T10:00:00.000-05:00,[KLB] 10:00 ▼ ~ ~ VWAP vol=2.2x pos=v99 vwap=below ema=bull rs=-1.4% adx=32 body=90% O397.97 H398.21 L395.57 C395.59 ATR=13.64 SL=396.95/397.64 rawVol=64597 volSMA=46410 buf=0.682 prices=
2026-02-06T10:10:00.000-05:00,[KLB] 5m CHECK 10:10 ▼ pnl=-0.05 → BAIL
2026-02-10T09:30:00.000-05:00,[KLB] 9:30 ▲ ~ ~ VWAP vol=3.6x pos=^61 vwap=above ema=bull rs=+0.2% adx=30 body=33% O418.98 H420.61 L418.36 C419.73 ATR=13.35 SL=418.39/417.73 rawVol=14354 volSMA=3986 buf=0.668 prices=
2026-02-10T09:45:00.000-05:00,[KLB] 9:45 ▲ ~ ~ ORB L vol=3.6x pos=^85 vwap=above ema=bull rs=-0.4% adx=26 body=63% O416.02 H417.86 L415.5 C417.51 ATR=13.35 SL=416.17/415.51 rawVol=74537 volSMA=20941 buf=0.668 prices=416.38
2026-02-10T09:45:00.000-05:00,[KLB] 5m CHECK 9:45 ▼ pnl=-0.12 → BAIL
2026-02-10T09:55:00.000-05:00,[KLB] 5m CHECK 9:55 ▲ pnl=0.07 → HOLD
2026-02-10T10:00:00.000-05:00,[KLB] 10:00 ▲ BRK PM H + ORB H vol=3.1x pos=^99 vwap=above ema=bull rs=+0.3% adx=26 body=83% O419.58 H421.33 L419.27 C421.3 ATR=13.35 SL=419.96/419.3 rawVol=113032 volSMA=36287 buf=0.668 prices=420.61/419.85
2026-02-10T10:00:00.000-05:00,[KLB] 10:00 ▲ ◆ ◆¹ PM H 4.2x ^64 vol= pos= vwap=above ema=bull rs=+0.3% adx=26 body=83% O419.58 H421.33 L419.27 C421.3 ATR=13.35 SL=419.96/419.3 rawVol=113032 volSMA=36287 buf=0.668 prices=
2026-02-10T10:15:00.000-05:00,"[KLB] 10:15 ▲ ◆ ◆¹ PM H 4.2x ^64
◆⁴ ORB H 1.5x ^28 vol= pos= vwap=above ema=bull rs=+0.3% adx=29 body=74% O423.34 H423.68 L420.79 C421.2 ATR=13.35 SL=419.86/419.2 rawVol=140456 volSMA=56735 buf=0.668 prices="
2026-02-10T11:20:00.000-05:00,[KLB] CONF 11:20 ▲ BRK → ✗ (failed)
2026-02-10T11:25:00.000-05:00,[KLB] 11:25 ▼ ~~ ~~ PM H vol=0.9x pos=v61 vwap=below ema=bull rs=+0.2% adx=27 body=61% O420.97 H420.97 L419.44 C420.04 ATR=13.35 SL=421.38/422.04 rawVol=60960 volSMA=69902 buf=0.668 prices=420.61
2026-02-10T13:10:00.000-05:00,[KLB] 13:10 ▼ ~ ~ VWAP vol=0.8x pos=v45 vwap=below ema=bull rs=-0.3% adx=23 body=44% O418.73 H418.74 L417.97 C418.39 ATR=13.35 SL=419.73/420.39 rawVol=21793 volSMA=26507 buf=0.668 prices=
2026-02-10T15:15:00.000-05:00,[KLB] 15:15 ▼ ~ ~ Yest H vol=3.5x pos=v87 vwap=below ema=bear rs=-1.2% adx=36 body=78% O414.49 H414.59 L413.39 C413.55 ATR=13.35 SL=414.89/415.55 rawVol=77332 volSMA=21899 buf=0.668 prices=414.89
2026-02-10T15:55:00.000-05:00,[KLB] 15:55 ▼ BRK PM L vol=2.6x pos=v72 vwap=below ema=bear rs=-1.1% adx=40 body=65% O414.02 H414.1 L413.01 C413.31 ATR=13.35 SL=414.65/415.31 rawVol=84089 volSMA=32769 buf=0.668 prices=414
2026-02-10T15:55:00.000-05:00,[KLB] 15:55 ▼ ~ ~ Yest H vol=2.6x pos=v72 vwap=below ema=bear rs=-1.1% adx=40 body=65% O414.02 H414.1 L413.01 C413.31 ATR=13.35 SL=414.65/415.31 rawVol=84089 volSMA=32769 buf=0.668 prices=414.89
2026-02-10T15:55:00.000-05:00,[KLB] 15:55 ▼ ◆ ◆¹ PM L 4.1x v32 vol= pos= vwap=below ema=bear rs=-1.1% adx=40 body=65% O414.02 H414.1 L413.01 C413.31 ATR=13.35 SL=414.65/415.31 rawVol=84089 volSMA=32769 buf=0.668 prices=
2026-02-11T09:40:00.000-05:00,[KLB] 9:40 ▼ ~ ~ VWAP vol=8.9x pos=v87 vwap=below ema=bull rs=-1.4% adx=31 body=85% O412.29 H412.33 L409.3 C409.7 ATR=13.18 SL=411.02/411.68 rawVol=132071 volSMA=14828 buf=0.659 prices=
2026-02-11T09:45:00.000-05:00,[KLB] 5m CHECK 9:45 ▼ pnl=0.06 → HOLD
2026-02-12T09:35:00.000-05:00,[KLB] 9:35 ▼ BRK PM L vol=14.6x pos=v95 vwap=below ema=bear rs=-0.6% adx=25 body=82% O405 H405.34 L402.77 C402.9 ATR=13.35 SL=404.23/404.9 rawVol=105522 volSMA=7237 buf=0.667 prices=405
2026-02-12T09:35:00.000-05:00,[KLB] 9:35 ▼ ~ ~ VWAP vol=14.6x pos=v95 vwap=below ema=bear rs=-0.6% adx=25 body=82% O405 H405.34 L402.77 C402.9 ATR=13.35 SL=404.23/404.9 rawVol=105522 volSMA=7237 buf=0.667 prices=
2026-02-12T09:35:00.000-05:00,[KLB] 9:35 ▼ ◆ ◆¹ PM L 8.8x v52 vol= pos= vwap=below ema=bear rs=-0.6% adx=25 body=82% O405 H405.34 L402.77 C402.9 ATR=13.35 SL=404.23/404.9 rawVol=105522 volSMA=7237 buf=0.667 prices=
2026-02-12T09:45:00.000-05:00,[KLB] 9:45 ▼ BRK ORB L vol=5.5x pos=v93 vwap=below ema=bear rs=-0.9% adx=30 body=77% O403.46 H403.87 L401.16 C401.36 ATR=13.35 SL=402.69/403.36 rawVol=78032 volSMA=14137 buf=0.667 prices=402.77
2026-02-12T09:45:00.000-05:00,[KLB] CONF 9:45 ▼ BRK → ✓★ (auto-promote)
2026-02-12T09:50:00.000-05:00,[KLB] 5m CHECK 9:50 ▼ pnl=0.03 → BAIL
2026-02-12T09:50:00.000-05:00,[KLB] 9:50 ▼ ◆ ◆² ORB L 2.3x v35 vol= pos= vwap=below ema=bear rs=-0.8% adx=33 body=20% O401.36 H401.92 L400.23 C401.02 ATR=13.35 SL=402.35/403.02 rawVol=104020 volSMA=19310 buf=0.667 prices=
2026-02-12T11:00:00.000-05:00,[KLB] 11:00 ▼ BRK Yest L vol=2.1x pos=v80 vwap=below ema=bear rs=-0.4% adx=25 body=75% O400.82 H400.88 L399.69 C399.93 ATR=13.35 SL=401.26/401.93 rawVol=102701 volSMA=48144 buf=0.667 prices=401.01
2026-02-12T11:00:00.000-05:00,[KLB] CONF 11:00 ▼ BRK → ✓★ (auto-promote)
2026-02-12T11:05:00.000-05:00,[KLB] 5m CHECK 11:05 ▼ pnl=0.02 → BAIL
2026-02-12T11:35:00.000-05:00,[KLB] 11:35 ▼ ◆ ◆⁸ Yest L 0.6x v51 vol= pos= vwap=below ema=bear rs=+0.1% adx=28 body=15% O399.59 H399.88 L399.21 C399.69 ATR=13.35 SL=401.02/401.69 rawVol=27594 volSMA=43339 buf=0.667 prices=
2026-02-12T12:20:00.000-05:00,[KLB] CONF 12:20 ▼ BRK → ✗ (failed)
2026-02-12T12:35:00.000-05:00,"[KLB] 12:35 ▲ ~~ ~~ ORB L
~ VWAP vol=0.9x pos=^87 vwap=above ema=bear rs=+1% adx=22 body=82% O402.41 H403.44 L402.35 C403.3 ATR=13.35 SL=401.97/401.3 rawVol=28830 volSMA=32615 buf=0.667 prices=402.77"
2026-02-12T12:45:00.000-05:00,[KLB] 12:45 ▲ ~~ ~~ ORB L vol=0.7x pos=^84 vwap=above ema=bear rs=+1% adx=24 body=58% O402.96 H403.88 L402.63 C403.68 ATR=13.35 SL=402.35/401.68 rawVol=19065 volSMA=25586 buf=0.667 prices=402.77
2026-02-12T13:00:00.000-05:00,[KLB] 13:00 ▲ ~~ ~~ ORB L vol=1x pos=^100 vwap=above ema=bear rs=+1.2% adx=26 body=78% O402.92 H403.27 L402.82 C403.27 ATR=13.35 SL=401.94/401.27 rawVol=20826 volSMA=21265 buf=0.667 prices=402.77
2026-02-12T13:15:00.000-05:00,[KLB] 13:15 ▲ ~~ ~~ ORB L vol=1.4x pos=^96 vwap=above ema=bear rs=+1.4% adx=30 body=90% O402.94 H404.31 L402.86 C404.25 ATR=13.35 SL=402.92/402.25 rawVol=28065 volSMA=20439 buf=0.667 prices=402.77
2026-02-12T13:45:00.000-05:00,[KLB] 13:45 ▲ ~~ ~~ Yest L vol=1.6x pos=^96 vwap=above ema=bull rs=+1.4% adx=39 body=78% O404.32 H405.12 L404.14 C405.08 ATR=13.35 SL=403.75/403.08 rawVol=35914 volSMA=21924 buf=0.667 prices=401.01
2026-02-12T13:55:00.000-05:00,[KLB] 13:55 ▲ ~~ ~~ PM L vol=1x pos=^90 vwap=above ema=bull rs=+1.5% adx=42 body=80% O404.62 H405.82 L404.49 C405.69 ATR=13.35 SL=404.36/403.69 rawVol=25214 volSMA=24325 buf=0.667 prices=405
2026-02-12T14:10:00.000-05:00,[KLB] 14:10 ▲ ~~ ~~ PM L vol=0.5x pos=^90 vwap=above ema=bull rs=+1.5% adx=42 body=68% O405.12 H405.51 L405.01 C405.46 ATR=13.35 SL=404.13/403.46 rawVol=12878 volSMA=26387 buf=0.667 prices=405
2026-02-12T14:25:00.000-05:00,[KLB] 14:25 ▲ ~~ ~~ PM L vol=0.7x pos=^94 vwap=above ema=bull rs=+1.5% adx=38 body=79% O405 H405.83 L404.85 C405.77 ATR=13.35 SL=404.44/403.77 rawVol=13117 volSMA=25621 buf=0.667 prices=405
2026-02-12T14:40:00.000-05:00,[KLB] 14:40 ▲ ~~ ~~ PM L vol=0.8x pos=^40 vwap=above ema=bull rs=+1.4% adx=36 body=32% O405.35 H405.93 L405.3 C405.55 ATR=13.35 SL=404.22/403.55 rawVol=13380 volSMA=25244 buf=0.667 prices=405
2026-02-12T14:50:00.000-05:00,[KLB] 14:50 ▲ ~~ ~~ PM L vol=0.6x pos=^77 vwap=above ema=bull rs=+1.3% adx=34 body=65% O405.04 H405.62 L404.96 C405.47 ATR=13.35 SL=404.14/403.47 rawVol=14700 volSMA=24666 buf=0.667 prices=405
2026-02-12T14:55:00.000-05:00,[KLB] 14:55 ▲ ~~ ~~ PM L vol=0.6x pos=^91 vwap=above ema=bull rs=+1.5% adx=33 body=41% O405.5 H405.85 L405.15 C405.79 ATR=13.35 SL=404.46/403.79 rawVol=14823 volSMA=24004 buf=0.667 prices=405
2026-02-12T15:35:00.000-05:00,[KLB] 15:35 ▲ ~~ ~~ ORB L vol=1.1x pos=^88 vwap=above ema=bull rs=+1.4% adx=24 body=53% O403.49 H404.12 L403.15 C404 ATR=13.35 SL=402.67/402 rawVol=22888 volSMA=21239 buf=0.667 prices=402.77
2026-02-13T09:30:00.000-05:00,[KLB] 9:30 ▲ ~ ~ VWAP vol=2x pos=^72 vwap=above ema=bull rs=+0.1% adx=33 body=70% O403.3 H404.91 L403.27 C404.45 ATR=12.98 SL=403.15/402.5 rawVol=5884 volSMA=2922 buf=0.649 prices=
2026-02-13T09:45:00.000-05:00,[KLB] 9:45 ▲ ~ ~ Yest L + ~ ORB L vol=4.6x pos=^85 vwap=above ema=bull rs=-0.1% adx=28 body=63% O401.06 H403.84 L400.28 C403.3 ATR=12.98 SL=402/401.35 rawVol=75103 volSMA=16377 buf=0.649 prices=398.01/401.07
2026-02-13T09:45:00.000-05:00,[KLB] 5m CHECK 9:45 ▼ pnl=-0.17 → BAIL
2026-02-13T09:50:00.000-05:00,[KLB] 9:50 ▲ BRK ORB H vol=5.8x pos=^65 vwap=above ema=bull rs=+0.1% adx=28 body=55% O403.23 H405.5 L402.99 C404.61 ATR=12.98 SL=403.31/402.66 rawVol=131282 volSMA=22820 buf=0.649 prices=404.59
2026-02-13T09:55:00.000-05:00,[KLB] 5m CHECK 9:55 ▲ pnl=-0.13 → BAIL
2026-02-13T09:55:00.000-05:00,[KLB] CONF 9:55 ▲ BRK → ✗ (failed)
2026-02-13T10:40:00.000-05:00,"[KLB] 10:40 ▼ ~~ ~~ ORB H
~ VWAP vol=1.6x pos=v81 vwap=below ema=bull rs=-1% adx=21 body=79% O404.37 H404.44 L400.25 C401.06 ATR=12.98 SL=402.36/403.01 rawVol=90275 volSMA=56968 buf=0.649 prices=404.59"
2026-02-17T09:45:00.000-05:00,[KLB] 9:45 ▼ BRK Yest L + Week L vol=5.4x pos=v89 vwap=below ema=bear rs=-0.5% adx=30 body=48% O398.73 H399.73 L397.31 C397.57 ATR=12.59 SL=398.83/399.46 rawVol=49671 volSMA=15301 buf=0.629 prices=398.05/398.01
2026-02-17T09:45:00.000-05:00,[KLB] 9:45 ▼ ~ ~ ORB H vol=5.4x pos=v89 vwap=below ema=bear rs=-0.5% adx=30 body=48% O398.73 H399.73 L397.31 C397.57 ATR=12.59 SL=398.83/399.46 rawVol=49671 volSMA=15301 buf=0.629 prices=399.56
2026-02-17T09:45:00.000-05:00,"[KLB] 9:45 ▼ ◆ ◆¹ Yest L 6.4x v46
◆¹ Week L 6.4x v46 vol= pos= vwap=below ema=bear rs=-0.5% adx=30 body=48% O398.73 H399.73 L397.31 C397.57 ATR=12.59 SL=398.83/399.46 rawVol=49671 volSMA=15301 buf=0.629 prices="
2026-02-17T09:50:00.000-05:00,[KLB] 9:50 ▼ BRK PM L vol=4.9x pos=v46 vwap=below ema=bear rs=-0.6% adx=32 body=39% O397.68 H397.86 L395.42 C396.74 ATR=12.59 SL=398/398.63 rawVol=97758 volSMA=20054 buf=0.629 prices=397.49
2026-02-17T09:50:00.000-05:00,[KLB] CONF 9:50 ▼ BRK → ✓★ (auto-promote)
2026-02-17T09:55:00.000-05:00,[KLB] 9:55 ▼ BRK ORB L vol=5.5x pos=v63 vwap=below ema=bear rs=-0.6% adx=34 body=55% O396.78 H396.94 L394.75 C395.56 ATR=12.59 SL=396.82/397.45 rawVol=149049 volSMA=27117 buf=0.629 prices=396.21
2026-02-17T09:55:00.000-05:00,[KLB] 9:55 ▼ ~ ~ VWAP vol=5.5x pos=v63 vwap=below ema=bear rs=-0.6% adx=34 body=55% O396.78 H396.94 L394.75 C395.56 ATR=12.59 SL=396.82/397.45 rawVol=149049 volSMA=27117 buf=0.629 prices=
2026-02-17T09:55:00.000-05:00,[KLB] CONF 9:55 ▼ BRK → ✓ (auto-promote)
2026-02-17T10:00:00.000-05:00,[KLB] 5m CHECK 10:00 ▼ pnl=0.03 → BAIL
2026-02-17T10:00:00.000-05:00,[KLB] CONF 10:00 ▼ BRK → ✗ (failed)
2026-02-17T10:20:00.000-05:00,[KLB] 10:20 ▲ ~~ ~~ PM L + ~~ ORB L vol=1x pos=^91 vwap=above ema=bear rs=-0.2% adx=34 body=91% O396.54 H398.3 L396.54 C398.15 ATR=12.59 SL=396.89/396.26 rawVol=40050 volSMA=38971 buf=0.629 prices=397.49/396.21
2026-02-17T10:55:00.000-05:00,[KLB] 10:55 ▲ ~~ ~~ PM L vol=0.6x pos=^89 vwap=above ema=bear rs=+0% adx=30 body=51% O397.6 H398.09 L397.3 C398 ATR=12.59 SL=396.74/396.11 rawVol=27307 volSMA=47620 buf=0.629 prices=397.49
2026-02-17T11:05:00.000-05:00,[KLB] 11:05 ▲ ~~ ~~ PM L vol=0.7x pos=^67 vwap=above ema=bear rs=-0.1% adx=26 body=53% O397.84 H398.6 L397.72 C398.31 ATR=12.59 SL=397.05/396.42 rawVol=37058 volSMA=50819 buf=0.629 prices=397.49
2026-02-17T11:10:00.000-05:00,"[KLB] 11:10 ▲ ~~ ~~ Week L
~ VWAP vol=0.7x pos=^89 vwap=above ema=bear rs=-0.1% adx=25 body=82% O398.35 H399.3 L398.28 C399.19 ATR=12.59 SL=397.93/397.3 rawVol=32917 volSMA=52335 buf=0.629 prices=398.01"
2026-02-17T12:55:00.000-05:00,[KLB] 12:55 ▼ BRK ORB L vol=2.8x pos=v74 vwap=below ema=bear rs=-1% adx=21 body=66% O395.7 H395.79 L394.71 C394.99 ATR=12.59 SL=396.25/396.88 rawVol=68194 volSMA=24294 buf=0.629 prices=396.21
2026-02-17T12:55:00.000-05:00,[KLB] 12:55 ▼ ◆ ◆¹ ORB L 1x v12 vol= pos= vwap=below ema=bear rs=-1% adx=21 body=66% O395.7 H395.79 L394.71 C394.99 ATR=12.59 SL=396.25/396.88 rawVol=68194 volSMA=24294 buf=0.629 prices=
2026-02-17T13:20:00.000-05:00,[KLB] CONF 13:20 ▼ BRK → ✗ (failed)
2026-02-18T09:35:00.000-05:00,[KLB] 9:35 ▼ BRK PM L + Week L vol=15.5x pos=v66 vwap=below ema=bear rs=-0.2% adx=26 body=46% O398.05 H398.47 L396.4 C397.1 ATR=12.17 SL=398.32/398.93 rawVol=104752 volSMA=6768 buf=0.609 prices=397.75/398.01
2026-02-18T09:35:00.000-05:00,[KLB] 9:35 ▼ ◆ ◆¹ Week L 8.8x v25 vol= pos= vwap=below ema=bear rs=-0.2% adx=26 body=46% O398.05 H398.47 L396.4 C397.1 ATR=12.17 SL=398.32/398.93 rawVol=104752 volSMA=6768 buf=0.609 prices=
2026-02-18T09:40:00.000-05:00,[KLB] 9:40 ▲ ~ ~ PM L + ~ Yest L + ~ ORB L vol=6.1x pos=^75 vwap=above ema=bear rs=0% adx=27 body=49% O397 H398.76 L396.36 C398.17 ATR=12.17 SL=396.95/396.34 rawVol=59385 volSMA=9691 buf=0.609 prices=397.75/394.53/396.4
2026-02-18T09:40:00.000-05:00,[KLB] CONF 9:40 ▼ BRK → ✗ (failed)
2026-02-18T09:45:00.000-05:00,[KLB] 9:45 ▲ ~~ ~~ PM L + ~~ Week L vol=4.9x pos=^79 vwap=above ema=bear rs=+0.1% adx=26 body=46% O398.18 H399.44 L397.54 C399.05 ATR=12.17 SL=397.83/397.22 rawVol=47540 volSMA=12012 buf=0.609 prices=397.75/398.01
2026-02-18T09:50:00.000-05:00,[KLB] 9:50 ▼ ~ ~ Yest H + ~ ORB H vol=2.5x pos=v96 vwap=below ema=bear rs=0% adx=25 body=75% O399.02 H399.36 L397.73 C397.8 ATR=12.17 SL=399.02/399.63 rawVol=33662 volSMA=13608 buf=0.609 prices=400.52/398.47
2026-02-18T09:50:00.000-05:00,[KLB] 5m CHECK 9:50 ▲ pnl=-0.1 → BAIL
2026-02-18T09:55:00.000-05:00,[KLB] 9:55 ▲ ~~ ~~ PM L vol=1.7x pos=^94 vwap=above ema=bear rs=-0.1% adx=24 body=47% O397.74 H398.42 L397.13 C398.34 ATR=12.17 SL=397.12/396.51 rawVol=25054 volSMA=14736 buf=0.609 prices=397.75
2026-02-18T10:00:00.000-05:00,[KLB] 10:00 ▲ ~~ ~~ Week L vol=2x pos=^60 vwap=above ema=bear rs=-0.1% adx=23 body=47% O398.34 H399.29 L398.2 C398.85 ATR=12.17 SL=397.63/397.02 rawVol=32383 volSMA=16301 buf=0.609 prices=398.01
2026-02-18T10:05:00.000-05:00,[KLB] 10:05 ▲ ~ ~ VWAP vol=2.6x pos=^90 vwap=above ema=bear rs=+0% adx=23 body=86% O398.82 H400.58 L398.75 C400.39 ATR=12.17 SL=399.17/398.56 rawVol=48074 volSMA=18660 buf=0.609 prices=
2026-02-18T15:00:00.000-05:00,[KLB] 15:00 ▼ ~ ~ Yest H vol=1.8x pos=v86 vwap=below ema=bear rs=+0.1% adx=22 body=86% O399.79 H399.79 L398.88 C399.01 ATR=12.17 SL=400.23/400.84 rawVol=32838 volSMA=17796 buf=0.609 prices=400.52
2026-02-19T09:35:00.000-05:00,[KLB] 9:35 ▼ BRK PM L vol=16.7x pos=v96 vwap=below ema=bear rs=-0.5% adx=21 body=85% O400.5 H400.7 L398.78 C398.86 ATR=11.75 SL=400.03/400.62 rawVol=119200 volSMA=7121 buf=0.587 prices=399.4
2026-02-19T09:35:00.000-05:00,[KLB] 9:35 ▼ ~ ~ Yest H vol=16.7x pos=v96 vwap=below ema=bear rs=-0.5% adx=21 body=85% O400.5 H400.7 L398.78 C398.86 ATR=11.75 SL=400.03/400.62 rawVol=119200 volSMA=7121 buf=0.587 prices=402.56
2026-02-19T09:35:00.000-05:00,[KLB] 9:35 ▼ ◆ ◆¹ PM L 8.5x v12 vol= pos= vwap=below ema=bear rs=-0.5% adx=21 body=85% O400.5 H400.7 L398.78 C398.86 ATR=11.75 SL=400.03/400.62 rawVol=119200 volSMA=7121 buf=0.587 prices=
2026-02-19T09:40:00.000-05:00,[KLB] CONF 9:40 ▼ BRK → ✗ (failed)
2026-02-19T09:50:00.000-05:00,[KLB] 5m CHECK 9:50 ▲ pnl=0.01 → BAIL
2026-02-19T10:05:00.000-05:00,[KLB] 10:05 ▲ BRK PM H + Yest H vol=3.8x pos=^92 vwap=above ema=bull rs=+0.6% adx=21 body=77% O401.92 H404.16 L401.54 C403.94 ATR=11.75 SL=402.77/402.18 rawVol=108451 volSMA=28285 buf=0.587 prices=402.66/402.56
2026-02-19T10:05:00.000-05:00,[KLB] 10:05 ▲ ~ ~ VWAP vol=3.8x pos=^92 vwap=above ema=bull rs=+0.6% adx=21 body=77% O401.92 H404.16 L401.54 C403.94 ATR=11.75 SL=402.77/402.18 rawVol=108451 volSMA=28285 buf=0.587 prices=
2026-02-19T10:10:00.000-05:00,"[KLB] 10:10 ▲ ◆ ◆² PM H 1.5x ^3
◆² Yest H 1.5x ^3 vol= pos= vwap=above ema=bull rs=+0.8% adx=22 body=10% O403.93 H404.41 L403.34 C404.04 ATR=11.75 SL=402.87/402.28 rawVol=65840 volSMA=31534 buf=0.587 prices="
2026-02-19T10:15:00.000-05:00,[KLB] CONF 10:15 ▲ BRK → ✗ (failed)
2026-02-19T12:30:00.000-05:00,"[KLB] 12:30 ▼ ~~ ~~ Yest H
~ VWAP vol=0.6x pos=v83 vwap=below ema=bear rs=-0.4% adx=21 body=67% O399.54 H399.65 L398.95 C399.07 ATR=11.75 SL=400.24/400.83 rawVol=16327 volSMA=26122 buf=0.587 prices=402.56"
2026-02-19T12:50:00.000-05:00,[KLB] 12:50 ▼ BRK ORB L vol=2.1x pos=v83 vwap=below ema=bear rs=-0.5% adx=21 body=83% O398.76 H398.76 L397.86 C398.01 ATR=11.75 SL=399.18/399.77 rawVol=50985 volSMA=24535 buf=0.587 prices=398.78
2026-02-19T12:50:00.000-05:00,[KLB] 12:50 ▼ ◆ ◆¹ ORB L 0.5x v66 vol= pos= vwap=below ema=bear rs=-0.5% adx=21 body=83% O398.76 H398.76 L397.86 C398.01 ATR=11.75 SL=399.18/399.77 rawVol=50985 volSMA=24535 buf=0.587 prices=
2026-02-20T09:30:00.000-05:00,[KLB] 9:30 ▼ BRK Yest L vol=3.1x pos=v87 vwap=below ema=bear rs=-0.3% adx=44 body=30% O396.38 H396.97 L395.92 C396.06 ATR=11.46 SL=397.21/397.78 rawVol=8043 volSMA=2601 buf=0.573 prices=396.67
2026-02-20T09:30:00.000-05:00,[KLB] 9:30 ▼ ◆ ◆¹ Yest L 45.8x v74 vol= pos= vwap=below ema=bear rs=-0.3% adx=44 body=30% O396.38 H396.97 L395.92 C396.06 ATR=11.46 SL=397.21/397.78 rawVol=8043 volSMA=2601 buf=0.573 prices=
2026-02-20T09:35:00.000-05:00,[KLB] 9:35 ▼ BRK PM L vol=14x pos=v74 vwap=below ema=bear rs=-0.3% adx=44 body=31% O396.11 H396.83 L395.16 C395.6 ATR=11.46 SL=396.75/397.32 rawVol=119186 volSMA=8517 buf=0.573 prices=395.92
2026-02-20T09:35:00.000-05:00,[KLB] CONF 9:35 ▼ BRK → ✓ (auto-promote)
2026-02-20T09:40:00.000-05:00,[KLB] 9:40 ▲ ~ ~ PM L + ~ ORB L vol=6x pos=^77 vwap=above ema=bear rs=+0% adx=42 body=68% O395.59 H397.74 L395.37 C397.2 ATR=11.46 SL=396.05/395.48 rawVol=72499 volSMA=12117 buf=0.573 prices=395.92/395.16
2026-02-20T09:40:00.000-05:00,[KLB] 5m CHECK 9:40 ▼ pnl=-0.14 → BAIL
2026-02-20T09:40:00.000-05:00,[KLB] CONF 9:40 ▼ BRK → ✗ (failed)
2026-02-20T09:50:00.000-05:00,[KLB] 5m CHECK 9:50 ▲ pnl=-0.05 → BAIL
2026-02-20T10:05:00.000-05:00,[KLB] 10:05 ▲ ~ ~ VWAP vol=3.3x pos=^91 vwap=above ema=bear rs=-0.1% adx=31 body=79% O396.55 H398.55 L396.28 C398.34 ATR=11.46 SL=397.19/396.62 rawVol=104150 volSMA=31424 buf=0.573 prices=
2026-02-23T09:35:00.000-05:00,[KLB] 9:35 ▼ BRK PM L + Week L vol=17.3x pos=v53 vwap=above ema=bear rs=-0.8% adx=22 body=44% O395.05 H395.57 L390.26 C392.73 ATR=11 SL=393.83/394.38 rawVol=234719 volSMA=13585 buf=0.55 prices=393.93/394.53
2026-02-23T09:45:00.000-05:00,[KLB] 9:45 ▼ BRK ORB L vol=6.3x pos=v100 vwap=below ema=bear rs=-1.8% adx=30 body=100% O390.54 H390.54 L387.89 C387.89 ATR=11 SL=388.99/389.54 rawVol=197808 volSMA=31152 buf=0.55 prices=390.26
2026-02-23T09:45:00.000-05:00,[KLB] 9:45 ▼ ~ ~ VWAP vol=6.3x pos=v100 vwap=below ema=bear rs=-1.8% adx=30 body=100% O390.54 H390.54 L387.89 C387.89 ATR=11 SL=388.99/389.54 rawVol=197808 volSMA=31152 buf=0.55 prices=
2026-02-23T09:45:00.000-05:00,[KLB] CONF 9:45 ▼ BRK → ✓ (auto-promote)
2026-02-23T09:50:00.000-05:00,[KLB] 5m CHECK 9:50 ▼ pnl=0.03 → BAIL
2026-02-24T09:35:00.000-05:00,[KLB] 9:35 ▼ BRK PM L vol=15.1x pos=v51 vwap=below ema=bear rs=-0.1% adx=26 body=34% O384.15 H384.67 L381.69 C383.14 ATR=11.22 SL=384.26/384.82 rawVol=124284 volSMA=8217 buf=0.561 prices=383.59
2026-02-24T09:35:00.000-05:00,[KLB] 9:35 ▼ ~ ~ VWAP vol=15.1x pos=v51 vwap=below ema=bear rs=-0.1% adx=26 body=34% O384.15 H384.67 L381.69 C383.14 ATR=11.22 SL=384.26/384.82 rawVol=124284 volSMA=8217 buf=0.561 prices=
2026-02-24T09:40:00.000-05:00,[KLB] 9:40 ▲ BRK ORB H vol=9.5x pos=^99 vwap=above ema=bull rs=+0.6% adx=26 body=95% O383.21 H386.88 L383.07 C386.83 ATR=11.22 SL=385.71/385.15 rawVol=147319 volSMA=15525 buf=0.561 prices=384.67
2026-02-24T09:40:00.000-05:00,[KLB] 9:40 ▲ ~ ~ PM L + ~ Yest L vol=9.5x pos=^99 vwap=above ema=bull rs=+0.6% adx=26 body=95% O383.21 H386.88 L383.07 C386.83 ATR=11.22 SL=385.71/385.15 rawVol=147319 volSMA=15525 buf=0.561 prices=383.59/383.1
2026-02-24T09:40:00.000-05:00,[KLB] CONF 9:40 ▼ BRK → ✗ (failed)
2026-02-24T09:45:00.000-05:00,[KLB] 9:45 ▲ BRK PM H vol=8.5x pos=^91 vwap=above ema=bull rs=+0.9% adx=25 body=88% O386.8 H389.06 L386.73 C388.86 ATR=11.22 SL=387.74/387.18 rawVol=229294 volSMA=26955 buf=0.561 prices=386.37
2026-02-24T09:45:00.000-05:00,[KLB] 9:45 ▲ ~ ~ VWAP vol=8.5x pos=^91 vwap=above ema=bull rs=+0.9% adx=25 body=88% O386.8 H389.06 L386.73 C388.86 ATR=11.22 SL=387.74/387.18 rawVol=229294 volSMA=26955 buf=0.561 prices=
2026-02-24T09:45:00.000-05:00,[KLB] CONF 9:45 ▲ BRK → ✓★ (auto-promote)
2026-02-24T09:50:00.000-05:00,[KLB] 5m CHECK 9:50 ▲ pnl=-0.06 → BAIL
2026-02-24T09:50:00.000-05:00,[KLB] 9:50 ▲ ◆ ◆² PM H 2.9x ^6 vol= pos= vwap=above ema=bull rs=+0.6% adx=24 body=32% O388.86 H389.35 L387.36 C388.23 ATR=11.22 SL=387.11/386.55 rawVol=134092 volSMA=33605 buf=0.561 prices=
2026-02-24T09:55:00.000-05:00,[KLB] CONF 9:55 ▲ BRK → ✗ (failed)
2026-02-24T10:00:00.000-05:00,[KLB] 10:00 ▼ ~~ ~~ PM H vol=2.4x pos=v97 vwap=below ema=bull rs=+0.1% adx=21 body=87% O386.55 H386.72 L385.03 C385.08 ATR=11.22 SL=386.2/386.76 rawVol=56660 volSMA=41201 buf=0.561 prices=386.37
2026-02-25T09:30:00.000-05:00,"[KLB] 9:30 ▼ ~ ~ PM H
~ VWAP vol=2.4x pos=v100 vwap=below ema=bull rs=+0.4% adx=44 body=39% O391.19 H392.24 L390.51 C390.51 ATR=10.97 SL=391.61/392.16 rawVol=7078 volSMA=3337 buf=0.548 prices=392.24"
2026-02-25T09:35:00.000-05:00,[KLB] 9:35 ▲ BRK PM H vol=16.9x pos=^69 vwap=above ema=bull rs=+0.4% adx=45 body=62% O390.35 H393.74 L390.08 C392.62 ATR=10.97 SL=391.52/390.97 rawVol=358887 volSMA=21174 buf=0.548 prices=392.24
2026-02-25T09:35:00.000-05:00,[KLB] 9:35 ▲ ◆ ◆¹ PM H 8.6x ^34 vol= pos= vwap=above ema=bull rs=+0.4% adx=45 body=62% O390.35 H393.74 L390.08 C392.62 ATR=10.97 SL=391.52/390.97 rawVol=358887 volSMA=21174 buf=0.548 prices=
2026-02-25T09:45:00.000-05:00,[KLB] 5m CHECK 9:45 ▲ pnl=0.01 → BAIL
2026-02-25T09:50:00.000-05:00,[KLB] 9:50 ▲ BRK ORB H vol=3x pos=^94 vwap=above ema=bull rs=+0.9% adx=49 body=88% O393.03 H394.99 L392.9 C394.86 ATR=10.97 SL=393.76/393.21 rawVol=123790 volSMA=41064 buf=0.548 prices=393.74
2026-02-25T09:50:00.000-05:00,"[KLB] 9:50 ▲ ~ ~ Week L
~ VWAP vol=3x pos=^94 vwap=above ema=bull rs=+0.9% adx=49 body=88% O393.03 H394.99 L392.9 C394.86 ATR=10.97 SL=393.76/393.21 rawVol=123790 volSMA=41064 buf=0.548 prices=394.53"
2026-02-25T09:50:00.000-05:00,[KLB] CONF 9:50 ▲ BRK → ✓ (auto-promote)
2026-02-25T09:55:00.000-05:00,[KLB] 9:55 ▲ ~ ~ Week L vol=2.7x pos=^94 vwap=above ema=bull rs=+1.3% adx=51 body=88% O394.91 H396.55 L394.81 C396.44 ATR=10.97 SL=395.34/394.79 rawVol=104390 volSMA=46190 buf=0.548 prices=394.53
2026-02-25T09:55:00.000-05:00,[KLB] 5m CHECK 9:55 ▲ pnl=0.14 → HOLD
2026-02-26T09:30:00.000-05:00,[KLB] 9:30 ▲ BRK Yest H + Week H vol=6.7x pos=^82 vwap=above ema=bull rs=+0% adx=47 body=82% O401.7 H405.38 L401.7 C404.7 ATR=11.07 SL=403.59/403.04 rawVol=25036 volSMA=3734 buf=0.554 prices=401.47/404.43
2026-02-26T09:30:00.000-05:00,[KLB] 9:30 ▲ ~ ~ VWAP vol=6.7x pos=^82 vwap=above ema=bull rs=+0% adx=47 body=82% O401.7 H405.38 L401.7 C404.7 ATR=11.07 SL=403.59/403.04 rawVol=25036 volSMA=3734 buf=0.554 prices=
2026-02-26T09:35:00.000-05:00,[KLB] 9:35 ▼ ~ ~ PM H + ~ Week H vol=14.9x pos=v85 vwap=below ema=bull rs=-0.4% adx=49 body=55% O404.75 H405.95 L401.97 C402.57 ATR=11.07 SL=403.68/404.23 rawVol=210071 volSMA=14072 buf=0.554 prices=405.38/404.43
2026-02-26T09:35:00.000-05:00,[KLB] CONF 9:35 ▲ BRK → ✗ (failed)
2026-02-26T09:45:00.000-05:00,[KLB] 9:45 ▲ BRK Week H vol=5.9x pos=^79 vwap=above ema=bull rs=+0.2% adx=51 body=65% O402.91 H405.2 L402.55 C404.64 ATR=11.07 SL=403.53/402.98 rawVol=102707 volSMA=27012 buf=0.554 prices=404.43
2026-02-26T09:45:00.000-05:00,[KLB] 9:45 ▲ ◆ ◆¹ Week H 2.2x ^95 vol= pos= vwap=above ema=bull rs=+0.2% adx=51 body=65% O402.91 H405.2 L402.55 C404.64 ATR=11.07 SL=403.53/402.98 rawVol=102707 volSMA=27012 buf=0.554 prices=
2026-02-26T09:55:00.000-05:00,[KLB] 9:55 ▲ BRK PM H vol=2.1x pos=^96 vwap=above ema=bull rs=+0.6% adx=54 body=30% O405.31 H405.99 L404.02 C405.91 ATR=11.07 SL=404.8/404.25 rawVol=71522 volSMA=33514 buf=0.554 prices=405.38
2026-02-26T09:55:00.000-05:00,[KLB] CONF 9:55 ▲ BRK → ✓ (auto-promote)
2026-02-26T09:55:00.000-05:00,[KLB] 9:55 ▲ ◆ ◆¹ PM H 3.2x ^26 vol= pos= vwap=above ema=bull rs=+0.6% adx=54 body=30% O405.31 H405.99 L404.02 C405.91 ATR=11.07 SL=404.8/404.25 rawVol=71522 volSMA=33514 buf=0.554 prices=
2026-02-26T10:00:00.000-05:00,[KLB] 5m CHECK 10:00 ▲ pnl=-0.01 → BAIL
2026-02-26T10:10:00.000-05:00,[KLB] CONF 10:10 ▲ BRK → ✗ (failed)
2026-02-26T10:20:00.000-05:00,"[KLB] 10:20 ▼ ~~ ~~ Week H
~ VWAP vol=1.6x pos=v92 vwap=below ema=bull rs=+0.3% adx=54 body=92% O404.5 H404.5 L401.61 C401.85 ATR=11.07 SL=402.96/403.51 rawVol=80932 volSMA=49671 buf=0.554 prices=404.43"
2026-02-26T10:35:00.000-05:00,[KLB] 10:35 ▼ ~~ ~~ Yest H vol=1.2x pos=v84 vwap=below ema=bull rs=+0.1% adx=44 body=81% O401.68 H401.75 L399.69 C400.02 ATR=11.07 SL=401.13/401.68 rawVol=67397 volSMA=56907 buf=0.554 prices=401.47
2026-02-26T11:15:00.000-05:00,[KLB] 11:15 ▲ ~ ~ ORB L vol=0.5x pos=^98 vwap=above ema=bull rs=+0.3% adx=28 body=98% O402.19 H403.39 L402.18 C403.37 ATR=11.07 SL=402.26/401.71 rawVol=26642 volSMA=56032 buf=0.554 prices=401.97
2026-02-26T11:20:00.000-05:00,[KLB] 11:20 ▼ ~~ ~~ Week H vol=1x pos=v92 vwap=below ema=bull rs=+0.2% adx=28 body=51% O403.4 H404.16 L402.3 C402.45 ATR=11.07 SL=403.56/404.11 rawVol=48221 volSMA=50535 buf=0.554 prices=404.43
2026-02-26T11:35:00.000-05:00,[KLB] 11:35 ▼ ~~ ~~ Yest H vol=1.1x pos=v96 vwap=below ema=bull rs=-0.3% adx=23 body=76% O400.96 H401.07 L400.52 C400.54 ATR=11.07 SL=401.65/402.2 rawVol=30511 volSMA=44524 buf=0.554 prices=401.47
2026-02-26T11:45:00.000-05:00,[KLB] 11:45 ▼ ~~ ~~ Yest H vol=1x pos=v80 vwap=below ema=bull rs=-0.2% adx=21 body=54% O400.5 H400.73 L399.83 C400.01 ATR=11.07 SL=401.12/401.67 rawVol=40267 volSMA=40277 buf=0.554 prices=401.47
2026-02-27T09:35:00.000-05:00,[KLB] 9:35 ▲ ~ ~ PM L vol=10.5x pos=^77 vwap=above ema=bear rs=+0.5% adx=57 body=52% O390.98 H394.23 L389.9 C393.22 ATR=10.91 SL=392.13/391.58 rawVol=156527 volSMA=14917 buf=0.545 prices=389.86
2026-02-27T09:55:00.000-05:00,[KLB] 9:55 ▲ ~ ~ VWAP vol=2.5x pos=^79 vwap=above ema=bear rs=+0.9% adx=47 body=34% O393.8 H394.77 L393.02 C394.4 ATR=10.91 SL=393.31/392.76 rawVol=57343 volSMA=32195 buf=0.545 prices=
2026-02-27T10:35:00.000-05:00,[KLB] 10:35 ▲ ~ ~ Week L vol=0.8x pos=^93 vwap=above ema=bear rs=+0.8% adx=28 body=63% O394.07 H395 L393.66 C394.91 ATR=10.91 SL=393.82/393.27 rawVol=41211 volSMA=49558 buf=0.545 prices=394.53
2026-02-27T11:00:00.000-05:00,[KLB] 11:00 ▲ ~ ~ Week L vol=0.7x pos=^99 vwap=above ema=bear rs=+1% adx=21 body=77% O394.65 H395.94 L394.28 C395.93 ATR=10.91 SL=394.84/394.29 rawVol=43957 volSMA=59386 buf=0.545 prices=394.53
2026-03-02T09:40:00.000-05:00,[KLB] 9:40 ▲ ~ ~ VWAP vol=9.1x pos=^52 vwap=above ema=bull rs=+0.1% adx=36 body=43% O393.52 H395.88 L393.28 C394.63 ATR=10.97 SL=393.53/392.98 rawVol=143271 volSMA=15763 buf=0.549 prices=
2026-03-02T09:45:00.000-05:00,[KLB] 9:45 ▲ BRK ORB H vol=6.7x pos=^40 vwap=above ema=bull rs=+0.2% adx=40 body=36% O394.7 H396.81 L394.61 C395.48 ATR=10.97 SL=394.38/393.83 rawVol=110706 volSMA=21262 buf=0.549 prices=395.1
2026-03-02T09:45:00.000-05:00,[KLB] 9:45 ▲ ◆ ◆¹ ORB H 3.6x ^85 vol= pos= vwap=above ema=bull rs=+0.2% adx=40 body=36% O394.7 H396.81 L394.61 C395.48 ATR=10.97 SL=394.38/393.83 rawVol=110706 volSMA=21262 buf=0.549 prices=
2026-03-02T09:50:00.000-05:00,[KLB] 5m CHECK 9:50 ▲ pnl=0.08 → HOLD
2026-03-02T10:00:00.000-05:00,[KLB] 10:00 ▲ BRK Yest H vol=3.3x pos=^88 vwap=above ema=bull rs=+0.7% adx=45 body=88% O395.86 H398.39 L395.86 C398.08 ATR=10.97 SL=396.98/396.43 rawVol=110966 volSMA=33458 buf=0.549 prices=396.82
2026-03-02T10:00:00.000-05:00,[KLB] CONF 10:00 ▲ BRK → ✓ (auto-promote)
2026-03-02T10:00:00.000-05:00,[KLB] 10:00 ▲ ◆ ◆¹ Yest H 1.6x ^32 vol= pos= vwap=above ema=bull rs=+0.7% adx=45 body=88% O395.86 H398.39 L395.86 C398.08 ATR=10.97 SL=396.98/396.43 rawVol=110966 volSMA=33458 buf=0.549 prices=
2026-03-02T10:05:00.000-05:00,[KLB] 5m CHECK 10:05 ▲ pnl=-0.1 → BAIL
2026-03-03T10:05:00.000-05:00,"[KLB] 10:05 ▼ ~ ~ PM H
~ VWAP vol=1.8x pos=v90 vwap=below ema=bull rs=+0.5% adx=38 body=49% O394.38 H395.31 L393 C393.24 ATR=10.95 SL=394.33/394.88 rawVol=53038 volSMA=32425 buf=0.547 prices=393.96"
2026-03-03T10:35:00.000-05:00,[KLB] 10:35 ▲ ~ ~ VWAP vol=1.3x pos=^98 vwap=above ema=bull rs=+1.3% adx=40 body=96% O393.77 H395.84 L393.74 C395.79 ATR=10.95 SL=394.7/394.15 rawVol=56062 volSMA=44543 buf=0.547 prices=
